uniqueid,Q145FSD,Q145_E_FS,Q146_FS,Q133_A_dv,Q133_B_dv,Q133_C_dv,Q133_D_dv,Q133_E_dv,Q133_F_dv,Q133_G_dv,Q134_A_dv,Q134_B_dv,Q134_C_dv,Q134_D_dv,AQEND_DATE,month_dv,age_grp_dv,gender,CHI_ADU,AQINTRO4B_dv,AQINTRO4C_dv,AQ165A_dv,AQ165_dv,AQ166_dv,AQ167_dv,cma_dv,QINTRO3,QLANGUAGE_dv,education,income,weight_kg_5pct_dv,height_cm_5pct_dv,bmi_cole_dv,bmi_is_dv,proxy_dv,EXPWEIGHT_CMA2_dv,AQ145_B_FS_dv
1,,,,2,2,2,2,2,2,2,2,2,2,2,20140518,5,1,1,1,1,2,,3,0,2,30,1,1,,4,1,,,,1,2244,
2,,,,1,2,2,2,2,2,1,2,1,2,2,20140528,5,1,2,1,3,2,2,5,1,2,34,1,1,,4,1,1,4,5,1,837,
3,,,,2,2,2,1,2,2,2,2,2,2,2,20140520,5,3,2,1,2,2,2,4,1,3,34,1,1,,4,1,1,2,5,1,909,
4,,,,2,2,2,2,1,2,2,2,2,2,2,20140703,7,7,2,3,,1,,1,0,1,34,1,1,2,2,2,1,1,2,3,2814,
5,,,,2,2,2,2,2,2,2,2,2,2,2,20140610,6,2,1,1,1,3,1,4,1,3,30,1,1,,4,1,,,,1,1496,
6,,,,1,2,2,2,2,2,2,2,2,2,2,20140707,7,2,1,1,1,2,,3,1,2,30,1,1,,4,1,1,1,5,1,1496,
7,,,,2,2,2,2,2,2,2,2,2,2,2,20140506,5,3,2,1,2,2,,4,1,2,10,1,,,2,1,1,1,5,1,2503,
8,,,,1,1,2,2,1,2,2,2,2,2,2,20140508,5,2,2,1,1,3,1,4,1,3,1,1,,,4,1,1,2,5,1,1065,
9,,,,1,1,2,2,1,2,2,2,2,2,2,20140708,7,3,1,1,2,2,2,4,1,2,34,1,1,,4,1,1,1,5,1,1171,
10,,,,2,2,2,2,2,2,2,2,2,2,2,20140506,5,4,2,2,2,3,4,6,1,3,30,1,,,,2,1,2,3,3,3316,
11,,,,1,2,2,2,2,2,2,2,2,2,2,20140617,6,9,2,3,,1,,1,1,1,31,1,1,6,1,3,2,2,3,3,616,
12,,,,2,2,2,2,2,2,2,2,2,2,2,20140612,6,8,2,3,,1,,1,1,1,31,1,1,1,1,4,2,3,4,3,2146,
13,,,,1,2,2,2,1,2,2,2,2,2,2,20140615,6,4,2,1,2,3,1,5,1,3,30,1,1,,2,1,4,1,5,,2364,
14,,,,2,2,2,2,2,2,2,2,2,2,2,20140708,7,2,1,1,1,2,,3,1,1,34,1,1,,4,1,1,1,5,1,1027,
15,,,,1,2,2,2,2,2,2,2,2,2,2,20140707,7,1,1,1,2,2,,4,1,2,34,1,1,,4,1,1,4,5,1,913,
16,,,,2,2,2,2,2,2,2,2,2,2,2,20140417,4,7,2,4,,,,2,1,0,31,1,,2,2,4,4,2,3,3,8582,
17,,,,2,2,2,2,2,2,2,2,2,2,2,20140707,7,4,1,3,,2,,2,1,3,30,1,1,,4,2,4,1,2,3,573,
18,,,,1,2,2,2,2,2,,2,1,2,2,20140510,5,2,2,1,1,2,1,3,1,2,34,1,,,2,1,1,1,5,1,502,
19,,,,2,1,2,2,2,2,2,2,2,2,2,20140506,5,9,2,3,,1,,1,1,1,34,1,,6,2,4,2,2,3,3,599,
20,,,,1,2,2,2,1,2,2,2,2,2,2,20140619,6,10,2,3,,1,,1,2,0,30,1,1,1,1,2,3,1,2,3,1253,
21,,,,1,1,2,2,1,2,2,2,2,2,2,20140709,7,2,2,1,2,2,,4,1,2,34,1,1,,4,1,1,1,5,1,669,
22,,,,2,2,2,2,2,2,2,2,2,2,2,20140412,4,9,2,4,,,,2,1,1,34,1,,4,,4,4,2,3,3,1198,
23,,,,1,2,2,2,2,2,2,2,2,2,2,20140506,5,8,2,3,,2,,2,1,1,34,1,,4,4,3,3,1,2,3,2814,
24,,,,2,2,2,2,2,2,2,2,2,2,2,20140619,6,8,2,3,,3,1,4,1,2,30,1,1,7,4,2,2,1,2,3,14163,
25,,,,2,2,2,2,2,2,2,2,2,2,2,20140613,6,8,2,3,,2,,2,1,2,34,1,1,1,,1,1,1,2,3,1876,
26,,,,1,1,1,1,1,1,2,2,2,2,1,20140709,7,4,1,2,1,3,1,4,1,3,31,1,1,,3,2,5,1,2,3,1023,
27,,,,2,2,2,2,2,2,2,2,2,2,2,20140508,5,3,2,1,1,2,,3,2,2,31,1,,,4,1,1,1,5,1,1191,
28,,,,2,2,2,2,2,2,2,2,2,2,2,20140502,5,9,2,3,,1,1,1,1,1,30,1,,3,1,2,1,2,3,3,1879,
29,,,,1,2,2,2,2,2,2,2,2,2,2,20140623,6,8,1,3,,2,,2,1,2,34,1,1,3,4,5,4,3,4,3,3212,
30,,,,2,2,2,2,2,2,2,2,2,2,2,20140623,6,8,2,3,,1,,1,1,2,30,1,1,6,3,2,1,2,3,3,3541,
31,,,,2,2,2,2,2,2,2,2,2,2,2,20140617,6,10,1,3,,1,,1,1,1,30,1,1,1,1,3,4,1,2,3,3833,
32,,,,2,2,2,2,2,2,2,2,2,2,2,20140506,5,10,1,3,,1,,1,2,0,30,1,,4,1,3,4,2,3,3,3833,
33,,,,1,2,2,2,1,2,2,2,2,2,2,20140708,7,2,1,1,3,2,,5,2,3,34,1,1,,4,1,1,3,5,1,685,
34,,,,2,2,2,2,2,2,2,2,2,2,2,20140611,6,5,2,3,,2,2,2,1,2,30,1,1,6,2,1,2,1,1,3,7081,
35,,,,2,2,2,2,2,2,2,2,2,2,2,20140620,6,10,2,3,,1,,1,2,1,30,1,1,6,,2,1,1,2,3,939,
36,,,,1,2,2,1,2,2,1,2,1,2,2,20140422,4,1,1,4,,,,4,1,1,30,1,,,,1,1,4,5,1,2992,
37,,,,1,2,2,1,1,2,2,2,2,2,2,20140620,6,6,1,2,2,3,3,5,1,3,34,1,1,4,4,3,4,1,2,3,10538,
38,,,,2,2,2,2,2,2,2,2,2,2,2,20140624,6,8,2,3,,1,1,1,1,1,34,1,1,2,,5,2,3,4,3,1407,
39,,,,1,2,2,2,2,2,2,2,2,2,2,20140616,6,8,2,3,,2,,2,2,2,30,1,1,2,4,3,2,2,3,3,5311,
40,,,,2,2,2,2,1,2,1,2,1,2,2,20140624,6,5,1,3,,2,,2,1,2,34,1,1,6,4,3,4,1,2,3,3212,
41,,,,1,2,1,2,1,2,2,2,2,2,2,20140506,5,8,2,3,,1,,1,1,1,10,1,,5,1,3,3,2,3,3,2568,
42,,,,1,2,2,2,1,2,2,2,2,2,2,20140422,4,2,2,4,,,,4,1,2,34,1,,,4,1,1,1,5,1,669,
43,,,,2,2,2,2,2,2,2,2,2,2,2,20140506,5,9,2,3,,1,,1,1,0,34,1,,4,1,,2,,,3,1198,
44,,,,1,2,1,2,2,1,2,2,2,2,2,20140415,4,5,2,4,,,,3,1,1,34,1,,1,,2,3,1,2,3,4222,
45,,,,2,2,2,2,2,2,2,2,2,2,2,20140708,7,2,1,1,1,3,1,4,1,3,34,1,1,,2,,,,,1,685,
46,,,,1,2,2,2,2,2,2,2,2,2,2,20140422,4,5,1,4,,,,3,1,2,1,1,,1,2,5,5,2,3,3,3280,
47,,,,2,2,2,2,2,2,2,2,2,2,2,20140624,6,8,2,3,,2,,2,1,2,1,1,1,5,3,2,1,1,2,3,1691,
48,,,,2,2,2,2,2,2,2,2,2,2,2,20140612,6,9,2,3,,1,,1,1,1,31,1,1,6,2,3,2,2,3,3,616,
49,,,,2,2,2,2,2,2,2,2,2,2,2,20140703,7,10,1,3,,1,,1,2,1,34,1,1,5,4,3,4,1,2,3,642,
50,,,,2,2,2,2,2,2,2,2,2,2,2,20140417,4,4,1,4,,,,3,1,3,30,1,,,1,5,5,3,4,3,9050,
51,,,,2,2,2,2,2,2,2,2,2,2,2,20140611,6,9,2,3,,1,,1,1,0,10,1,1,2,1,1,1,1,2,3,1531,
52,,,,2,2,2,2,2,2,2,2,2,2,2,20140508,5,2,1,1,2,2,,4,1,1,34,1,,,4,1,1,3,5,1,1369,
53,,,,1,1,2,2,1,2,2,2,2,2,2,20140709,7,4,1,1,2,3,,5,2,3,34,1,2,,3,2,3,1,5,,732,
54,,,,1,2,2,1,1,2,2,2,2,2,1,20140506,5,5,2,3,,2,1,2,1,2,34,1,,6,4,5,4,3,4,3,1876,
55,,,,1,2,2,2,1,2,2,2,1,2,2,20140611,6,3,2,1,2,1,,3,1,3,34,1,1,,3,1,1,1,5,1,853,
56,,,,2,2,2,2,2,2,2,2,2,2,2,20140423,4,4,2,4,,,,4,1,2,30,1,,,4,2,2,1,5,,3152,
57,,,,1,2,2,2,2,2,2,2,2,2,2,20140507,5,4,1,1,3,2,,5,1,2,34,1,,,4,4,4,2,5,,1464,
58,,,,2,2,2,2,2,2,2,2,2,2,2,20140703,7,10,2,3,,1,,1,2,0,30,1,1,4,2,2,1,1,2,3,1879,
59,,,,2,2,2,2,2,2,2,2,2,2,2,20140621,6,8,2,3,,2,,2,1,2,30,1,1,2,4,4,5,1,2,3,7081,
60,,,,2,2,2,2,2,2,2,2,2,2,2,20140709,7,4,1,1,1,3,2,5,2,3,30,1,1,,3,3,5,1,5,,1455,
61,,,,1,1,2,2,2,2,2,2,2,2,2,20140619,6,9,2,3,,1,,1,1,1,30,1,1,2,2,5,3,3,4,3,1879,
62,,,,1,2,2,2,2,2,2,2,2,2,2,20140415,4,9,1,4,,,,2,1,1,34,1,,4,4,5,5,3,4,3,1927,
63,,,,1,2,2,2,2,2,1,2,1,2,2,20140613,6,8,2,3,,2,,2,1,2,34,1,1,4,4,3,2,2,3,3,1876,
64,,,,2,2,2,2,2,2,2,2,2,2,2,20140414,4,7,1,4,,,,2,1,2,34,1,,2,4,4,4,2,3,3,3212,
65,,,,2,2,2,2,2,2,2,2,2,2,2,20140709,7,3,2,1,1,3,1,4,1,2,30,1,2,,3,2,,,,1,3152,
66,,,,1,2,1,2,2,2,1,2,2,2,2,20140626,6,2,1,1,2,2,2,4,1,2,34,1,1,,4,1,1,3,5,1,913,
67,,,,1,1,2,1,1,2,2,2,2,2,2,20140623,6,6,2,3,,1,,1,1,1,34,1,1,4,,5,3,3,4,3,1407,
68,,,,2,2,2,2,2,2,2,2,2,2,2,20140626,6,9,2,3,,1,,1,1,0,34,1,1,1,1,2,2,1,2,3,1198,
69,,,,2,2,2,2,2,2,2,2,2,2,2,20140506,5,3,1,1,2,3,,5,1,3,30,1,,,3,1,3,1,5,1,2911,
70,,,,2,2,2,2,2,2,2,2,2,2,2,20140708,7,3,2,1,3,2,,5,1,3,34,1,1,,3,4,5,2,5,1,1421,
71,,,,2,2,2,2,2,2,2,2,2,2,2,20140616,6,10,2,3,,2,2,2,1,0,31,1,1,6,,5,4,3,4,3,2465,
72,,,,2,2,2,2,2,2,2,2,2,2,2,20140506,5,10,2,3,,2,,2,1,0,34,1,,2,2,5,2,3,4,3,2395,
73,,,,2,2,2,2,2,2,2,2,2,2,2,20140709,7,1,1,1,3,2,,5,1,2,34,1,1,,4,1,,,,1,1141,
74,,,,1,1,2,2,2,2,2,2,2,2,2,20140618,6,10,1,3,,2,,2,1,2,34,1,1,6,2,5,5,2,3,3,1285,
75,,,,1,2,2,1,1,2,2,2,1,2,2,20140705,7,2,2,1,1,2,,3,1,1,34,1,1,,3,1,1,1,5,1,753,
76,,,,1,2,2,2,2,2,2,2,2,2,2,20140709,7,3,2,1,3,2,,5,1,2,34,1,1,,2,1,1,1,5,1,1895,
77,,,,2,2,2,2,2,2,2,2,2,2,2,20140709,7,4,1,3,,2,2,2,2,2,30,1,1,,,4,,,,3,573,
78,,,,1,2,2,2,2,2,2,2,2,2,2,20140506,5,8,2,3,,1,,1,1,1,34,1,,5,2,2,2,1,2,3,1407,
79,,,,2,2,2,1,,,,2,2,2,2,20140506,5,8,1,3,,2,,2,1,2,34,1,,6,4,5,5,1,2,3,3212,
80,,,,1,2,2,2,2,2,2,2,2,2,2,20140618,6,9,2,3,,1,,1,1,0,34,1,1,2,1,1,1,1,2,3,1198,
81,,,,2,2,2,2,2,2,2,2,2,2,2,20140624,6,6,2,3,,2,1,2,1,1,34,1,1,5,1,5,2,3,4,3,2814,
82,,,,1,1,2,2,2,2,2,2,2,2,2,20140415,4,9,1,4,,,,2,1,0,34,1,,1,2,3,4,1,2,3,3854,
83,,,,1,2,2,2,2,2,2,2,1,2,2,20140506,5,6,1,2,4,2,,2,1,3,34,1,,2,4,5,5,2,3,3,5269,
84,,,,2,2,2,2,2,2,2,2,2,2,2,20140506,5,8,2,3,,2,,2,2,2,34,1,,6,3,2,1,1,2,3,1407,
85,,,,2,2,2,2,2,2,2,2,2,2,2,20140506,5,10,2,3,,1,,1,2,1,30,1,,2,2,3,1,3,4,3,1253,
86,,,,2,2,2,2,2,2,2,2,2,2,2,20140709,7,1,2,1,1,2,1,3,1,1,1,1,1,,2,1,,,,1,1598,
87,,,,1,2,2,2,2,2,2,2,2,2,2,20140623,6,6,2,2,1,1,,2,1,1,30,1,1,7,4,3,5,1,2,3,30288,
88,,,,2,2,2,2,2,2,2,2,2,2,2,20140507,5,6,1,2,2,2,,4,1,2,34,1,,2,4,4,3,2,3,3,14051,
89,,,,1,2,2,2,2,2,2,2,2,2,2,20140415,4,2,1,4,,,,4,1,2,34,1,,,4,1,1,1,5,1,913,
90,,,,2,2,2,2,2,2,2,2,2,2,2,20140506,5,1,2,1,2,2,,4,1,2,30,1,,,4,1,1,2,5,1,2267,
91,,,,2,2,2,2,2,2,2,2,2,2,2,20140617,6,8,2,3,,2,,2,1,1,10,1,1,6,1,4,1,3,4,3,5136,
92,,,,1,2,2,1,1,2,2,1,2,2,1,20140709,7,3,2,1,1,1,,,1,3,30,1,1,,4,1,1,1,5,1,2364,
93,,,,1,2,2,2,2,2,2,2,2,2,2,20140612,6,10,1,3,,2,2,2,2,0,31,1,1,1,2,4,3,2,3,3,3809,
94,,,,1,2,2,1,1,2,2,2,1,2,2,20140509,5,1,2,1,2,2,,4,1,2,34,1,,,,1,1,1,5,1,669,
95,,,,1,2,2,2,1,2,2,2,2,2,2,20140612,6,9,1,3,,2,,2,2,1,10,1,1,7,,4,4,2,3,2,1656,
96,,,,1,1,1,2,1,2,2,2,2,2,1,20140506,5,7,2,2,1,2,,3,1,2,34,1,,2,4,2,2,1,2,3,6157,
97,,,,2,1,2,2,2,2,2,2,2,2,2,20140617,6,8,2,3,,1,,1,1,0,34,1,1,5,1,3,3,2,3,3,2814,
98,,,,2,2,2,2,2,2,2,2,2,2,2,20140421,4,2,2,4,,,,4,1,2,34,1,,,4,1,1,1,5,1,669,
99,,,,2,2,2,2,2,2,2,2,2,2,2,20140614,6,8,2,3,,3,4,4,1,1,30,1,1,3,3,2,3,1,2,3,21244,
100,,,,1,1,2,2,1,2,2,2,2,2,2,20140614,6,8,2,3,,2,,2,1,2,34,1,1,7,3,3,4,1,2,3,1876,
101,,,,1,1,2,2,1,2,2,2,2,2,2,20140506,5,7,2,2,1,2,2,3,1,2,34,1,,2,2,3,2,2,3,3,6157,
102,,,,1,2,2,1,2,2,2,2,1,2,2,20140617,6,4,1,1,1,2,2,3,1,3,30,1,1,,2,2,4,1,5,,1746,
103,,,,1,2,2,2,2,2,2,2,2,2,2,20140709,7,2,1,1,2,2,,4,1,3,30,1,1,,4,1,1,1,5,1,1496,
104,,,,1,1,2,2,1,2,2,2,2,2,2,20140613,6,10,2,3,,2,,2,1,2,30,1,1,6,,2,4,1,2,3,2505,
105,,,,2,2,2,2,2,2,2,2,2,2,2,20140623,6,8,2,3,,1,1,1,1,1,34,1,1,3,1,3,3,1,2,3,1407,
106,,,,2,2,2,2,2,2,2,2,2,2,2,20140618,6,9,2,3,,2,,2,1,2,31,1,1,6,,2,2,1,2,3,822,
107,,,,2,2,2,2,2,2,2,2,2,2,2,20140709,7,8,1,3,,2,,2,1,0,10,1,1,4,3,4,3,2,3,3,9936,
108,,,,1,2,2,2,1,2,1,2,2,2,2,20140624,6,9,1,3,,2,,2,1,0,34,1,1,1,1,4,4,2,3,3,3854,
109,,,,1,1,2,2,1,2,2,2,2,2,2,20140507,5,4,2,1,2,2,1,4,1,3,34,1,,,2,4,1,3,5,,909,
110,,,,1,2,2,2,1,2,2,2,2,2,2,20140507,5,4,2,1,1,2,2,3,1,3,34,1,,,2,2,2,1,5,,853,
111,,,,1,2,2,2,1,2,2,2,2,2,2,20140626,6,9,1,3,,2,,2,1,2,34,1,1,7,,4,3,2,3,3,1285,
112,,,,1,2,2,1,1,2,2,2,2,2,2,20140613,6,3,1,1,2,2,2,4,2,3,30,1,1,,4,2,2,1,5,1,1863,
113,,,,1,2,2,2,2,2,2,2,2,2,2,20140619,6,4,1,3,,3,2,4,1,2,34,1,1,,2,3,5,1,2,3,6423,
114,,,,2,2,2,2,2,2,2,2,2,2,2,20140626,6,10,1,3,,3,,3,1,2,10,1,1,3,,1,3,1,1,2,2484,
115,,,,1,2,2,2,2,2,2,2,2,2,2,20140425,4,3,1,4,,,,5,1,1,34,1,,,,2,2,2,5,1,2196,
116,,,,2,2,2,2,2,2,2,2,2,2,2,20140508,5,3,1,1,2,2,,4,1,3,30,1,,,4,1,3,1,5,1,1863,
117,,,,2,2,2,2,2,2,2,2,2,2,2,20140506,5,8,1,3,,2,,2,1,0,30,1,,5,4,4,5,1,2,3,24134,
118,,,,1,2,2,2,1,2,2,2,1,2,2,20140707,7,3,1,1,2,2,,4,1,3,34,1,1,,4,2,2,1,5,1,703,
119,,,,1,2,2,2,2,2,2,2,2,2,2,20140629,6,3,1,1,2,2,,4,1,3,30,1,1,,4,1,1,1,5,1,1863,
120,,,,2,2,2,2,2,2,2,2,2,2,2,20140617,6,10,2,3,,1,,1,1,1,34,1,1,2,1,3,3,1,2,3,599,
121,,,,1,2,2,2,2,2,2,2,2,2,2,20140528,5,3,1,1,2,2,2,4,0,2,34,1,1,,,1,1,1,5,1,1756,
122,,,,2,2,2,2,2,2,2,2,2,2,2,20140702,7,4,2,2,1,3,1,4,1,3,30,1,1,,,1,2,1,2,3,2652,
123,,,,2,2,2,2,2,2,2,2,2,2,2,20140605,6,1,1,1,2,2,,4,2,2,30,1,1,,4,1,1,1,5,1,1496,
124,,,,1,1,2,2,2,2,2,2,2,2,2,20140505,5,3,2,1,2,2,,4,1,3,34,1,,,3,1,1,1,5,1,1137,
125,,,,1,2,2,2,1,2,1,2,1,2,2,20140419,4,9,1,4,,,,2,1,1,34,1,,2,,5,5,3,4,3,1927,
126,,,,2,2,2,2,2,2,2,2,2,2,2,20140709,7,2,2,1,2,2,,4,1,2,30,1,2,,2,1,1,1,5,1,2267,
127,,,,1,2,2,1,1,2,2,2,2,2,2,20140626,6,9,1,3,,2,2,2,1,1,34,1,1,7,3,5,5,2,3,3,1927,
128,,,,2,2,2,2,2,2,2,2,2,2,2,20140415,4,6,1,4,,,,4,1,2,30,1,,4,2,2,3,1,2,3,16090,
129,,,,2,2,2,2,2,2,2,2,2,2,2,20140508,5,1,1,1,2,2,,4,1,2,30,1,,,4,1,1,2,5,1,1995,
130,,,,2,2,2,2,2,2,2,2,2,2,2,20140616,6,8,2,3,,2,2,2,1,0,30,1,1,1,,1,1,1,2,3,21244,
131,,,,2,2,2,2,2,2,2,2,2,2,2,20140509,5,8,2,3,,2,,2,1,1,31,1,,7,4,2,1,1,2,3,4291,
132,,,,2,2,2,2,2,2,2,1,1,2,2,20140610,6,1,1,1,3,2,2,5,1,2,30,1,1,,,1,,,,1,2494,
133,,,,1,2,2,2,1,2,2,2,2,2,2,20140708,7,1,1,1,3,2,,5,1,2,34,1,1,,4,1,1,2,5,1,1141,
134,,,,1,1,2,2,1,2,2,2,2,2,1,20140620,6,10,2,3,,1,,1,1,1,31,1,1,6,2,2,2,1,2,3,616,
135,,,,2,2,2,2,2,2,2,1,2,2,1,20140709,7,1,2,1,3,3,,6,2,3,30,1,2,,4,1,,,,1,2381,
136,,,,1,1,2,2,1,2,1,2,1,2,2,20140506,5,5,2,3,,2,,2,1,2,31,1,,4,2,3,1,2,3,3,2861,
137,,,,1,2,2,2,2,2,2,2,2,2,2,20140509,5,1,1,1,3,2,,5,1,2,31,1,,,4,1,,,,1,2970,
138,,,,1,2,2,1,1,2,2,2,2,2,2,20140414,4,8,2,4,,,,1,1,1,34,1,,2,2,5,4,3,4,3,1407,
139,,,,1,2,2,2,1,2,2,2,2,2,2,20140509,5,2,2,1,3,3,1,6,1,3,34,1,,,,,,,,1,602,
140,,,,2,2,2,2,2,2,2,2,2,2,2,20140506,5,10,2,3,,1,,1,1,1,30,1,,2,,2,1,1,2,3,1879,
141,,,,2,2,2,2,2,2,2,2,2,2,2,20140505,5,4,2,3,,3,1,3,1,0,30,1,,,1,2,1,1,2,3,3488,
142,,,,2,2,2,2,2,2,2,2,2,2,2,20140412,4,9,2,4,,,,1,1,0,30,1,,2,1,5,2,3,4,3,3757,
143,,,,1,2,2,2,2,2,2,2,1,2,2,20140507,5,2,2,1,2,2,2,4,1,2,31,1,,,4,1,1,1,5,1,1595,
144,,,,2,2,2,2,2,2,2,2,2,2,2,20140506,5,9,2,3,,1,,1,1,1,30,1,,4,1,,3,,,3,1879,
145,,,,,2,2,2,2,2,2,2,2,2,2,20140508,5,2,1,1,1,2,2,3,1,1,34,1,,,4,1,1,1,5,1,1027,
146,,,,2,2,2,2,2,2,2,2,2,2,2,20140703,7,5,1,3,,1,,1,0,1,31,1,1,6,1,3,5,1,2,3,7225,
147,,,,1,2,2,2,1,2,2,2,1,2,2,20140709,7,1,1,1,1,2,,3,1,2,31,1,1,,4,1,1,3,5,1,1782,
148,,,,1,2,2,2,1,2,2,2,2,2,2,20140509,5,2,2,1,1,2,,3,1,1,34,1,,,2,1,1,1,5,1,753,
149,,,,2,2,2,2,2,2,2,2,2,2,2,20140507,5,3,2,1,3,2,,5,1,3,30,1,,,4,,,,,1,2955,
150,,,,2,2,2,2,2,2,2,2,2,2,2,20140414,4,4,1,4,,,,3,1,3,31,1,,,4,3,4,1,5,,723,
151,,,,1,2,2,2,2,2,1,2,1,2,2,20140414,4,6,2,4,,,,4,2,3,1,1,,4,3,3,3,1,2,3,2029,
152,,,,2,2,2,2,2,2,2,2,1,2,2,20140521,5,3,2,1,1,1,,2,1,1,30,1,1,,,,1,,,1,2364,
153,,,,1,2,2,2,1,2,2,2,2,2,2,20140513,5,9,2,3,,1,1,1,1,1,30,1,1,2,2,1,1,1,2,3,1879,
154,,,,2,1,2,2,2,2,2,2,2,2,2,20140514,5,8,1,3,,2,,2,1,2,30,1,1,4,4,5,4,2,3,3,8045,
155,,,,1,2,1,2,1,2,2,2,2,2,2,20140521,5,6,1,3,,2,,2,1,1,34,1,1,4,4,5,5,3,4,3,4817,
156,,,,1,1,1,2,1,2,2,2,2,2,1,20140412,4,9,2,4,,,,1,1,1,34,1,,5,1,5,3,3,4,3,599,
157,,,,1,2,2,2,1,2,2,2,2,2,2,20140514,5,6,1,2,3,2,,5,1,2,34,1,1,5,4,5,5,3,4,3,17564,
158,,,,2,2,2,2,2,2,2,2,2,2,2,20140514,5,10,1,3,,3,,3,1,1,34,1,1,2,1,2,4,1,2,3,2890,
159,,,,1,2,2,2,2,2,2,2,2,2,2,20140514,5,7,2,3,,2,2,2,2,0,34,1,1,1,2,4,3,2,3,2,2814,
160,,,,1,2,2,2,1,2,2,2,2,2,2,20140522,5,3,2,1,1,2,,3,1,1,34,1,1,,,1,2,2,5,1,1705,
161,,,,1,2,2,2,2,2,2,2,2,2,2,20140415,4,2,2,4,,,,3,1,2,30,1,,,4,1,1,3,5,1,1701,
162,,,,2,2,2,2,2,2,2,2,2,2,1,20140513,5,7,1,3,,2,2,2,1,3,1,1,1,7,4,5,3,3,4,3,1312,
163,,,,2,2,2,2,2,2,2,2,2,2,2,20140419,4,1,1,4,,,,3,2,1,34,1,,,1,1,1,4,5,1,685,
164,,,,2,2,2,2,2,2,2,2,1,2,2,20140514,5,8,1,3,,1,,1,1,0,30,1,,5,,3,5,1,2,3,12067,
165,,,,2,2,2,2,2,2,2,2,2,2,2,20140421,4,4,2,4,,,,2,1,2,34,1,,,,1,3,1,2,3,758,
166,,,,1,2,2,2,1,2,2,2,1,2,1,20140608,6,2,1,1,1,2,,3,1,2,34,1,1,,4,1,1,1,5,1,685,
167,,,,1,2,2,2,1,2,2,2,2,2,2,20140506,5,8,1,2,1,3,1,4,1,3,31,1,,2,4,4,5,1,2,3,22068,
168,,,,2,2,2,2,2,2,2,2,2,2,2,20140515,5,3,1,1,1,2,,3,1,3,30,1,1,,4,1,1,2,5,1,1746,
169,,,,2,2,2,2,2,2,2,2,2,2,2,20140703,7,7,2,3,,1,,1,1,3,30,1,1,4,4,4,3,2,3,3,2656,
170,,,,2,2,2,2,2,2,2,2,2,2,2,20140518,5,1,1,1,2,2,,4,1,2,34,1,1,,3,1,1,4,5,1,913,
171,,,,1,1,2,2,2,2,2,2,2,2,2,20140506,5,6,1,2,2,2,2,4,1,2,34,1,,7,4,3,4,1,2,3,14051,
172,,,,1,1,2,2,1,2,2,2,2,2,2,20140513,5,9,2,3,,1,,1,2,0,34,1,1,5,2,4,3,3,4,3,399,
173,,,,2,2,2,2,2,2,2,2,2,2,2,20140415,4,9,1,4,,,,2,1,1,34,1,,3,2,5,5,3,4,3,1927,
174,,,,1,2,2,2,1,2,2,2,2,2,2,20140523,5,2,1,1,2,2,,4,1,3,34,1,1,,4,1,1,2,5,1,685,
175,,,,1,2,2,2,1,2,1,2,1,2,2,20140508,5,1,1,1,2,3,4,5,1,3,34,1,,,3,1,1,3,5,1,856,
176,,,,2,2,2,2,2,2,2,2,2,2,2,20140521,5,9,2,3,,1,,1,1,1,30,1,1,6,2,2,1,1,2,3,1879,
177,,,,1,1,2,2,1,2,2,2,2,2,1,20140515,5,9,2,3,,3,1,3,1,1,34,1,1,2,2,3,2,2,3,3,1796,
178,,,,2,2,2,2,2,2,2,2,2,2,2,20140513,5,7,2,2,1,3,3,4,1,2,30,1,1,5,2,3,1,2,3,2,40385,
179,,,,2,2,2,2,2,2,2,2,2,2,2,20140514,5,10,2,3,,1,,1,1,1,30,1,1,3,1,2,2,2,3,3,1879,
180,,,,2,2,2,2,2,2,2,2,2,2,2,20140513,5,8,1,3,,1,,1,1,0,30,1,1,6,1,4,5,1,2,3,12067,
181,,,,1,1,2,1,2,2,2,2,2,2,2,20140514,5,8,2,3,,2,,2,1,2,34,1,1,4,,3,3,2,3,3,1876,
182,,,,2,2,2,2,2,2,2,2,2,2,2,20140514,5,10,1,3,,1,,1,1,1,34,1,1,3,,2,4,1,2,3,963,
183,,,,1,2,2,2,1,2,2,2,2,2,2,20140514,5,10,2,3,,1,,1,1,1,34,1,1,2,1,,3,,,3,599,
184,,,,2,2,2,2,2,2,2,2,2,2,2,20140513,5,10,2,3,,1,,1,2,0,10,1,1,,2,2,3,1,2,3,510,
185,,,,2,2,2,2,2,2,2,2,2,2,2,20140506,5,10,2,3,,1,,1,1,0,34,1,,2,2,3,3,2,3,3,1198,
186,,,,2,2,2,2,2,2,2,2,2,2,2,20140526,5,1,1,1,3,2,,5,1,3,30,1,1,,3,1,,,,1,1870,
187,,,,1,2,2,2,2,2,2,2,2,2,2,20140415,4,3,1,4,,,,4,1,3,34,1,,,4,2,4,1,5,1,878,
188,,,,2,2,2,2,2,2,2,2,2,2,2,20140509,5,1,1,1,2,2,,4,1,2,30,1,,,4,1,1,1,5,1,1995,
189,,,,2,2,2,2,2,2,2,2,2,2,2,20140605,6,2,2,1,2,2,,4,1,2,31,1,1,,4,1,1,1,5,1,1595,
190,,,,1,2,2,2,2,2,2,2,2,2,2,20140527,5,2,1,1,3,3,4,6,1,3,30,1,1,,4,1,1,2,5,1,2095,
191,,,,2,2,2,2,2,2,2,2,2,2,2,20140521,5,2,1,1,2,2,,4,1,2,30,1,1,,,1,,,,1,1995,
192,,,,2,2,2,2,2,2,2,2,1,2,2,20140419,4,7,1,4,,,,2,1,0,34,1,,4,3,5,5,2,3,3,9635,
193,,,,1,1,2,2,1,2,2,2,2,2,1,20140506,5,8,2,3,,1,,1,2,0,34,1,,4,2,5,1,3,4,3,938,
194,,,,1,2,2,1,2,2,2,2,2,2,2,20140522,5,4,2,3,,2,2,2,1,2,34,1,1,,3,2,3,1,2,3,978,
195,,,,1,1,2,2,1,2,1,2,1,2,2,20140513,5,4,2,3,,3,,3,1,2,31,1,1,,2,2,3,1,2,3,4291,
196,,,,1,2,2,2,2,2,2,2,1,2,2,20140514,5,6,1,3,,2,,2,1,1,34,1,1,2,3,4,4,2,3,3,4817,
197,,,,1,2,2,2,2,2,2,2,2,2,2,20140414,4,9,2,4,,,,1,1,1,34,1,,5,1,2,3,1,2,3,599,
198,,,,1,2,2,1,1,2,2,2,2,2,2,20140508,5,4,1,1,2,2,,4,1,3,30,1,,,4,1,1,1,5,,1552,
199,,,,2,2,2,2,2,2,2,2,2,2,2,20140527,5,3,2,1,3,2,,5,2,0,30,1,1,,3,1,2,1,5,1,5911,
200,,,,1,2,2,2,2,2,2,2,2,2,2,20140515,5,6,2,2,2,2,,4,1,2,34,1,1,7,4,5,4,3,4,3,8209,
201,,,,1,2,2,2,2,2,2,2,2,2,2,20140506,5,2,2,1,1,2,,3,1,2,34,1,,,2,1,1,1,5,1,502,
202,,,,1,1,2,1,2,2,2,2,2,2,2,20140514,5,6,2,2,1,2,,3,1,2,31,1,1,5,4,4,3,2,3,3,13107,
203,,,,1,2,2,2,2,2,2,2,2,2,2,20140514,5,9,1,3,,2,,2,2,2,34,1,1,3,3,3,2,2,3,3,771,
204,,,,1,1,2,2,2,2,2,2,2,2,2,20140517,5,7,2,3,,1,,1,1,1,10,1,1,5,3,2,4,1,2,3,2568,
205,,,,2,2,2,2,2,2,2,2,2,2,2,20140514,5,8,2,3,,2,,2,1,1,31,1,1,4,4,5,2,3,4,3,4291,
206,,,,2,2,2,2,1,2,2,2,2,2,1,20140514,5,9,2,3,,2,,2,1,1,10,1,1,2,,4,3,2,3,3,1531,
207,,,,2,2,2,2,2,2,2,2,2,2,2,20140506,5,10,2,3,,1,1,1,1,0,31,1,,4,2,4,4,2,3,3,1233,
208,,,,2,2,2,2,2,2,2,2,2,2,2,20140506,5,10,2,3,,2,,2,1,2,34,1,,5,1,3,3,1,2,3,798,
209,,,,2,2,2,2,2,2,2,2,2,2,2,20140415,4,7,2,4,,,,2,1,2,34,1,,2,3,1,1,1,2,3,1876,
210,,,,1,2,1,,2,2,1,2,1,2,2,20140526,5,2,2,1,5,2,,6,1,3,34,1,1,,4,1,1,1,5,1,803,
211,,,,2,2,2,2,2,2,2,2,2,2,2,20140514,5,9,2,3,,2,2,2,1,1,34,1,,1,,4,3,2,3,3,1198,
212,,,,2,2,2,2,2,2,2,2,2,2,2,20140514,5,9,2,3,,2,,2,1,1,34,1,1,4,1,4,3,2,3,3,1198,
213,,,,2,2,2,2,2,2,2,2,2,2,2,20140514,5,7,2,3,,2,,2,1,2,30,1,1,7,4,3,4,1,2,3,7081,
214,,,,1,2,2,2,1,2,1,2,1,2,2,20140514,5,4,1,1,1,2,2,3,2,3,34,1,1,,3,2,2,1,5,,439,
215,,,,2,2,2,2,2,2,2,2,2,2,2,20140417,4,6,2,4,,,,6,1,1,34,1,,6,2,5,4,2,3,3,8443,
216,,,,2,2,2,2,2,2,2,2,2,2,2,20140513,5,4,1,1,2,3,2,6,2,1,30,1,1,,1,3,4,1,5,,4657,
217,,,,2,2,2,2,2,2,2,2,2,2,2,20140526,5,10,2,3,,1,,1,1,0,30,1,1,5,1,2,3,1,2,3,3757,
218,,,,2,2,2,2,2,2,2,2,2,2,2,20140514,5,7,2,2,1,2,1,3,1,2,30,1,1,7,1,3,3,1,2,3,30288,
219,,,,1,1,2,2,1,2,2,2,2,2,2,20140506,5,9,2,3,,2,1,2,1,0,34,1,,5,2,2,2,1,2,3,2395,
220,,,,1,2,2,2,2,1,2,2,2,2,1,20140518,5,3,1,1,2,2,,5,1,2,30,1,1,,4,1,3,1,5,1,3881,
221,,,,1,1,2,2,2,2,2,2,2,2,2,20140531,5,4,1,3,,1,,1,0,1,30,1,1,,1,3,5,1,2,3,1145,
222,,,,1,2,2,2,2,2,1,,1,,,20140412,4,2,1,4,,,,6,1,2,34,1,,,3,1,1,1,5,1,1597,
223,,,,2,2,2,2,2,2,2,2,2,2,2,20140417,4,6,1,4,,,,4,1,3,34,1,,2,,5,4,3,4,2,3854,
224,,,,1,2,2,2,1,2,2,2,2,2,2,20140625,6,4,2,3,,3,1,3,2,3,31,1,1,,4,2,2,1,2,3,517,
225,,,,1,1,2,2,1,2,2,2,2,2,2,20140625,6,9,2,3,,1,,1,1,1,34,1,1,4,1,1,1,1,2,3,599,
226,,,,2,2,2,2,2,2,2,2,2,2,2,20140513,5,9,2,3,,2,,2,1,0,34,1,1,2,4,2,2,1,2,3,2395,
227,,,,1,2,2,2,2,2,2,2,2,2,2,20140427,4,2,2,4,,,,4,1,2,31,1,,,4,1,1,3,5,1,1595,
228,,,,2,2,2,2,2,2,2,2,2,2,2,20140703,7,5,2,2,2,2,,4,1,2,1,1,1,2,,2,2,1,2,3,19538,
229,,,,2,2,2,2,2,2,2,2,2,2,2,20140617,6,8,2,3,,2,,2,1,2,34,1,1,4,3,4,4,2,3,3,1876,
230,,,,2,2,2,2,2,2,2,2,2,2,2,20140526,5,10,2,3,,2,,2,2,1,1,1,1,2,2,2,1,2,3,3,2485,
231,,,,2,2,2,2,1,2,2,2,2,2,2,20140709,7,4,2,1,1,3,3,6,1,3,34,1,1,,3,2,1,1,5,,974,
232,,,,1,2,2,2,2,2,2,2,2,2,2,20140704,7,4,1,1,2,1,1,3,1,3,34,1,1,,2,5,5,3,5,,659,
233,,,,2,2,2,2,2,2,2,2,2,2,2,20140506,5,10,1,3,,1,1,1,1,1,34,1,,1,2,4,4,2,3,3,963,
234,,,,1,2,2,2,1,2,2,2,1,2,2,20140705,7,9,2,3,,2,,2,1,2,34,1,1,3,4,2,4,1,2,3,798,
235,,,,2,2,2,2,2,2,2,2,1,2,2,20140709,7,2,2,1,2,2,,4,1,2,10,1,1,,4,1,1,1,5,1,2191,
236,,,,1,1,2,2,1,1,1,2,1,2,2,20140625,6,4,2,1,3,2,2,5,2,3,34,1,1,,4,1,1,3,5,,947,
237,,,,2,2,2,2,1,2,2,2,2,2,2,20140514,5,10,2,3,,1,,1,1,1,34,1,1,1,1,3,1,2,3,3,599,
238,,,,2,2,2,2,2,2,2,2,2,2,2,20140416,4,10,2,4,,,,2,2,2,30,1,,2,3,2,1,1,2,3,1879,
239,,,,2,2,2,2,2,2,2,2,2,2,2,20140531,5,2,2,1,1,2,,3,1,2,34,1,1,,,1,1,3,5,1,502,
240,,,,1,2,2,2,2,2,2,2,1,2,2,20140514,5,5,2,3,,3,,4,1,2,34,1,1,7,4,4,3,2,3,3,3753,
241,,,,2,2,2,2,2,2,2,2,2,2,2,20140514,5,8,1,3,,2,,2,1,2,30,1,1,6,4,3,3,2,3,3,8045,
242,,,,1,2,2,2,1,2,2,2,2,2,2,20140708,7,4,1,2,1,3,1,3,2,2,31,1,1,,3,5,4,2,3,3,767,
243,,,,2,2,2,2,2,2,2,2,2,2,2,20140709,7,3,1,1,2,2,,4,1,3,31,1,1,,4,2,2,2,5,1,771,
244,,,,1,2,1,2,2,2,2,2,2,2,2,20140629,6,4,1,1,2,2,,4,2,3,34,1,1,,,2,3,1,5,,585,
245,,,,1,2,2,2,2,2,2,2,2,2,2,20140514,5,4,1,1,1,3,4,5,1,3,34,1,1,,,,,,,,1098,
246,,,,1,2,2,2,1,2,2,2,2,2,2,20140622,6,3,2,1,2,2,,4,1,3,30,1,1,,4,1,2,1,5,1,1891,
247,,,,2,2,2,2,2,2,2,2,2,2,2,20140709,7,4,1,2,1,3,,5,1,3,30,1,1,,,5,5,2,3,2,2332,
248,,,,1,2,2,2,1,2,2,2,2,2,2,20140514,5,10,2,3,,2,1,2,1,2,34,1,1,2,3,5,3,3,4,3,798,
249,,,,2,2,2,2,2,2,2,2,2,2,2,20140514,5,9,2,3,,2,,2,2,0,34,1,1,4,1,3,3,2,3,3,1198,
250,,,,1,2,2,1,1,2,2,2,2,2,2,20140620,6,9,1,3,,1,,1,1,1,34,1,1,6,1,3,3,2,3,3,963,
251,,,,1,2,2,1,1,2,2,2,1,2,2,20140709,7,2,2,1,1,2,,3,1,3,30,1,1,,4,1,1,1,5,1,1275,
252,,,,2,2,2,2,2,2,2,2,2,2,2,20140521,5,2,2,1,3,2,,5,1,2,1,1,1,,2,1,1,3,5,1,1775,
253,,,,2,2,2,2,2,2,2,2,2,2,2,20140513,5,4,2,2,1,3,3,3,2,3,30,1,1,,,1,4,1,1,3,1658,
254,,,,2,2,2,2,2,2,2,2,2,2,2,20140625,6,10,1,3,,2,,2,1,1,34,1,1,2,2,4,4,2,3,3,1927,
255,,,,1,1,2,2,2,2,2,2,2,2,2,20140703,7,9,2,3,,1,,1,1,1,30,1,1,7,4,3,2,2,3,3,1879,
256,,,,1,2,2,2,2,2,2,2,1,2,2,20140513,5,10,1,3,,2,1,2,1,0,34,1,1,1,1,3,3,2,3,3,3854,
257,,,,2,2,2,2,2,2,2,2,2,2,2,20140619,6,10,2,3,,1,,1,1,0,31,1,1,2,1,1,1,1,2,3,1233,
258,,,,1,2,2,1,2,2,2,2,2,2,2,20140704,7,3,1,1,2,2,,4,1,0,34,1,1,,3,1,1,2,5,1,3513,
259,,,,1,2,2,2,1,2,1,2,2,2,2,20140514,5,8,2,3,,1,,1,2,1,31,1,1,2,1,4,3,2,3,3,1430,
260,,,,1,2,2,2,1,1,2,2,2,2,2,20140506,5,2,1,1,2,2,,4,1,2,10,1,,,3,1,1,1,5,1,1085,
261,,,,2,2,2,2,2,2,2,2,2,2,2,20140619,6,9,2,3,,1,,1,1,1,31,1,1,1,1,2,1,2,3,3,616,
262,,,,2,1,2,2,2,2,2,2,2,2,2,20140506,5,9,1,3,,2,,2,1,1,34,1,,4,1,4,4,2,3,3,1927,
263,,,,2,2,2,2,2,2,2,2,2,2,2,20140526,5,10,1,3,,3,4,4,2,3,34,1,1,2,4,4,3,2,3,3,1542,
264,,,,2,2,2,2,2,2,2,2,2,2,2,20140713,7,7,2,2,1,2,,3,2,3,30,1,1,4,4,3,5,1,2,3,18173,
265,,,,1,2,2,2,2,2,2,2,2,2,2,20140805,8,4,1,2,1,3,3,4,1,3,30,1,1,,4,3,4,2,5,,2612,
266,,,,2,2,2,2,2,2,2,2,2,2,2,20140714,7,1,2,1,2,2,,4,1,2,30,1,1,,4,1,1,4,5,1,2267,
267,,,,1,2,1,2,2,2,1,2,1,2,2,20140714,7,7,1,3,,2,,2,1,2,34,1,1,6,3,5,5,2,3,3,3212,
268,,,,2,2,2,2,2,2,2,2,2,2,2,20140717,7,8,2,3,,1,,1,1,1,30,1,1,2,2,4,3,2,3,3,5311,
269,,,,2,2,2,2,2,2,2,2,2,2,2,20140717,7,8,2,3,,2,,2,2,2,30,1,1,4,4,3,1,2,3,3,5311,
270,,,,1,1,1,1,1,2,2,2,2,2,2,20140723,7,3,1,1,3,2,,5,1,3,30,1,2,,3,2,1,2,5,1,2329,
271,,,,1,1,2,2,1,2,2,2,2,2,2,20140720,7,9,2,3,,2,,2,1,2,34,1,1,2,,4,1,3,4,3,798,
272,,,,2,2,2,2,2,2,2,2,1,2,2,20140728,7,2,1,1,2,2,,4,1,1,34,1,1,,2,,1,,,1,1369,
273,,,,2,2,2,2,2,2,2,2,2,2,2,20140715,7,6,1,3,,1,,1,1,1,31,1,1,6,4,5,5,2,3,3,3612,
274,,,,1,1,2,2,1,2,2,2,2,2,2,20140717,7,9,2,3,,3,,3,2,2,31,1,1,4,3,3,1,2,3,3,528,
275,,,,1,2,2,1,1,2,2,2,2,2,2,20140801,8,4,2,3,,3,1,3,1,2,30,1,1,,1,1,3,1,1,3,1163,
276,,,,1,1,2,2,1,2,1,2,2,2,2,20140716,7,7,1,3,,1,,1,1,0,34,1,1,1,1,3,4,1,2,3,4817,
277,,,,1,2,2,2,1,2,2,2,2,2,2,20140717,7,5,2,2,3,2,,5,1,2,30,1,1,2,4,2,3,1,2,3,50481,
278,,,,2,2,2,2,2,2,2,2,2,2,2,20140717,7,8,2,3,,2,,2,2,2,34,1,1,4,3,2,3,1,2,3,1407,
279,,,,2,2,2,2,2,2,2,2,2,2,2,20140717,7,9,1,3,,1,,1,1,1,34,1,1,6,,3,4,1,2,3,963,
280,,,,1,2,2,2,2,2,2,2,2,2,2,20140717,7,6,1,2,3,3,,6,1,1,30,1,1,5,4,3,5,1,2,3,103230,
281,,,,1,1,2,1,1,2,2,2,1,2,2,20140506,5,9,2,3,,2,,2,1,1,34,1,,4,2,3,3,1,2,3,1198,
282,,,,2,2,2,2,2,2,2,2,2,2,2,20140716,7,1,1,1,3,2,,5,1,2,30,1,1,,,1,1,1,5,1,2494,
283,,,,1,1,2,1,1,2,2,2,2,2,2,20140514,5,9,1,3,,1,,1,1,0,34,1,1,3,2,5,3,3,4,3,1927,
284,,,,2,2,2,2,2,2,2,2,2,2,2,20140514,5,7,1,2,2,2,,4,2,3,31,1,1,6,2,5,5,2,3,3,17654,
285,,,,2,2,2,2,2,2,2,2,2,2,2,20140513,5,7,2,3,,3,1,3,2,0,34,1,1,1,4,2,5,1,1,3,4222,
286,,,,2,2,2,2,2,2,2,2,2,2,2,20140721,7,10,2,3,,2,,2,1,1,34,1,1,2,2,4,2,3,4,3,1198,
287,,,,2,2,2,2,2,2,2,2,2,2,2,20140502,5,9,2,3,,1,1,1,1,0,34,1,,1,,,2,,,3,1198,
288,,,,1,2,2,2,2,2,2,2,2,2,2,20140514,5,8,2,3,,1,,1,1,1,30,1,1,2,1,3,1,2,3,3,5311,
289,,,,2,2,2,2,2,2,2,2,2,2,2,20140513,5,4,1,1,1,3,1,4,2,3,30,1,1,,4,1,3,1,5,,1552,
290,,,,1,2,2,1,1,2,2,2,2,2,1,20140514,5,9,2,3,,2,,2,1,1,34,1,1,4,1,3,2,1,2,3,1198,
291,,,,2,2,2,2,2,2,2,2,2,2,2,20140807,8,3,2,1,3,2,,5,1,2,30,1,1,,3,1,2,1,5,1,3941,
292,,,,1,1,1,1,2,2,2,2,2,2,2,20140513,5,9,2,3,,1,,1,1,1,34,1,1,1,1,4,4,2,3,3,599,
293,,,,2,2,2,2,2,2,2,2,2,2,2,20140514,5,7,1,3,,2,,2,1,2,34,1,1,1,4,4,4,2,3,3,3212,
294,,,,1,2,1,1,2,2,2,2,2,2,1,20140514,5,5,1,3,,2,,2,1,2,30,1,1,3,4,5,5,3,4,3,8045,
295,,,,1,2,2,1,1,2,1,2,2,2,2,20140523,5,3,1,1,2,2,2,4,1,3,34,1,,,,3,2,3,5,1,703,
296,,,,2,2,2,2,2,2,2,2,2,2,2,20140623,6,3,1,1,5,2,2,6,2,3,30,1,1,,1,2,1,2,5,1,2038,
297,,,,1,1,2,,1,2,2,2,2,2,2,20140514,5,8,2,3,,3,1,3,1,3,34,1,1,3,2,3,1,2,3,3,2111,
298,,,,1,2,2,2,2,2,2,2,2,2,2,20140513,5,1,2,1,2,2,,4,1,2,1,1,1,,3,1,,,,1,1420,
299,,,,2,1,2,1,2,2,2,2,2,2,2,20140513,5,10,2,3,,2,,2,2,1,34,1,1,,,2,2,1,2,3,342,
300,,,,1,2,2,2,1,2,2,2,2,2,2,20140505,5,3,1,1,1,1,1,2,1,0,34,1,,,1,1,2,1,5,1,1756,
301,,,,2,2,2,2,2,2,2,2,2,2,2,20140415,4,10,2,4,,,,1,1,0,34,1,,,1,4,2,2,3,3,1198,
302,,,,2,2,2,2,2,2,2,2,2,2,2,20140417,4,9,1,4,,,,2,2,1,30,1,,1,4,5,5,3,4,3,2556,
303,,,,2,2,2,2,2,2,2,2,2,2,2,20140506,5,10,2,3,,2,,2,2,1,30,1,,2,,1,1,1,2,3,2505,
304,,,,2,2,2,2,2,2,2,2,2,1,2,20140728,7,3,1,1,3,2,2,5,1,3,1,1,1,,4,1,2,1,5,1,674,
305,,,,2,2,2,2,2,2,2,2,2,2,2,20140710,7,10,1,3,,2,,2,1,1,34,1,1,6,2,3,3,2,3,3,1927,
306,,,,2,2,2,2,2,2,2,2,2,2,2,20140514,5,7,2,3,,2,,2,1,1,34,1,1,2,4,3,3,2,3,3,2814,
307,,,,2,2,2,2,2,2,2,2,2,2,2,20140505,5,3,2,1,1,2,1,3,1,1,34,1,,,2,2,3,1,5,1,1705,
308,,,,2,2,2,2,2,2,2,2,2,2,2,20140730,7,3,2,1,2,3,1,5,1,0,34,1,1,,2,1,1,1,5,1,5684,
309,,,,1,2,2,1,2,2,2,2,2,2,2,20140806,8,9,1,2,1,2,2,3,1,2,34,1,1,7,,4,5,2,3,3,4215,
310,,,,2,2,2,2,2,2,2,2,2,2,2,20140716,7,1,1,1,1,2,,3,1,1,34,1,1,,4,1,1,4,5,1,1027,
311,,,,2,2,2,2,2,2,2,2,2,2,2,20140714,7,9,2,3,,2,,2,1,2,31,1,1,4,,5,3,3,4,3,822,
312,,,,1,1,2,2,1,2,2,2,2,2,2,20140715,7,8,2,3,,1,,1,1,0,34,1,1,2,2,4,5,1,2,3,2814,
313,,,,2,2,2,2,2,2,2,2,2,2,2,20140713,7,8,1,3,,2,,2,1,3,34,1,1,6,4,4,3,2,3,3,2409,
314,,,,2,2,2,2,2,2,2,2,2,2,2,20140517,5,4,1,1,1,3,2,5,1,3,30,1,1,,4,2,5,1,5,,2329,
315,,,,2,2,2,2,2,2,2,2,2,2,2,20140506,5,10,2,3,,2,,2,1,0,34,1,,6,3,2,3,1,2,3,2395,
316,,,,2,2,2,2,2,2,2,2,2,2,2,20140721,7,9,2,3,,2,,2,1,1,10,1,1,2,1,3,3,2,3,3,1531,
317,,,,2,2,2,2,2,2,2,2,2,2,2,20140506,5,8,2,3,,1,,1,1,1,31,1,,6,4,2,2,1,2,3,2146,
318,,,,2,2,2,2,2,2,2,2,2,2,2,20140721,7,4,2,2,1,3,4,6,1,3,31,1,1,,,2,2,1,2,3,2633,
319,,,,1,2,2,2,1,2,2,2,2,2,2,20140724,7,4,1,1,2,2,,4,1,3,30,1,1,,4,1,2,1,5,,2329,
320,,,,1,2,2,2,2,2,2,2,2,2,2,20140514,5,8,1,3,,3,,3,1,1,30,1,1,6,3,5,4,2,3,3,18101,
321,,,,2,2,2,2,2,2,2,2,2,2,2,20140601,6,2,2,1,2,2,,4,1,3,30,1,1,,4,1,1,2,5,1,1701,
322,,,,1,2,2,2,2,2,2,2,2,2,2,20140807,8,4,1,1,2,3,1,5,1,3,1,1,1,,4,2,,,,,449,
323,,,,2,2,2,2,2,2,2,2,2,2,2,20140713,7,6,1,2,2,2,,4,1,2,10,1,1,2,2,4,5,2,3,3,21210,
324,,,,2,2,2,2,2,2,2,2,2,2,2,20140710,7,9,2,3,,1,,1,1,1,34,1,1,6,3,2,2,1,2,3,599,
325,,,,1,2,2,2,1,2,2,2,2,2,2,20140514,5,3,2,1,1,2,,3,1,2,34,1,1,,4,2,1,2,5,1,1137,
326,,,,1,1,2,2,1,2,2,2,2,2,2,20140526,5,3,1,1,1,2,,3,1,2,30,1,1,,4,2,3,1,5,1,2329,
327,,,,2,2,2,2,2,2,2,2,2,2,2,20140711,7,9,2,3,,1,1,1,1,0,31,1,1,7,2,1,3,1,1,3,1233,
328,,,,1,1,2,2,1,2,2,2,2,2,2,20140514,5,6,2,2,1,3,3,3,1,2,30,1,1,4,4,4,3,2,3,3,30288,
329,,,,2,2,2,2,2,2,2,2,2,2,2,20140514,5,10,2,3,,2,,2,1,0,30,1,1,6,2,4,2,3,4,3,7515,
330,,,,2,2,2,2,2,2,2,2,2,2,2,20140603,6,1,2,1,2,2,,4,1,0,30,1,1,,2,1,,,,1,6802,
331,,,,2,2,2,2,2,2,2,2,2,2,2,20140425,4,2,1,4,,,,5,1,1,30,1,,,1,1,1,1,5,1,3740,
332,,,,1,2,2,2,2,2,2,2,2,2,2,20140514,5,8,2,3,,3,1,3,1,2,34,1,1,2,3,3,3,1,2,3,2814,
333,,,,1,2,2,1,1,2,2,2,2,2,2,20140513,5,8,1,3,,2,2,2,1,3,10,1,1,3,4,5,5,2,3,3,2484,
334,,,,1,2,2,2,1,2,2,2,2,2,2,20140514,5,3,2,1,2,2,,4,1,2,34,1,1,,4,1,1,1,5,1,1516,
335,,,,2,1,2,2,1,2,2,2,2,2,2,20140514,5,9,1,3,,1,1,1,1,0,34,1,1,1,2,4,5,2,3,3,1927,
336,,,,2,2,2,2,2,2,2,2,2,2,2,20140513,5,10,2,3,,1,,1,1,1,34,1,1,6,2,3,2,2,3,3,599,
337,,,,2,2,2,2,2,2,2,2,2,2,1,20140417,4,3,1,4,,,,3,1,3,30,1,,,4,1,3,1,5,1,1746,
338,,,,2,2,2,2,2,2,2,2,2,2,2,20140506,5,8,2,3,,2,,2,1,2,34,1,,7,4,2,2,1,2,3,1876,
339,,,,2,2,2,2,2,2,2,2,2,2,2,20140716,7,10,1,3,,1,,1,1,0,10,1,1,2,2,3,4,1,2,3,2484,
340,,,,2,2,2,2,2,2,2,2,2,2,2,20140514,5,10,2,3,,1,1,1,2,0,31,1,1,2,2,2,1,2,3,3,616,
341,,,,2,2,2,2,2,2,2,2,2,2,2,20140530,5,4,1,1,1,2,,,,,30,1,1,,,4,4,2,5,,2329,
342,,,,1,2,2,2,2,2,2,2,2,2,1,20140513,5,7,2,2,3,2,,5,1,3,34,1,1,2,4,2,3,1,2,3,6157,
343,,,,1,1,2,1,1,2,2,2,2,2,2,20140715,7,8,2,3,,2,2,2,1,1,34,1,1,2,4,4,1,3,4,3,2814,
344,,,,2,2,2,2,2,2,2,2,2,2,2,20140514,5,9,2,3,,2,,2,1,2,34,1,1,2,,3,2,2,3,3,798,
345,,,,2,2,2,2,2,2,2,2,2,2,2,20140721,7,9,2,3,,2,,2,1,0,34,1,1,5,4,3,4,1,2,3,2395,
346,,,,2,2,2,2,2,2,2,2,2,2,2,20140522,5,1,1,1,1,2,,3,1,1,30,1,1,,,1,,,,1,2244,
347,,,,1,2,2,2,1,2,2,2,2,2,2,20140721,7,7,2,2,2,2,2,4,1,2,34,1,1,2,4,2,1,2,3,3,8209,
348,,,,1,2,2,2,2,2,2,2,2,2,2,20140604,6,1,2,1,1,3,,4,1,3,34,1,1,,2,1,,,,1,502,
349,,,,2,2,2,2,2,2,2,2,2,2,2,20140727,7,8,2,3,,2,,2,1,2,34,1,1,2,4,3,2,2,3,3,1876,
350,,,,2,2,2,2,2,2,2,2,2,2,2,20140711,7,9,1,3,,2,,2,1,1,34,1,1,3,1,3,4,1,2,3,1927,
351,,,,2,2,2,2,2,2,2,2,2,2,2,20140716,7,10,1,3,,1,,1,1,1,30,1,1,3,,,4,,,3,3833,
352,,,,1,2,2,1,1,2,2,2,2,2,2,20140506,5,9,2,3,,1,,1,1,1,34,1,,7,2,3,4,1,2,3,599,
353,,,,1,2,2,2,1,2,2,2,2,2,2,20140729,7,4,1,1,1,2,,3,1,3,34,1,1,,4,2,4,1,5,,659,
354,,,,2,2,2,2,2,2,2,2,2,2,2,20140608,6,2,1,1,2,2,,4,1,3,31,1,1,,3,1,1,1,5,1,1782,
355,,,,1,2,2,2,2,2,2,2,2,2,2,20140721,7,6,2,2,4,3,1,6,1,3,30,1,1,6,2,4,5,1,2,3,68149,
356,,,,2,2,2,2,2,2,2,2,2,2,2,20140712,7,10,2,3,,1,,1,1,0,34,1,1,6,1,1,1,1,1,3,1198,
357,,,,2,2,2,2,1,2,2,2,1,2,2,20140713,7,8,1,3,1,2,,2,1,0,1,1,1,1,1,4,4,2,3,3,6560,
358,,,,1,2,2,1,2,2,2,2,2,2,2,20140724,7,2,1,1,2,2,,4,1,2,10,1,1,,4,1,,,,1,1085,
359,,,,2,2,2,2,2,2,2,2,2,2,2,20140713,7,9,2,3,,2,,2,1,2,34,1,1,2,2,5,3,3,4,3,798,
360,,,,1,2,2,1,1,2,2,2,2,2,2,20140717,7,9,2,3,,2,,2,1,1,34,1,1,2,2,3,1,2,3,3,1198,
361,,,,2,2,2,2,2,2,2,2,2,2,2,20140508,5,4,2,1,2,3,2,4,2,3,30,1,,,,2,2,1,5,,1182,
362,,,,1,2,2,2,1,2,2,2,2,2,2,20140730,7,4,2,2,1,3,1,4,1,3,30,1,1,,4,2,3,1,2,3,2652,
363,,,,1,2,2,2,1,2,2,2,2,2,1,20140720,7,9,1,3,,2,,2,1,2,10,1,1,4,,3,3,2,3,3,1656,
364,,,,2,2,2,2,2,2,2,2,2,2,2,20140711,7,9,2,3,,2,,2,0,2,30,1,1,2,2,2,1,1,2,3,3757,
365,,,,2,2,2,2,1,2,2,2,2,2,2,20140506,5,6,2,3,,1,,1,1,1,34,1,,7,4,,3,,,3,1407,
366,,,,2,2,2,2,2,2,2,2,2,2,2,20140711,7,1,1,1,2,2,,4,1,2,30,1,1,,4,1,1,4,5,1,1995,
367,,,,1,2,2,2,2,2,2,2,2,2,2,20140713,7,7,2,3,,2,,2,1,2,1,1,1,2,3,3,2,2,3,3,1691,
368,,,,2,2,2,2,2,2,2,2,2,2,2,20140715,7,8,1,3,,2,1,2,1,2,31,1,1,6,2,4,5,2,3,3,4816,
369,,,,2,2,2,2,2,2,2,2,2,2,2,20140415,4,10,2,4,,,,2,1,1,34,1,,1,1,4,,,,3,1198,
370,,,,1,2,2,2,2,2,1,2,1,2,2,20140730,7,1,2,1,2,2,,4,1,2,34,1,1,,4,1,1,4,5,1,669,
371,,,,2,2,2,2,2,2,2,2,2,2,2,20140806,8,4,2,1,1,3,2,5,1,3,30,1,1,,3,1,3,1,5,,1970,
372,,,,2,2,2,2,2,2,2,2,2,2,2,20140717,7,8,2,3,,1,,1,1,1,30,1,1,7,4,1,1,1,1,3,5311,
373,,,,1,2,2,2,1,2,2,2,2,2,2,20140727,7,1,1,1,2,2,,4,1,3,30,1,1,,4,1,1,4,5,1,1197,
374,,,,2,2,2,2,2,2,2,2,2,2,2,20140526,5,4,1,3,,1,1,1,1,1,30,1,1,,1,3,4,1,2,3,573,
375,,,,2,2,2,2,2,2,2,2,2,2,2,20140521,5,4,2,3,,3,4,4,1,3,30,1,1,,2,2,3,1,2,3,930,
376,,,,2,2,2,2,2,2,2,2,2,1,2,20140730,7,6,1,3,,3,,3,1,1,30,1,1,6,,2,4,1,2,3,18101,
377,,,,2,2,2,2,2,2,2,2,2,2,2,20140529,5,2,1,1,3,2,,5,1,3,1,1,1,,3,1,1,1,5,1,3027,
378,,,,2,2,2,2,2,2,2,2,2,2,2,20140506,5,10,1,3,,1,1,1,1,0,34,1,,2,2,3,3,2,3,3,1927,
379,,,,2,2,2,2,2,2,2,2,2,2,2,20140714,7,10,2,3,,1,,1,1,1,30,1,1,,2,2,3,1,2,3,1879,
380,,,,2,2,2,2,2,2,2,2,2,2,2,20140717,7,9,1,3,,2,,2,2,2,34,1,1,6,2,3,1,2,3,3,771,
381,,,,2,2,2,2,2,2,2,2,2,2,2,20140524,5,4,1,1,2,2,,4,1,3,10,1,1,,,1,3,1,5,,1767,
382,,,,1,2,2,2,1,2,2,2,2,2,2,20140527,5,1,1,1,2,2,,4,1,2,30,1,1,,3,1,1,1,5,1,1995,
383,,,,2,2,2,2,2,2,2,2,2,2,2,20140715,7,8,1,3,,2,2,2,1,2,34,1,1,6,4,4,4,2,3,3,3212,
384,,,,1,2,2,2,2,2,2,2,2,2,2,20140717,7,7,2,3,,2,2,2,2,2,34,1,1,4,4,4,4,2,3,3,1407,
385,,,,1,2,2,2,1,2,2,2,2,2,2,20140722,7,2,1,1,5,2,,6,1,2,34,1,1,,3,,,,,1,1597,
386,,,,2,2,2,2,2,2,2,2,2,2,2,20140806,8,10,1,3,,2,,2,1,1,30,1,1,1,1,4,5,1,2,2,7666,
387,,,,2,2,2,2,2,2,2,2,2,2,2,20140527,5,4,2,1,1,2,,3,1,3,34,1,1,,2,5,3,3,5,,853,
388,,,,1,2,2,2,2,2,2,2,2,2,2,20140526,5,2,1,1,2,2,,4,1,2,34,1,1,,4,1,,,,1,913,
389,,,,2,2,2,2,2,2,2,2,2,2,2,20140503,5,3,2,1,2,1,,2,1,2,34,1,,,2,3,3,2,5,1,758,
390,,,,1,2,2,2,2,2,1,2,1,2,2,20140429,4,3,1,4,,,,6,1,3,34,1,,,4,1,1,1,5,1,878,
391,,,,2,2,2,2,2,2,2,2,2,2,2,20140717,7,10,2,3,,1,,1,1,1,34,1,1,2,1,3,1,2,3,3,599,
392,,,,1,2,2,2,1,2,2,2,2,2,2,20140712,7,8,2,3,,3,1,3,1,3,30,1,1,2,4,3,3,2,3,3,7967,
393,,,,1,2,2,2,2,2,2,2,2,2,2,20140716,7,10,2,3,,1,,1,2,1,34,1,1,5,2,2,1,2,3,3,200,
394,,,,2,2,2,2,2,2,2,2,2,2,2,20140717,7,2,1,1,4,2,,6,1,3,34,1,1,,3,1,,,,1,587,
395,,,,1,2,2,2,2,2,2,2,2,2,2,20140723,7,9,1,3,,2,,2,1,2,34,1,1,1,1,5,4,3,4,3,1285,
396,,,,2,2,2,2,2,2,2,2,2,2,2,20140422,4,4,2,4,,,,3,1,3,30,1,,,,2,2,1,2,3,1773,
397,,,,2,2,2,2,2,2,2,2,2,2,2,20140527,5,1,2,1,1,2,,3,1,1,34,1,1,,1,1,,,,1,753,
398,,,,1,2,2,2,1,2,2,2,2,2,2,20140717,7,8,2,3,,2,,2,1,1,34,1,1,4,2,2,2,1,2,3,2814,
399,,,,2,2,2,2,2,2,2,2,2,2,2,20140722,7,9,2,3,,2,,2,1,1,34,1,1,4,3,3,3,2,3,3,1198,
400,,,,2,2,2,2,2,2,2,2,2,2,2,20140506,5,9,2,3,,2,,2,1,1,1,1,,5,3,5,3,3,4,3,4969,
401,,,,1,2,2,2,1,2,1,2,2,2,2,20140727,7,2,1,1,3,2,,5,1,3,34,1,1,,2,1,1,1,5,1,856,
402,,,,1,2,2,2,2,2,2,2,2,2,2,20140711,7,9,2,3,,2,,2,1,2,31,1,1,6,4,2,3,1,2,3,822,
403,,,,2,2,2,2,2,2,2,2,2,2,2,20140522,5,2,1,1,3,2,,5,1,1,30,1,1,,1,,,,,1,3740,
404,,,,2,2,2,2,2,2,2,2,2,2,2,20140710,7,8,1,3,,1,,1,1,1,10,1,1,7,4,4,5,2,3,3,2484,
405,,,,1,2,2,2,1,2,2,2,2,2,2,20140713,7,3,1,1,2,2,,4,1,3,34,1,1,,4,2,5,1,5,1,878,
406,,,,1,2,2,2,1,2,2,2,2,2,2,20140807,8,3,1,1,2,3,,6,1,3,31,1,1,,4,2,2,1,5,1,1156,
407,,,,2,2,2,2,2,2,2,2,2,2,2,20140414,4,3,2,4,,,,5,1,1,34,1,,,3,1,2,1,5,1,2842,
408,,,,1,2,2,2,1,2,2,2,2,2,2,20140806,8,3,1,1,5,2,,6,1,2,34,1,1,,2,1,1,2,5,1,2049,
409,,,,2,2,2,2,2,2,2,2,2,2,2,20140719,7,10,2,3,,1,,1,1,0,30,1,1,5,1,3,3,1,2,3,3757,
410,,,,2,2,2,2,2,2,2,2,2,2,2,20140715,7,7,1,2,1,2,,3,1,3,30,1,1,4,4,4,3,2,3,3,25807,
411,,,,2,2,2,2,2,2,2,2,2,2,2,20140720,7,2,2,1,2,3,,6,2,3,30,1,1,,4,,,,,1,1701,
412,,,,1,2,2,2,2,2,2,2,2,2,2,20140730,7,6,1,3,,1,,1,1,1,34,1,1,2,4,2,4,1,1,3,2409,
413,,,,1,2,2,2,2,2,2,2,2,2,2,20140714,7,2,2,1,3,3,,6,2,3,30,1,1,,4,1,1,1,5,1,1889,
414,,,,2,2,2,2,2,2,2,2,1,2,2,20140713,7,9,2,2,1,2,,3,1,2,30,1,1,2,2,4,4,2,3,3,10714,
415,,,,2,2,2,2,2,2,2,2,2,2,2,20140730,7,2,1,1,2,2,,4,1,2,30,1,1,,4,1,1,2,5,1,1995,
416,,,,2,2,2,2,2,2,2,2,2,2,2,20140807,8,10,2,3,,1,,1,2,0,34,1,1,2,2,2,2,1,2,3,599,
417,,,,2,2,2,2,2,2,2,2,2,2,2,20140425,4,1,2,4,,,,6,1,0,34,1,,,1,1,,,,1,4517,
418,,,,2,2,2,2,2,2,2,2,2,2,2,20140720,7,8,1,3,,3,1,3,1,3,30,1,1,2,,5,4,3,4,3,9050,
419,,,,2,2,2,2,2,2,2,2,2,2,2,20140506,5,10,2,3,,2,2,2,2,1,30,1,,1,,2,3,1,2,3,2505,
420,,,,2,2,2,2,2,2,2,2,2,2,2,20140507,5,3,1,1,1,3,1,4,1,3,1,1,,,4,1,1,1,5,1,539,
421,,,,2,2,2,2,2,2,2,2,2,2,2,20140710,7,4,1,3,,3,3,5,1,3,30,1,1,,,5,5,2,3,3,10056,
422,,,,1,2,2,2,1,2,1,2,1,2,2,20140417,4,8,2,4,,,,2,1,2,34,1,,2,4,2,3,1,2,3,1876,
423,,,,2,2,2,2,2,2,2,2,2,2,2,20140715,7,9,2,3,,2,,2,0,1,31,1,1,7,2,2,2,1,2,3,2465,
424,,,,1,2,2,2,2,2,2,2,2,2,2,20140913,9,9,2,3,,2,,2,1,0,34,1,1,3,3,2,3,1,2,3,2395,
425,,,,2,2,2,2,2,2,2,2,2,2,2,20140923,9,1,2,1,2,2,,4,1,1,34,1,1,,2,1,1,4,5,1,1004,
426,,,,1,2,2,2,2,1,1,2,2,2,2,20140912,9,6,1,2,2,2,,4,1,1,34,1,1,1,2,5,5,3,4,3,21077,
427,,,,1,2,2,2,1,2,2,2,2,2,2,20140802,8,2,1,1,1,3,1,4,2,3,34,1,1,,2,1,1,1,5,1,548,
428,,,,1,2,2,2,1,2,2,2,2,2,2,20140918,9,9,2,3,,1,,1,2,1,30,1,1,4,1,4,1,3,4,3,939,
429,,,,1,2,2,2,1,2,2,2,2,2,2,20141006,10,2,2,1,1,2,1,3,0,2,34,1,1,,4,,1,,,1,753,
430,,,,1,1,2,2,1,2,2,2,2,2,2,20140911,9,4,2,1,3,2,,5,1,3,10,1,1,,3,1,2,1,5,,2346,
431,,,,1,1,2,2,1,2,1,2,1,2,2,20140911,9,9,2,3,,1,,1,1,1,34,1,1,2,2,2,1,1,2,3,599,
432,,,,1,1,2,2,1,2,2,2,2,2,2,20140911,9,8,1,3,,1,,1,1,0,34,1,1,3,2,5,4,2,3,3,4817,
433,,,,2,2,2,2,2,2,2,2,2,2,2,20140921,9,8,2,3,,2,,2,1,1,34,1,1,4,2,3,2,2,3,3,2814,
434,,,,1,1,1,2,1,2,1,2,1,2,2,20140918,9,5,1,3,,1,,1,1,1,34,1,1,3,2,4,5,1,2,3,2409,
435,,,,2,2,2,2,2,2,2,2,2,2,2,20140912,9,9,2,3,,2,,2,1,2,10,1,1,1,,3,2,2,3,3,1021,
436,,,,1,2,2,2,1,2,1,2,1,2,2,20140926,9,3,2,1,2,2,,4,1,2,34,1,1,,4,1,1,2,5,1,1516,
437,,,,2,2,2,2,1,2,2,2,2,2,2,20140916,9,8,2,3,,1,,1,1,1,34,1,1,1,1,2,2,1,2,3,1407,
438,,,,1,1,2,1,1,2,2,2,2,2,2,20140915,9,7,2,3,,1,,1,1,1,34,1,1,2,1,5,3,3,4,3,1407,
439,,,,1,2,2,1,1,2,2,2,2,2,2,20150128,1,3,2,1,2,2,,4,1,3,34,1,1,,4,1,1,1,5,1,1137,
440,,,,1,2,1,2,1,2,2,2,2,2,1,20140916,9,9,2,3,,1,,1,1,0,34,1,1,4,,1,1,1,2,3,1198,
441,,,,1,2,2,2,1,2,1,2,2,2,2,20140923,9,2,2,1,2,2,,4,1,2,34,1,1,,4,1,1,1,5,1,669,
442,,,,2,2,2,2,2,2,2,2,1,2,2,20140916,9,10,1,3,,2,,2,1,1,34,1,1,6,,3,3,2,3,3,1927,
443,,,,1,2,2,1,1,2,2,2,2,2,2,20140918,9,7,1,2,2,2,,4,1,2,30,1,1,6,4,5,5,3,4,3,45879,
444,,,,2,2,2,2,2,2,2,2,2,2,2,20141004,10,2,2,1,2,2,,4,1,2,34,1,1,,2,1,1,3,5,1,669,
445,,,,1,1,2,,1,1,2,2,2,2,2,20140921,9,5,2,3,,2,,2,2,1,34,1,1,2,1,2,3,1,2,3,1407,
446,,,,2,2,2,2,2,2,2,2,2,2,2,20140913,9,10,2,3,,1,,1,1,0,30,1,1,1,1,1,2,1,2,3,3757,
447,,,,1,2,2,2,2,2,2,2,2,2,2,20141001,10,3,2,1,2,2,,4,1,2,34,1,1,,4,1,1,1,5,1,1516,
448,,,,1,2,2,2,2,2,2,2,2,2,2,20140802,8,3,1,1,1,3,2,5,1,3,10,1,1,,4,1,3,1,5,1,2209,
449,,,,2,2,2,2,1,2,2,2,2,2,2,20141007,10,3,2,1,2,2,,4,1,2,30,1,1,,3,1,1,1,5,1,3152,
450,1,2,1,2,2,2,2,2,2,2,2,1,2,2,20150317,3,7,2,3,,2,,2,2,2,34,1,1,4,4,2,1,1,2,3,1126,70+
451,,,,1,2,1,2,2,2,1,2,1,2,2,20140919,9,7,1,2,2,2,,4,1,3,34,1,1,7,4,4,5,1,2,3,8431,
452,,,,1,2,2,2,2,2,1,2,1,2,2,20140801,8,3,1,1,1,2,,3,1,2,34,1,1,,,1,4,1,5,1,878,
453,,,,2,2,2,2,2,2,2,2,2,2,2,20140930,9,2,1,1,2,2,,4,1,1,31,1,1,,4,1,1,1,5,1,3564,
454,,,,1,2,2,2,2,2,2,2,2,1,1,20140919,9,6,1,2,3,2,,5,1,2,30,1,1,7,4,4,3,2,3,3,57349,
455,,,,1,1,2,1,1,2,2,2,2,2,1,20140921,9,8,2,3,,1,,1,1,0,30,1,1,4,2,1,2,1,2,3,10622,
456,,,,2,2,2,2,2,2,2,2,2,2,2,20141005,10,2,1,1,2,2,,4,1,2,30,1,1,,4,1,1,1,5,1,1995,
457,,,,1,2,2,2,2,2,2,2,2,2,2,20140804,8,2,1,1,2,2,,4,1,2,34,1,1,,4,1,1,2,5,1,913,
458,,,,2,2,2,2,2,2,2,2,2,2,2,20140918,9,8,2,3,,1,,1,1,1,34,1,1,6,3,4,2,3,4,3,1407,
459,,,,2,2,2,2,2,2,2,2,2,1,2,20140929,9,2,1,1,1,3,1,4,1,1,34,1,1,,2,1,1,1,5,1,1369,
460,,,,2,2,2,2,2,2,2,2,2,2,2,20141009,10,2,1,1,2,1,,3,1,1,10,1,1,,4,1,1,1,5,1,1220,
461,,,,1,2,2,2,2,2,2,2,2,2,2,20140921,9,2,2,1,2,3,2,5,2,3,34,1,1,,4,1,1,2,5,1,502,
462,,,,2,2,2,2,2,2,2,2,2,2,2,20140917,9,4,1,1,1,3,2,4,1,3,34,1,1,,3,2,4,1,5,,703,
463,,,,1,2,2,2,1,2,2,2,2,2,2,20140920,9,9,2,3,,1,,1,1,1,34,1,1,2,2,3,3,2,3,3,599,
464,,,,1,2,2,1,1,,1,2,1,2,2,20140915,9,1,2,1,4,3,,6,1,0,34,1,1,,4,1,,,,1,4015,
465,,,,1,2,2,2,1,2,2,2,2,2,2,20140920,9,9,2,3,,3,,3,1,1,34,1,1,1,1,4,3,3,4,3,1796,
466,,,,2,2,2,2,2,2,2,2,2,2,2,20140922,9,8,2,3,,2,,2,1,2,34,1,1,2,4,4,1,3,4,3,1876,
467,,,,1,1,2,2,2,2,2,2,2,2,2,20140915,9,8,1,3,,2,,2,1,2,10,1,1,7,4,5,5,2,3,3,3312,
468,,,,1,1,2,2,1,2,1,2,1,2,1,20140911,9,8,2,3,,1,,1,1,1,30,1,,4,3,4,2,3,4,3,5311,
469,,,,2,2,2,2,1,2,2,2,2,2,2,20140913,9,1,1,1,2,2,2,4,1,2,34,1,1,,4,1,1,1,5,1,913,
470,,,,1,1,2,2,1,2,2,2,1,2,1,20140920,9,6,2,3,,1,,1,1,1,31,1,1,2,1,2,4,1,2,3,2146,
471,,,,1,1,2,2,1,2,2,2,2,2,2,20140916,9,9,2,3,,1,,1,1,1,31,1,1,4,1,2,1,1,2,3,616,
472,,,,1,2,2,2,1,2,2,2,2,2,2,20140928,9,2,2,1,1,1,,2,2,2,30,1,1,,4,1,1,1,5,1,850,
473,,,,1,2,2,2,1,2,2,2,2,2,2,20140918,9,7,2,3,,2,,2,1,3,34,1,1,7,4,3,4,1,2,3,1407,
474,,,,2,2,2,2,2,2,2,2,2,2,2,20141001,10,2,2,1,2,2,,4,1,2,30,1,1,,4,1,1,2,5,1,2267,
475,,,,1,2,2,2,1,2,2,2,2,2,2,20140920,9,3,1,1,3,2,,5,1,3,34,1,1,,4,2,2,1,5,1,1098,
476,,,,2,2,2,2,2,2,2,2,2,2,2,20140807,8,3,2,1,1,3,1,4,2,3,34,1,1,,4,1,2,1,5,1,758,
477,,,,1,2,2,2,2,2,2,2,2,2,2,20140804,8,4,1,2,1,3,1,5,1,3,30,1,1,,4,2,5,1,5,,2721,
478,,,,2,2,2,2,2,2,2,2,2,2,2,20140917,9,10,2,3,,1,,1,1,0,31,1,1,6,4,3,1,2,3,3,1233,
479,,,,1,1,2,2,2,2,2,2,2,2,2,20140914,9,10,2,3,,1,,1,1,0,30,1,1,2,2,3,3,2,3,3,3757,
480,,,,1,2,2,1,1,2,1,2,1,2,2,20140927,9,1,1,1,2,2,,4,2,2,34,1,1,,4,,1,,,1,685,
481,,,,2,2,2,2,2,2,2,2,2,2,2,20140803,8,2,2,1,2,2,,4,1,2,30,1,1,,4,1,1,1,5,1,2267,
482,,,,2,2,2,2,2,2,2,2,2,2,1,20141009,10,3,2,1,2,1,,3,1,1,34,1,1,,3,1,1,1,5,1,1705,
483,,,,2,2,2,2,2,2,2,2,2,2,2,20140917,9,10,2,3,,1,,1,1,1,30,1,1,2,1,3,2,2,3,3,1879,
484,,,,2,2,2,2,2,2,2,2,1,2,2,20140802,8,2,2,1,3,1,,4,1,1,34,1,1,,1,1,1,2,5,1,1004,
485,,,,2,2,2,2,2,2,2,2,2,2,2,20141008,10,4,2,1,2,3,1,5,1,3,30,1,1,,4,1,2,1,5,,2364,
486,,,,2,2,2,2,2,2,2,2,2,2,2,20141001,10,4,1,1,1,1,,2,2,2,34,1,1,,2,3,5,1,5,,351,
487,,,,1,1,2,2,1,2,2,2,2,2,2,20140911,9,9,1,3,,2,,2,2,2,30,1,1,4,2,5,5,1,2,3,3833,
488,,,,1,2,2,2,2,2,2,2,2,2,2,20140918,9,10,2,3,,1,,1,1,1,31,1,1,2,2,5,1,3,4,3,616,
489,,,,1,2,2,2,2,2,1,2,1,2,2,20141002,10,1,2,1,2,3,,5,2,2,30,1,1,,3,1,1,4,5,1,2126,
490,,,,2,2,2,2,2,2,2,2,2,2,2,20140913,9,10,1,3,,1,,1,1,0,34,1,1,4,3,5,5,3,4,3,1927,
491,,,,1,1,2,2,2,2,2,2,2,2,2,20140930,9,6,2,2,2,2,,4,1,3,34,1,1,6,3,1,2,1,2,3,6157,
492,,,,2,2,2,2,2,2,2,2,2,2,2,20140917,9,8,1,3,,2,,2,1,2,10,1,1,6,4,5,4,3,4,3,3312,
493,,,,2,2,2,2,2,2,2,2,2,2,2,20140926,9,3,1,1,2,2,,4,1,2,34,1,1,,2,,,,,1,1171,
494,,,,1,1,2,2,2,2,2,2,1,2,1,20140913,9,9,2,3,,1,,1,1,0,34,1,1,4,4,3,2,2,3,3,1198,
495,,,,1,2,2,2,1,2,2,2,2,2,2,20141004,10,2,2,1,2,2,,4,1,2,10,1,1,,4,1,1,1,5,1,2191,
496,,,,2,2,2,2,2,2,2,2,2,2,2,20140921,9,8,1,3,,3,1,3,1,2,34,1,1,2,4,5,5,2,3,3,4817,
497,,,,1,2,2,2,2,2,2,2,2,2,2,20141007,10,3,2,1,2,1,,3,1,3,34,1,1,,4,2,3,1,5,1,853,
498,,,,2,2,2,2,2,2,2,2,2,2,2,20140919,9,9,2,3,,1,,1,1,1,30,1,1,7,4,2,2,1,2,3,1879,
499,,,,1,2,2,2,2,2,2,2,2,2,2,20140915,9,9,2,3,,2,,2,1,1,34,1,1,7,2,2,4,1,2,3,1198,
500,,,,1,2,2,2,1,2,2,2,2,2,2,20140912,9,7,2,2,1,3,2,4,1,,34,1,1,,,2,1,1,2,3,24627,
501,,,,2,2,2,2,2,2,2,2,2,2,2,20141004,10,2,1,1,3,2,,5,1,2,34,1,1,,4,1,1,1,5,1,1141,
502,,,,1,1,2,2,2,2,2,2,2,2,2,20140922,9,8,1,3,,2,,2,1,0,34,1,1,3,1,,,,,3,9635,
503,,,,2,2,2,2,2,2,2,2,2,2,2,20140917,9,10,2,3,,3,1,3,2,1,34,1,1,1,1,1,1,1,1,3,898,
504,,,,1,2,2,2,1,2,2,2,2,2,2,20140923,9,1,2,1,2,2,,4,1,2,34,1,1,,4,1,1,4,5,1,669,
505,,,,2,2,2,2,2,2,2,2,2,2,2,20140915,9,1,1,1,2,2,,4,1,1,30,1,1,,4,1,1,4,5,1,2992,
506,,,,2,2,2,2,2,2,2,2,2,2,2,20140914,9,3,2,1,3,2,,5,1,1,30,1,1,,,2,2,2,5,1,5911,
507,,,,1,2,2,1,1,2,2,2,2,2,2,20140911,9,7,2,3,,3,1,3,2,3,31,1,1,7,4,2,4,1,2,3,2575,
508,,,,2,2,2,2,2,2,2,2,2,2,2,20140917,9,10,2,3,,2,,2,1,0,31,1,1,1,1,3,3,2,3,3,2465,
509,,,,1,2,2,2,2,2,1,2,2,2,2,20140918,9,9,1,3,,2,,2,1,2,30,1,1,7,4,5,5,2,3,3,5111,
510,,,,2,2,2,2,2,2,2,2,2,2,2,20140914,9,9,1,3,,2,,2,1,1,30,1,1,5,3,3,5,1,2,3,7666,
511,,,,2,1,2,1,2,2,2,2,2,2,2,20141009,10,4,2,1,2,3,3,5,1,3,10,1,,,4,3,2,2,5,,1877,
512,,,,2,2,2,2,2,2,2,2,2,2,2,20140920,9,9,1,3,,1,,1,1,0,34,1,1,1,1,3,3,2,3,3,1927,
513,,,,1,1,1,2,2,2,2,2,2,2,1,20140807,8,4,2,1,2,3,4,6,1,3,34,1,1,,,2,,,,,1895,
514,,,,1,2,2,2,1,2,2,2,2,2,2,20140731,7,3,2,1,1,2,,3,1,2,34,1,1,,2,1,1,1,5,1,1137,
515,,,,1,2,2,1,1,2,2,2,2,2,2,20140915,9,8,2,3,,3,1,3,1,1,31,1,1,7,4,4,3,2,3,3,6437,
516,,,,2,2,2,2,2,2,2,2,2,2,2,20140804,8,1,2,1,1,2,,3,1,2,31,1,1,,2,1,,,,1,1196,
517,,,,2,2,2,2,2,2,2,2,2,2,2,20140919,9,5,1,3,,2,2,2,1,1,30,1,1,6,4,2,5,1,2,3,12067,
518,,,,2,2,2,2,2,2,2,2,2,2,2,20140917,9,9,2,3,,2,,2,1,1,30,1,1,2,2,3,3,2,3,3,3757,
519,,,,1,1,2,1,1,2,2,2,2,2,2,20140910,9,7,2,3,,3,,3,2,2,30,1,1,4,4,5,4,3,4,3,7967,
520,,,,1,2,2,1,1,2,2,2,2,2,2,20140920,9,8,2,3,,2,,2,1,2,30,1,1,6,4,3,3,2,3,3,7081,
521,,,,2,2,2,2,2,2,2,2,2,2,2,20140919,9,9,2,3,,1,,1,1,1,1,1,1,1,1,4,1,3,4,3,2485,
522,,,,2,2,2,2,2,2,2,2,2,2,2,20140920,9,7,2,3,,3,,6,2,2,1,1,1,2,1,4,3,2,3,3,8876,
523,,,,1,2,2,2,2,2,2,2,2,2,2,20140919,9,9,2,3,,1,,1,1,0,30,1,1,2,4,2,1,2,3,3,3757,
524,,,,2,2,2,2,1,2,2,2,2,2,2,20140914,9,9,1,3,,1,,1,2,1,34,1,1,1,2,5,4,3,4,3,642,
525,,,,1,1,2,2,2,2,2,2,2,2,2,20140918,9,6,1,3,,2,,2,1,2,34,1,1,4,4,3,3,1,2,3,3212,
526,1,1,1,1,2,2,1,1,2,2,2,2,2,1,20150314,3,4,1,3,,1,1,1,0,1,34,1,1,,3,4,5,1,2,3,4817,65+
527,,,,1,2,2,2,1,2,2,2,2,2,2,20150314,3,2,1,1,2,3,1,5,1,3,34,1,1,,4,1,1,3,5,1,856,
528,,,,1,2,2,2,2,2,2,2,2,2,2,20150331,3,2,1,1,2,2,,4,1,2,30,1,1,,,1,1,2,5,1,1995,
529,1,1,1,2,2,2,2,2,2,2,2,2,2,2,20150217,2,10,2,3,,1,,1,1,0,34,1,1,1,1,1,1,1,2,3,1198,70+
530,,,,2,2,2,2,2,2,2,2,2,2,2,20150226,2,2,2,1,1,2,,3,1,2,34,1,1,,4,1,1,1,5,1,502,
531,,,,2,2,2,2,2,2,2,2,2,2,2,20150322,3,2,2,1,3,2,,5,1,2,34,1,1,,,,,,,1,837,
532,1,,1,2,2,2,2,2,2,2,2,2,2,2,20150210,2,9,2,3,,1,,1,1,0,34,1,1,4,1,2,1,1,2,3,1198,Ne sais pas
533,,,,1,2,2,2,2,2,2,2,2,2,2,20150326,3,3,2,1,2,2,,4,1,2,34,1,1,,4,1,1,1,5,1,1516,
534,,,,2,2,2,2,2,2,2,2,2,2,1,20150203,2,1,2,1,2,2,,4,1,2,34,1,1,,3,1,,,,1,669,
535,1,1,1,1,2,2,2,1,,,2,1,2,2,20150316,3,8,1,3,,2,,2,1,1,34,1,1,4,2,5,5,3,4,3,4817,65+
536,1,2,1,2,2,2,2,2,2,2,2,2,2,2,20150210,2,10,2,3,,1,,1,1,1,34,1,1,1,1,1,2,1,2,3,599,70+
537,1,1,1,2,2,2,2,2,2,2,2,2,2,2,20150310,3,9,1,3,,3,,3,1,1,34,1,1,4,,2,3,1,2,3,2890,80+
538,1,1,1,2,1,2,2,1,2,2,2,2,2,2,20150210,2,8,1,3,,3,,3,1,2,34,1,1,2,3,5,5,3,4,3,4817,60+
539,1,1,1,2,2,2,2,2,2,2,2,2,2,2,20150210,2,9,2,3,,1,,1,1,1,31,1,1,4,4,4,4,2,3,3,616,80+
540,1,1,1,1,2,2,2,2,2,1,2,2,2,2,20150316,3,6,2,2,1,1,,2,2,2,34,1,1,4,4,1,2,1,2,3,3078,80+
541,,,,2,2,2,2,2,2,2,2,2,2,2,20150130,1,2,1,1,2,3,2,6,1,3,34,1,1,,,,,,,1,822,
542,,,,1,1,2,2,2,2,2,2,2,2,2,20150224,2,1,1,1,2,2,,4,1,0,34,1,1,,3,,1,,,1,2738,
543,,,,2,2,2,2,2,2,2,2,2,2,2,20150328,3,1,2,1,2,2,,4,1,2,34,1,1,,4,1,1,4,5,1,669,
544,,,,1,2,2,2,2,2,2,2,1,2,2,20150201,2,3,2,1,1,2,,3,1,2,34,1,1,,4,3,1,3,5,1,1137,
545,,,,2,2,2,2,2,2,2,2,2,2,2,20150322,3,2,2,1,2,3,,6,1,3,1,1,1,,3,1,1,1,5,1,1598,
546,,,,2,2,2,2,2,2,2,2,2,2,2,20150228,2,1,2,1,1,2,,3,1,0,34,1,1,,3,1,1,1,5,1,1506,
547,1,,1,1,2,2,2,1,2,2,2,2,2,2,20150321,3,4,1,3,,3,3,5,1,3,30,1,1,,,5,5,2,3,3,954,80+
548,,,,2,2,2,2,2,2,2,2,2,2,2,20150203,2,2,1,1,2,2,,4,1,2,34,1,1,,4,1,1,1,5,1,913,
549,1,1,1,1,1,2,2,1,2,2,2,2,2,2,20150212,2,10,2,3,,1,,1,2,1,34,1,1,5,,4,3,2,3,3,200,80+
550,1,,1,2,2,2,2,2,2,2,2,2,2,2,20150212,2,10,1,3,,1,,1,1,0,34,1,1,5,2,3,4,1,2,3,1927,90+
551,1,2,1,2,2,2,2,2,2,2,2,2,2,2,20150212,2,9,2,3,,3,1,3,1,1,34,1,1,7,2,4,4,2,3,3,1796,70+
552,1,2,2,1,2,2,2,2,2,2,2,2,2,2,20150216,2,9,2,3,,2,,2,1,1,34,1,1,2,,3,3,1,2,3,1198,70+
553,1,2,1,1,2,2,2,2,2,2,2,2,2,2,20150316,3,9,2,2,1,1,,2,1,2,34,1,1,2,1,2,1,1,2,3,1746,65+
554,1,,1,2,2,2,2,2,2,2,2,2,2,2,20150212,2,10,2,3,,1,,1,1,0,34,1,1,1,1,2,1,1,2,3,1198,
555,1,2,1,2,2,2,2,2,2,2,2,2,2,2,20150312,3,8,2,3,,2,,2,1,2,30,1,1,2,4,3,2,2,3,3,7081,70+
556,,,,1,2,2,2,1,2,2,2,2,2,2,20150201,2,2,1,1,1,2,,3,1,1,34,1,1,,,1,,,,1,1027,
557,1,,1,1,2,2,1,1,2,2,2,2,2,2,20150212,2,10,2,3,,3,1,3,1,2,34,1,1,1,,4,2,3,4,3,1198,70+
558,,,,2,2,2,2,2,2,2,2,2,2,2,20150329,3,2,1,1,2,3,1,5,1,2,34,1,1,,4,1,1,3,5,1,1141,
559,,,,1,2,2,2,2,2,2,2,2,2,1,20150324,3,2,2,1,3,2,,5,1,3,30,1,1,,4,1,1,1,5,1,2126,
560,,,,2,2,2,2,2,2,2,2,2,2,2,20150322,3,4,2,2,2,3,1,5,1,3,30,1,1,,4,1,1,1,2,2,2763,
561,1,2,1,1,2,2,2,2,2,2,2,2,2,2,20150215,2,10,1,3,,2,,2,1,1,31,1,1,4,4,4,4,2,3,3,3809,
562,,,,1,2,2,2,1,2,2,2,2,2,2,20150227,2,3,2,1,2,2,,4,1,3,34,1,1,,4,1,2,1,5,1,909,
563,,,,2,2,2,2,2,2,2,2,2,2,2,20150223,2,2,2,1,2,2,,4,1,3,30,1,1,,3,1,,,,1,1360,
564,1,2,1,1,1,2,2,1,2,2,2,2,2,2,20150313,3,8,2,3,,2,,2,1,2,34,1,1,4,2,2,1,2,3,3,1876,
565,1,,1,1,2,2,2,1,2,2,2,2,2,1,20150213,2,6,1,2,2,2,,4,1,1,34,1,1,6,4,4,5,1,2,3,21077,70+
566,,,,1,2,2,2,2,2,2,2,2,2,2,20150213,2,1,2,1,2,2,,4,1,1,34,1,1,,4,1,1,4,5,1,1004,
567,,,,1,2,2,2,1,2,2,2,2,2,2,20150328,3,3,1,1,2,2,,4,1,,34,1,1,,,1,1,1,5,1,3513,
568,1,2,1,1,1,2,2,1,2,2,2,2,2,2,20150217,2,9,2,3,,1,,1,1,1,34,1,1,1,1,5,3,3,4,3,599,"Pas d’âge, santé implicite"
569,1,,1,2,2,2,2,2,2,2,2,2,2,2,20150314,3,9,2,3,,1,,1,1,1,34,1,1,1,3,4,1,3,4,3,599,80+
570,,,,2,2,2,2,2,2,2,2,2,2,2,20150227,2,2,1,1,1,2,,3,2,3,31,1,1,,4,1,1,2,5,1,764,
571,,,,2,2,2,2,2,2,2,2,2,2,2,20150314,3,2,1,1,2,2,,4,1,2,30,1,1,,4,1,1,2,5,1,1995,
572,1,1,1,1,2,2,2,2,2,2,2,2,2,2,20150211,2,8,2,3,,2,,2,1,0,34,1,1,4,2,5,4,3,4,3,5629,65+
573,,,,1,2,2,2,2,2,2,1,2,2,1,20150324,3,2,2,1,1,2,,3,1,3,10,1,1,,2,1,1,3,5,1,1232,
574,1,1,1,1,1,,2,2,2,2,2,2,2,2,20150214,2,9,2,3,,1,,1,2,0,34,1,1,1,1,2,2,1,2,3,240,70+
575,1,1,1,1,1,2,2,1,2,2,2,2,2,2,20150212,2,7,2,3,,2,,2,1,2,34,1,1,2,4,3,4,1,2,3,1876,60+
576,1,1,1,1,2,2,1,2,2,2,2,2,2,1,20150210,2,6,2,3,,1,,1,1,1,34,1,1,5,,2,3,1,2,3,1407,60+
577,,,,2,2,2,2,2,2,2,2,2,2,2,20150204,2,2,2,1,2,2,,4,1,1,34,1,1,,,1,1,1,5,1,1004,
578,1,2,1,1,2,2,2,1,2,2,2,2,2,2,20150211,2,7,2,2,2,2,,4,1,3,34,1,1,4,3,4,3,2,3,3,6157,70+
579,,,,2,2,2,2,2,2,2,2,2,2,2,20150202,2,1,2,1,2,2,,4,2,1,34,1,1,,3,1,1,2,5,1,502,
580,,,,2,2,2,2,2,2,2,2,2,2,2,20150213,2,2,2,1,2,2,,4,1,2,34,1,1,,3,1,1,1,5,1,669,
581,,,,1,1,1,1,2,2,2,2,2,2,2,20150227,2,4,1,1,1,2,2,3,2,3,34,1,1,,2,4,5,2,5,,329,
582,1,2,2,2,2,2,2,2,2,2,2,2,2,2,20150213,2,10,2,3,,1,,1,1,0,34,1,1,5,2,2,1,1,2,3,1198,
583,1,1,1,2,2,2,2,2,2,2,2,2,2,2,20150321,3,4,1,3,,3,4,4,2,3,1,1,1,,2,5,5,2,3,3,405,75+
584,,,,2,2,2,2,2,2,2,2,2,2,2,20150227,2,3,1,1,3,3,,6,1,1,31,1,1,,3,1,1,2,5,1,3854,
585,2,1,1,2,2,2,2,2,2,2,2,2,2,2,20150214,2,10,2,3,,1,,1,1,0,31,1,1,7,2,2,2,1,2,3,1233,
586,,,,1,2,2,,1,2,2,2,2,2,2,20150130,1,2,2,1,5,2,,6,1,3,34,1,1,,2,1,1,1,5,1,703,
587,1,2,1,2,2,2,2,2,2,2,2,2,2,2,20150312,3,9,1,3,,1,,1,1,1,31,1,1,2,2,4,5,1,2,3,1905,75+
588,,,,2,2,2,2,2,2,2,2,2,2,2,20150221,2,2,2,1,2,2,,4,1,2,31,1,1,,4,1,1,1,5,1,1595,
589,1,1,2,2,2,2,2,2,2,2,2,2,2,2,20150317,3,8,1,3,,1,,1,1,0,34,1,1,1,2,4,3,2,3,3,4817,"Pas d’âge, santé implicite"
590,1,1,1,1,2,2,1,1,2,2,2,2,2,2,20150316,3,9,1,3,,1,,1,2,0,34,1,1,4,1,5,3,3,4,3,963,80+
591,,,,2,2,2,2,2,2,2,2,2,2,2,20150130,1,4,1,1,1,2,,3,1,3,34,1,1,,4,2,2,2,5,,659,
592,1,2,1,1,2,2,1,2,2,1,2,1,2,2,20150212,2,7,1,3,,2,,2,1,2,34,1,1,6,4,3,4,1,2,3,3212,65+
593,1,1,1,1,1,2,2,2,2,2,2,2,2,2,20150221,2,4,1,3,,3,1,3,1,2,34,1,1,,3,1,3,1,2,3,1133,60+
594,,,,1,2,2,2,2,2,2,2,2,2,2,20150201,2,2,1,1,4,2,,6,1,3,34,1,1,,4,1,1,1,5,1,822,
595,,,,,2,2,2,2,2,2,2,2,2,2,20150327,3,2,1,1,2,2,,4,1,2,34,1,1,,4,1,1,1,5,1,913,
596,,,,2,2,2,2,2,2,2,2,2,2,2,20150221,2,4,1,3,,3,1,3,1,3,34,1,1,,4,4,4,2,3,2,850,
597,,,,2,2,2,2,2,2,2,2,2,2,2,20150130,1,2,2,1,2,1,,4,1,2,34,1,1,,3,1,1,3,5,1,669,
598,1,1,1,1,2,2,2,1,2,2,2,2,2,2,20150217,2,8,2,3,,2,,2,1,1,34,1,1,2,3,3,3,2,3,3,2814,70+
599,,,,1,2,2,1,1,2,2,2,2,2,2,20150220,2,4,1,1,2,2,,4,1,3,34,1,1,,4,2,5,1,5,,703,
600,1,1,1,1,2,1,1,1,2,2,2,2,2,2,20150315,3,7,2,3,,2,,2,1,1,30,1,1,4,2,2,2,1,2,3,10622,70+
601,1,1,1,1,1,2,2,1,2,2,2,2,2,2,20150212,2,8,2,3,,3,1,3,1,3,34,1,1,4,4,3,1,3,4,3,1689,"Pas d’âge, santé implicite"
602,,,,2,2,2,2,2,2,2,2,2,2,2,20150203,2,2,1,1,2,2,,4,1,2,30,1,1,,4,1,1,1,5,1,1995,
603,,,,1,1,2,2,2,2,2,2,2,2,2,20150221,2,3,1,1,2,2,2,4,1,3,31,1,1,,3,1,1,2,5,1,964,
604,,,,2,2,2,2,2,2,2,2,2,2,2,20150205,2,4,1,1,1,3,1,5,1,3,10,1,1,,2,4,5,1,5,,2209,
605,1,,1,2,2,2,2,2,2,2,2,2,2,2,20150214,2,10,2,3,,1,1,1,2,0,34,1,1,2,2,3,3,2,3,3,599,80+
606,1,2,1,1,1,2,2,1,2,2,2,2,2,2,20150210,2,7,2,3,,2,,2,2,2,34,1,1,5,4,5,2,3,4,3,938,70+
607,1,,1,1,1,2,1,1,2,2,2,2,2,2,20150213,2,8,2,3,,2,,2,1,2,31,1,1,7,3,5,3,3,4,3,2861,80+
608,,,,2,2,2,2,2,2,2,2,2,2,2,20150328,3,2,1,1,2,2,,4,1,3,30,1,1,,,1,1,1,5,1,1496,
609,,,,2,2,2,2,2,2,2,2,2,2,2,20150326,3,3,1,1,2,2,2,4,1,3,30,1,1,,,1,,,,1,1863,
610,2,2,1,2,2,2,2,2,2,2,2,2,2,2,20150217,2,9,1,3,,1,,1,1,1,34,1,1,2,1,2,4,1,2,3,963,
611,,,,2,2,2,2,2,2,2,2,2,2,2,20150218,2,3,1,1,2,2,1,4,1,3,34,1,1,,1,1,1,1,5,1,878,
612,1,2,1,1,1,2,2,2,2,2,2,1,2,2,20150212,2,6,2,2,1,2,,3,1,3,34,1,1,4,4,2,4,1,2,3,4618,"Pas d’âge, santé implicite"
613,1,1,1,1,1,2,1,1,2,1,2,1,2,2,20150221,2,4,2,2,1,3,1,4,1,3,34,1,1,,3,2,4,1,1,3,2566,65+
614,,,,2,2,2,2,2,2,2,2,2,2,2,20150316,3,6,1,2,2,2,,4,1,2,34,1,1,,,,,,,2,14051,
615,,,,1,2,2,2,1,2,2,2,2,2,2,20150226,2,1,1,1,1,2,,3,1,2,34,1,1,,4,1,1,1,5,1,685,
616,,,,2,2,2,2,2,2,2,2,2,2,2,20150225,2,2,1,1,3,3,,6,2,3,34,1,1,,4,1,1,2,5,1,799,
617,,,,1,2,2,2,1,2,2,2,2,2,2,20150223,2,4,2,1,2,2,,4,1,3,31,1,1,,2,2,3,1,5,,1985,
618,,,,1,2,2,2,1,2,2,2,2,2,2,20150327,3,3,1,1,1,1,,2,1,1,30,1,1,,1,1,1,1,5,1,2329,
619,,,,2,2,2,2,2,2,2,2,2,2,2,20150326,3,1,2,1,1,2,,3,1,2,34,1,1,,,1,1,4,5,1,502,
620,,,,1,2,2,2,2,2,2,2,2,2,2,20150227,2,4,1,1,3,2,,5,1,2,31,1,1,,4,3,5,1,5,,1606,
621,,,,2,2,2,2,2,2,2,2,2,2,2,20150203,2,2,1,1,4,3,,6,2,1,34,1,1,,2,1,1,1,5,1,1198,
622,1,1,1,1,1,2,2,1,2,2,2,2,2,2,20150212,2,9,2,3,,2,2,2,1,1,34,1,1,2,2,3,3,2,3,3,1198,60+
623,,,,1,2,2,2,2,2,2,2,2,2,2,20150217,2,3,1,1,1,3,,4,1,0,34,1,1,,2,1,1,1,5,1,3513,
624,1,,1,1,1,2,2,1,2,2,2,2,2,2,20150212,2,8,2,3,,2,,2,1,2,31,1,1,5,3,2,1,2,3,3,2861,75+
625,1,2,1,2,2,2,2,2,2,2,2,2,2,2,20150310,3,9,2,3,,2,,2,1,1,30,1,1,1,2,5,3,3,4,3,3757,70+
626,,,,2,2,2,2,2,2,2,2,2,2,2,20150224,2,2,1,1,3,2,,5,1,2,34,1,1,,4,1,,,,1,1141,
627,,,,1,1,2,2,1,2,2,2,2,2,2,20150201,2,1,1,1,3,2,,5,1,2,34,1,1,,4,1,,,,1,1141,
628,1,2,1,1,1,2,1,1,2,2,2,1,2,2,20150316,3,8,2,3,,2,,2,1,2,34,1,1,5,3,4,3,2,3,3,1876,65+
629,1,2,1,2,2,2,2,2,2,2,2,2,2,2,20150210,2,7,2,3,,2,1,2,1,3,34,1,1,4,2,5,4,2,3,3,1407,75+
630,1,,1,2,2,2,2,2,2,2,2,2,2,2,20150315,3,10,1,3,,1,,1,2,0,34,1,1,2,1,4,4,2,3,3,963,
631,1,2,1,1,1,2,1,1,2,2,2,2,2,2,20150312,3,8,2,3,,1,,1,1,1,30,1,1,4,,4,3,2,3,3,5311,80+
632,1,1,2,2,2,2,2,2,2,2,2,2,2,2,20150211,2,8,1,3,,2,,2,1,2,34,1,1,7,2,5,5,2,3,3,3212,80+
633,,,,1,2,2,2,1,2,2,2,2,2,2,20150131,1,3,1,1,1,1,,2,1,0,34,1,1,,1,2,4,1,5,1,1756,
634,1,1,1,2,2,2,2,2,2,2,2,2,2,2,20150215,2,8,2,3,,2,,2,2,2,31,1,1,7,4,2,4,1,2,3,1716,80+
635,,,,1,1,2,2,2,2,1,2,2,2,2,20150213,2,2,2,1,2,2,,4,1,2,34,1,1,,2,1,1,1,5,1,669,
636,1,,1,2,2,2,2,2,2,2,2,2,2,2,20150214,2,10,2,3,,1,,1,1,0,34,1,1,3,1,1,2,1,2,3,1198,90+
637,1,2,1,1,1,2,2,1,2,2,2,2,2,2,20150211,2,7,1,3,,2,,2,1,3,34,1,1,5,1,5,5,2,3,3,2409,65+
638,,,,1,2,2,2,1,2,2,2,2,2,2,20150226,2,3,1,1,2,2,,4,2,3,34,1,1,,2,5,5,3,5,1,502,
639,1,2,1,1,2,2,1,1,2,2,2,2,2,1,20150212,2,7,2,3,,2,,2,2,3,34,1,1,4,4,1,2,1,2,3,1126,70+
640,1,2,1,2,2,2,2,2,2,2,2,2,2,2,20150223,2,4,1,3,,3,4,4,2,3,34,1,1,,4,3,5,1,2,3,755,70+
641,,,,2,2,2,2,2,2,2,2,2,2,2,20150321,3,1,2,1,1,2,,3,1,2,34,1,1,,4,1,1,4,5,1,502,
642,1,2,1,1,1,2,2,1,2,2,2,2,2,2,20150212,2,8,2,3,,1,,1,2,0,34,1,1,4,1,5,2,3,4,3,1407,75+
643,1,,1,1,2,2,2,1,2,2,2,2,2,2,20150217,2,8,2,3,,1,,1,1,1,34,1,1,4,2,1,1,1,2,3,1407,65+
644,1,1,1,2,2,2,2,2,2,2,2,2,2,2,20150220,2,4,1,2,1,3,3,4,2,3,31,1,1,,4,5,5,3,4,3,730,65+
645,1,1,1,2,2,2,2,2,2,2,2,2,2,2,20150216,2,10,2,3,,1,,1,2,1,31,1,1,4,2,4,3,3,4,3,308,65+
646,,,,2,2,2,2,2,2,2,2,2,2,2,20150202,2,2,2,1,2,2,,4,1,2,34,1,1,,4,1,1,2,5,1,669,
647,1,1,1,1,2,1,1,1,2,2,2,2,2,2,20150211,2,8,1,3,,2,,2,1,2,34,1,1,2,4,4,4,2,3,3,3212,"Pas d’âge, santé implicite"
648,,,,2,2,2,2,2,2,2,2,2,2,2,20150131,1,2,1,1,1,2,,3,1,2,34,1,1,,4,1,1,1,5,1,685,
649,1,2,1,1,2,2,2,1,2,2,2,2,2,2,20150210,2,7,2,3,,3,2,4,1,3,34,1,1,7,4,5,4,2,3,3,2252,75+
650,1,,2,1,2,2,2,2,2,2,2,2,2,2,20150213,2,8,1,3,,2,,2,1,2,34,1,1,7,4,5,5,2,3,3,3212,75+
651,1,,1,2,2,2,2,2,2,2,2,2,2,2,20150312,3,9,1,3,,1,,1,1,0,30,1,1,2,1,4,4,2,3,3,7666,Pensionnés/Âge de la retraite
652,1,2,1,2,2,2,2,2,2,2,2,2,2,2,20150314,3,8,2,3,,2,,2,1,2,34,1,1,2,2,2,2,1,2,3,1876,
653,,,,1,2,2,2,2,2,2,2,1,2,2,20150201,2,4,1,1,1,1,,2,2,1,34,1,1,,,2,3,1,5,,439,
654,1,2,1,2,2,2,2,2,2,2,2,2,2,2,20150312,3,7,2,2,1,2,,3,1,3,30,1,1,4,3,5,3,3,4,3,22716,70+
655,,,,1,1,2,2,1,1,2,2,2,2,2,20150328,3,3,1,1,2,2,,4,1,2,1,1,1,,4,1,1,1,5,1,719,
656,,,,1,2,2,2,2,2,2,2,2,2,2,20150327,3,3,1,1,1,2,,3,1,1,30,1,1,,,1,1,1,5,1,3493,
657,,,,1,2,2,2,2,2,2,2,2,2,2,20150131,1,4,2,1,2,1,,3,1,3,34,1,1,,3,1,2,1,5,,853,
658,1,1,1,1,2,2,2,1,2,1,2,1,2,2,20150210,2,8,2,3,,1,,2,1,1,34,1,1,2,4,4,2,3,4,3,2814,Ne sais pas
659,,,,1,2,2,2,1,2,2,2,2,2,2,20150223,2,4,2,1,3,2,2,5,1,3,34,1,1,,3,1,3,1,5,,1421,
660,,,,1,2,2,2,2,2,2,2,2,2,2,20150328,3,4,2,1,1,3,1,4,1,3,30,1,1,,4,2,3,1,5,,1891,
661,1,,1,1,2,2,2,2,2,2,2,2,2,2,20150213,2,9,2,3,,2,,2,1,1,34,1,1,2,4,3,1,2,3,3,1198,75+
662,,,,1,2,2,2,2,2,2,2,2,2,2,20150219,2,3,1,1,2,2,,4,1,3,34,1,1,,4,2,3,1,5,1,703,
663,1,2,1,2,2,2,2,2,2,2,2,2,2,2,20150213,2,9,1,3,,2,2,2,1,1,34,1,1,6,2,4,4,2,3,3,1927,65+
664,1,2,1,1,2,2,2,2,2,2,2,2,2,2,20150213,2,7,2,3,,2,1,2,1,1,31,1,1,1,4,4,3,2,3,3,4291,60+
665,1,2,1,1,2,2,1,1,2,2,2,2,2,2,20150313,3,7,2,3,,1,,1,1,1,34,1,1,1,1,4,2,2,3,3,1407,65+
666,,,,2,2,2,2,2,2,2,2,2,2,2,20150321,3,4,1,1,1,3,3,4,,3,30,1,1,,,5,5,3,5,,2329,
667,,,,1,2,2,2,1,2,1,2,1,2,2,20150320,3,2,1,1,5,2,,6,1,2,34,1,1,,3,1,1,1,5,1,2510,
668,,,,1,2,2,2,2,2,2,1,2,2,2,20150328,3,3,2,1,2,3,4,6,1,3,31,1,1,,4,1,1,2,5,1,1985,
669,,,,2,2,2,2,2,2,2,2,2,2,2,20150326,3,2,1,1,4,2,,6,1,2,30,1,1,,,1,,,,1,2992,
670,1,2,1,2,2,2,2,1,2,2,2,2,2,2,20150210,2,10,2,3,,2,,2,2,0,31,1,1,2,2,3,2,2,3,3,1233,
671,1,2,1,1,1,2,2,2,2,2,2,2,2,2,20150211,2,8,1,3,,1,,1,1,0,34,1,1,3,1,5,3,3,4,3,4817,80+
672,,,,1,2,2,2,2,2,2,2,2,2,2,20150326,3,3,2,1,3,2,,5,1,3,34,1,1,,3,,1,,,1,1421,
673,1,2,1,2,2,2,2,2,2,2,2,2,2,2,20150210,2,9,1,3,,2,,2,2,1,34,1,1,4,2,5,4,3,4,3,1285,
674,,,,2,2,2,2,2,2,2,2,2,2,2,20150320,3,1,2,1,2,2,,4,1,2,34,1,1,,4,1,,,,1,669,
675,,,,2,2,2,2,2,2,2,2,2,2,2,20150322,3,2,2,1,3,2,,6,1,3,30,1,1,,4,1,1,1,5,1,2976,
676,,,,2,2,2,2,2,2,2,2,2,2,2,20140729,7,1,1,1,2,2,,4,1,2,30,1,1,,4,,1,,,1,1995,
677,,,,2,2,2,2,2,2,2,2,2,2,2,20140717,7,1,2,1,2,2,,4,2,2,30,1,1,,4,1,1,1,5,1,1701,
678,,,,2,2,2,2,2,2,2,2,2,2,2,20140721,7,5,1,3,,2,,2,1,2,30,1,1,4,2,5,5,2,3,3,8045,
679,,,,2,2,2,2,2,2,2,2,2,2,2,20141026,10,3,1,1,2,2,,4,2,3,34,1,1,,4,1,1,1,5,1,502,
680,,,,1,1,,1,1,2,2,2,2,2,1,20141014,10,7,2,2,1,2,,3,1,3,30,1,1,2,4,4,3,2,3,3,22716,
681,1,2,1,1,1,1,2,1,2,2,2,2,2,2,20150317,3,8,2,3,,2,,2,1,1,34,1,1,2,,3,1,2,3,3,2814,Pensionnés/Âge de la retraite
682,,,,1,2,2,1,2,2,2,2,2,2,2,20141110,11,6,2,3,,1,,1,1,2,31,1,1,4,2,2,3,1,2,3,1430,
683,,,,2,2,2,2,2,2,2,2,2,2,2,20141210,12,8,1,3,,3,,4,1,3,34,1,1,,,3,3,1,2,2,4817,
684,,,,1,2,2,2,2,2,2,2,2,2,2,20150326,3,2,2,1,3,2,,5,1,2,34,1,1,,4,1,1,1,5,1,837,
685,,,,2,2,2,2,2,2,2,2,2,2,2,20150104,1,1,2,1,1,3,1,4,1,3,1,1,1,,4,1,1,4,5,1,1065,
686,,,,1,,2,2,2,2,2,2,2,2,2,20150106,1,1,1,1,2,2,,4,1,1,34,1,1,,2,1,1,4,5,1,1369,
687,,,,2,2,2,2,2,2,2,2,2,2,2,20141022,10,4,1,1,1,2,2,3,1,2,31,1,1,,2,,5,,,,964,
688,1,1,1,1,2,2,2,2,2,2,2,2,2,2,20150116,1,6,2,2,2,3,1,6,1,3,34,1,1,2,4,2,2,1,2,3,9235,75+
689,1,1,1,2,2,2,2,2,2,2,2,2,2,2,20141211,12,9,2,3,,1,,1,1,1,30,1,1,4,2,4,3,2,3,3,1879,80+
690,1,2,1,1,2,2,2,2,2,2,2,2,2,2,20141213,12,7,2,3,,1,1,1,1,2,34,1,1,1,2,2,4,1,2,3,938,70+
691,1,1,2,1,1,1,1,1,2,2,2,2,2,1,20141210,12,7,1,3,,2,2,2,1,2,34,1,1,5,1,5,5,2,3,3,3212,
692,,,,2,2,2,2,2,2,2,2,2,2,2,20141014,10,1,2,1,2,2,,4,1,2,30,1,1,,2,1,,,,1,2267,
693,1,1,1,2,2,2,2,2,2,2,2,2,2,2,20141218,12,10,2,3,,1,,1,1,1,10,1,1,1,1,2,1,2,3,3,766,85+
694,,,,1,2,2,2,2,2,1,2,1,2,2,20150201,2,3,2,1,4,3,4,6,1,2,30,1,1,,3,2,1,2,5,1,6305,
695,,,,2,2,2,2,2,2,1,1,2,2,2,20141026,10,1,1,1,3,3,,6,1,2,30,1,1,,2,1,,,,1,2992,
696,,,,,2,2,2,1,2,2,2,2,2,2,20141027,10,2,1,1,3,2,2,5,1,2,34,1,1,,3,1,1,2,5,1,1141,
697,,,,2,2,2,2,2,2,2,2,2,2,2,20141027,10,3,1,1,4,2,,6,1,3,30,1,1,,,,,,,1,3493,
698,,,,2,2,2,2,2,2,2,2,2,2,2,20141025,10,3,1,1,1,2,,3,1,2,30,1,1,,4,1,1,1,5,1,2329,
699,,,,2,2,2,2,2,2,2,2,2,2,2,20150227,2,4,1,1,1,3,4,5,1,3,30,1,1,,4,2,5,1,5,,1941,
700,,,,1,2,2,2,2,2,2,2,2,2,2,20150210,2,1,1,1,1,2,,3,0,2,34,1,1,,2,1,1,4,5,1,1027,
701,,,,2,2,2,2,2,2,2,2,2,2,2,20150215,2,2,2,1,3,3,,6,1,2,34,1,1,,2,,,,,1,1004,
702,1,2,1,2,2,2,2,2,2,2,2,2,2,2,20141212,12,8,2,3,,3,1,3,1,3,30,1,1,7,,4,4,2,3,3,7967,
703,1,1,1,2,2,2,2,2,2,2,2,2,2,2,20141210,12,8,2,3,,1,,1,1,1,30,1,1,7,2,2,2,1,2,3,5311,65+
704,1,1,1,2,2,2,2,2,2,2,2,2,2,2,20150126,1,7,1,2,3,2,,5,0,3,30,1,1,6,4,3,3,1,2,3,57349,65+
705,1,2,1,2,2,2,2,2,2,2,2,2,2,2,20141211,12,8,2,2,2,2,,4,1,2,31,1,1,1,2,2,1,2,3,3,17476,65+
706,,,,2,2,2,2,2,2,2,2,2,2,2,20150319,3,3,2,1,2,2,,4,1,3,30,1,1,,1,,1,,,1,1891,
707,1,1,1,2,2,2,2,2,2,2,2,2,2,2,20150121,1,5,1,3,,2,,2,1,2,34,1,1,4,4,3,5,1,2,3,3212,65+
708,,,,1,1,2,2,2,2,2,2,2,2,1,20150107,1,1,2,1,1,2,2,3,1,2,30,1,1,,4,1,1,3,5,1,1701,
709,1,1,1,1,2,1,1,1,2,2,2,2,2,2,20150211,2,6,2,3,,1,,1,0,1,30,1,1,6,2,1,1,1,2,3,10622,75+
710,,,,2,2,2,2,2,2,2,2,2,2,2,20141216,12,1,2,1,1,2,,3,0,2,30,1,1,,4,1,1,4,5,1,2551,
711,1,2,1,1,2,2,2,1,2,2,2,2,2,2,20141210,12,8,2,3,,1,,1,0,1,34,1,1,7,4,5,1,3,4,3,2814,
712,,,,2,2,2,2,2,2,2,2,2,2,2,20150203,2,1,1,1,1,2,,3,0,2,34,1,1,,4,1,1,3,5,1,1027,
713,1,1,1,1,2,2,2,1,2,2,2,2,2,2,20141212,12,8,2,2,1,2,,3,0,2,10,1,1,4,4,2,3,1,2,3,24666,75+
714,,,,2,2,2,2,2,2,2,2,2,2,2,20141001,10,3,1,1,2,2,,4,1,2,30,1,1,,4,2,5,1,5,1,3105,
715,,,,2,2,2,2,2,2,2,2,2,2,2,20141030,10,8,2,3,,2,,2,1,2,1,1,1,6,,3,3,1,2,3,1691,
716,,,,1,2,2,2,2,2,2,2,2,2,2,20141030,10,8,1,3,,2,,2,1,2,34,1,1,2,4,4,5,2,3,3,3212,
717,,,,1,2,2,2,2,2,2,2,1,2,2,20141028,10,2,1,1,3,3,,6,1,3,34,1,1,,4,1,1,1,5,1,1027,
718,,,,1,2,2,1,2,2,2,2,2,2,2,20141030,10,4,1,1,2,2,,4,1,3,34,1,1,,4,4,5,1,5,,878,
719,,,,1,2,2,2,2,2,2,2,2,2,2,20140830,8,3,1,1,1,2,,3,0,2,30,1,1,,4,1,1,2,5,1,3493,
720,,,,2,1,1,2,2,2,2,2,2,2,2,20150317,3,9,1,3,,2,,2,1,2,30,1,1,6,4,4,4,1,2,2,5111,
721,,,,1,2,2,2,1,2,2,2,2,2,2,20140828,8,1,1,1,1,3,4,5,1,3,30,1,1,,,,1,,,1,1496,
722,,,,2,2,2,2,2,2,2,2,2,2,2,20140827,8,4,2,1,2,1,,3,0,3,30,1,1,,1,1,1,1,5,,2364,
723,,,,1,2,2,2,1,2,2,2,2,2,2,20140901,9,4,1,1,3,2,,5,2,3,34,1,1,,4,3,4,1,5,,220,
724,,,,2,2,2,2,2,2,2,2,2,2,2,20141030,10,8,1,3,,1,,1,1,1,34,1,1,2,3,4,5,2,3,3,2409,
725,1,2,1,1,1,2,2,1,2,2,2,2,2,2,20150313,3,10,2,3,,1,,1,1,,34,1,1,1,1,1,1,1,2,3,1198,80+
726,,,,2,2,2,2,2,2,2,2,2,2,2,20140822,8,2,2,1,5,2,2,6,1,3,34,1,1,,4,1,1,3,5,1,1004,
727,,,,2,2,2,2,2,2,2,2,2,2,2,20141124,11,4,2,1,2,2,,4,1,3,34,1,1,,4,2,3,1,5,,909,
728,,,,1,2,2,2,1,2,2,2,2,2,2,20141031,10,3,1,1,2,2,1,4,1,2,34,1,1,,4,1,1,2,5,1,1171,
729,,,,2,2,2,2,2,2,2,2,2,1,2,20140804,8,1,2,1,3,2,,5,1,2,1,1,1,,4,1,1,2,5,1,1775,
730,,,,2,2,2,2,2,2,2,2,2,2,2,20141123,11,4,1,1,2,2,,4,1,3,30,1,1,,4,3,4,1,5,,2329,
731,,,,1,1,2,2,1,2,2,2,2,2,2,20141029,10,6,2,2,1,2,,3,1,3,1,1,1,4,4,2,4,1,2,3,10990,
732,,,,2,2,2,2,2,2,2,2,2,2,2,20141030,10,8,2,3,,1,1,1,1,,30,1,1,2,,3,3,1,2,3,10622,
733,,,,1,2,2,1,1,2,2,2,2,2,2,20141029,10,7,2,3,,2,,2,1,2,34,1,1,2,3,5,5,2,3,3,1876,
734,,,,2,2,2,2,2,2,2,2,2,2,2,20140819,8,1,2,1,2,2,,4,0,2,30,1,1,,3,1,1,4,5,1,3401,
735,,,,2,2,2,2,2,2,2,2,2,2,2,20140819,8,2,1,1,2,2,,4,0,2,30,1,1,,,1,1,1,5,1,2992,
736,,,,1,2,1,2,2,2,2,2,2,2,2,20141202,12,3,1,1,1,3,1,4,2,2,34,1,1,,,1,,,,1,703,
737,,,,1,2,2,1,1,2,2,2,2,2,2,20141101,11,4,1,3,,3,2,5,1,3,30,1,1,,4,3,4,1,5,,954,
738,,,,2,2,2,2,2,2,2,2,2,1,2,20140901,9,1,1,1,1,2,2,3,0,2,10,1,1,,4,1,,,,1,1220,
739,,,,2,2,2,2,2,2,2,2,2,2,2,20140814,8,7,1,3,,1,,1,0,1,30,1,1,6,4,5,5,2,3,3,12067,
740,,,,1,2,2,1,2,2,2,2,2,2,2,20140829,8,6,2,2,3,2,,5,0,2,34,1,1,4,4,3,2,2,3,3,15392,
741,1,2,1,2,2,2,2,2,2,2,2,2,2,2,20141127,11,2,2,2,5,2,,6,1,2,34,1,1,,4,1,,,,1,3305,55+
742,,,,2,2,2,2,2,2,2,2,2,2,2,20140821,8,3,1,1,3,2,2,5,1,2,30,1,1,,2,4,1,3,5,1,3881,
743,,,,1,2,2,2,1,2,2,2,2,2,2,20141125,11,4,2,1,1,3,,4,1,3,31,1,1,,,2,2,1,5,,1588,
744,,,,2,2,2,2,2,2,2,2,2,2,2,20141123,11,1,2,1,2,2,2,4,1,1,31,1,1,,,1,1,1,5,1,2393,
745,,,,1,1,2,2,1,2,2,2,2,2,2,20141015,10,7,2,2,1,3,2,5,1,3,34,1,1,4,4,4,4,2,3,3,5131,
746,,,,1,1,1,1,1,2,2,2,2,2,2,20141011,10,9,2,2,2,1,,3,1,1,30,1,1,2,1,2,2,2,3,3,16071,
747,,,,1,2,2,2,2,2,2,2,2,2,2,20141027,10,2,2,1,2,2,,4,1,2,30,1,1,,3,1,1,1,5,1,2267,
748,,,,1,1,2,2,2,2,2,2,2,2,2,20141025,10,10,2,3,,1,,1,2,1,30,1,1,7,,,4,,,3,1253,
749,,,,2,2,2,2,2,2,2,2,2,2,2,20141019,10,2,2,1,1,3,1,3,2,0,34,1,1,,1,1,1,1,5,1,502,
750,,,,2,2,2,2,2,2,2,2,2,2,2,20141012,10,10,1,3,,2,,2,1,1,30,1,1,6,,3,3,1,2,2,7666,
751,,,,2,2,2,2,2,2,2,2,2,2,2,20141017,10,8,1,3,,2,,2,1,2,31,1,1,4,4,5,5,3,4,3,4816,
752,,,,2,2,2,2,2,2,2,2,2,2,2,20141011,10,10,2,3,,1,,1,1,0,10,1,1,5,1,2,1,1,2,3,1531,
753,,,,2,2,2,2,2,2,2,2,2,2,2,20141014,10,10,2,3,,1,,,1,1,30,1,1,2,1,4,3,2,3,3,3757,
754,,,,1,2,1,2,1,2,2,2,2,2,2,20141011,10,7,2,3,,3,1,3,2,3,34,1,1,6,3,2,1,1,2,3,1689,
755,,,,1,2,1,2,2,2,1,2,1,2,2,20141011,10,6,2,2,2,2,,4,1,2,34,1,1,4,,5,3,3,4,3,8209,
756,,,,1,2,2,2,1,2,2,2,2,2,2,20141011,10,7,1,2,2,2,,4,1,3,31,1,1,7,4,4,5,1,2,3,17654,
757,,,,1,1,2,2,1,2,2,2,2,2,2,20141015,10,10,2,3,,2,,2,1,0,31,1,1,2,2,,5,,,3,2465,
758,,,,2,2,2,2,2,2,2,2,2,2,2,20141018,10,9,2,3,,2,,2,1,2,30,1,1,5,,2,2,1,2,3,2505,
759,,,,2,2,2,2,2,2,2,2,2,2,2,20141026,10,1,1,1,1,2,,3,1,2,30,1,1,,2,1,,,,1,1496,
760,,,,2,2,2,2,2,2,2,2,2,2,2,20141030,10,8,2,2,1,2,2,3,1,2,30,1,1,4,,1,2,1,1,3,30288,
761,,,,1,2,2,2,2,2,2,2,2,2,2,20141011,10,9,2,3,,1,,1,2,0,30,1,1,1,2,3,3,1,2,3,1879,
762,,,,2,1,2,2,2,2,2,2,2,2,2,20141010,10,8,1,3,,2,,2,1,3,34,1,1,3,1,5,5,3,4,3,2409,
763,,,,1,2,2,2,2,2,2,2,2,2,2,20141025,10,4,1,2,1,2,2,3,2,2,31,1,1,,1,3,4,1,2,2,479,
764,,,,2,2,2,2,2,2,2,2,2,2,2,20141130,11,1,2,1,2,2,2,4,1,1,30,1,1,,2,,,,,1,3401,
765,,,,1,2,2,2,2,2,2,2,2,2,2,20141022,10,1,1,1,1,2,,3,1,2,34,1,1,,,1,1,1,5,1,685,
766,1,2,1,2,2,2,2,2,2,2,2,2,2,2,20150314,3,9,1,3,,2,2,2,1,2,30,1,1,6,4,4,4,2,3,3,5111,60+
767,,,,1,1,2,2,2,2,2,2,2,2,2,20141012,10,6,1,3,,3,3,3,1,3,30,1,1,6,3,3,4,1,2,3,9050,
768,,,,2,2,2,2,2,2,2,2,2,2,2,20141022,10,3,1,1,1,2,,3,1,1,34,1,1,,4,2,3,1,5,1,1317,
769,,,,1,1,2,2,2,2,2,2,2,2,2,20141010,10,9,1,3,,1,,1,1,1,34,1,1,6,2,4,5,2,3,3,963,
770,,,,2,1,2,2,1,2,2,2,2,2,2,20141010,10,9,1,3,,1,,1,1,0,34,1,1,2,2,2,4,1,2,3,1927,
771,,,,2,2,2,2,2,2,2,2,2,2,2,20141012,10,8,2,3,,2,,2,1,1,30,1,1,2,4,4,3,2,3,3,10622,
772,,,,1,2,2,2,2,2,2,2,2,2,2,20141010,10,9,2,3,,1,,1,1,0,34,1,1,2,1,2,2,1,2,3,1198,
773,,,,2,2,2,2,2,2,2,2,2,2,2,20141024,10,3,1,1,2,2,2,4,1,3,30,1,1,,4,3,3,2,5,1,1863,
774,,,,2,2,2,2,2,2,2,2,2,2,2,20141026,10,1,2,1,2,2,,4,1,1,34,1,1,,4,1,,,,1,1004,
775,1,1,1,1,2,2,2,2,2,2,2,2,2,2,20150114,1,9,1,3,,2,,2,1,2,34,1,1,4,3,4,4,2,3,3,1285,50+
776,1,2,1,2,2,2,2,2,2,2,2,2,2,2,20150110,1,8,2,3,,1,,1,1,0,34,1,1,4,2,5,3,3,4,3,2814,70+
777,,,,2,2,2,2,2,2,2,2,2,2,2,20140808,8,4,2,3,,3,4,4,1,3,30,1,1,,4,3,4,1,2,3,930,
778,,,,1,2,2,1,2,2,2,2,2,2,2,20141030,10,7,1,3,,2,,2,1,2,30,1,1,1,3,5,5,3,4,3,8045,
779,,,,1,2,2,2,,2,2,2,2,2,2,20150111,1,3,2,1,2,2,,4,1,2,34,1,1,,4,1,2,1,5,1,1516,
780,,,,2,2,2,2,2,2,2,2,2,2,2,20141027,10,2,1,1,2,2,,4,1,2,34,1,1,,4,1,1,1,5,1,913,
781,1,1,1,1,1,2,2,2,2,2,2,2,2,2,20150126,1,7,2,3,,2,2,2,1,2,30,1,1,2,4,2,3,1,2,3,7081,75+
782,,,,2,2,2,2,2,2,2,2,2,2,2,20141026,10,1,2,1,1,2,,3,1,1,30,1,1,,2,,1,,,1,2551,
783,1,1,1,1,1,1,1,1,2,2,2,2,2,2,20150120,1,10,2,3,,1,,1,1,1,34,1,1,6,1,3,3,1,2,3,599,Mon âge
784,1,1,1,2,2,2,2,2,2,2,2,2,2,2,20150111,1,9,1,3,,2,,2,1,1,34,1,1,2,3,4,3,2,3,3,1927,65+
785,,,,2,2,2,2,2,2,2,2,2,2,2,20141030,10,4,2,1,1,1,,2,2,2,30,1,1,,1,2,3,1,5,,1182,
786,,,,1,2,2,1,2,2,2,2,2,2,1,20140808,8,2,1,1,2,2,2,4,1,1,30,1,1,,4,1,1,2,5,1,2992,
787,,,,,2,2,2,2,2,2,2,2,2,2,20150117,1,2,2,1,3,2,2,5,1,2,34,1,1,,3,1,1,1,5,1,837,
788,,,,2,2,2,2,2,2,2,2,2,2,2,20150218,2,1,2,1,2,2,2,4,1,2,34,1,1,,4,1,,,,1,669,
789,,,,2,2,2,2,2,2,2,2,2,2,2,20141026,10,2,2,1,2,2,2,4,1,3,30,1,1,,4,1,1,1,5,1,1701,
790,,,,1,1,2,2,2,2,2,2,2,2,2,20141024,10,4,2,1,1,3,3,4,1,3,30,1,2,,3,1,1,1,5,,2364,
791,,,,2,2,2,2,2,2,2,2,2,2,2,20141028,10,2,1,1,2,2,,4,1,2,34,1,1,,3,1,1,1,5,1,913,
792,1,1,1,2,2,2,2,2,2,2,2,2,2,2,20150113,1,9,1,3,,2,,2,1,1,10,1,1,2,2,5,5,3,4,3,2484,65+
793,1,,1,1,1,2,1,1,2,2,2,2,2,2,20150123,1,7,2,3,,3,2,4,1,3,30,1,1,3,4,2,1,1,2,3,8498,65+
794,1,1,1,2,2,2,2,2,2,2,2,2,2,2,20150217,2,9,2,3,,2,,2,1,0,31,1,1,2,2,3,3,1,2,3,2465,65+
795,,,,1,2,2,2,2,2,2,2,2,2,2,20141030,10,1,2,1,4,2,2,6,1,0,34,1,1,,2,1,,,,1,3012,
796,1,1,1,2,2,2,2,2,2,2,2,2,2,2,20150112,1,8,2,3,,1,,1,1,0,31,1,1,6,1,1,3,1,2,3,4291,
797,2,,1,2,2,2,2,2,2,2,2,2,2,2,20150110,1,10,1,3,,1,,1,1,0,34,1,1,2,2,3,3,2,3,3,1927,60+
798,1,1,1,1,1,2,2,1,2,2,2,2,2,2,20150121,1,7,1,3,,2,,2,2,2,34,1,1,2,,5,5,2,3,3,2409,60+
799,,,,1,1,2,2,1,2,2,2,2,2,2,20141026,10,3,1,1,2,2,,4,1,3,31,1,1,,4,1,1,1,5,1,964,
800,1,1,2,1,2,2,2,2,2,2,2,2,2,2,20150127,1,4,1,3,,2,2,4,1,3,34,1,1,,4,4,5,1,2,3,906,70+
801,,,,2,2,2,2,2,2,2,2,2,2,2,20150129,1,4,2,1,2,3,4,6,2,3,30,1,1,,3,1,1,1,5,,1773,
802,1,1,1,1,2,2,2,2,2,2,2,2,2,2,20150113,1,4,1,3,,3,1,3,2,3,1,1,1,,,4,3,2,3,3,1640,80+
803,1,1,1,1,1,2,2,1,2,2,2,2,2,2,20150113,1,8,2,3,,3,4,6,1,3,1,1,1,4,4,5,2,3,4,3,2174,70+
804,,,,2,2,2,2,2,2,2,2,2,2,2,20150117,1,4,1,1,1,2,,3,1,3,34,1,1,,4,3,5,1,5,,659,
805,1,,1,2,2,2,2,2,2,2,2,2,2,2,20150323,3,4,1,2,1,3,2,4,,,30,1,1,,,2,1,2,3,3,3265,
806,1,1,1,1,2,2,2,1,2,2,2,2,2,2,20150111,1,10,1,3,,2,,2,1,2,34,1,1,6,,5,4,2,3,3,1285,70+
807,,,,1,2,2,2,2,2,1,2,2,2,2,20141025,10,1,2,1,3,2,,5,1,2,34,1,1,,3,1,,,,1,837,
808,,,,1,1,2,2,2,2,2,2,2,2,2,20150112,1,3,1,1,2,2,1,4,1,3,30,1,1,,3,5,5,3,5,1,2329,
809,,,,2,2,2,2,2,2,2,2,2,2,2,20150112,1,9,1,3,,2,,2,1,1,34,1,1,2,2,5,5,2,3,2,1927,
810,1,2,1,1,1,2,2,2,2,2,2,1,2,2,20150113,1,7,1,3,,1,,1,0,1,34,1,1,4,1,4,3,2,3,3,4817,70+
811,,,,1,2,2,2,1,2,2,2,2,2,2,20150131,1,1,2,1,2,3,,5,1,3,30,1,1,,4,1,1,1,5,1,2126,
812,1,,2,1,1,1,2,1,2,2,2,2,2,1,20150114,1,8,2,3,,2,,2,1,2,34,1,1,2,4,1,1,1,2,3,1876,
813,1,,1,2,2,2,2,2,2,2,2,2,2,2,20150117,1,6,2,2,1,2,,3,1,2,31,1,1,4,3,5,2,3,4,3,13107,
814,1,2,1,1,2,2,2,2,2,2,2,2,2,2,20150111,1,9,2,3,,2,,2,2,2,34,1,1,6,2,3,3,1,2,3,479,65+
815,,,,2,2,2,2,2,2,2,2,2,2,2,20150205,2,1,1,1,2,2,2,4,1,2,10,1,1,,4,1,,,,1,1085,
816,1,1,1,1,1,1,2,1,2,2,2,2,2,2,20150315,3,10,2,3,,2,1,2,1,0,34,1,1,2,2,2,2,1,2,3,2395,55+
817,1,1,1,2,2,2,2,2,2,2,2,2,2,2,20150112,1,10,2,3,,2,,2,1,2,30,1,1,4,4,3,2,2,3,3,2505,60+
818,1,1,1,1,1,2,2,2,2,2,2,2,2,2,20150123,1,4,1,2,1,3,3,4,1,3,34,1,1,,2,2,4,1,2,3,1983,"Pas d’âge, santé implicite"
819,,,,1,2,2,2,1,2,2,2,2,2,2,20150125,1,2,2,1,1,2,,3,1,2,34,1,1,,2,1,1,1,5,1,502,
820,,,,1,1,2,2,1,2,2,2,2,2,2,20150204,2,3,2,1,1,2,,3,1,2,30,1,1,,4,1,1,1,5,1,2364,
821,1,2,1,2,2,2,2,2,2,2,2,2,2,2,20150313,3,6,2,3,,1,,1,1,1,34,1,1,6,1,,1,,,3,1407,70+
822,1,2,1,2,2,2,2,2,2,2,2,2,2,2,20150122,1,7,1,3,,1,,1,1,0,30,1,1,2,2,4,5,1,2,3,12067,65+
823,1,1,2,1,2,1,2,1,2,2,2,2,2,2,20150214,2,9,2,3,,1,,1,2,1,34,1,1,5,2,4,2,3,4,3,171,60+
824,1,1,2,2,2,2,2,2,2,2,2,2,2,2,20150114,1,7,2,3,,1,,1,1,0,30,1,1,4,,2,2,1,2,3,10622,70+
825,,,,1,2,2,2,2,2,2,2,1,2,2,20140808,8,1,2,1,2,2,,4,1,2,34,1,2,,4,1,1,2,5,1,669,
826,,,,1,2,2,2,2,2,2,2,2,2,2,20141204,12,4,1,1,1,3,3,4,1,3,34,1,1,,4,4,4,2,3,3,703,
827,,,,1,1,2,2,1,2,2,2,2,2,1,20141018,10,7,2,3,,1,,1,0,2,30,1,1,2,2,4,2,3,4,3,5311,
828,,,,2,2,1,1,2,2,2,2,2,2,2,20141117,11,3,2,1,2,2,2,4,1,2,1,1,1,,,2,4,1,5,1,7248,
829,1,1,1,1,2,2,2,1,2,2,2,2,2,2,20141115,11,8,2,3,,2,,2,1,2,34,1,1,2,,2,2,1,2,3,1876,70+
830,,,,1,1,,1,,,,2,2,2,2,20141113,11,2,2,1,2,2,,4,1,2,34,1,1,,3,1,1,3,5,1,669,
831,3,2,1,1,2,2,2,2,2,2,2,2,2,2,20141115,11,8,1,3,,1,,1,1,,34,1,1,2,2,3,4,1,2,3,4817,
832,1,1,1,2,2,2,2,2,2,2,2,2,2,2,20141114,11,10,2,3,,1,,1,1,0,31,1,1,6,,1,2,1,1,3,1233,65+
833,1,1,1,2,2,2,2,2,2,2,2,2,2,2,20141114,11,7,1,3,,3,1,3,1,1,34,1,1,5,3,5,4,3,4,3,7226,65+
834,1,2,1,2,2,2,2,2,2,2,2,2,2,2,20141115,11,9,1,3,,2,,2,1,1,31,1,1,6,4,3,4,1,2,3,3809,60+
835,,,,1,2,2,1,1,2,2,2,2,2,1,20141112,11,8,2,3,,2,,2,1,1,34,1,1,5,3,2,3,1,2,3,2814,
836,,,,1,2,2,2,1,2,2,2,2,2,2,20141113,11,9,1,3,,2,,2,2,2,10,1,1,3,4,5,5,3,4,3,1242,
837,,,,2,2,2,2,2,2,2,2,2,2,2,20141113,11,9,1,3,,2,,2,1,1,34,1,1,5,3,4,5,1,2,3,1927,
838,,,,2,2,2,2,2,2,2,2,2,2,2,20141110,11,9,1,3,,2,,2,1,2,30,1,1,2,3,,,,,3,5111,
839,1,1,1,2,2,2,2,2,2,2,2,2,2,2,20141116,11,10,2,3,,2,,2,1,0,34,1,1,4,2,2,3,1,2,3,2395,80+
840,,,,1,2,2,2,1,2,2,2,1,2,2,20141112,11,9,2,3,,1,,1,1,1,34,1,1,7,1,2,3,1,2,3,599,
841,1,2,1,1,1,2,2,1,2,2,2,2,2,2,20141114,11,10,2,3,,1,,1,1,0,30,1,1,4,1,5,3,3,4,3,3757,"Pas d’âge, santé implicite"
842,,,,2,2,2,2,2,2,2,2,2,2,2,20141110,11,8,2,3,,2,,2,2,2,30,1,1,5,2,3,3,2,3,3,5311,
843,1,2,1,2,2,2,2,2,2,2,2,2,2,2,20141115,11,9,2,3,,1,,1,1,1,34,1,1,5,3,3,3,1,2,3,599,80+
844,1,2,1,2,2,2,2,2,2,2,2,2,2,2,20141115,11,6,2,3,,2,,2,1,1,34,1,1,5,4,2,3,1,2,3,2814,80+
845,1,1,1,1,2,2,2,2,2,2,2,2,2,2,20141114,11,8,2,3,,1,,1,1,1,10,1,1,4,2,2,1,2,3,3,2568,80+
846,,,,2,2,2,2,2,2,2,2,2,2,2,20141112,11,6,2,2,2,2,2,4,1,3,30,1,1,7,4,2,4,1,2,3,30288,
847,,,,2,2,2,2,2,2,2,2,2,2,2,20141203,12,1,2,1,2,2,,4,1,1,30,1,1,,2,1,1,1,5,1,3401,
848,,,,2,2,2,2,2,2,2,2,2,2,2,20150313,3,10,1,3,,2,,2,1,2,30,1,1,6,1,4,4,2,3,2,5111,
849,1,2,1,1,1,2,1,1,1,2,2,2,2,1,20141114,11,7,2,3,,1,,1,2,2,34,1,1,5,2,5,4,2,3,3,704,70+
850,,,,2,2,2,2,2,2,2,2,2,2,2,20150103,1,3,1,1,2,2,,4,1,3,34,1,1,,4,5,3,3,5,1,878,
851,,,,1,2,2,2,2,2,2,2,2,2,2,20141124,11,2,2,1,2,2,,4,1,2,34,1,1,,4,1,1,1,5,1,669,
852,,,,2,2,2,2,2,2,2,2,2,2,2,20141122,11,3,1,1,2,2,,4,1,2,34,1,1,,4,2,1,2,5,1,1171,
853,,,,1,1,1,1,2,2,2,2,2,2,2,20141113,11,9,1,3,,2,,2,1,3,30,1,1,7,,4,4,2,3,3,3067,
854,,,,2,2,2,2,2,2,2,1,2,2,2,20140808,8,3,1,1,2,3,1,5,1,3,30,1,1,,4,1,1,1,5,1,2329,
855,,,,2,2,2,2,2,2,2,2,2,2,2,20140808,8,4,1,1,2,2,,4,1,3,34,1,1,,4,3,5,1,5,,703,
856,,,,2,2,2,2,2,2,2,2,2,2,2,20141127,11,2,1,1,2,2,,4,1,2,30,1,1,,4,1,1,1,5,1,1995,
857,,,,2,2,2,2,2,2,2,2,2,2,2,20141202,12,4,1,1,1,3,1,4,1,3,34,1,1,,4,3,5,1,5,,878,
858,1,1,1,1,1,1,2,2,2,2,2,1,2,2,20141115,11,9,2,3,,1,,1,,,30,1,1,6,,3,2,2,3,3,3757,
859,,,,2,2,2,2,2,2,2,2,2,2,2,20141110,11,9,2,3,,2,,2,1,2,34,1,1,4,,2,3,1,2,3,798,
860,1,2,2,1,1,2,1,1,2,2,2,2,2,2,20141115,11,9,1,3,,1,,1,1,1,34,1,1,3,2,5,4,2,3,3,963,Pensionnés/Âge de la retraite
861,,,,2,2,2,2,2,2,2,2,2,2,2,20141112,11,10,2,3,,1,,1,1,1,34,1,1,2,,2,5,1,2,3,599,
862,,,,1,2,2,2,1,2,2,2,2,2,2,20141113,11,7,2,2,1,2,,3,1,1,34,1,1,4,3,,2,,,3,9235,
863,1,1,1,2,2,2,2,2,2,2,2,2,2,2,20141121,11,9,2,3,,2,,2,1,0,30,1,1,5,1,2,3,1,2,3,7515,
864,1,2,1,2,2,2,2,2,2,2,2,2,2,2,20141118,11,5,1,2,1,3,,5,1,3,1,1,1,3,2,4,5,2,3,3,18951,65+
865,,,,1,2,2,1,1,2,2,2,2,2,1,20141121,11,2,2,1,4,3,,6,2,2,30,1,1,,3,1,,,,1,3401,
866,1,1,1,1,1,2,2,1,2,2,2,2,2,2,20141120,11,8,1,3,,2,,2,1,2,34,1,1,2,,5,5,2,3,3,3212,Mon âge
867,,,,1,2,2,2,2,2,1,2,2,2,2,20141123,11,1,2,1,4,2,2,6,1,2,34,1,1,,4,1,,,,1,1004,
868,,,,2,2,2,2,2,2,2,2,2,2,2,20141121,11,2,1,1,4,3,,6,1,3,30,1,1,,2,,1,,,1,2618,
869,3,,1,2,2,2,2,2,2,2,2,2,2,2,20141121,11,10,2,3,,2,,2,2,2,10,1,1,7,3,3,3,1,2,3,766,
870,1,1,1,2,2,2,2,2,2,2,2,2,2,2,20141118,11,8,1,3,,3,1,3,1,3,34,1,1,3,4,4,5,2,3,3,3613,"Pas d’âge, santé implicite"
871,1,1,1,1,1,2,2,1,2,2,2,2,2,2,20141120,11,9,2,3,,1,,1,1,1,31,1,1,6,,3,2,2,3,3,616,Les mauvaises pratiques de salubrité alimentaire
872,1,2,1,1,2,2,1,1,2,2,2,2,2,2,20141118,11,8,2,3,,2,,2,1,1,34,1,1,2,2,3,3,2,3,3,2814,75+
873,,,,2,2,2,2,2,2,2,2,2,2,2,20141120,11,1,2,1,1,3,1,4,1,3,34,1,1,,,1,,,,1,502,
874,,,,1,2,2,2,2,2,2,,,,,20141120,11,2,,1,2,2,,,1,2,30,1,1,,,1,,,,1,5547,
875,1,1,1,1,1,2,2,2,2,2,2,2,2,2,20141118,11,9,2,3,,1,,1,1,1,30,1,1,5,4,4,1,3,4,3,1879,80+
876,1,1,1,2,2,2,2,2,2,2,2,2,2,2,20141118,11,9,2,3,,1,,1,1,1,34,1,1,4,2,1,1,1,2,3,599,70+
877,,,,1,2,2,2,1,2,2,2,2,2,2,20141122,11,3,2,1,2,2,,4,1,3,31,1,1,,4,1,1,1,5,1,1985,
878,1,1,1,2,2,2,2,2,2,2,2,2,2,2,20141119,11,9,2,3,,1,,1,1,1,34,1,1,5,1,4,3,2,3,3,599,60+
879,1,1,1,1,1,2,2,1,2,2,2,2,2,2,20141120,11,5,2,3,,3,3,3,2,3,34,1,1,5,2,4,4,2,3,3,1689,65+
880,1,2,1,2,2,2,2,2,2,2,2,2,2,2,20141120,11,8,2,3,,1,,1,1,1,34,1,1,4,3,2,3,1,2,3,1407,
881,1,2,1,2,2,2,2,2,2,2,2,2,2,2,20141121,11,9,1,3,,2,,2,1,1,34,1,1,1,2,3,5,1,2,3,1927,70+
882,1,2,1,1,1,1,1,2,2,2,2,2,2,2,20141119,11,5,2,2,2,2,,4,1,2,34,1,1,5,,,1,,,3,8209,70+
883,,,,1,2,2,2,1,2,2,2,2,2,2,20141123,11,3,1,1,2,2,,4,2,3,30,1,1,,4,2,1,2,5,1,1863,
884,1,1,1,1,2,2,1,1,2,2,2,2,2,2,20141119,11,9,2,3,,1,,1,1,1,30,1,1,7,4,3,4,1,2,3,1879,"Pas d’âge, santé implicite"
885,,,,1,2,2,2,2,2,2,2,2,2,2,20141119,11,3,1,1,2,2,,4,1,3,30,1,1,,4,1,1,1,5,1,2329,
886,1,2,1,1,1,2,1,1,2,2,2,2,2,2,20141119,11,7,1,3,,1,,2,1,1,34,1,1,4,3,5,4,2,3,3,4817,70+
887,,,,1,1,2,2,2,2,2,2,2,2,2,20141113,11,8,2,3,,1,,1,1,1,34,1,1,4,1,3,3,2,3,3,1407,
888,,,,2,2,2,2,2,2,2,2,2,2,2,20141127,11,3,1,1,1,2,,3,1,3,30,1,1,,3,2,3,1,5,1,1746,
889,1,1,1,2,2,2,2,2,2,2,2,2,2,2,20141114,11,7,2,3,,2,,2,1,2,34,1,1,4,4,3,1,2,3,3,1876,65+
890,,,,2,2,2,2,2,2,2,2,2,2,2,20141113,11,9,2,3,,2,,2,1,1,10,1,1,6,4,,1,,,3,1531,
891,,,,1,1,2,2,1,2,2,2,2,2,2,20141110,11,10,2,3,,1,,1,1,,34,1,1,6,3,,,,,3,1198,
892,1,2,,1,2,2,1,1,2,2,2,2,2,2,20141116,11,8,1,2,2,2,,4,1,3,30,1,1,7,4,4,4,2,3,3,27527,80+
893,,,,1,2,2,1,2,2,2,2,2,2,1,20141113,11,5,1,2,3,2,,5,1,2,34,1,1,6,4,5,5,3,4,3,17564,
894,1,1,1,1,2,2,2,1,2,2,2,2,2,2,20141121,11,9,1,3,,2,,2,1,2,34,1,1,3,4,5,5,2,3,3,1285,"Pas d’âge, santé implicite"
895,1,1,2,1,2,2,2,2,2,2,2,2,2,2,20141114,11,9,1,3,,2,,2,1,0,34,1,1,1,1,4,1,3,4,3,3854,50+
896,1,1,1,1,1,2,2,1,2,1,2,1,2,2,20141115,11,8,1,3,,2,,2,1,2,30,1,1,2,2,5,4,3,4,3,8045,80+
897,,,,1,1,2,2,1,2,2,2,2,2,2,20141113,11,10,2,3,,1,,1,1,0,34,1,1,1,,2,1,2,3,3,1198,
898,1,2,1,1,2,2,2,1,2,1,2,1,2,2,20150114,1,6,2,2,1,2,1,3,1,3,10,1,1,4,2,2,3,1,2,3,12333,70+
899,3,,,2,2,2,2,2,2,2,2,2,2,2,20150125,1,4,1,2,1,3,1,6,1,3,1,1,1,,4,,1,,,3,4384,
900,1,2,1,2,2,2,2,2,2,2,2,2,2,2,20150112,1,7,1,2,2,2,,4,1,2,30,1,1,6,4,5,5,1,2,3,45879,60+
901,,,,1,2,2,2,1,2,2,2,2,2,2,20150203,2,1,2,1,1,2,,3,1,2,34,1,1,,3,1,1,4,5,1,502,
902,,,,1,2,2,2,2,2,2,2,2,2,2,20150325,3,2,2,1,2,1,,4,1,2,30,1,1,,4,1,1,1,5,1,2267,
903,,,,2,2,2,2,2,2,2,2,2,2,2,20150322,3,4,2,1,2,3,3,5,1,3,30,1,1,,,2,3,1,5,,2364,
904,1,1,1,1,2,2,2,,2,2,2,2,2,2,20150115,1,9,2,3,,1,,1,1,1,34,1,1,4,1,2,1,2,3,3,599,
905,,,,2,2,2,2,2,2,2,2,2,2,2,20150112,1,10,2,3,,2,,2,1,,30,1,1,2,4,2,3,1,2,2,7515,
906,1,2,1,2,2,2,2,2,2,2,2,2,2,2,20150115,1,10,1,3,,1,,1,1,1,34,1,1,4,2,4,5,2,3,3,963,"Pas d’âge, santé implicite"
907,,,,1,1,2,2,2,2,2,2,2,2,2,20150125,1,3,1,1,4,3,,6,1,3,34,1,1,,4,1,3,1,5,1,1537,
908,,,,2,2,2,2,2,2,2,2,2,2,2,20150125,1,3,1,1,1,3,1,6,1,2,1,1,1,,4,1,1,1,5,1,1079,
909,,,,2,2,2,2,2,2,2,2,2,2,2,20150114,1,10,1,3,,3,,3,1,1,34,1,1,1,3,5,3,3,4,2,2890,
910,1,2,1,1,1,2,2,2,2,2,2,2,2,2,20150111,1,8,2,3,,1,,1,1,1,31,1,1,4,2,2,1,1,2,3,2146,70+
911,1,2,1,1,1,2,2,2,2,2,2,2,2,2,20150113,1,7,2,3,,3,1,3,1,2,34,1,1,1,3,2,1,1,2,3,2814,80+
912,1,,1,1,2,2,2,1,2,2,2,2,2,2,20150112,1,8,2,3,,3,,3,1,2,30,1,1,5,,2,2,2,3,3,10622,75+
913,1,2,1,2,2,2,2,2,2,2,2,2,2,2,20150113,1,9,2,3,,1,,1,1,0,34,1,1,4,1,4,1,3,4,3,1198,80+
914,1,2,1,2,2,2,2,2,2,2,2,2,2,2,20150130,1,4,2,2,1,2,2,4,1,3,30,1,1,,3,3,4,1,2,3,2210,65+
915,,,,1,2,2,2,2,2,2,2,2,2,2,20141121,11,2,2,1,2,2,,4,1,2,34,1,1,,4,1,1,1,5,1,669,
916,1,2,2,1,1,1,1,1,2,2,2,2,2,2,20141122,11,10,1,3,,2,,2,2,2,10,1,1,6,4,4,4,2,3,3,1242,65+
917,1,2,1,1,2,2,2,2,2,2,2,2,2,2,20141204,12,4,2,3,,3,3,3,1,3,30,1,1,,3,2,3,1,2,3,872,75+
918,,,,2,2,2,2,2,2,2,2,2,2,2,20141120,11,2,1,1,2,2,,4,1,2,30,1,1,,4,1,1,1,5,1,1995,
919,1,2,1,2,2,2,2,2,2,2,2,2,2,2,20141120,11,9,2,3,,1,,1,1,1,31,1,1,7,4,4,3,2,3,3,616,70+
920,,,,2,2,2,2,2,2,2,2,2,2,2,20150131,1,1,1,1,1,2,,3,1,2,30,1,1,,4,1,1,1,5,1,1496,
921,,,,1,2,1,1,2,1,1,2,1,2,2,20140808,8,4,1,2,1,3,2,5,2,3,34,1,1,,4,5,5,3,4,3,1377,
922,1,2,1,2,2,2,2,2,2,2,2,2,2,2,20150113,1,10,1,3,,1,,1,1,1,30,1,1,7,2,4,4,2,3,3,3833,"Pas d’âge, santé implicite"
923,,,,2,2,1,2,1,2,2,2,2,2,2,20150204,2,4,1,1,1,2,,3,1,3,31,1,1,,4,2,4,1,5,,723,
924,1,2,1,2,2,2,2,2,2,2,2,2,2,2,20150116,1,8,2,3,,2,,2,0,1,34,1,1,6,4,3,4,1,2,3,5629,70+
925,1,1,1,2,2,2,2,2,2,2,2,2,2,2,20150122,1,9,2,3,,1,,1,1,1,31,1,1,6,1,2,3,1,2,3,616,80+
926,1,2,1,2,2,2,2,2,2,2,2,2,2,2,20150121,1,9,2,3,,2,,2,1,2,1,1,1,5,2,1,1,1,2,3,3313,70+
927,1,,1,2,2,2,2,2,2,2,2,2,2,2,20150317,3,8,2,3,,2,,2,1,2,30,1,1,7,4,2,3,1,2,3,7081,70+
928,1,,1,1,2,2,2,2,2,2,2,2,2,2,20150114,1,8,1,3,,1,1,1,1,1,34,1,1,2,,2,5,1,1,3,2409,50+
929,2,1,1,2,2,2,2,2,2,2,2,2,2,2,20150120,1,10,2,3,,1,1,1,1,1,31,1,1,2,2,4,1,3,4,3,616,
930,,,,2,2,2,2,2,2,2,2,2,2,2,20141018,10,10,2,3,,2,,2,2,1,34,1,1,1,,,3,,,3,798,
931,,,,2,2,2,2,2,2,2,2,2,2,2,20141019,10,3,1,1,2,2,2,4,1,3,30,1,1,,4,3,3,2,5,1,1863,
932,1,2,1,2,2,2,2,2,2,2,2,2,2,2,20150127,1,4,2,3,,2,1,3,1,3,34,1,1,,4,2,3,1,2,3,1100,65+
933,1,1,1,2,2,1,2,1,2,2,2,2,2,2,20141211,12,9,2,3,,1,,1,1,1,30,1,1,6,,5,2,3,4,3,1879,65+
934,1,2,2,1,2,2,2,2,2,2,2,2,2,2,20141211,12,10,2,3,,1,,,2,,34,1,1,2,1,3,3,1,2,3,1198,75+
935,1,2,1,1,2,2,1,1,2,2,2,2,2,2,20141210,12,8,1,3,,2,,2,1,1,34,1,1,5,4,5,5,3,4,3,4817,65+
936,,,,1,2,2,2,2,2,2,2,2,2,2,20141211,12,10,1,3,,2,,2,1,1,34,1,1,1,,,4,,,2,1927,
937,1,2,1,1,1,2,2,2,2,2,2,2,2,2,20141212,12,9,2,3,,1,,1,1,1,34,1,1,2,2,3,3,2,3,3,599,70+
938,,,,2,2,2,2,2,2,2,2,2,2,2,20141213,12,3,1,1,2,3,3,5,1,3,30,1,1,,,1,3,1,5,1,2911,
939,1,2,1,2,2,2,2,2,2,2,2,2,2,2,20141211,12,8,1,3,,2,,2,1,2,34,1,1,6,4,5,3,3,4,3,3212,60+
940,1,2,1,2,2,2,2,2,2,2,2,2,2,2,20141210,12,10,1,3,,2,,2,1,1,34,1,1,1,3,3,4,1,2,3,1927,70+
941,1,2,1,1,2,1,2,2,2,1,2,1,2,2,20141210,12,8,1,3,,2,,2,2,2,34,1,1,5,1,2,3,1,2,3,2409,
942,,,,1,2,2,2,1,2,2,2,2,2,2,20141011,10,3,1,1,2,1,,3,1,1,30,1,1,,1,1,1,1,5,1,3493,
943,1,1,1,1,1,2,2,2,2,2,2,2,2,1,20141210,12,9,2,3,,1,,1,2,1,30,1,1,5,2,5,2,3,4,3,1253,70+
944,,,,2,2,1,2,2,2,2,2,2,2,2,20141211,12,3,2,1,3,3,,5,1,3,30,1,1,,4,1,1,1,5,1,2955,
945,,,,1,1,1,1,1,2,,2,2,2,2,20141019,10,9,1,3,,2,,2,2,1,34,1,1,2,2,5,5,3,4,3,963,
946,,,,2,2,2,2,2,2,2,2,2,2,2,20141012,10,9,1,3,,1,,1,1,0,34,1,1,7,2,4,5,1,2,3,1927,
947,,,,2,2,2,2,2,2,2,2,2,2,2,20150107,1,4,1,1,1,2,,3,1,2,30,1,1,,,3,5,1,5,,2329,
948,1,2,1,1,2,1,1,1,2,2,2,2,2,2,20141220,12,7,2,2,2,2,,4,1,3,30,1,1,3,4,5,3,3,4,3,30288,75+
949,,,,1,2,2,2,1,2,2,2,2,2,2,20141210,12,2,2,1,2,2,,4,1,2,30,1,1,,4,1,,,,1,2267,
950,,,,1,2,1,2,2,2,1,2,1,2,2,20141212,12,3,1,1,5,3,1,6,1,3,34,1,1,,4,2,4,1,5,1,1932,
951,1,1,1,1,2,2,2,2,2,2,2,1,2,2,20141210,12,8,2,3,,2,,2,1,2,34,1,1,2,3,3,1,2,3,3,1876,"Pas d’âge, santé implicite"
952,1,1,1,1,2,2,1,1,2,2,2,2,2,2,20141210,12,9,1,3,,2,,2,1,2,34,1,1,2,,5,5,2,3,3,1285,Mon âge
953,,,,1,2,2,1,2,2,2,2,2,2,2,20141028,10,2,1,1,1,2,,3,1,1,34,1,1,,2,1,1,3,5,1,1027,
954,1,1,1,2,2,2,2,2,2,2,2,2,2,2,20141212,12,7,1,3,,1,,1,1,0,10,1,1,4,1,1,2,1,2,3,4968,75+
955,1,2,1,1,2,2,2,2,2,2,2,2,2,2,20141210,12,8,1,3,,2,,2,1,2,30,1,1,6,4,3,4,1,2,3,8045,80+
956,1,1,1,1,1,2,2,2,2,2,2,2,2,2,20141210,12,5,2,3,,3,4,4,1,3,34,1,1,6,,2,4,1,2,3,2814,
957,1,2,1,2,2,2,2,2,2,2,2,2,2,2,20141210,12,9,2,3,,1,1,2,1,2,30,1,1,3,3,2,1,1,2,3,2505,75+
958,1,1,1,1,1,2,2,1,2,2,2,2,2,2,20141210,12,9,2,3,,2,2,2,1,2,34,1,1,1,1,3,1,3,4,3,798,70+
959,1,1,1,2,2,2,2,2,2,2,2,2,2,2,20141210,12,8,2,3,,2,,2,1,2,31,1,1,2,1,2,3,1,2,3,2861,70+
960,,,,2,2,2,2,1,2,2,2,2,2,2,20141015,10,2,1,1,1,1,,2,1,0,10,1,1,,1,1,1,3,5,1,1627,
961,1,2,2,2,2,2,2,2,2,2,2,2,2,2,20141210,12,8,2,3,,1,,1,1,1,30,1,1,3,2,2,2,1,2,3,5311,
962,1,2,1,2,2,2,2,2,2,2,2,1,2,2,20141211,12,10,1,3,,1,,1,1,0,34,1,1,3,2,,4,,,3,1927,70+
963,1,1,1,2,2,2,2,2,2,2,2,2,2,2,20141212,12,10,1,3,,2,,2,2,1,34,1,1,2,2,5,4,3,4,3,963,
964,,,,2,2,1,1,1,2,2,2,2,2,2,20150106,1,4,2,1,2,2,,4,2,3,30,1,1,,4,1,1,1,5,,1351,
965,,,,1,2,2,2,1,2,2,2,2,2,2,20141027,10,4,1,1,2,2,2,4,1,3,34,1,1,,4,2,5,1,5,,703,
966,1,1,1,1,2,2,2,2,2,1,2,1,2,2,20141210,12,8,2,3,,1,,1,1,2,34,1,1,1,1,3,2,2,3,3,938,65+
967,1,2,1,2,2,2,2,1,2,2,2,2,2,2,20141211,12,9,2,3,,2,,2,2,1,34,1,1,2,1,4,4,2,3,3,798,
968,1,1,1,1,2,2,2,2,2,2,2,1,2,2,20141210,12,9,2,3,,1,,1,1,1,34,1,1,2,1,5,2,3,4,3,599,65+
969,,,,1,1,1,2,2,2,1,2,1,2,1,20141127,11,1,1,1,3,2,,5,1,2,34,1,1,,4,1,1,4,5,1,1141,
970,,,,2,2,2,2,2,2,2,2,2,2,2,20141210,12,10,2,3,,2,,2,1,1,30,1,1,4,3,5,3,3,4,2,3757,
971,,,,2,2,2,2,2,2,2,2,2,2,2,20141014,10,10,2,3,,1,,1,1,0,34,1,1,2,1,3,3,1,2,3,1198,
972,,,,1,,2,2,2,2,2,2,2,2,2,20141211,12,4,1,1,2,3,1,4,1,3,31,1,1,,4,2,4,1,5,,771,
973,,,,2,2,2,2,2,2,2,2,2,2,2,20141213,12,1,1,1,1,2,,3,1,2,31,1,1,,2,1,1,1,5,1,1782,
974,,,,2,2,2,2,2,2,1,2,1,2,2,20141213,12,2,2,1,3,2,,5,1,2,30,1,1,,3,1,1,1,5,1,2834,
975,1,2,1,2,2,2,2,2,2,2,2,2,2,1,20141210,12,10,1,3,,2,,2,1,2,1,1,1,1,2,5,4,3,4,3,10865,
976,1,2,1,2,1,2,2,2,2,2,2,2,2,2,20141211,12,4,1,2,1,3,1,4,1,3,31,1,1,,1,4,5,1,2,3,1023,70+
977,,,,1,1,2,1,1,2,2,2,2,2,2,20141011,10,9,2,3,,2,,2,1,0,34,1,1,2,1,5,3,3,4,3,2395,
978,1,1,1,1,2,1,1,1,2,2,2,2,2,1,20141212,12,8,2,3,,2,,2,1,1,31,1,1,7,4,2,4,1,2,3,4291,Intervention peu claire
979,1,1,1,1,2,2,2,1,2,2,2,1,2,2,20141210,12,9,2,3,,1,1,1,0,1,34,1,1,2,2,2,4,1,1,3,1198,80+
980,,,,2,2,2,2,2,2,2,2,2,2,2,20141011,10,10,1,3,,1,,1,1,1,34,1,1,1,,3,3,1,2,3,963,
981,,,,1,2,2,2,1,2,2,2,2,2,2,20150106,1,4,1,1,1,3,,,1,3,34,1,1,,4,5,5,3,5,,878,
982,1,1,1,2,2,2,2,2,2,2,2,2,2,2,20141212,12,7,1,3,,2,,2,1,2,30,1,1,7,,5,5,2,3,3,8045,
983,1,2,1,1,2,2,2,1,2,2,2,2,2,2,20141210,12,8,2,3,,1,,1,1,1,34,1,1,7,3,3,1,3,4,3,1407,75+
984,1,2,2,1,2,2,2,1,2,2,2,2,2,2,20141212,12,10,2,3,,1,,1,1,1,34,1,1,4,2,4,3,2,3,3,599,"Pas d’âge, santé implicite"
985,,,,2,2,2,2,2,2,2,2,2,2,2,20150106,1,4,2,1,1,2,,3,1,3,30,1,1,,4,2,4,1,5,,1773,
986,1,1,1,1,2,2,2,2,2,2,2,2,2,2,20141210,12,10,2,3,,1,,1,1,1,34,1,1,2,1,2,1,2,3,3,599,70+
987,,,,1,1,2,2,1,2,2,2,2,2,2,20141019,10,9,1,3,,2,,2,1,0,30,1,1,1,1,4,3,2,3,3,15333,
988,,,,2,2,2,2,2,2,2,2,2,2,2,20141026,10,2,1,1,1,2,,3,1,2,30,1,1,,2,1,1,1,5,1,1496,
989,1,1,1,1,2,2,2,1,2,2,2,1,2,2,20141210,12,9,1,3,,2,,2,2,0,34,1,1,2,1,5,4,3,4,3,963,65+
990,,,,1,2,2,2,2,2,2,2,2,2,2,20141019,10,1,2,1,5,3,2,6,1,3,34,1,1,,4,1,1,2,5,1,803,
991,,,,1,2,2,2,2,2,1,2,1,2,2,20141210,12,3,1,1,4,1,,6,2,3,34,1,1,,4,2,2,2,5,1,527,
992,,,,1,2,2,2,2,2,2,2,1,2,2,20141211,12,1,2,1,2,2,,4,1,0,34,1,1,,2,1,1,4,5,1,2008,
993,,,,2,2,2,2,2,2,2,2,2,2,2,20141016,10,10,1,3,,1,,1,1,0,30,1,1,,,4,5,1,2,3,7666,
994,1,2,1,1,1,2,2,2,2,2,2,2,2,2,20141211,12,10,1,3,,1,1,1,2,1,31,1,1,3,4,2,3,1,2,3,1270,80+
995,,,,2,2,2,2,2,2,2,2,2,2,2,20150105,1,2,2,1,2,2,,4,1,2,30,1,1,,3,1,1,3,5,1,2267,
996,,,,2,2,2,2,2,2,2,2,2,2,2,20150204,2,3,1,1,2,3,,6,1,3,31,1,1,,4,2,1,2,5,1,1156,
997,1,2,1,2,2,2,2,2,2,2,2,2,2,2,20141211,12,10,2,3,,3,2,4,1,3,30,1,1,4,3,2,1,1,2,3,3757,80+
998,1,1,1,2,2,2,2,2,2,2,2,2,2,2,20141211,12,9,2,3,,2,,2,1,1,34,1,1,4,2,2,1,1,2,3,1198,80+
999,,,,2,2,2,2,2,2,2,2,1,2,2,20141215,12,4,1,1,4,3,2,6,1,3,34,1,1,,4,5,4,2,5,,1004,
1000,1,1,1,2,2,2,2,2,2,2,2,2,2,2,20141210,12,8,2,3,,2,,2,2,2,34,1,1,4,2,2,3,1,2,3,1126,"Pas d’âge, santé implicite"
1001,1,2,1,2,2,2,2,2,2,2,2,2,2,2,20150106,1,4,1,3,,2,1,2,1,2,34,1,1,,2,2,5,1,1,3,755,65+
1002,1,1,2,2,2,2,2,2,2,2,2,2,2,2,20141211,12,10,2,3,,1,,1,1,0,34,1,1,1,2,3,1,3,4,3,1198,
1003,1,1,1,1,2,2,2,2,2,2,2,2,2,2,20141213,12,7,1,3,,3,1,3,1,3,30,1,1,6,4,4,4,2,3,3,9050,
1004,1,2,1,1,2,2,2,2,2,2,2,2,2,2,20141211,12,9,2,3,,2,,2,1,2,10,1,1,6,,3,1,2,3,3,1021,"Pas d’âge, santé implicite"
1005,,,,2,2,2,2,2,2,2,2,2,2,2,20150104,1,4,1,2,1,2,,3,1,3,30,1,1,,4,2,4,1,5,,2449,
1006,1,1,1,2,2,2,2,2,2,2,2,2,2,2,20141211,12,9,1,3,,3,1,3,2,2,31,1,1,7,4,5,4,3,4,3,2857,"Pas d’âge, santé implicite"
1007,1,1,1,1,2,2,2,2,2,2,2,2,2,1,20141211,12,9,2,3,,1,,1,1,1,31,1,1,5,2,1,1,1,2,3,616,70+
1008,,,,2,2,2,2,2,2,2,2,2,2,2,20141222,12,2,1,1,2,2,,4,1,2,30,1,1,,4,1,1,2,5,1,1995,
1009,1,2,1,1,1,2,2,1,2,2,2,2,2,2,20141212,12,6,1,2,1,2,,3,1,2,1,1,1,7,4,3,4,1,2,3,18951,75+
1010,1,1,1,1,1,1,1,1,2,2,2,2,2,2,20150314,3,10,2,3,,1,,1,2,1,31,1,1,2,2,5,3,3,4,3,176,65+
1011,1,1,1,2,2,2,2,2,2,2,2,2,2,2,20141210,12,8,1,3,,2,,2,0,2,31,1,1,3,4,5,5,2,3,3,7225,70+
1012,,,,1,2,2,2,2,2,2,2,1,2,2,20141213,12,1,1,1,1,2,,3,1,2,34,1,1,,4,1,,,,1,685,
1013,,,,1,2,1,1,1,2,2,2,2,2,2,20141012,10,8,2,3,,1,,1,1,1,34,1,1,4,2,4,2,3,4,3,1407,
1014,1,2,1,1,2,1,2,1,2,2,2,2,2,2,20141230,12,4,1,2,1,3,1,6,1,3,30,1,1,,4,2,3,1,2,3,3265,65+
1015,,,,2,2,2,2,2,2,2,2,2,2,2,20150106,1,2,2,2,1,2,,3,1,1,34,1,1,,2,1,,,,1,2125,
1016,1,1,1,2,2,2,2,2,2,2,2,2,2,2,20141211,12,9,1,3,,2,,2,2,0,34,1,1,1,,5,5,2,3,3,1285,50+
1017,1,1,1,1,1,2,2,1,2,2,2,2,2,2,20141212,12,6,2,3,,2,,2,1,1,30,1,1,5,,4,2,3,4,3,10622,75+
1018,,,,2,2,2,2,2,2,2,2,2,2,2,20141025,10,1,2,1,1,3,,4,1,3,30,1,1,,,,,,,1,1701,
1019,,,,1,1,2,2,2,2,2,2,2,2,2,20141210,12,3,1,1,3,2,,5,2,1,34,1,1,,4,2,4,1,5,1,1464,
1020,,,,2,2,2,2,2,2,2,2,2,2,2,20141213,12,2,2,1,2,2,,4,1,2,30,1,1,,4,,,,,1,2267,
1021,,,,1,2,2,2,2,2,2,2,2,2,2,20141211,12,1,2,1,3,2,,4,1,2,34,1,1,,3,,1,,,1,669,
1022,1,1,1,1,2,2,2,2,2,2,2,2,2,2,20141210,12,8,2,3,,1,,1,1,1,10,1,1,4,2,4,2,3,4,3,2568,50+
1023,1,1,1,1,2,2,2,2,2,1,2,2,2,2,20141213,12,6,1,2,2,3,1,5,1,3,34,1,1,3,4,5,4,3,4,3,13173,70+
1024,,,,1,2,2,2,2,2,2,2,2,2,2,20150106,1,4,2,1,1,2,,3,1,3,34,1,1,,3,2,4,1,5,,853,
1025,1,1,1,2,2,2,2,2,2,2,2,1,2,2,20141211,12,10,1,3,,2,,2,1,3,34,1,1,7,4,3,3,2,3,3,771,"Pas d’âge, santé implicite"
1026,,,,2,2,2,2,2,2,2,2,2,2,2,20150104,1,4,2,1,2,2,1,4,1,3,34,1,1,,4,1,2,1,5,,909,
1027,,,,2,2,2,2,1,2,2,2,2,2,2,20150203,2,1,1,1,3,2,,5,1,2,34,1,1,,4,1,,,,1,1141,
1028,,,,1,2,2,2,1,2,2,2,2,2,2,20150117,1,4,2,1,1,2,,3,1,1,34,1,1,,2,2,3,1,5,,1705,
1029,1,1,1,1,1,2,1,1,2,2,2,2,2,2,20150120,1,9,2,3,,3,,3,1,2,30,1,1,4,4,2,2,1,2,3,3757,75+
1030,,,,2,2,2,2,2,2,2,2,2,2,2,20150204,2,1,2,1,3,2,,5,1,3,34,1,1,,4,1,1,1,5,1,627,
1031,,,,1,2,2,2,2,2,2,2,2,2,2,20141021,10,3,2,1,1,3,1,4,1,3,10,1,1,,4,2,2,1,5,1,1502,
1032,1,1,1,1,1,2,2,1,2,1,2,2,2,1,20150114,1,7,2,3,,1,,1,1,1,34,1,1,4,2,3,5,1,2,3,1407,75+
1033,1,2,1,2,2,2,2,2,2,2,2,2,2,2,20150315,3,9,2,3,,2,,2,2,1,30,1,1,4,2,2,2,1,2,3,2505,
1034,1,2,1,2,2,2,2,2,2,2,2,2,2,2,20150314,3,8,1,3,,2,2,2,1,2,30,1,1,6,4,5,5,2,3,3,8045,70+
1035,,,,1,2,2,2,2,2,2,2,2,2,2,20141011,10,9,1,3,,2,,2,1,2,30,1,1,4,4,4,4,2,3,3,5111,
1036,,,,1,2,2,2,1,2,2,2,2,2,2,20141025,10,3,1,1,2,2,2,4,1,3,1,1,1,,4,1,2,1,5,1,431,
1037,,,,2,2,2,2,2,2,2,2,2,2,2,20150131,1,3,1,1,1,2,,3,1,1,34,1,1,,2,1,1,1,5,1,1317,
1038,1,2,1,2,2,2,2,2,2,2,2,2,2,2,20150117,1,8,1,3,,2,,2,1,2,30,1,1,2,4,4,5,1,2,3,8045,"Pas d’âge, santé implicite"
1039,,,,2,2,2,2,1,2,2,2,2,2,2,20150115,1,10,1,3,,2,,2,1,1,31,1,1,3,2,4,5,1,2,2,3809,
1040,1,2,1,2,2,2,2,2,2,2,2,2,2,2,20150112,1,9,1,3,,2,,2,1,2,31,1,1,6,4,3,4,1,2,3,2539,65+
1041,,,,2,2,2,2,2,2,2,2,2,2,2,20150122,1,1,1,1,2,2,,4,1,2,34,1,1,,4,1,1,4,5,1,913,
1042,,,,2,2,2,2,2,2,2,2,2,2,2,20141012,10,7,2,3,,1,,1,1,1,34,1,1,4,1,2,3,1,2,3,1407,
1043,,,,1,2,2,2,1,2,2,2,2,2,2,20141011,10,9,2,3,,2,,2,2,2,34,1,1,2,2,2,1,1,2,3,342,
1044,,,,2,2,2,2,1,2,2,2,2,2,2,20150131,1,4,2,1,1,2,,4,2,2,34,1,1,,3,3,3,1,5,,1137,
1045,,,,1,2,2,2,1,2,2,2,1,2,2,20150222,2,3,2,1,1,1,,3,1,3,34,1,1,,4,2,2,1,5,1,853,
1046,1,1,1,2,2,2,2,2,2,2,2,2,2,2,20150115,1,10,2,3,,2,,2,1,2,34,1,1,3,1,4,2,3,4,3,798,"Pas d’âge, santé implicite"
1047,,,,1,2,2,2,2,2,2,2,1,2,2,20141125,11,1,1,1,1,3,,5,1,3,30,1,1,,4,1,,,,1,1247,
1048,,,,1,1,2,2,1,2,2,2,2,2,2,20141011,10,9,2,3,,1,,1,1,0,34,1,1,2,1,3,1,3,4,3,1198,
1049,1,1,1,1,1,2,2,1,2,2,2,2,2,2,20150113,1,9,2,3,,2,,2,1,1,34,1,1,6,3,4,1,3,4,3,1198,70+
1050,1,2,1,2,2,2,2,2,2,2,2,2,2,2,20150113,1,10,2,3,,1,,1,1,1,34,1,1,4,1,3,1,2,3,3,599,Plus vieux que moi
1051,1,2,1,1,1,2,2,1,2,2,2,2,2,1,20150122,1,9,2,3,,1,,1,1,1,34,1,1,3,2,3,1,2,3,3,599,85+
1052,,,,1,2,2,2,2,2,2,2,1,2,2,20141012,10,7,2,3,,2,,2,1,1,34,1,1,6,,5,4,3,4,3,2814,
1053,,,,2,2,2,2,2,2,2,2,2,2,2,20150115,1,1,1,1,4,2,,6,1,2,34,1,1,,4,1,1,4,5,1,1369,
1054,1,1,1,2,2,2,2,2,2,2,2,2,2,2,20150119,1,7,2,3,,3,,3,1,2,30,1,1,7,4,2,3,1,2,3,10622,80+
1055,,,,2,2,2,2,2,2,2,2,2,2,2,20141027,10,3,1,1,2,2,,4,1,2,30,1,1,,,1,1,1,5,1,3105,
1056,1,,1,1,2,2,2,2,2,2,2,2,2,2,20150228,2,4,2,2,1,2,1,3,1,3,30,1,1,,4,2,3,1,2,3,2487,"Pas d’âge, santé implicite"
1057,,,,1,2,2,2,2,2,2,2,2,2,2,20150227,2,3,2,1,1,3,,4,1,3,34,1,1,,3,1,1,1,5,1,1137,
1058,,,,2,2,2,2,2,2,2,2,2,2,2,20141010,10,9,2,3,,2,,2,1,2,31,1,1,2,,5,1,3,4,3,822,
1059,,,,1,2,2,2,1,2,1,2,1,2,2,20150302,3,2,1,1,2,2,2,4,1,2,34,1,1,,4,1,1,1,5,1,913,
1060,,,,2,2,2,2,2,2,2,2,2,2,2,20150301,3,1,1,1,2,3,,5,1,3,30,1,1,,4,1,1,1,5,1,1496,
1061,,,,1,2,2,2,1,2,2,2,2,2,1,20150228,2,3,1,1,2,2,,4,1,3,34,1,1,,4,1,1,1,5,1,878,
1062,,,,1,2,2,2,2,2,2,2,2,2,2,20141020,10,2,2,1,2,2,2,4,1,2,34,1,1,,,,,,,1,669,
1063,,,,2,2,2,2,2,2,2,2,2,2,2,20141023,10,1,1,1,2,3,4,6,1,3,34,1,1,,4,1,1,4,5,1,587,
1064,,,,1,2,2,2,2,2,2,2,2,2,2,20150227,2,1,2,1,2,2,,4,1,3,30,1,1,,3,1,1,4,5,1,1701,
1065,,,,2,2,2,1,1,2,2,2,1,2,2,20150302,3,2,2,1,2,2,,4,1,1,34,1,1,,2,1,1,1,5,1,1004,
1066,,,,2,2,2,2,2,2,2,2,2,2,2,20141018,10,10,1,3,,2,,2,1,1,10,1,1,3,2,4,4,2,3,3,2484,
1067,,,,1,1,2,2,2,2,1,2,1,2,2,20141027,10,8,2,3,,2,,2,1,2,34,1,1,4,3,3,3,1,2,3,1876,
1068,,,,2,2,2,2,2,2,2,2,2,2,1,20150301,3,2,2,1,2,2,,4,1,1,30,1,1,,4,1,1,1,5,1,3401,
1069,,,,1,1,2,2,1,2,2,2,2,2,1,20141011,10,7,1,2,3,2,2,5,1,3,34,1,1,4,4,5,5,3,4,3,8782,
1070,,,,2,2,2,2,2,2,2,1,2,2,2,20150302,3,1,2,1,2,2,,4,1,2,34,1,1,,2,1,1,4,5,1,669,
1071,,,,2,2,2,2,2,2,2,2,2,2,2,20150301,3,3,1,1,1,2,,3,1,1,34,1,1,,2,1,1,3,5,1,1317,
1072,,,,2,2,2,2,1,2,2,2,2,2,2,20141020,10,4,2,1,1,2,1,3,2,3,30,1,1,,4,2,3,1,5,,887,
1073,,,,1,2,2,2,2,2,2,2,2,2,2,20141011,10,4,1,3,,3,1,3,1,3,34,1,1,,4,2,4,1,2,2,3613,
1074,1,,1,2,2,2,2,2,2,2,2,2,2,2,20150314,3,10,2,3,,1,,1,1,1,34,1,1,2,1,2,1,1,2,3,599,
1075,,,,2,2,2,2,2,2,2,2,2,2,2,20150228,2,3,1,1,1,3,,4,1,3,30,1,1,,4,2,4,1,5,1,2329,
1076,,,,2,2,2,2,2,2,2,2,2,2,2,20150228,2,3,2,1,2,1,1,3,1,2,30,1,1,,1,1,1,1,5,1,2364,
1077,,,,2,1,2,2,2,2,2,2,2,2,2,20141016,10,9,2,3,,2,,2,2,2,31,1,1,4,2,4,3,2,3,3,616,
1078,,,,1,2,2,2,1,2,2,2,2,2,1,20141011,10,9,2,3,,1,,1,1,0,34,1,1,2,1,4,2,3,4,3,1198,
1079,,,,2,2,2,2,2,2,2,2,2,2,2,20141011,10,9,2,3,,1,,1,1,0,34,1,1,2,1,,4,,,3,1198,
1080,,,,2,2,2,2,2,2,2,2,2,2,2,20150302,3,1,2,1,3,3,,6,1,3,30,1,1,,4,1,1,4,5,1,2551,
1081,,,,2,2,2,2,2,2,2,2,2,2,2,20150228,2,1,2,1,2,2,,4,1,2,31,1,1,,4,1,1,4,5,1,1595,
1082,,,,1,1,2,2,1,2,2,2,2,2,2,20141016,10,8,2,3,,2,,2,2,1,34,1,1,2,3,2,1,1,2,3,1876,
1083,1,1,1,2,2,2,2,2,2,2,2,2,2,2,20150315,3,8,1,3,,1,,1,1,1,34,1,1,4,1,4,3,2,3,3,2409,70+
1084,,,,2,2,2,2,2,2,2,2,2,2,2,20150301,3,2,2,1,2,2,,4,1,2,30,1,1,,2,1,1,3,5,1,2267,
1085,1,1,1,2,2,2,2,2,2,2,2,2,2,2,20150316,3,9,1,3,,2,,2,1,0,34,1,1,4,2,3,2,2,3,3,3854,
1086,,,,1,2,2,2,2,2,2,2,2,2,2,20141012,10,10,2,3,,1,,1,2,0,34,1,1,5,1,2,1,1,2,3,599,
1087,,,,,,2,2,2,2,2,2,2,2,2,20150302,3,2,2,1,2,1,,3,1,1,30,1,1,,2,1,1,3,5,1,2551,
1088,,,,2,2,2,2,2,2,2,2,2,1,2,20141010,10,10,2,3,,1,,1,1,1,34,1,1,2,2,3,2,2,3,3,599,
1089,,,,2,2,2,2,2,2,2,2,2,2,2,20141024,10,4,1,2,3,3,,4,1,3,30,1,2,,4,4,3,3,5,,3265,
1090,,,,1,2,2,2,2,2,2,2,2,2,2,20141024,10,3,1,1,2,3,2,5,1,2,34,1,1,,,2,4,1,5,1,1464,
1091,,,,1,2,2,2,1,2,2,1,2,1,1,20141010,10,4,1,1,2,2,,4,1,3,34,1,1,,3,2,5,1,5,,878,
1092,,,,2,2,2,2,2,2,2,2,1,2,2,20141010,10,6,1,2,2,2,2,4,1,2,30,1,1,6,3,3,2,2,3,3,45879,
1093,,,,1,1,2,2,2,2,2,2,2,2,2,20141011,10,6,2,3,,2,,2,1,2,30,1,1,6,2,4,4,2,3,3,7081,
1094,,,,2,2,2,2,2,2,2,2,2,2,2,20141022,10,2,1,1,3,2,,5,1,1,34,1,1,,2,1,1,3,5,1,1712,
1095,,,,2,2,2,2,2,2,2,2,2,2,2,20141012,10,2,1,1,2,2,2,4,1,2,30,1,1,,2,1,1,1,5,1,1995,
1096,,,,1,2,2,2,2,2,2,2,2,2,2,20141012,10,8,1,3,,2,,2,1,2,34,1,1,5,4,5,4,3,4,3,3212,
1097,,,,2,2,2,2,2,2,2,2,2,2,2,20141028,10,7,1,2,2,3,1,5,1,1,34,1,1,1,3,4,5,2,3,3,26346,
1098,,,,2,2,2,2,2,2,2,2,2,2,2,20141011,10,9,1,3,,2,,2,1,1,31,1,1,7,3,3,4,1,2,3,3809,
1099,,,,2,2,2,2,2,2,2,2,1,2,2,20141022,10,3,2,1,1,2,,3,1,2,30,1,1,,1,1,1,1,5,1,2364,
1100,,,,2,1,2,2,2,2,2,2,1,2,2,20140812,8,2,2,1,2,3,,5,1,3,30,1,1,,4,1,1,1,5,1,2126,
1101,,,,1,1,2,2,2,2,2,2,2,2,2,20140813,8,8,2,3,,3,1,3,1,3,34,1,1,6,4,2,2,1,2,3,2111,
1102,,,,1,2,2,2,2,2,2,2,2,2,2,20140813,8,10,2,3,,2,1,2,1,0,34,1,1,2,1,3,1,2,3,3,2395,
1103,,,,1,1,2,1,1,2,2,2,1,2,2,20140816,8,8,1,3,,1,,1,1,0,10,1,1,1,1,3,3,1,2,3,4968,
1104,,,,2,1,2,2,1,2,2,2,2,2,2,20140823,8,4,1,2,1,3,1,4,1,3,34,1,1,,,,5,,,3,2478,
1105,,,,2,2,2,2,2,2,2,2,2,2,2,20140904,9,2,1,1,1,2,,3,1,2,34,1,1,,4,1,1,1,5,1,685,
1106,,,,1,2,2,2,1,2,2,2,2,2,2,20140816,8,7,2,3,,3,1,3,1,3,34,1,1,2,4,4,3,2,3,3,2111,
1107,,,,2,2,2,2,2,2,2,2,2,2,2,20140816,8,10,2,3,,1,,1,2,0,34,1,1,6,2,2,3,1,2,3,399,
1108,,,,2,2,2,2,2,2,2,2,2,2,2,20150301,3,2,2,1,1,2,,3,1,2,30,1,1,,4,1,,,,1,1701,
1109,,,,1,2,2,2,2,2,2,2,2,2,2,20140815,8,8,2,2,2,2,,2,1,2,34,1,1,2,4,2,3,1,2,3,4105,
1110,,,,1,1,2,2,1,2,2,2,2,2,2,20140820,8,9,2,3,,2,,2,1,2,10,1,1,2,,3,2,2,3,3,1021,
1111,,,,2,2,2,2,2,2,2,2,2,2,2,20140830,8,1,1,1,2,2,,4,1,2,30,1,1,,2,1,1,1,5,1,1995,
1112,,,,1,2,2,2,1,2,2,2,2,2,2,20150228,2,3,1,1,2,2,,4,1,2,34,1,1,,3,1,1,1,5,1,1171,
1113,,,,2,1,2,2,2,2,2,2,2,2,2,20140816,8,9,1,3,,2,,2,1,2,34,1,1,5,2,5,3,3,4,3,1285,
1114,,,,1,2,2,2,2,2,2,2,2,2,2,20140817,8,5,2,2,2,2,,4,1,0,34,1,1,2,1,1,3,1,1,3,24627,
1115,,,,1,2,2,2,2,2,2,2,1,2,2,20140816,8,9,2,3,,2,,2,1,1,10,1,1,2,3,3,2,2,3,3,1531,
1116,,,,1,1,2,2,1,2,2,2,2,2,2,20140810,8,8,2,3,,1,,1,1,1,34,1,1,4,1,5,3,3,4,3,1407,
1117,,,,2,2,2,2,2,2,2,2,2,2,2,20140812,8,7,1,3,,1,,1,1,1,31,1,1,7,1,5,5,2,3,3,3612,
1118,,,,1,2,2,2,1,2,2,2,2,2,2,20150322,3,4,2,2,2,2,,4,1,1,34,1,1,,4,1,1,1,5,,6416,
1119,,,,2,2,2,2,2,2,2,2,2,2,2,20140811,8,9,2,3,,1,,1,1,0,34,1,1,2,,5,1,3,4,3,1198,
1120,,,,1,1,2,2,1,2,1,2,2,2,2,20140812,8,7,2,3,,1,,1,1,1,34,1,1,6,3,2,3,1,2,3,1407,
1121,,,,1,2,2,1,2,2,1,2,1,2,2,20140901,9,2,1,1,3,2,2,5,1,2,34,1,1,,4,1,1,2,5,1,1141,
1122,,,,1,1,2,2,1,2,2,2,2,2,2,20140819,8,9,2,3,,2,,2,1,1,34,1,1,2,2,5,2,3,4,3,1198,
1123,1,2,1,1,2,2,2,1,2,2,2,2,2,2,20141204,12,3,2,2,1,2,2,3,1,3,34,1,1,,3,2,3,1,5,1,2406,65+
1124,3,2,1,2,2,2,2,2,2,2,2,2,2,2,20141117,11,7,2,3,,1,,1,,1,30,1,1,4,2,1,2,1,2,3,10622,
1125,1,2,1,1,1,2,2,2,2,2,2,2,2,2,20150316,3,10,2,3,,1,,1,1,0,34,1,1,2,2,2,2,1,2,3,1198,70+
1126,,,,2,2,2,2,2,2,2,2,2,2,2,20140820,8,2,1,1,2,2,,4,1,2,30,1,1,,4,1,1,1,5,1,1995,
1127,,,,2,2,2,2,2,2,2,2,2,2,2,20140826,8,2,1,1,3,3,4,6,1,3,1,1,1,,3,1,,,,1,4843,
1128,2,2,2,2,2,2,2,2,2,2,2,2,2,2,20141205,12,4,1,3,,3,,4,1,1,10,1,1,,,2,4,1,2,3,3374,50+
1129,1,2,1,2,1,2,1,2,2,2,2,2,2,2,20141204,12,4,2,3,,3,1,3,1,3,34,1,1,,,2,3,1,2,3,1100,
1130,,,,1,2,2,1,2,2,2,2,2,2,2,20141204,12,1,2,1,4,2,,6,1,1,34,1,1,,3,1,1,4,5,1,1506,
1131,,,,1,1,2,,1,2,2,2,,2,2,20140822,8,3,2,1,2,2,,4,1,3,34,1,1,,,,1,,,1,909,
1132,,,,2,2,2,2,2,2,2,2,2,2,2,20141112,11,8,2,3,,2,,2,0,2,34,1,1,7,4,5,3,3,4,2,2814,
1133,,,,2,1,1,1,1,2,2,2,2,2,2,20140819,8,7,1,3,,3,3,3,1,3,31,1,1,4,4,4,4,1,2,3,5419,
1134,,,,1,1,2,2,2,2,2,2,2,2,2,20141204,12,3,2,1,3,2,,5,1,3,30,1,1,,4,1,1,1,5,1,2955,
1135,,,,2,2,2,2,2,2,2,2,2,2,2,20140816,8,8,1,3,,2,2,2,2,2,34,1,1,4,4,5,5,2,3,3,2409,
1136,,,,2,2,2,2,2,2,2,2,2,2,2,20140904,9,4,2,1,1,3,1,4,2,2,34,1,1,,,2,3,1,5,,1137,
1137,,,,2,2,2,2,2,2,2,2,2,2,2,20140824,8,3,2,1,2,2,,4,1,3,30,1,1,,,1,1,1,5,1,2364,
1138,,,,2,2,2,2,2,2,2,2,2,2,2,20140812,8,8,2,3,,2,,2,2,2,34,1,1,2,2,2,1,1,2,3,1407,
1139,,,,1,2,2,2,1,2,2,2,2,2,2,20140820,8,9,1,3,,1,,1,2,0,34,1,1,2,,5,2,3,4,3,963,
1140,,,,2,2,2,2,2,2,2,2,1,1,2,20140817,8,10,1,3,,1,,1,1,1,30,1,1,1,1,3,4,1,2,3,3833,
1141,,,,2,1,2,2,2,2,2,2,2,2,2,20140810,8,7,2,3,,2,,2,1,2,10,1,1,7,4,2,2,1,2,3,3424,
1142,,,,2,2,2,2,2,2,2,2,2,2,2,20140813,8,10,1,3,,1,,1,1,0,34,1,1,2,1,2,4,1,2,3,1927,
1143,,,,2,2,2,2,2,2,2,2,2,2,2,20141205,12,3,2,1,2,2,,4,1,2,34,1,1,,4,1,1,1,5,1,1516,
1144,,,,1,2,2,2,2,2,2,2,2,2,2,20141205,12,4,1,1,2,2,,4,1,3,34,1,1,,,2,4,1,5,,703,
1145,,,,2,2,2,2,2,2,2,2,2,2,2,20140817,8,9,2,3,,2,,2,2,1,30,1,1,2,2,1,1,1,1,3,1879,
1146,,,,2,2,2,2,2,2,2,2,2,2,2,20141205,12,2,2,1,1,3,,4,1,2,30,1,1,,4,1,1,1,5,1,2267,
1147,1,2,1,1,1,2,1,1,2,1,2,1,2,1,20150123,1,7,2,3,,2,,2,1,3,30,1,1,2,4,3,3,1,2,3,5311,75+
1148,,,,2,2,2,2,2,2,2,2,2,2,2,20150106,1,2,1,1,1,3,4,6,1,3,30,1,1,,4,1,1,1,5,1,1309,
1149,,,,1,1,2,2,1,2,2,2,2,2,2,20141205,12,2,2,1,1,3,1,4,1,3,34,1,1,,4,1,1,1,5,1,502,
1150,3,2,2,2,2,2,2,2,2,2,2,2,2,2,20141205,12,2,2,2,1,2,1,3,1,2,34,1,1,,4,1,1,1,5,1,1417,
1151,,,,1,2,2,2,1,2,2,2,2,2,2,20141205,12,3,2,1,3,3,3,6,1,3,31,1,1,,2,1,2,1,5,1,2978,
1152,,,,2,2,2,2,2,2,2,2,2,2,2,20141205,12,4,1,1,2,2,,4,1,2,30,1,1,,1,1,4,1,5,,3105,
1153,,,,2,2,2,2,2,2,2,2,2,2,2,20140821,8,3,1,1,2,2,,4,1,3,30,1,1,,,2,3,2,5,1,2329,
1154,1,1,1,2,2,2,2,2,2,1,2,1,2,2,20141215,12,4,1,3,,3,2,4,2,3,10,1,1,,3,4,4,2,3,3,964,65+
1155,1,1,1,2,1,1,1,1,2,2,2,2,2,2,20150316,3,9,2,3,,3,3,3,1,2,34,1,1,4,1,2,3,1,2,3,1198,"Pas d’âge, santé implicite"
1156,,,,2,2,2,2,2,2,2,2,2,2,2,20140816,8,9,1,3,,1,,1,1,1,30,1,1,3,2,3,4,1,2,3,3833,
1157,,,,2,2,2,2,1,2,2,2,2,2,2,20150104,1,2,2,1,1,2,,3,1,2,34,1,1,,4,1,1,1,5,1,502,
1158,,,,2,2,2,2,2,2,2,2,2,2,2,20140816,8,9,2,3,,1,,1,1,0,34,1,1,3,1,,2,,,3,1198,
1159,,,,1,2,1,2,1,2,2,2,2,2,2,20140814,8,10,2,3,,1,,1,2,1,30,1,1,3,1,,1,,,3,1253,
1160,,,,2,2,2,2,2,2,2,2,2,2,2,20150327,3,2,1,1,3,3,,6,1,3,1,1,1,,2,1,1,3,5,1,3229,
1161,,,,1,2,2,2,2,2,2,2,1,2,2,20150324,3,4,1,1,1,3,2,5,2,3,1,1,1,,,,5,,,,539,
1162,,,,1,2,2,1,1,2,2,2,2,2,1,20140821,8,2,1,1,3,2,,5,1,3,30,1,1,,4,1,1,2,5,1,1870,
1163,,,,2,2,2,2,2,2,2,2,2,2,2,20140816,8,4,2,1,3,2,,6,1,2,30,1,1,,2,1,3,1,5,,4729,
1164,,,,2,2,2,2,2,2,2,2,2,2,2,20140812,8,10,1,3,,1,,1,1,0,34,1,1,7,3,3,4,1,2,3,1927,
1165,,,,2,2,2,2,2,2,2,1,2,2,2,20150322,3,4,2,1,1,3,2,5,1,3,34,1,1,,,2,3,1,5,,812,
1166,3,2,,2,2,2,2,2,2,2,2,2,2,2,20150313,3,10,1,3,,1,,1,1,0,34,1,1,2,3,2,,,,3,1927,70+
1167,,,,2,2,2,2,2,2,2,2,2,2,2,20140820,8,1,1,1,1,2,,3,1,2,34,1,1,,3,1,1,1,5,1,685,
1168,,,,2,2,2,2,2,2,2,2,2,2,2,20141124,11,4,1,1,1,2,,3,0,3,30,1,1,,1,1,2,1,5,,2329,
1169,,,,2,2,2,2,2,2,2,2,2,2,2,20150329,3,2,2,1,2,2,2,4,1,2,34,1,1,,3,1,1,1,5,1,669,
1170,1,,1,2,2,2,2,2,2,2,2,2,2,2,20150313,3,6,1,3,,3,3,3,2,2,30,1,1,2,1,5,5,3,4,3,9050,70+
1171,,,,1,2,2,2,1,2,2,2,2,2,2,20140815,8,10,1,3,,2,,2,1,2,30,1,1,4,2,3,4,1,2,3,5111,
1172,,,,1,2,2,1,1,2,2,2,2,2,2,20140820,8,2,1,1,1,2,1,3,1,1,34,1,1,,3,1,1,1,5,1,1027,
1173,,,,2,2,2,2,2,2,2,2,2,2,2,20140821,8,4,1,1,3,2,,5,1,3,34,1,1,,,3,5,1,5,,878,
1174,1,2,1,1,1,2,2,2,2,2,2,1,1,2,20150311,3,5,2,3,,2,,2,1,1,34,1,1,6,2,2,2,1,2,3,2814,
1175,,,,1,2,2,2,1,2,2,2,2,2,2,20140814,8,4,2,2,1,3,2,5,1,3,30,1,1,,1,5,1,3,4,3,4144,
1176,1,2,1,2,2,2,2,2,2,2,2,2,2,2,20141117,11,6,1,3,,3,4,4,1,2,30,1,1,6,,3,4,1,2,3,16090,70+
1177,1,1,1,2,2,2,2,2,2,2,2,2,2,2,20150316,3,9,1,3,,2,,2,1,2,34,1,1,1,3,4,3,2,3,3,1285,
1178,,,,2,2,2,2,2,2,2,2,2,2,2,20150326,3,1,2,1,1,2,,3,1,2,34,1,1,,2,1,1,4,5,1,502,
1179,,,,2,2,2,2,2,2,2,2,2,2,2,20140816,8,10,2,3,,1,,1,1,0,31,1,1,4,2,1,2,1,2,3,1233,
1180,,,,1,2,2,1,2,2,2,2,1,2,2,20140812,8,6,1,2,2,2,,4,1,3,34,1,1,6,4,5,4,2,3,3,10538,
1181,,,,2,2,2,2,2,2,2,2,2,2,2,20140820,8,10,1,3,,2,,2,1,1,30,1,1,4,2,4,4,2,3,3,7666,
1182,,,,2,2,2,2,2,2,2,2,2,2,2,20140903,9,1,2,1,2,2,,4,1,2,31,1,1,,3,1,1,1,5,1,1595,
1183,,,,1,2,2,2,1,2,2,2,2,2,2,20140815,8,7,2,2,2,3,1,5,1,3,34,1,1,7,4,4,3,2,3,3,5131,
1184,,,,2,2,2,2,2,2,2,2,2,2,2,20140903,9,3,2,1,2,2,2,4,2,2,34,1,1,,4,1,1,1,5,1,1137,
1185,,,,1,2,2,2,2,1,2,2,2,2,1,20150107,1,4,1,1,1,2,,3,1,3,34,1,1,,3,4,5,1,5,,659,
1186,1,1,1,1,2,2,2,2,2,2,2,2,2,2,20150312,3,8,2,3,,2,,2,1,2,34,1,1,5,3,1,1,1,1,3,1876,"Pas d’âge, santé implicite"
1187,,,,2,2,2,2,2,2,2,2,2,2,2,20140815,8,5,1,3,,3,1,3,1,2,31,1,1,3,3,3,4,1,2,2,7225,
1188,,,,1,2,2,2,2,2,2,2,2,2,2,20140819,8,10,2,3,,2,,2,1,1,30,1,1,3,2,1,2,1,1,3,3757,
1189,,,,1,1,2,2,1,2,1,2,1,1,2,20140904,9,3,1,1,1,2,,3,1,2,34,1,1,,4,1,1,1,5,1,878,
1190,,,,1,2,2,2,2,2,2,2,2,2,2,20140819,8,2,2,1,3,2,,5,1,2,34,1,1,,3,1,1,2,5,1,837,
1191,,,,2,2,2,2,2,2,2,2,2,2,2,20140828,8,2,2,1,3,3,,6,2,3,34,1,1,,1,1,1,1,5,1,439,
1192,1,2,2,1,2,2,2,2,2,2,2,2,2,2,20150127,1,7,2,2,1,2,,3,1,2,34,1,1,2,4,5,4,2,3,3,6157,65+
1193,,,,1,2,2,1,2,2,2,2,2,2,2,20140827,8,4,2,3,,3,4,4,2,3,34,1,1,,4,3,4,1,2,3,733,
1194,,,,1,1,2,1,1,2,2,2,2,2,2,20140817,8,7,2,3,,3,1,3,1,3,34,1,1,2,1,4,2,3,4,3,2111,
1195,1,,1,1,2,1,2,1,2,1,2,1,2,2,20150313,3,8,2,3,,2,,2,1,2,30,1,1,5,3,2,2,1,2,3,7081,75+
1196,,,,1,2,2,2,2,2,2,2,1,2,2,20150322,3,4,1,1,2,2,,5,1,0,1,1,1,,3,4,5,2,5,,2697,
1197,,,,1,2,2,2,2,2,2,2,1,2,2,20140812,8,2,1,1,2,2,,4,1,0,34,1,1,,4,1,1,1,5,1,2738,
1198,1,1,1,2,2,2,2,2,2,2,2,2,2,2,20150311,3,10,2,3,,1,,1,1,0,34,1,1,1,1,5,3,3,4,3,1198,
1199,1,2,1,2,1,2,2,2,2,2,2,2,2,2,20150310,3,8,1,3,,2,,2,1,2,30,1,1,6,,3,4,1,2,3,8045,60+
1200,3,,2,1,1,2,2,2,2,2,2,2,2,2,20150313,3,10,2,3,,2,,2,1,,34,1,1,1,,3,2,2,3,3,2395,
1201,,,,1,2,2,2,1,2,1,2,1,2,2,20140810,8,7,2,3,,2,,2,1,1,34,1,1,3,2,2,2,2,3,3,2814,
1202,,,,2,2,2,2,2,2,2,2,2,2,2,20141205,12,3,2,1,3,1,,4,1,1,30,1,1,,,1,,,,1,4729,
1203,,,,1,1,2,1,1,2,2,2,2,2,2,20140821,8,9,1,3,,1,,1,2,1,34,1,1,2,1,5,5,2,3,3,482,
1204,,,,1,2,2,2,1,2,2,2,2,2,2,20140813,8,8,1,3,,2,,2,1,2,34,1,1,6,2,5,5,3,4,3,3212,
1205,,,,2,2,2,2,2,2,2,2,2,2,2,20140819,8,8,2,3,,1,1,1,1,0,1,1,1,2,2,,2,,,3,2536,
1206,1,2,1,1,2,2,2,2,2,2,2,2,2,2,20141205,12,2,2,2,1,2,2,3,2,1,30,1,1,,1,1,,,,1,2385,70+
1207,,,,2,2,2,2,2,2,2,2,2,2,2,20141216,12,2,2,1,3,3,3,6,1,2,30,1,1,,4,1,1,1,5,1,3401,
1208,,,,1,1,2,1,1,2,2,2,2,2,2,20141205,12,4,1,1,1,3,1,4,1,3,34,1,1,,4,4,5,1,2,3,351,
1209,,,,2,2,2,2,2,2,2,2,2,2,2,20150329,3,4,1,1,1,2,1,3,1,3,34,1,1,,4,2,5,1,5,,329,
1210,,,,1,2,2,2,1,2,2,2,2,2,2,20140819,8,7,1,3,,1,1,1,1,1,30,1,1,4,2,4,4,2,3,3,6034,
1211,1,1,,1,2,2,2,2,2,2,2,2,2,2,20141201,12,4,2,2,2,3,1,6,1,3,30,1,1,,3,2,2,1,2,3,3316,
1212,,,,1,1,2,2,2,2,2,2,2,2,2,20140825,8,4,1,1,2,2,,4,1,2,34,1,1,,1,2,4,1,5,,1171,
1213,,,,2,2,2,2,2,2,2,2,2,2,2,20141227,12,2,1,1,2,2,,4,1,2,30,1,1,,4,1,1,1,5,1,1995,
1214,,,,2,2,2,2,2,2,2,2,2,2,2,20141206,12,2,1,1,2,2,,4,1,3,30,1,1,,4,1,1,1,5,1,1496,
1215,,,,2,2,2,2,2,2,2,2,2,2,2,20140813,8,9,2,3,,1,,1,1,1,31,1,1,6,2,,1,,,3,616,
1216,1,2,1,2,2,2,2,2,2,2,2,2,2,2,20141114,11,5,2,3,,2,2,2,0,2,30,1,1,6,2,2,3,1,2,3,10622,65+
1217,,,,2,2,2,2,2,2,2,2,2,2,2,20140830,8,2,2,1,2,2,,4,1,2,30,1,1,,4,1,1,1,5,1,2267,
1218,,,,1,1,2,2,1,2,1,2,1,2,2,20141215,12,2,1,1,1,2,1,3,0,2,10,1,1,,4,1,1,1,5,1,1220,
1219,,,,1,1,2,2,1,2,2,2,2,2,2,20150128,1,4,2,1,1,2,,3,0,3,30,1,1,,4,2,3,1,5,,2364,
1220,,,,2,2,2,2,2,2,2,2,2,2,2,20140903,9,1,1,1,2,2,,4,1,0,30,1,1,,4,1,,,,1,5985,
1221,,,,1,2,2,2,2,2,2,2,2,2,2,20150106,1,1,1,1,2,2,,4,1,2,31,1,1,,4,1,,,,1,2376,
1222,,,,1,2,2,2,2,2,2,2,2,2,2,20150323,3,3,1,1,2,2,,4,1,1,34,1,1,,2,1,1,1,5,1,1756,
1223,,,,2,2,2,2,2,2,2,2,2,2,2,20140811,8,9,2,3,,1,,1,1,1,34,1,1,1,1,3,4,1,2,3,599,
1224,,,,2,2,2,2,2,2,2,2,2,2,2,20150105,1,1,1,1,2,2,,4,1,2,30,1,1,,4,,,,,1,1995,
1225,,,,2,2,2,2,2,2,2,2,2,2,2,20150104,1,4,1,3,,2,1,3,1,3,34,1,1,,1,2,3,1,2,2,850,
1226,,,,1,1,2,2,2,2,2,2,2,2,1,20141206,12,2,2,1,2,2,,4,2,2,30,1,1,,4,1,1,1,5,1,1701,
1227,,,,1,2,2,2,1,2,2,2,2,2,2,20150103,1,1,1,1,2,2,,4,1,2,30,1,1,,4,1,1,1,5,1,1995,
1228,,,,1,2,2,2,1,2,2,1,2,2,2,20140813,8,5,2,2,1,3,,5,1,3,34,1,1,4,3,2,1,1,2,3,6157,
1229,,,,1,2,2,2,1,2,2,2,2,2,2,20140817,8,10,1,3,,1,,1,1,0,30,1,1,5,2,5,3,3,4,3,7666,
1230,,,,1,2,2,2,2,2,2,2,2,2,2,20141216,12,1,2,1,3,2,,5,1,2,10,1,1,,4,,,,,1,2738,
1231,,,,2,2,2,2,2,2,2,2,2,2,2,20140812,8,9,1,3,,3,,3,2,3,30,1,1,5,4,2,4,1,2,3,4600,
1232,,,,1,2,2,2,2,2,2,2,2,2,2,20140830,8,2,1,1,3,2,,5,1,2,30,1,1,,1,1,1,2,5,1,2494,
1233,,,,2,2,2,1,2,2,2,2,2,2,2,20150102,1,2,2,1,2,1,,3,1,2,31,1,1,,,1,1,1,5,1,1196,
1234,,,,1,2,2,2,2,2,2,2,2,2,2,20150105,1,4,2,1,1,2,,3,1,3,34,1,1,,4,2,1,1,5,,853,
1235,1,1,1,2,2,2,2,2,2,2,2,2,2,2,20150322,3,6,2,2,1,2,2,3,2,1,30,1,1,5,3,2,1,2,3,3,30288,60+
1236,,,,1,2,2,2,1,2,2,2,1,2,2,20140904,9,2,2,1,2,2,,4,1,2,34,1,1,,4,1,1,1,5,1,669,
1237,,,,1,1,2,2,2,2,2,2,2,2,2,20140830,8,4,2,3,,3,1,3,1,3,31,1,1,,,2,2,1,2,3,647,
1238,1,2,1,1,2,2,2,2,2,1,2,1,2,2,20150119,1,9,2,3,,2,,2,1,2,30,1,1,6,2,2,2,1,2,3,2505,75+
1239,,,,1,1,2,2,2,2,2,2,1,2,2,20140820,8,9,2,3,,1,,1,1,1,10,1,1,2,1,3,4,1,2,3,766,
1240,,,,2,2,2,2,2,2,2,2,2,2,2,20140813,8,9,2,3,,1,,1,2,1,34,1,1,6,2,5,2,3,4,3,399,
1241,,,,1,2,2,2,2,2,2,2,2,2,2,20150324,3,2,1,1,3,2,,5,1,2,30,1,1,,3,1,1,3,5,1,2494,
1242,,,,1,1,2,2,1,2,2,2,2,2,2,20140831,8,4,2,1,1,3,3,4,1,3,10,1,1,,,3,4,1,5,,1877,
1243,1,1,1,2,2,2,2,2,2,2,2,2,2,2,20141120,11,7,1,2,1,2,,3,1,3,30,1,1,5,,4,4,2,3,3,25807,65+
1244,,,,2,2,2,2,2,2,2,2,2,2,2,20140819,8,6,2,2,2,2,2,4,1,1,34,1,1,6,,2,1,1,2,3,12313,
1245,,,,2,2,2,2,2,2,2,2,1,2,2,20140830,8,2,1,1,2,3,,6,1,3,30,1,2,,4,1,1,3,5,1,2244,
1246,,,,1,2,2,2,2,2,2,2,1,2,2,20150330,3,2,1,1,3,2,,5,1,0,34,1,1,,3,1,,,,1,3423,
1247,,,,2,2,2,2,2,2,2,2,2,2,2,20140830,8,3,2,1,2,2,,4,1,0,34,1,1,,3,1,1,1,5,1,4547,
1248,,,,1,1,2,2,2,2,1,2,1,2,2,20140904,9,3,2,1,2,2,,4,1,3,31,1,1,,4,1,1,1,5,1,1588,
1249,,,,1,1,2,2,1,2,2,2,2,2,2,20140829,8,4,1,1,2,3,1,5,1,3,30,1,2,,4,2,3,1,5,,1941,
1250,,,,1,1,2,2,2,2,2,2,2,2,2,20140811,8,10,2,3,,2,2,2,1,1,34,1,1,4,,2,3,1,2,2,1198,
1251,,,,2,2,2,2,2,2,2,2,2,2,2,20150328,3,3,2,1,2,2,,4,1,2,30,1,1,,4,1,,,,1,3152,
1252,1,1,1,2,2,2,2,2,2,2,2,2,2,2,20150315,3,9,2,3,,3,,3,,,34,1,1,,,1,1,1,2,3,1198,60+
1253,,,,2,2,2,2,2,2,2,2,2,2,2,20140812,8,7,2,3,,3,1,3,1,3,34,1,1,4,4,4,2,3,4,3,2111,
1254,,,,2,2,2,2,2,2,2,2,2,2,2,20140820,8,7,2,2,1,3,1,5,2,3,34,1,1,4,3,1,2,1,1,3,5131,
1255,,,,2,2,2,2,2,2,2,2,2,2,2,20150328,3,3,2,1,1,2,,3,1,3,1,1,1,,4,1,1,1,5,1,4077,
1256,,,,2,2,2,2,2,2,2,2,2,2,2,20140820,8,9,2,3,,1,,1,1,1,10,1,1,2,3,2,2,1,2,3,766,
1257,,,,2,2,2,2,2,2,2,2,2,2,2,20150331,3,2,2,1,2,2,,4,2,2,30,1,1,,4,1,1,1,5,1,1701,
1258,,,,2,2,2,2,1,2,2,2,2,2,2,20140822,8,7,2,2,3,2,,5,1,2,34,1,1,4,2,1,2,1,1,3,10261,
1259,,,,2,2,2,2,2,2,2,2,2,2,2,20140830,8,4,1,2,1,3,2,5,1,3,34,1,1,,,2,3,1,2,3,2065,
1260,1,2,1,2,2,2,2,2,2,2,2,2,2,2,20150315,3,7,1,3,,2,,2,1,2,34,1,1,7,4,5,4,3,4,3,3212,70+
1261,,,,1,2,2,2,1,2,2,2,2,2,2,20140815,8,8,1,3,,2,,2,2,2,34,1,1,2,4,4,4,2,3,3,2409,
1262,1,,1,2,2,2,2,2,2,2,2,2,2,2,20150311,3,9,2,3,,2,2,2,1,0,34,1,1,3,2,5,4,2,3,3,2395,75+
1263,1,,,1,2,2,2,1,2,2,2,2,2,2,20150322,3,4,1,3,,3,2,4,1,3,34,1,1,,4,2,4,1,2,3,906,80+
1264,,,,2,2,2,2,2,2,2,2,2,2,2,20141129,11,2,1,1,2,3,,6,1,3,30,1,1,,4,1,1,2,5,1,2095,
1265,,,,2,2,2,2,1,2,2,2,2,2,2,20140904,9,3,1,1,2,3,,5,1,3,30,1,1,,3,1,1,1,5,1,2329,
1266,,,,2,2,2,2,2,2,2,2,2,2,2,20140816,8,10,2,3,,2,,2,1,1,34,1,1,1,1,2,1,1,2,3,1198,
1267,,,,1,1,2,2,2,2,2,2,2,2,2,20150328,3,4,2,1,1,3,1,4,1,3,34,1,1,,4,1,3,1,5,,1137,
1268,1,2,2,1,2,2,1,1,2,2,2,2,2,2,20150312,3,8,2,3,,2,,2,1,2,34,1,1,4,4,2,3,1,2,3,1876,70+
1269,1,1,1,2,2,2,2,2,2,2,2,2,2,2,20150312,3,9,2,3,,2,,2,1,0,10,1,1,4,4,2,2,1,2,3,3062,90+
1270,,,,2,2,2,2,2,2,2,2,2,2,2,20140826,8,4,1,2,2,3,1,5,1,3,30,1,2,,4,3,3,1,2,3,4082,
1271,,,,2,2,2,2,2,2,2,2,2,2,2,20140815,8,8,1,3,,1,,1,1,1,31,1,1,6,2,5,5,3,4,3,3612,
1272,,,,1,2,2,2,2,2,2,2,2,2,2,20140830,8,2,1,1,3,1,,4,1,2,34,1,1,,2,1,1,1,5,1,913,
1273,,,,2,2,2,2,2,2,2,2,2,2,2,20140521,5,,2,3,,1,1,2,1,1,4,2,1,,2,,,,,,3432,
1274,,,,2,2,2,2,2,2,2,2,2,2,2,20140517,5,6,2,2,1,3,1,4,1,3,4,2,1,4,3,3,3,2,3,3,9044,
1275,,,,1,1,2,1,1,2,2,2,2,2,1,20140613,6,5,2,3,,2,,2,0,2,5,2,1,6,4,2,3,1,2,3,3843,
1276,,,,1,2,2,1,2,2,2,2,2,2,1,20140612,6,6,2,3,,3,1,3,1,3,4,2,1,3,4,5,2,3,4,3,2574,
1277,,,,2,2,2,2,2,2,2,2,2,2,2,20140508,5,3,2,1,3,2,,5,1,1,4,2,,,4,1,1,1,5,1,5821,
1278,,,,1,2,2,2,2,2,2,2,2,2,2,20140625,6,3,1,1,1,3,1,4,1,3,34,2,1,,3,2,4,1,5,1,1217,
1279,,,,1,2,2,2,2,2,2,2,2,2,1,20140618,6,1,1,1,2,2,,4,1,2,4,2,1,,3,1,,,,1,1814,
1280,,,,2,2,2,2,2,2,2,2,2,2,2,20140624,6,9,2,3,,2,,2,2,2,5,2,1,4,4,2,1,2,3,3,556,
1281,,,,2,2,2,2,2,2,2,2,2,2,2,20140509,5,4,1,1,1,2,2,3,1,3,5,2,,,3,,5,,,,802,
1282,,,,1,2,2,1,1,2,2,2,2,2,2,20140507,5,2,2,1,2,1,,3,1,2,4,2,,,4,1,1,1,5,1,1288,
1283,,,,2,2,2,2,2,2,2,2,2,2,2,20140614,6,10,2,3,,2,,2,1,2,34,2,1,2,,,2,,,3,769,
1284,,,,2,2,2,2,2,2,2,2,2,2,1,20140617,6,7,2,2,1,3,1,4,1,3,5,2,1,6,4,2,3,1,2,3,8537,
1285,,,,1,2,2,2,1,2,2,2,2,2,2,20140616,6,7,2,3,,2,,2,1,2,5,2,1,2,4,2,4,1,2,3,2562,
1286,,,,2,2,2,2,2,2,2,2,2,2,2,20140614,6,10,2,3,,2,,2,1,1,34,2,1,2,2,2,2,1,2,3,1153,
1287,,,,1,2,2,2,1,2,2,2,2,2,2,20140415,4,4,2,4,,,,4,1,3,5,2,,,4,1,4,1,5,,1087,
1288,,,,2,1,2,2,1,2,2,2,1,2,1,20140417,4,7,1,4,,,,1,2,1,5,2,,6,2,5,5,3,4,3,2786,
1289,,,,1,2,2,2,1,2,2,2,2,2,1,20140412,4,2,1,4,,,,4,1,2,34,2,,,4,1,1,3,5,1,1522,
1290,,,,1,2,2,2,1,2,1,1,1,2,2,20140614,6,1,1,1,2,2,,4,1,2,5,2,1,,4,1,1,1,5,1,1052,
1291,,,,1,2,2,2,1,2,2,2,2,2,1,20140703,7,8,1,3,,2,,2,1,3,5,2,1,6,4,5,5,2,3,3,4179,
1292,,,,1,2,2,2,2,2,2,2,2,2,2,20140502,5,5,2,3,,2,2,4,1,2,34,2,,6,4,5,4,3,4,3,5138,
1293,,,,2,2,2,2,2,2,2,2,2,2,2,20140506,5,2,2,1,4,3,1,6,1,3,34,2,,,4,1,1,2,5,1,1992,
1294,,,,1,2,2,2,2,2,2,2,2,2,2,20140621,6,9,1,3,,1,,1,1,0,4,2,1,4,2,5,4,3,4,3,1607,
1295,,,,1,2,2,2,2,2,2,2,2,2,2,20140702,7,3,2,1,1,2,2,3,1,2,5,2,1,,4,1,1,1,5,1,1087,
1296,,,,1,2,2,2,2,2,1,1,2,2,2,20140625,6,3,2,1,4,2,2,6,1,2,5,2,1,,3,1,1,1,5,1,2173,
1297,,,,1,1,2,2,2,2,2,2,2,2,2,20140614,6,8,2,3,,1,,1,1,1,34,2,1,2,1,5,3,3,4,3,1927,
1298,,,,1,1,2,1,2,2,2,2,2,2,2,20140619,6,4,2,3,,3,4,4,2,3,34,2,1,,2,2,,,,3,636,
1299,,,,1,2,2,2,2,2,1,2,1,2,1,20140625,6,4,2,3,,3,2,4,2,3,34,2,1,,3,2,3,1,2,3,636,
1300,,,,1,1,2,2,1,2,2,2,2,2,2,20140617,6,10,2,3,,2,,2,1,2,34,2,1,6,2,4,1,3,4,3,769,
1301,,,,1,2,2,2,2,2,2,2,2,2,2,20140618,6,3,1,1,1,1,,2,1,2,34,2,1,,3,2,2,1,5,1,811,
1302,,,,2,2,2,2,2,2,2,2,2,2,2,20140414,4,3,1,4,,,,4,1,2,5,2,,,4,1,1,1,5,1,1427,
1303,,,,1,2,2,2,2,2,2,2,2,2,2,20140614,6,3,2,1,2,2,,4,1,2,5,2,1,,4,1,1,1,5,1,1449,
1304,,,,2,2,2,2,2,2,2,2,2,2,2,20140618,6,9,1,3,,2,,2,2,2,34,2,1,7,,2,5,1,2,3,622,
1305,,,,2,2,2,2,2,2,2,2,2,2,2,20140616,6,8,2,3,,2,2,2,1,2,4,2,1,4,2,,1,,,3,2288,
1306,,,,1,2,2,2,2,2,1,2,1,2,2,20140702,7,2,1,1,4,2,,6,1,3,34,2,1,,4,1,,,,1,1712,
1307,,,,2,2,2,2,2,2,2,2,2,2,2,20140616,6,5,2,3,,2,,2,1,2,5,2,1,6,2,3,3,2,3,3,2562,
1308,,,,2,2,2,2,2,2,2,2,2,2,2,20140625,6,3,1,1,2,2,,4,1,3,5,2,1,,4,1,1,1,5,1,1070,
1309,,,,2,2,2,2,2,2,2,2,2,2,2,20140708,7,2,1,1,1,3,1,4,1,3,4,2,1,,4,1,1,1,5,1,1360,
1310,,,,2,2,2,2,2,2,2,2,2,2,2,20140414,4,6,2,4,,,,5,1,2,4,2,,3,1,2,3,1,2,3,5720,
1311,,,,1,1,2,2,2,2,2,2,2,2,2,20140615,6,8,2,3,,3,2,5,1,3,5,2,1,6,,3,2,2,3,3,4803,
1312,,,,1,1,2,2,1,2,2,2,2,2,2,20140629,6,4,1,2,1,3,4,5,2,3,5,2,1,,3,5,4,3,4,3,1647,
1313,,,,1,2,2,1,1,2,2,2,2,2,2,20140612,6,5,2,2,2,2,2,4,1,2,34,2,1,4,2,2,2,1,2,3,11393,
1314,,,,2,2,2,2,2,2,2,2,2,2,2,20140624,6,9,1,3,,2,,2,1,1,34,2,1,6,2,4,4,2,3,3,1555,
1315,,,,1,2,2,2,1,2,2,2,1,2,2,20140505,5,3,2,1,2,2,2,4,1,2,34,2,,,4,1,2,1,5,1,1992,
1316,,,,1,1,2,2,1,2,2,2,2,2,2,20140618,6,10,2,3,,1,,1,1,1,5,2,1,4,2,2,1,1,2,3,556,
1317,,,,1,1,2,2,1,2,2,2,2,2,2,20140704,7,7,1,3,,2,,2,1,2,5,2,1,4,3,5,4,3,4,3,5571,
1318,,,,1,1,2,2,1,2,2,2,2,2,2,20140706,7,9,1,3,,2,,2,1,2,5,2,1,2,2,3,4,1,2,3,1255,
1319,,,,2,2,2,2,2,2,2,2,2,2,2,20140618,6,10,1,3,,2,,2,1,2,4,2,1,5,3,4,4,2,3,3,1071,
1320,,,,2,2,2,2,2,2,2,2,2,2,2,20140613,6,8,2,3,,2,,2,1,1,5,2,1,7,3,3,1,2,3,3,3843,
1321,,,,1,2,2,2,2,2,2,2,2,2,2,20140621,6,4,1,1,1,3,1,4,1,3,5,2,1,,4,1,3,1,5,,856,
1322,,,,2,2,2,2,2,2,2,2,2,2,1,20140628,6,4,1,3,,3,1,3,1,3,4,2,1,,3,3,5,1,2,3,1066,
1323,,,,1,2,1,2,1,2,1,2,1,2,2,20140629,6,4,1,2,1,3,1,4,1,3,34,2,1,,4,4,5,1,2,3,1838,
1324,,,,2,2,2,2,2,2,2,2,2,2,2,20140704,7,10,2,3,,1,,1,1,0,34,2,1,1,,3,1,2,3,3,1153,
1325,,,,2,2,2,2,2,2,2,2,2,2,2,20140708,7,9,2,3,,2,,2,1,1,5,2,1,2,,3,1,2,3,3,1112,
1326,,,,1,2,2,2,2,2,2,2,2,2,2,20140624,6,4,2,1,1,3,1,4,1,3,5,2,1,,3,1,2,1,5,,869,
1327,,,,2,2,2,2,2,2,2,2,2,2,2,20140708,7,1,2,1,3,2,,5,1,2,34,2,1,,2,1,1,1,5,1,1897,
1328,,,,2,2,2,2,2,2,2,2,2,2,2,20140706,7,1,1,1,1,2,,3,1,1,5,2,1,,1,1,,,,1,1183,
1329,,,,1,2,2,2,2,1,2,2,2,2,1,20140613,6,3,2,1,2,2,2,4,1,3,4,2,1,,4,1,2,1,5,1,1863,
1330,,,,1,2,2,2,2,2,2,2,2,2,2,20140507,5,1,1,1,4,2,2,6,1,2,5,2,,,4,1,1,2,5,1,1578,
1331,,,,1,2,2,2,2,2,2,2,2,2,2,20140704,7,8,1,3,,3,1,3,1,3,34,2,1,3,2,5,5,2,3,3,4619,
1332,,,,2,2,2,2,2,2,2,2,2,2,2,20140520,5,2,2,1,3,2,,5,0,1,5,2,1,,1,1,1,3,5,1,4743,
1333,,,,1,1,2,2,1,2,2,2,2,2,1,20140518,5,5,2,2,1,2,,3,1,2,34,2,1,2,4,2,3,1,2,3,8545,
1334,,,,2,2,2,2,2,2,2,2,2,2,2,20140704,7,5,1,3,,2,,2,0,3,4,2,1,6,4,5,5,2,3,3,4839,
1335,,,,2,2,2,2,2,2,2,2,2,2,2,20140629,6,1,1,1,1,3,,5,0,3,4,2,1,,,1,1,4,5,1,1700,
1336,,,,2,2,2,2,2,2,2,2,2,2,2,20140518,5,5,2,3,,2,,2,0,3,4,2,1,4,4,2,4,1,2,3,2288,
1337,,,,1,2,2,2,1,2,2,2,2,2,2,20140506,5,3,2,1,1,3,,4,1,3,5,2,,,4,2,5,1,5,1,869,
1338,,,,2,2,2,1,1,2,2,2,2,2,2,20140623,6,9,1,2,1,2,,3,1,3,5,2,1,2,1,4,4,2,3,3,3920,
1339,,,,1,2,2,2,1,2,2,2,2,2,2,20140707,7,1,1,1,3,2,,5,1,2,34,2,1,,3,1,1,1,5,1,1903,
1340,,,,1,1,2,2,1,2,2,2,2,2,2,20140706,7,10,2,3,,1,,1,2,0,4,2,1,6,2,3,2,2,3,3,803,
1341,,,,2,2,2,2,2,2,2,2,2,2,2,20140506,5,2,2,1,4,1,1,5,1,2,5,2,,,1,,,,,1,1581,
1342,,,,1,2,2,2,2,2,2,2,2,2,2,20140412,4,8,2,4,,,,2,1,2,5,2,,1,3,4,3,2,3,3,2562,
1343,,,,1,2,2,2,1,2,2,2,2,2,2,20140619,6,8,1,3,,2,2,2,1,2,34,2,1,2,3,4,5,2,3,3,4106,
1344,,,,2,1,2,,1,2,2,2,2,2,2,20140624,6,9,1,3,,1,,1,2,1,34,2,1,2,2,3,4,1,2,3,518,
1345,,,,2,2,2,2,2,2,2,2,2,2,2,20140509,5,4,2,1,3,2,2,5,1,3,34,2,,,4,2,3,1,5,,1494,
1346,,,,2,2,2,2,2,2,2,2,2,2,2,20140704,7,2,1,1,2,2,,4,1,2,4,2,1,,4,,,,,1,1814,
1347,,,,2,2,2,2,2,2,2,2,2,2,2,20140610,6,3,1,1,1,3,,5,1,2,5,2,1,,3,1,1,1,5,1,1783,
1348,,,,2,2,2,2,2,2,2,2,2,2,2,20140623,6,9,1,3,,2,,2,1,2,5,2,1,4,2,4,3,2,3,3,1255,
1349,,,,1,1,2,2,2,1,2,2,2,2,2,20140618,6,5,2,3,,2,,2,1,2,4,2,1,1,2,1,1,1,2,3,2288,
1350,,,,2,2,2,2,2,2,2,2,2,2,2,20140506,5,4,1,2,1,3,4,5,1,3,4,2,,,3,5,4,2,3,3,2927,
1351,,,,1,2,2,2,2,2,2,2,2,2,2,20140507,5,1,2,1,5,2,,6,1,1,34,2,,,4,1,1,4,5,1,3984,
1352,,,,1,2,2,1,1,2,2,2,2,2,2,20140509,5,2,2,1,2,2,,4,1,3,34,2,,,4,1,1,1,5,1,1138,
1353,,,,2,2,2,2,2,2,2,2,2,2,2,20140619,6,10,1,3,,2,,2,1,2,4,2,1,1,2,3,3,2,3,3,1071,
1354,,,,2,2,2,2,2,2,2,2,2,2,2,20140624,6,9,1,3,,2,,2,1,1,5,2,1,2,4,4,4,2,3,3,1882,
1355,,,,2,2,2,2,2,2,2,2,2,2,2,20140502,5,8,2,3,,2,,2,1,2,34,2,,4,1,5,2,3,4,3,2569,
1356,,,,2,2,2,2,2,2,2,2,2,2,2,20140708,7,2,2,1,2,2,,4,1,2,4,2,1,,,1,,,,1,1718,
1357,,,,2,2,2,2,2,2,2,2,2,2,2,20140508,5,9,1,4,,,,2,1,2,5,2,,2,4,5,5,2,3,3,1255,
1358,,,,2,2,2,2,2,2,2,2,2,2,2,20140707,7,1,1,1,2,3,4,6,,2,5,2,1,,2,1,1,3,5,1,2367,
1359,,,,2,2,1,1,2,2,2,2,2,2,1,20140627,6,1,1,1,2,3,,6,1,3,34,2,1,,4,1,1,3,5,1,1712,
1360,,,,2,2,2,2,2,2,2,2,2,2,2,20140414,4,6,1,4,,,,4,2,2,4,2,,4,4,5,5,2,3,3,7259,
1361,,,,2,2,2,2,2,2,2,2,2,2,2,20140507,5,4,1,2,1,3,1,4,1,3,4,2,,,4,5,5,2,5,,3747,
1362,,,,1,2,2,2,1,2,2,2,2,2,2,20140422,4,2,1,4,,,,4,2,2,34,2,,,4,1,1,3,5,1,1142,
1363,,,,2,2,2,2,2,2,2,2,2,2,2,20140610,6,8,1,3,,3,3,3,1,3,4,2,1,5,4,4,4,2,3,3,5444,
1364,,,,2,2,2,2,2,2,2,2,2,2,2,20140505,5,10,2,3,,1,,1,1,0,34,2,,2,2,3,2,2,3,3,1153,
1365,,,,1,2,2,2,2,2,2,2,2,2,2,20140612,6,8,1,3,,1,,1,1,1,34,2,1,5,2,5,3,3,4,3,3080,
1366,,,,2,2,2,2,2,2,2,2,2,2,2,20140616,6,4,2,1,3,2,2,5,2,2,34,2,1,,4,2,3,1,5,,1494,
1367,,,,2,2,2,2,2,2,2,2,2,2,2,20140704,7,10,2,3,,2,,2,1,1,4,2,1,2,2,2,1,1,2,3,1606,
1368,,,,2,2,2,2,2,2,2,2,2,2,2,20140422,4,9,2,4,,,,1,2,1,5,2,,5,3,2,2,1,2,3,278,
1369,,,,2,2,2,2,2,2,2,2,2,2,2,20140618,6,7,2,2,1,2,,3,1,0,4,2,1,6,3,3,3,2,3,3,33916,
1370,,,,1,2,2,1,1,2,2,2,1,1,2,20140705,7,2,1,1,2,2,,4,1,3,34,2,1,,4,1,,,,1,1142,
1371,,,,2,2,2,2,2,2,2,2,2,2,2,20140705,7,2,1,1,3,2,,5,1,2,34,2,1,,3,1,,,,1,1903,
1372,,,,2,2,2,2,2,2,1,2,2,2,2,20140507,5,4,1,2,4,3,4,6,1,3,34,2,,,4,4,4,1,2,3,3676,
1373,,,,2,2,2,2,2,2,1,1,1,1,1,20140614,6,1,1,1,1,2,,3,1,2,34,2,1,,4,1,1,4,5,1,1142,
1374,,,,2,2,2,2,2,2,2,2,2,2,2,20140707,7,7,2,3,,2,,2,2,2,34,2,1,6,4,,4,,,3,1927,
1375,,,,2,2,2,2,2,2,2,2,2,2,2,20140616,6,7,1,3,,2,,2,2,2,5,2,1,6,2,4,5,1,2,3,4179,
1376,,,,1,2,1,2,1,2,2,2,2,2,2,20140611,6,7,2,2,2,2,1,4,1,1,34,2,1,4,1,2,3,1,2,3,17090,
1377,,,,2,2,2,2,2,2,2,2,2,2,2,20140611,6,8,2,3,,2,,2,1,2,34,2,1,6,,2,2,1,2,3,2569,
1378,,,,1,2,2,2,2,2,2,2,2,2,2,20140626,6,1,2,1,1,2,,3,1,3,4,2,1,,4,1,1,4,5,1,966,
1379,,,,2,2,2,2,2,2,2,2,2,2,2,20140507,5,3,1,1,2,1,,3,1,2,5,2,,,3,2,1,3,5,1,1070,
1380,,,,2,2,2,2,2,2,2,2,2,2,2,20140415,4,9,2,4,,,,2,1,1,5,2,,6,4,4,4,2,3,3,1112,
1381,,,,1,2,2,2,1,2,2,2,2,2,2,20140624,6,9,2,3,,3,1,3,2,3,5,2,1,2,4,5,1,3,4,3,667,
1382,,,,2,2,2,2,2,2,2,2,2,2,2,20140616,6,2,1,1,3,2,2,5,1,2,4,2,1,,,,,,,1,2267,
1383,,,,2,2,2,2,1,2,2,2,2,2,2,20140618,6,9,2,3,,2,,2,1,2,4,2,1,6,3,2,3,1,2,3,1071,
1384,,,,2,2,2,2,2,2,2,2,2,2,2,20140612,6,8,1,3,,2,,2,0,2,34,2,1,2,4,5,4,2,3,3,6159,
1385,,,,2,2,2,2,2,2,2,2,2,2,2,20140505,5,5,2,2,1,2,,3,1,2,34,2,,1,1,4,3,2,3,3,8545,
1386,,,,2,2,2,2,2,2,2,2,2,2,2,20140414,4,7,1,4,,,,2,1,2,34,2,,1,,5,4,3,4,3,4106,
1387,,,,2,2,2,2,2,2,2,2,2,2,2,20140618,6,10,2,3,,2,2,2,1,1,34,2,1,5,2,2,1,1,2,3,1153,
1388,,,,2,2,2,2,2,2,2,2,1,2,2,20140625,6,2,1,1,2,2,2,4,1,2,5,2,1,,,1,1,1,5,1,1052,
1389,,,,1,2,2,2,1,2,2,2,2,2,2,20140617,6,9,2,3,,2,,2,1,2,34,2,1,6,3,3,1,2,3,3,769,
1390,,,,2,2,2,2,2,2,2,2,2,2,2,20140702,7,3,2,1,2,2,2,4,1,3,5,2,1,,2,1,1,1,5,1,869,
1391,,,,2,2,2,2,2,2,2,2,2,2,2,20140703,7,4,2,3,,3,3,3,1,1,5,2,1,,3,3,2,2,3,3,1265,
1392,,,,2,2,2,2,2,2,2,2,2,2,2,20140618,6,7,2,3,,2,,2,1,2,34,2,1,6,4,2,1,1,2,3,2569,
1393,,,,2,2,2,2,2,2,2,2,2,2,2,20140413,4,1,2,4,,,,4,1,2,34,2,,,3,1,1,2,5,1,1518,
1394,,,,2,2,2,2,2,2,2,2,2,2,2,20140505,5,10,2,3,,1,,1,1,1,34,2,,1,2,2,2,1,2,3,577,
1395,,,,2,2,2,2,2,2,2,2,2,2,2,20140610,6,8,2,3,,1,1,1,1,0,5,2,1,5,3,3,3,1,2,3,3843,
1396,,,,2,2,2,2,2,2,2,2,2,2,2,20140417,4,4,1,4,,,,4,1,3,4,2,,,,5,5,3,4,3,7259,
1397,,,,1,2,2,2,1,2,2,2,2,2,2,20140506,5,1,1,1,2,2,2,4,1,3,5,2,,,4,1,1,1,5,1,789,
1398,,,,2,2,2,2,2,2,2,2,2,2,2,20140417,4,9,1,4,,,,2,1,2,5,2,,7,4,5,5,2,3,3,1255,
1399,,,,1,2,2,2,2,2,2,2,2,2,2,20140415,4,7,1,4,,,,3,1,3,4,2,,2,4,5,4,3,4,3,5444,
1400,,,,1,2,2,2,2,2,1,2,1,2,2,20140507,5,2,2,1,2,2,2,4,1,2,5,2,,,4,1,,,,1,1265,
1401,,,,1,1,2,2,1,2,2,2,2,2,1,20140507,5,3,2,1,1,2,,3,1,2,5,2,,,,1,1,2,5,1,1087,
1402,,,,1,2,2,1,2,2,2,2,2,2,2,20140503,5,8,1,3,,2,,2,1,1,4,2,,6,3,5,4,3,4,3,7259,
1403,,,,2,2,2,2,2,2,2,2,2,2,2,20140505,5,9,2,3,,2,2,2,1,2,5,2,,2,2,5,3,3,4,3,742,
1404,,,,2,2,2,2,2,2,2,2,2,2,2,20140421,4,9,2,4,,,,2,2,2,4,2,,2,3,4,4,2,3,3,803,
1405,,,,2,2,2,2,2,2,2,2,2,2,2,20140422,4,2,1,4,,,,5,1,2,4,2,,,4,1,1,1,5,1,2267,
1406,,,,2,2,2,2,2,2,2,2,2,2,2,20140414,4,3,2,4,,,,4,2,1,5,2,,,,1,4,1,5,1,1449,
1407,,,,1,2,2,1,1,2,2,2,2,2,2,20140419,4,10,2,4,,,,2,1,1,34,2,,5,1,3,3,1,2,3,1153,
1408,,,,1,2,2,2,1,2,2,2,2,2,1,20140503,5,9,1,3,,2,,2,1,1,5,2,,3,4,5,2,3,4,3,1882,
1409,,,,2,2,2,2,2,2,2,2,2,2,2,20140505,5,7,1,2,3,2,,5,1,3,4,2,,6,4,5,5,3,4,3,23912,
1410,,,,2,2,2,2,2,2,2,2,2,2,2,20140708,7,7,1,3,,1,,1,1,1,5,2,2,7,3,3,,,,3,4179,
1411,,,,2,2,2,2,2,2,2,2,2,2,2,20140507,5,2,1,1,2,2,,4,1,2,5,2,,,4,1,1,1,5,1,1052,
1412,,,,2,2,2,2,2,2,2,2,2,2,2,20140507,5,2,2,1,1,3,2,5,1,3,4,2,,,,,,,,1,1288,
1413,,,,1,2,1,2,2,2,2,2,2,2,2,20140414,4,9,2,4,,,,1,1,1,34,2,,4,2,2,3,1,2,3,577,
1414,,,,2,2,2,2,2,2,2,2,2,2,2,20140422,4,2,1,4,,,,6,1,3,5,2,,,,1,1,1,5,1,1052,
1415,,,,2,2,2,2,2,2,2,2,2,2,2,20140505,5,7,1,3,,3,,3,1,0,34,2,,2,,5,5,3,4,3,18477,
1416,,,,2,2,2,2,2,2,2,2,2,2,2,20140425,4,2,1,4,,,,5,1,1,5,2,,,4,1,1,1,5,1,1972,
1417,,,,1,2,2,2,2,2,2,2,2,2,2,20140522,5,1,2,1,2,2,,4,1,3,5,2,1,,4,1,1,1,5,1,632,
1418,,,,1,1,2,2,1,2,2,2,2,2,2,20140513,5,9,2,3,,2,,2,1,1,5,2,1,2,2,3,2,2,3,3,1112,
1419,,,,2,2,2,2,2,2,2,2,2,2,2,20140524,5,3,2,1,3,2,,5,1,1,5,2,,,,,1,,,1,2716,
1420,,,,2,2,2,2,2,2,2,2,2,2,2,20140514,5,9,1,3,,1,,1,1,0,4,2,1,7,3,5,5,3,4,3,1607,
1421,,,,1,2,1,1,1,2,2,2,2,2,1,20140515,5,7,2,3,,2,,2,1,2,4,2,1,4,4,1,1,1,2,3,2288,
1422,,,,1,2,2,2,1,2,2,2,2,2,2,20140514,5,8,2,3,,3,2,4,1,3,4,2,1,4,4,4,3,2,3,3,2288,
1423,,,,2,2,2,2,2,2,2,2,1,2,1,20140521,5,2,1,1,1,2,,3,1,1,4,2,1,,2,1,1,1,5,1,2040,
1424,,,,1,1,2,,1,2,2,2,2,2,2,20140514,5,10,2,3,,1,,1,1,2,34,2,1,2,,1,1,1,2,3,384,
1425,,,,2,2,2,2,2,2,2,2,2,2,2,20140522,5,9,2,3,,2,2,2,1,0,5,2,1,2,2,3,3,2,3,3,2225,
1426,,,,2,2,2,2,2,2,2,2,2,2,2,20140412,4,2,2,4,,,,4,1,2,5,2,,,4,1,1,3,5,1,1265,
1427,,,,2,2,2,2,2,2,1,2,1,2,2,20140524,5,4,1,1,5,2,,6,1,0,5,2,1,,4,5,5,2,5,,11769,
1428,,,,2,2,2,2,2,2,2,2,2,2,2,20140522,5,10,2,3,,1,,1,1,1,34,2,1,4,2,3,3,2,3,3,577,
1429,,,,2,2,2,2,2,2,2,2,2,2,2,20140523,5,10,1,3,,2,,2,1,1,5,2,1,1,,5,4,3,4,3,1882,
1430,,,,1,2,2,2,2,2,2,2,2,2,2,20140412,4,1,2,4,,,,4,1,3,4,2,,,4,1,1,2,5,1,1288,
1431,,,,2,2,2,2,2,2,2,2,2,2,2,20140414,4,9,2,4,,,,2,1,2,5,2,,6,4,2,3,1,2,3,742,
1432,,,,1,2,1,2,2,2,2,2,2,2,2,20140515,5,3,2,1,2,3,1,5,1,3,4,2,,,2,2,2,1,5,1,2328,
1433,,,,2,2,2,1,1,2,2,2,2,2,2,20140612,6,7,2,3,,2,2,2,0,2,4,2,1,4,4,5,1,3,4,3,3432,
1434,,,,1,2,2,1,1,2,2,2,2,2,2,20140518,5,5,2,3,,2,2,2,0,2,4,2,,4,3,2,2,1,2,3,3432,
1435,,,,2,2,2,2,2,2,2,2,2,2,2,20140625,6,2,2,1,3,2,,5,0,2,4,2,1,,2,1,1,1,5,1,3221,
1436,,,,2,2,2,2,2,2,2,2,2,2,2,20140522,5,1,1,2,2,2,,2,1,2,5,2,1,,4,1,,,,1,1133,
1437,,,,2,2,2,2,2,2,2,2,2,2,2,20140521,5,10,2,3,,2,,2,1,1,4,2,1,7,,2,2,1,2,3,1606,
1438,,,,1,2,1,2,2,2,2,2,2,2,2,20140514,5,7,1,3,,2,2,2,1,2,34,2,,4,2,4,4,2,3,3,4106,
1439,,,,1,2,2,2,1,2,1,2,1,2,2,20140505,5,9,2,3,,2,,2,1,2,34,2,,5,,4,4,1,2,3,769,
1440,,,,1,1,2,2,2,2,2,2,2,2,2,20140514,5,9,2,3,,1,,1,1,1,4,2,1,1,1,2,2,1,2,3,803,
1441,,,,2,2,2,2,2,2,2,1,2,2,2,20140526,5,2,2,1,2,2,2,4,2,2,4,2,1,,3,1,1,1,5,1,1288,
1442,,,,1,2,2,2,1,2,1,2,1,1,2,20140527,5,3,2,1,2,1,,3,1,1,34,2,1,,3,1,1,1,5,1,2241,
1443,,,,2,2,2,2,2,2,2,2,2,2,2,20140513,5,8,2,3,,3,,3,1,3,34,2,1,4,3,3,3,2,3,3,2890,
1444,,,,2,2,2,2,2,2,2,2,2,2,2,20140522,5,10,1,3,,1,,1,1,0,4,2,,1,3,3,5,1,2,3,1607,
1445,,,,1,2,2,2,1,2,1,2,1,2,2,20140507,5,3,1,1,2,2,,4,1,3,34,2,,,3,1,2,1,5,1,1217,
1446,,,,2,2,2,2,2,2,2,2,2,2,2,20140514,5,9,1,3,,2,,2,1,1,4,2,1,4,2,5,5,3,4,3,1607,
1447,,,,2,2,2,1,2,2,2,2,2,2,2,20140521,5,1,1,1,1,3,,5,1,3,5,2,1,,4,1,1,3,5,1,789,
1448,,,,2,2,2,2,2,2,2,2,2,2,2,20140506,5,10,1,3,,1,,1,1,1,4,2,,6,4,5,5,2,3,3,803,
1449,,,,1,1,1,2,2,2,2,2,2,2,2,20140508,5,10,2,3,,1,,1,1,0,34,2,,1,1,3,2,2,3,3,1153,
1450,,,,2,2,2,2,2,2,2,2,2,2,2,20140507,5,2,1,1,4,2,,6,1,2,5,2,,,4,,,,,1,1578,
1451,,,,1,2,2,2,2,2,1,2,2,2,2,20140529,5,3,2,1,3,2,,5,1,2,34,2,1,,,1,1,1,5,1,2490,
1452,,,,2,2,2,2,2,2,2,2,2,2,2,20140515,5,7,1,3,,2,,2,1,3,5,2,1,3,4,3,4,1,2,3,4179,
1453,,,,2,2,2,2,2,2,2,2,2,2,2,20140521,5,10,2,3,,1,1,1,1,0,5,2,1,,,,2,,,3,1112,
1454,,,,1,2,2,2,2,2,2,2,1,2,2,20140505,5,7,2,2,3,3,2,6,1,3,34,2,,5,4,2,3,1,2,3,11963,
1455,,,,2,2,2,2,2,2,2,2,2,2,2,20140515,5,8,2,3,,3,,3,1,3,34,2,1,2,4,3,1,3,4,3,2890,
1456,,,,2,2,2,2,2,2,2,2,2,2,2,20140422,4,10,2,4,,,,2,1,1,5,2,,4,,2,1,1,2,3,1112,
1457,,,,2,2,2,2,2,2,2,,,,,20140522,5,9,2,3,,2,,2,1,1,34,2,1,4,2,3,2,2,3,3,1153,
1458,,,,1,1,2,2,1,2,2,2,2,2,2,20140528,5,3,2,1,3,2,,5,1,3,4,2,1,,4,1,1,1,5,1,2911,
1459,,,,2,2,2,2,2,2,2,2,2,2,2,20140513,5,8,2,3,,2,,2,1,2,5,2,1,7,4,3,5,1,2,3,2562,
1460,,,,1,1,2,1,2,2,2,2,2,2,2,20140524,5,2,2,1,2,2,,4,1,2,34,2,1,,4,1,1,1,5,1,1518,
1461,,,,1,,,2,2,2,2,2,2,2,2,20140528,5,3,2,1,1,2,,3,1,1,34,2,1,,1,1,1,3,5,1,2241,
1462,,,,2,2,2,2,2,2,2,2,2,2,2,20140507,5,2,1,1,2,2,,4,2,2,5,2,,,2,1,1,1,5,1,789,
1463,,,,1,2,2,2,2,2,2,2,2,2,2,20140415,4,8,1,4,,,,1,1,1,34,2,,6,4,5,3,3,4,3,3080,
1464,,,,2,2,2,2,2,2,2,2,2,2,2,20140525,5,1,1,1,2,2,,4,,,5,2,1,,3,1,,,,1,789,
1465,,,,1,2,2,1,2,2,2,2,2,2,2,20140514,5,7,1,3,,1,,1,1,0,5,2,1,4,1,4,3,2,3,3,8357,
1466,,,,1,2,2,2,2,2,2,2,2,2,2,20140520,5,9,1,3,,2,,2,1,2,4,2,1,2,4,3,3,1,2,3,1071,
1467,,,,1,2,2,2,2,2,2,2,2,2,1,20140514,5,1,1,1,3,2,2,5,1,2,4,2,1,,4,1,,,,1,2267,
1468,,,,2,2,2,2,2,2,2,2,2,2,2,20140508,5,4,1,1,1,2,,3,1,0,4,2,,,3,3,4,1,5,,4202,
1469,,,,2,2,2,2,1,2,2,2,2,2,2,20140525,5,3,2,1,2,3,3,5,1,3,4,2,1,,4,1,,,,1,2911,
1470,,,,2,2,2,2,2,2,2,2,2,2,2,20140625,6,10,2,3,,1,,1,1,1,5,2,1,2,2,4,2,3,4,3,556,
1471,,,,1,1,2,2,2,2,2,2,2,2,2,20140626,6,4,1,1,1,2,,3,1,3,5,2,1,,4,2,5,1,5,,802,
1472,,,,1,2,2,2,2,2,2,2,2,2,2,20140614,6,4,1,3,,3,2,4,1,3,5,2,1,,4,2,5,1,1,3,664,
1473,,,,2,2,2,2,2,2,2,2,2,2,2,20140518,5,2,1,1,1,2,,3,1,2,34,2,1,,4,1,1,3,5,1,1142,
1474,,,,2,2,2,2,2,2,2,2,2,2,2,20140518,5,4,1,3,,2,,2,1,2,5,2,1,,1,3,4,1,2,3,5571,
1475,,,,2,2,2,2,2,2,2,2,2,2,2,20140709,7,1,2,1,1,2,,3,1,3,34,2,1,,4,1,1,4,5,1,854,
1476,,,,2,2,2,2,2,2,2,2,2,2,2,20140513,5,8,1,3,,2,,2,1,2,4,2,1,7,4,3,3,1,2,3,4839,
1477,,,,1,2,2,1,1,2,2,2,2,2,2,20140508,5,2,2,1,3,2,,5,1,2,5,2,,,4,1,1,1,5,1,1581,
1478,,,,1,2,2,2,1,2,2,2,2,2,2,20140626,6,3,2,1,2,2,2,4,1,3,34,2,1,,4,1,2,1,5,1,1494,
1479,,,,2,2,2,2,2,2,2,2,2,2,2,20140703,7,6,2,2,2,2,,4,1,2,34,2,1,4,,4,2,3,4,3,11393,
1480,,,,2,2,2,2,2,2,2,2,2,2,2,20140514,5,7,2,2,2,2,,4,1,3,34,2,1,3,3,2,3,1,2,3,8545,
1481,,,,2,2,2,2,2,2,2,2,2,2,2,20140625,6,9,2,3,,2,,2,1,1,5,2,1,4,,,3,,,3,1112,
1482,,,,2,2,2,2,2,2,2,2,2,2,2,20140525,5,3,2,1,3,2,,5,1,3,34,2,1,,4,1,,,,1,1245,
1483,,,,2,2,2,2,2,2,2,2,2,2,2,20140703,7,10,1,3,,1,,1,1,0,34,2,1,4,1,4,4,2,3,3,1555,
1484,,,,1,2,2,2,2,2,2,2,2,2,2,20140523,5,2,2,1,2,2,2,4,1,1,34,2,1,,,1,1,2,5,1,2277,
1485,,,,1,2,2,2,1,2,2,2,2,2,2,20140525,5,3,2,1,2,2,,4,1,2,5,2,1,,4,1,1,1,5,1,1449,
1486,,,,2,2,2,2,2,2,2,2,2,2,2,20140515,5,2,2,1,3,2,,5,1,2,5,2,1,,4,1,1,1,5,1,1581,
1487,,,,2,2,2,2,2,2,2,2,2,2,2,20140514,5,8,2,3,,2,,2,1,1,5,2,1,4,4,4,3,3,4,3,3843,
1488,,,,1,2,2,2,2,2,2,2,2,2,2,20140705,7,1,2,1,2,2,,4,1,2,34,2,1,,3,1,1,1,5,1,1518,
1489,,,,2,2,2,2,2,2,2,2,2,2,2,20140702,7,1,1,1,1,2,,3,1,3,34,2,1,,4,1,,,,1,856,
1490,,,,1,2,2,2,1,2,2,2,2,2,2,20140522,5,10,2,3,,1,,1,1,1,34,2,1,2,1,2,3,1,2,3,577,
1491,,,,2,2,2,2,2,2,2,2,2,2,2,20140514,5,8,2,3,,2,2,2,1,2,4,2,,5,,3,3,2,3,3,2288,
1492,,,,2,2,2,2,2,2,2,2,2,2,2,20140622,6,1,2,1,2,2,2,4,1,2,34,2,1,,4,1,,,,1,1518,
1493,,,,1,2,2,2,2,2,2,2,2,2,2,20140527,5,3,2,1,2,2,,4,2,3,5,2,1,,4,4,4,2,5,1,724,
1494,,,,2,2,2,2,2,2,2,2,2,2,2,20140513,5,4,2,1,2,2,,4,1,3,5,2,1,,4,2,5,1,5,,869,
1495,,,,1,2,2,1,2,2,2,2,2,2,1,20140514,5,10,2,3,,2,,2,1,0,34,2,1,4,1,2,2,1,2,3,2306,
1496,,,,2,2,2,2,2,2,2,2,2,2,2,20140618,6,5,2,3,,2,2,2,1,2,34,2,1,6,4,3,4,2,3,3,2569,
1497,,,,1,2,2,2,1,2,2,2,2,2,2,20140430,4,4,2,4,,,,5,1,3,5,2,,,4,2,3,1,5,,1087,
1498,,,,2,2,2,2,2,2,2,2,2,2,2,20140506,5,9,1,3,,2,,2,1,0,34,2,,4,2,4,3,2,3,2,3110,
1499,,,,1,2,2,2,2,2,2,2,2,2,2,20140522,5,3,2,1,2,2,,4,1,3,34,2,1,,4,1,3,1,5,1,1195,
1500,,,,2,2,2,2,2,2,2,2,2,2,2,20140707,7,2,1,1,1,2,,3,2,2,5,2,1,,4,2,2,2,5,1,473,
1501,,,,2,2,2,2,2,2,2,2,2,2,2,20140530,5,4,2,1,2,2,,4,1,1,5,2,1,,2,2,1,1,5,,2173,
1502,,,,1,2,2,2,2,2,2,2,2,2,2,20140514,5,6,2,2,4,2,,6,1,3,5,2,1,6,4,3,3,2,3,3,9147,
1503,,,,2,2,2,2,2,2,2,2,2,2,2,20140520,5,3,1,1,1,2,,3,1,2,34,2,1,,4,1,1,1,5,1,1217,
1504,,,,2,2,2,2,2,2,2,2,2,2,2,20140521,5,2,2,1,1,2,2,3,1,2,4,2,1,,3,1,,,,1,1288,
1505,,,,1,1,2,2,2,2,2,2,1,2,2,20140528,5,3,2,1,4,2,2,6,1,3,34,2,1,,2,1,1,1,5,1,2241,
1506,,,,1,2,2,2,2,2,2,2,2,2,2,20140703,7,4,1,1,2,2,,4,1,0,34,2,1,,3,3,5,1,5,,4868,
1507,,,,1,2,2,2,1,2,2,2,2,2,2,20140622,6,9,2,3,,1,,1,2,0,4,2,1,,,1,1,1,2,3,535,
1508,,,,2,2,2,2,2,2,2,2,2,2,2,20140624,6,9,1,3,,2,2,2,1,2,4,2,1,4,,2,3,1,2,3,1071,
1509,,,,1,2,2,2,1,2,2,2,2,2,2,20140616,6,10,2,3,,1,,1,1,1,5,2,1,7,2,2,2,1,2,3,556,
1510,,,,2,2,2,2,2,2,2,2,2,2,2,20140419,4,9,1,4,,,,2,1,2,34,2,,1,3,5,5,2,3,3,1037,
1511,,,,1,2,2,2,2,2,2,2,2,2,2,20140416,4,3,1,4,,,,6,1,3,5,2,,,,1,1,1,5,1,1926,
1512,,,,2,2,2,2,2,2,2,2,2,2,2,20140618,6,2,2,1,2,3,3,5,1,2,4,2,1,,3,1,1,2,5,1,2147,
1513,,,,2,2,2,2,2,2,2,2,2,2,2,20140616,6,5,1,3,,3,,3,1,3,4,2,1,6,1,2,4,1,1,3,5444,
1514,,,,1,2,2,2,2,2,2,2,2,2,2,20140617,6,4,1,3,,3,2,4,1,3,34,2,1,,4,5,5,2,3,3,829,
1515,,,,2,2,2,2,2,2,2,2,2,2,2,20140518,5,2,1,1,2,2,,4,1,2,5,2,1,,4,1,1,1,5,1,1052,
1516,,,,1,1,2,2,1,2,2,2,2,2,2,20140514,5,9,2,3,,1,,1,1,0,34,2,1,1,1,2,1,2,3,3,1153,
1517,,,,2,2,2,2,2,2,2,2,2,2,2,20140423,4,3,1,4,,,,5,1,2,4,2,,,2,1,1,2,5,1,2334,
1518,,,,1,2,2,2,2,2,2,2,2,2,2,20140710,7,7,2,2,3,2,,5,1,2,5,2,1,4,2,3,2,2,3,3,17785,
1519,,,,2,2,2,2,2,2,2,2,2,2,2,20140507,5,2,1,1,2,2,,4,1,2,4,2,,,4,1,1,1,5,1,1814,
1520,,,,1,2,2,2,1,2,2,2,2,2,2,20140716,7,1,1,1,2,2,2,4,1,1,4,2,1,,2,1,,,,1,2720,
1521,,,,2,2,2,2,2,2,2,2,2,2,2,20140726,7,3,2,1,3,1,,4,1,2,5,2,1,,2,2,4,1,5,1,1449,
1522,,,,2,2,2,2,2,2,2,2,2,2,2,20140714,7,9,1,3,,2,,2,1,2,34,2,1,6,2,3,3,2,3,3,1037,
1523,,,,1,1,1,2,1,2,2,2,2,2,2,20140719,7,8,2,3,,2,,2,1,2,34,2,1,4,2,2,3,1,2,3,2569,
1524,,,,1,2,2,2,2,2,2,2,2,2,2,20140422,4,3,2,4,,,,4,1,2,34,2,,,1,1,1,1,5,1,1992,
1525,,,,1,1,2,2,1,1,2,2,1,2,1,20140505,5,7,2,3,,2,,3,1,3,34,2,,2,2,,4,,,3,2312,
1526,,,,2,2,2,2,2,2,2,2,2,2,2,20140721,7,9,1,3,,2,,2,1,2,34,2,1,1,3,5,4,3,4,3,1037,
1527,,,,1,2,2,1,1,2,2,2,2,2,2,20140729,7,2,2,1,2,3,,5,2,3,5,2,1,,,1,1,1,5,1,948,
1528,,,,1,2,2,,2,2,2,2,1,2,2,20140713,7,3,1,1,2,3,1,5,1,3,34,2,1,,,4,3,3,5,1,1521,
1529,,,,2,2,2,2,2,2,2,2,2,2,2,20140506,5,1,1,1,1,2,1,3,1,0,4,2,,,1,,,,,1,4081,
1530,,,,2,2,2,2,2,2,2,2,2,2,2,20140504,5,8,1,3,,1,,1,1,2,34,2,,1,3,3,3,2,3,3,2053,
1531,,,,1,2,2,2,2,2,2,2,2,2,2,20140502,5,8,1,3,,3,,3,1,3,5,2,,6,4,5,5,3,4,3,6268,
1532,,,,1,2,2,1,1,2,2,2,2,2,2,20140722,7,8,2,3,,2,,2,1,2,34,2,1,4,4,2,2,1,2,3,2569,
1533,,,,1,1,2,1,1,2,2,2,2,2,2,20140721,7,8,2,3,,1,,1,2,1,5,2,1,4,3,5,2,3,4,3,1281,
1534,,,,2,2,2,2,2,2,2,2,2,2,2,20140728,7,1,1,1,1,2,,3,1,3,5,2,1,,4,1,,,,1,592,
1535,,,,2,2,2,2,2,2,2,2,2,2,2,20140723,7,9,1,3,,2,,2,1,1,34,2,1,1,3,5,5,3,4,3,1555,
1536,,,,1,2,2,2,2,2,2,2,2,2,2,20140714,7,8,2,3,,1,,1,1,1,34,2,1,2,2,4,3,2,3,3,1927,
1537,,,,2,2,2,2,2,2,2,2,2,2,2,20140719,7,6,1,3,,2,,2,1,2,34,2,1,2,2,5,5,3,4,3,4106,
1538,,,,2,2,2,2,2,2,2,2,2,2,2,20140720,7,10,2,3,,1,,1,1,1,5,2,1,2,,2,1,1,2,3,556,
1539,,,,1,2,2,2,1,2,2,2,2,2,2,20140717,7,1,1,1,2,2,,4,1,2,34,2,1,,,1,,,,1,1522,
1540,,,,2,2,2,2,2,2,2,2,2,2,2,20140714,7,7,2,3,,2,,2,1,2,4,2,1,6,3,3,3,2,3,3,2288,
1541,,,,2,2,2,2,2,2,2,2,2,2,2,20140520,5,10,1,3,,2,,2,1,1,4,2,1,5,4,3,4,2,3,3,1607,
1542,,,,2,2,2,2,2,2,2,2,2,2,2,20140514,5,7,2,3,,2,,2,1,2,4,2,1,2,,,3,,,3,2288,
1543,,,,2,2,2,2,2,2,2,2,2,2,2,20140521,5,9,1,3,,2,,2,2,2,34,2,1,4,4,4,4,2,3,3,777,
1544,,,,2,2,2,2,2,2,2,2,2,2,2,20140711,7,7,2,3,,3,1,3,1,2,5,2,1,4,4,2,2,1,2,3,3843,
1545,,,,2,2,2,2,2,2,2,2,2,2,2,20140715,7,9,2,3,,2,,2,1,1,5,2,1,2,2,4,3,2,3,3,1112,
1546,,,,2,2,2,2,2,2,2,2,2,2,2,20140730,7,3,1,1,1,3,1,6,2,2,5,2,1,,2,2,3,1,5,1,1605,
1547,,,,2,2,2,2,2,2,2,2,2,2,2,20140527,5,3,2,1,1,2,,3,1,3,4,2,1,,4,1,2,1,5,1,1746,
1548,,,,1,2,2,1,2,2,2,2,2,2,2,20140529,5,3,1,1,2,2,,4,1,2,5,2,1,,4,1,1,1,5,1,1427,
1549,,,,1,1,2,2,1,2,2,2,2,2,2,20140514,5,7,2,3,,2,,2,1,0,5,2,1,6,4,4,4,2,3,3,7685,
1550,,,,1,1,2,1,1,1,2,2,2,2,1,20140424,4,4,2,4,,,,2,1,2,34,2,,,2,2,4,1,5,,996,
1551,,,,2,2,2,2,2,2,2,2,2,2,2,20140714,7,10,1,3,,2,,2,1,1,34,2,1,1,1,4,4,2,3,2,1555,
1552,,,,1,2,2,2,2,2,2,2,1,1,2,20140716,7,7,2,3,,2,,2,1,3,34,2,1,5,4,3,3,2,3,3,1927,
1553,,,,2,2,2,2,2,2,2,2,2,2,2,20140521,5,3,1,1,2,2,,4,2,3,5,2,1,,4,2,3,2,5,1,611,
1554,,,,2,2,2,2,2,2,2,2,2,2,2,20140421,4,3,1,4,,,,6,1,3,4,2,,,4,1,1,1,5,1,1681,
1555,,,,1,2,2,1,1,2,2,2,2,2,2,20140517,5,10,2,3,,1,,1,2,0,4,2,1,2,1,2,3,1,2,3,402,
1556,,,,1,2,2,2,2,2,2,2,2,2,1,20140715,7,3,1,1,1,3,3,6,1,3,34,2,1,,4,2,2,1,5,1,1217,
1557,,,,2,2,1,1,1,2,2,2,2,2,2,20140414,4,2,1,4,,,,4,1,2,5,2,,,4,1,1,2,5,1,1052,
1558,,,,1,1,2,2,2,2,2,2,2,2,2,20140520,5,10,2,3,,2,,2,1,2,34,2,1,1,2,4,4,2,3,3,769,
1559,,,,1,2,2,1,1,2,2,2,2,2,2,20140513,5,7,2,2,1,3,1,4,1,3,5,2,1,6,4,3,4,1,2,3,8537,
1560,,,,2,2,2,2,2,2,2,2,2,2,2,20140726,7,9,1,3,,1,,1,1,1,4,2,1,3,1,5,4,3,4,3,803,
1561,,,,1,2,2,2,2,2,2,2,2,2,2,20140610,6,3,2,1,3,2,2,5,0,3,4,2,1,,4,1,2,1,5,1,2911,
1562,,,,2,2,2,2,2,2,2,2,2,2,2,20140618,6,9,2,3,,2,2,2,1,2,34,2,1,4,3,3,3,2,3,3,769,
1563,,,,2,2,2,2,2,2,2,2,2,2,2,20140513,5,5,2,3,,2,,2,1,2,4,2,1,5,4,3,2,2,3,3,2288,
1564,,,,2,2,2,2,2,2,2,2,2,2,2,20140527,5,2,2,1,2,2,,4,2,3,34,2,1,,4,1,,,,1,911,
1565,,,,2,2,2,2,2,2,2,2,2,2,2,20140801,8,1,2,1,3,2,,5,1,1,4,2,1,,4,1,,,,1,3221,
1566,,,,2,2,2,2,2,2,2,2,2,2,2,20140514,5,8,2,3,,2,,2,1,1,5,2,1,4,4,2,1,1,2,3,3843,
1567,,,,1,1,2,2,1,2,2,2,2,2,2,20140506,5,9,2,3,,3,1,3,2,3,34,2,,1,4,4,4,2,3,3,692,
1568,,,,1,1,2,2,1,2,2,2,2,2,1,20140421,4,6,2,4,,,,5,1,3,34,2,,2,3,2,3,1,2,3,4817,
1569,,,,1,1,2,2,1,2,2,2,2,2,2,20140723,7,8,2,3,,3,,3,1,2,34,2,1,4,1,5,4,3,4,3,3854,
1570,,,,1,2,2,2,1,2,2,2,2,2,2,20140515,5,7,2,3,,2,,2,1,3,5,2,1,4,4,2,2,1,2,3,1921,
1571,,,,2,2,2,2,2,2,2,2,2,2,2,20140713,7,10,2,3,,2,,2,1,2,5,2,1,5,,2,3,1,2,3,742,
1572,,,,2,2,2,2,2,2,2,2,2,2,2,20140713,7,6,1,3,,1,,1,1,0,34,2,1,4,3,5,5,1,2,3,6159,
1573,,,,1,2,2,2,1,2,2,2,2,2,2,20140729,7,3,2,1,1,2,,3,1,3,34,2,1,,4,,,,,1,1121,
1574,,,,1,2,2,2,1,2,2,2,2,2,2,20140505,5,7,1,3,,3,1,3,1,3,5,2,,4,4,5,5,3,4,3,6268,
1575,,,,2,2,2,2,2,2,2,2,2,2,2,20140715,7,10,2,3,,1,,1,1,0,5,2,1,1,4,3,1,2,3,3,1112,
1576,,,,2,2,2,2,2,2,2,2,2,2,2,20140718,7,8,2,3,,2,,2,1,2,34,2,1,6,4,5,2,3,4,3,2569,
1577,,,,2,2,2,2,2,2,2,2,1,2,2,20140525,5,1,1,1,2,2,2,4,1,2,34,2,1,,4,1,,,,1,1522,
1578,,,,2,2,2,2,2,2,2,2,2,2,2,20140416,4,2,2,4,,,,3,1,2,5,2,,,4,1,1,1,5,1,948,
1579,,,,2,2,2,2,2,2,2,2,2,2,2,20140714,7,2,2,1,4,2,,6,1,2,34,2,1,,3,1,,,,1,2277,
1580,,,,2,2,2,2,2,2,2,2,2,2,2,20140723,7,9,2,2,3,3,,6,2,3,34,2,2,2,4,1,1,1,2,3,3579,
1581,,,,2,2,2,2,2,2,2,2,2,2,2,20140715,7,2,1,1,2,2,,4,1,3,34,2,1,,,1,1,1,5,1,913,
1582,,,,1,2,2,2,2,2,2,2,2,2,2,20140509,5,4,2,4,,1,1,3,1,2,34,2,,,4,3,3,2,3,3,1494,
1583,,,,1,2,2,2,1,2,1,2,1,2,1,20140731,7,4,1,1,1,2,2,3,1,3,5,2,1,,3,5,5,2,5,,535,
1584,,,,2,2,2,2,2,2,2,2,2,2,2,20140728,7,1,1,1,2,2,,4,1,2,5,2,1,,4,1,1,1,5,1,1052,
1585,,,,1,2,2,2,2,2,1,2,1,2,2,20140803,8,3,1,1,1,2,,3,2,3,34,2,1,,4,2,1,3,5,1,730,
1586,,,,1,1,2,2,2,2,2,2,2,2,1,20140721,7,7,2,2,1,3,1,4,1,3,34,2,1,4,4,5,4,3,4,3,6836,
1587,,,,1,1,2,2,1,2,2,2,2,2,2,20140514,5,9,2,3,,2,,2,2,2,4,2,1,4,4,3,2,2,3,3,803,
1588,,,,2,2,2,2,2,2,2,2,2,2,2,20140711,7,10,1,3,,2,,2,1,2,4,2,1,3,4,5,5,2,3,3,1071,
1589,,,,2,2,2,2,2,2,2,2,2,2,2,20140720,7,7,1,3,,1,,1,1,0,5,2,1,2,3,4,4,2,3,3,8357,
1590,,,,1,1,2,2,1,2,2,2,2,2,2,20140714,7,9,2,3,,1,,1,1,0,5,2,1,2,1,3,3,1,2,3,1112,
1591,,,,2,2,2,2,2,2,2,2,2,2,2,20140724,7,9,2,3,,1,,1,2,1,4,2,1,6,4,2,3,1,2,3,402,
1592,,,,1,2,2,2,2,2,2,2,2,2,2,20140710,7,4,2,1,1,2,,3,1,3,5,2,1,,,1,2,1,5,,466,
1593,,,,2,2,2,2,2,2,2,2,2,2,2,20140521,5,8,1,3,,3,1,3,1,2,5,2,1,2,,4,4,2,3,3,8357,
1594,,,,1,2,2,2,2,2,2,2,2,2,2,20140513,5,7,2,3,,2,,2,1,2,5,2,1,2,1,3,3,1,2,3,2562,
1595,,,,1,1,2,1,2,2,2,2,2,2,2,20140513,5,10,1,3,,1,,1,1,1,34,2,1,1,2,4,4,2,3,3,777,
1596,,,,1,2,2,2,2,2,2,2,2,2,2,20140714,7,9,2,3,,2,,2,1,1,34,2,1,4,,,2,,,3,1153,
1597,,,,1,1,2,2,1,2,2,2,2,2,2,20140715,7,6,2,2,1,3,2,4,1,3,34,2,1,4,2,5,3,3,4,3,6836,
1598,,,,2,2,2,2,2,2,2,2,2,2,2,20140521,5,9,1,3,,1,,1,1,1,34,2,1,2,2,4,5,1,2,3,777,
1599,,,,2,2,2,2,2,2,2,2,2,2,2,20140723,7,10,2,3,,3,,3,2,3,34,2,1,1,4,1,1,1,2,2,692,
1600,,,,1,2,2,2,1,2,2,2,2,2,2,20140524,5,2,1,1,1,2,,3,1,2,4,2,1,,3,1,1,2,5,1,1360,
1601,,,,1,1,2,2,2,2,2,2,2,2,2,20140514,5,10,1,3,,2,,2,2,1,34,2,1,2,2,5,4,2,3,3,1037,
1602,,,,2,2,2,2,2,2,2,2,2,2,2,20140726,7,1,1,1,2,2,,4,1,2,5,2,1,,4,1,1,1,5,1,1052,
1603,,,,1,1,2,2,1,2,2,2,2,2,2,20140505,5,8,2,3,,1,1,1,1,0,5,2,,2,,3,4,1,2,3,3843,
1604,,,,1,2,2,2,2,2,2,2,2,2,2,20140524,5,4,2,1,2,2,,4,1,3,5,2,1,,4,2,4,1,5,,1087,
1605,,,,2,2,2,2,2,2,2,2,2,2,2,20140524,5,1,2,1,1,3,1,5,1,3,4,2,1,,2,1,1,4,5,1,1074,
1606,,,,1,2,2,2,1,2,2,2,2,2,2,20140505,5,9,1,3,,2,,2,1,2,5,2,,7,3,5,4,3,4,3,1255,
1607,,,,1,1,2,2,1,2,2,2,2,2,2,20140715,7,9,1,3,,2,,2,1,2,5,2,1,6,3,2,1,2,3,3,1255,
1608,,,,2,2,2,2,2,2,1,1,2,2,2,20140525,5,1,1,1,3,2,2,5,1,2,34,2,1,,3,1,1,4,5,1,1903,
1609,,,,2,2,2,2,2,2,2,2,2,2,2,20140723,7,10,1,3,,2,,2,1,1,34,2,1,7,2,3,4,1,2,3,1555,
1610,,,,1,2,2,2,2,2,2,2,2,2,2,20140517,5,6,2,2,1,3,1,4,1,3,34,2,1,2,4,2,1,1,2,3,6836,
1611,,,,2,2,2,2,2,2,2,2,2,2,2,20140715,7,8,2,3,,3,2,4,1,3,4,2,1,2,4,4,1,3,4,3,2746,
1612,,,,2,2,2,2,2,2,2,2,2,2,2,20140720,7,10,2,3,,1,,1,1,0,5,2,1,4,1,3,1,2,3,3,1112,
1613,,,,2,2,2,2,2,2,2,2,2,2,2,20140713,7,8,2,3,,1,,1,1,1,34,2,1,4,4,4,2,3,4,3,1927,
1614,,,,2,2,2,2,2,2,2,2,2,2,2,20140710,7,9,2,3,,2,,2,1,1,34,2,1,4,3,3,2,2,3,3,1153,
1615,,,,2,2,2,2,2,2,2,2,2,2,2,20140505,5,10,2,3,,1,,1,2,1,34,2,,1,1,2,1,1,2,3,288,
1616,,,,2,2,2,2,2,2,2,2,2,2,2,20140513,5,10,2,3,,1,,1,1,0,5,2,,2,1,1,1,1,2,3,1112,
1617,,,,1,2,2,2,2,2,2,2,2,2,1,20140713,7,4,1,3,1,3,,3,0,1,5,2,1,,1,5,5,3,4,3,25071,
1618,,,,2,2,2,2,2,2,2,2,2,2,2,20140717,7,3,1,1,2,2,,4,2,2,34,2,1,,3,1,1,1,5,1,1217,
1619,,,,1,2,2,2,2,2,1,2,1,2,2,20140506,5,4,2,1,1,1,1,2,2,2,34,2,,,,,3,,,,747,
1620,,,,1,1,2,1,1,2,2,2,1,2,2,20140508,5,3,1,1,1,2,,3,1,3,34,2,,,4,1,1,1,5,1,913,
1621,,,,2,2,2,2,2,2,2,2,2,2,2,20140506,5,10,1,3,,1,,1,1,1,5,2,,2,2,3,4,1,2,3,941,
1622,,,,2,2,1,1,2,1,1,2,1,2,2,20140715,7,8,2,3,,1,,1,1,0,34,2,1,6,,4,5,1,2,3,3854,
1623,,,,2,2,2,2,2,2,2,2,2,2,2,20140728,7,2,1,1,2,2,,4,1,3,5,2,1,,4,1,1,1,5,1,789,
1624,,,,1,1,2,1,1,2,2,2,2,2,2,20140505,5,9,1,3,,3,1,3,1,2,4,2,,4,2,3,3,2,3,2,1607,
1625,,,,1,2,2,2,2,2,2,2,2,2,2,20140803,8,4,2,3,,2,2,2,1,2,4,2,1,,4,2,5,1,1,3,1576,
1626,,,,2,2,2,2,2,2,2,2,2,2,2,20140712,7,10,2,3,,1,,1,1,0,5,2,1,6,1,5,2,3,4,3,1112,
1627,,,,1,1,1,2,1,2,2,2,1,2,2,20140710,7,1,2,1,2,3,1,5,1,3,34,2,1,,,1,1,4,5,1,1423,
1628,,,,2,2,2,2,2,2,2,2,2,2,2,20140729,7,1,1,1,1,2,,3,1,2,5,2,1,,4,1,1,4,5,1,789,
1629,,,,1,2,2,2,1,2,2,2,2,2,2,20140727,7,9,2,3,,3,,4,1,2,4,2,1,2,1,3,1,2,3,3,2142,
1630,,,,1,1,2,2,1,2,2,2,2,2,2,20140517,5,6,2,2,2,2,,4,0,2,34,2,1,2,3,3,3,1,2,3,17090,
1631,,,,2,2,2,2,2,2,2,2,1,2,2,20140523,5,1,1,1,4,2,,6,1,2,34,2,1,,2,1,,,,1,2283,
1632,,,,1,1,2,2,2,2,2,2,2,2,2,20140524,5,4,1,2,3,2,,2,1,3,5,2,,,4,3,5,1,5,,768,
1633,,,,2,2,2,2,2,2,2,2,2,2,2,20140529,5,4,2,1,2,2,,4,1,3,5,2,1,,,2,1,1,5,,1087,
1634,,,,1,2,2,2,2,2,2,2,2,2,2,20140415,4,3,2,4,,,,5,1,3,5,2,,,4,2,3,2,5,1,1358,
1635,,,,2,2,2,2,1,2,2,2,2,2,2,20140527,5,2,1,1,3,2,,5,1,2,5,2,1,,2,1,,,,1,1315,
1636,,,,2,2,2,2,2,2,2,2,2,2,2,20140723,7,9,2,3,,2,1,2,1,2,4,2,1,5,,3,1,2,3,3,1071,
1637,,,,1,1,2,2,1,2,2,2,1,2,2,20140526,5,1,2,1,1,2,,3,1,2,4,2,1,,4,1,1,1,5,1,1288,
1638,,,,1,2,2,2,2,2,2,2,2,2,2,20140526,5,9,1,3,,1,,2,2,2,5,2,1,1,,3,3,2,3,3,941,
1639,,,,2,2,2,2,2,2,2,2,2,2,2,20140522,5,10,2,3,,1,,1,1,1,34,2,1,1,2,2,3,1,2,3,577,
1640,,,,1,2,2,2,1,2,2,2,2,2,2,20140520,5,9,2,3,,1,1,1,1,1,34,2,1,4,4,2,3,1,2,3,577,
1641,,,,1,1,2,1,1,2,2,2,2,2,2,20140506,5,10,2,3,,2,1,2,1,2,5,2,,7,1,4,1,3,4,3,742,
1642,,,,2,2,2,2,2,2,2,2,2,2,2,20140719,7,2,2,1,1,3,1,4,1,3,4,2,1,,4,1,,,,1,1288,
1643,,,,2,2,2,2,2,2,2,2,2,2,2,20140529,5,3,1,1,2,2,,4,1,2,4,2,1,,4,1,1,1,5,1,1867,
1644,,,,1,2,2,2,2,2,2,2,2,2,2,20140530,5,3,1,1,3,2,,5,1,3,34,2,,,3,5,5,3,5,1,1521,
1645,,,,2,2,2,2,2,2,2,2,2,2,2,20140412,4,9,1,4,,,,2,1,1,34,2,,4,2,4,4,2,3,3,1555,
1646,,,,2,2,2,2,2,2,2,2,2,2,2,20140714,7,10,1,3,,2,,2,1,1,34,2,1,1,,3,3,1,2,3,1555,
1647,,,,2,2,2,2,2,2,2,2,2,2,2,20140529,5,3,2,1,1,2,,3,1,3,4,2,1,,4,1,2,1,5,1,1746,
1648,,,,1,2,2,1,2,2,2,2,2,2,2,20140730,7,3,2,1,3,2,,5,1,2,5,2,1,,4,1,1,1,5,1,1811,
1649,,,,1,2,2,2,2,2,2,2,1,2,2,20140520,5,1,2,1,1,2,,3,1,2,34,2,1,,,1,,,,1,1138,
1650,,,,1,2,2,2,1,2,1,2,2,2,2,20140526,5,1,2,1,1,3,,4,1,3,34,2,1,,3,1,1,1,5,1,1138,
1651,,,,1,2,2,2,2,2,2,2,2,2,2,20140730,7,1,2,1,2,2,,4,1,2,5,2,1,,,1,,,,1,1265,
1652,,,,2,2,2,2,2,2,2,2,2,2,2,20140726,7,9,2,3,,1,,1,1,0,34,2,1,1,1,3,1,2,3,3,1153,
1653,,,,2,2,2,2,1,2,2,2,2,2,2,20140719,7,10,2,3,,3,,3,2,3,5,2,1,1,,2,,,,3,667,
1654,,,,1,2,2,1,1,2,2,2,2,2,2,20140424,4,9,1,4,,,,5,1,3,5,2,,1,2,5,5,2,3,3,1568,
1655,,,,2,2,2,2,2,2,2,2,2,2,2,20140505,5,10,2,3,,2,2,2,1,1,5,2,,6,3,2,2,1,2,3,1112,
1656,,,,1,2,2,2,1,2,1,2,1,2,2,20140415,4,7,1,4,,,,2,1,2,34,2,,6,4,5,5,2,3,3,4106,
1657,,,,2,2,2,2,1,2,2,2,2,2,2,20140713,7,7,2,3,,2,,2,1,2,4,2,1,4,4,3,3,1,2,3,2288,
1658,,,,2,2,2,2,2,2,2,2,2,2,2,20140722,7,8,2,3,,1,,1,1,0,34,2,1,5,1,3,1,2,3,3,3854,
1659,,,,1,1,2,2,2,2,2,2,2,2,2,20140712,7,7,1,3,,2,,2,1,0,5,2,1,2,1,5,4,3,4,3,16714,
1660,,,,1,2,2,2,2,2,2,2,2,2,2,20140422,4,9,1,4,,,,2,1,2,4,2,,7,4,5,5,3,4,3,1071,
1661,,,,2,2,2,2,2,2,2,2,2,2,2,20140720,7,8,1,3,,1,,1,2,0,5,2,1,6,2,5,5,1,2,3,4179,
1662,,,,1,2,2,2,1,2,1,2,2,1,2,20140714,7,7,2,2,3,2,2,5,1,3,4,2,1,7,4,4,3,2,3,3,14132,
1663,,,,2,2,2,2,2,2,2,2,2,2,2,20140714,7,3,1,1,1,3,2,5,1,3,5,2,1,,4,1,,,,1,1070,
1664,,,,1,2,2,2,1,2,2,2,2,2,2,20140730,7,1,2,1,5,1,,6,2,2,34,2,1,,2,,,,,1,1708,
1665,,,,2,2,2,2,2,2,2,2,2,2,2,20140720,7,6,2,2,3,2,,5,2,2,5,2,1,2,3,5,3,3,4,3,13339,
1666,,,,1,1,2,1,1,2,2,2,2,2,2,20140801,8,2,2,1,2,2,,4,1,2,4,2,1,,4,1,1,1,5,1,1718,
1667,,,,1,1,2,2,2,2,2,2,2,2,2,20140715,7,9,2,3,,1,,1,1,1,34,2,1,1,2,2,4,1,2,3,577,
1668,,,,2,2,2,2,2,2,2,2,2,2,2,20140713,7,9,1,3,,1,,1,1,1,34,2,1,6,2,5,4,3,4,3,777,
1669,,,,2,2,2,2,2,2,2,2,2,2,2,20140505,5,5,2,2,1,2,2,3,1,2,34,2,,7,4,3,1,2,3,3,8545,
1670,,,,2,2,2,2,2,2,2,2,2,2,2,20140730,7,1,2,1,1,2,,3,1,2,4,2,1,,4,1,1,4,5,1,1288,
1671,,,,2,2,2,2,1,2,2,2,2,2,2,20140727,7,3,2,1,1,2,,3,1,3,34,2,1,,4,2,3,1,5,1,1121,
1672,,,,2,2,2,2,2,2,2,2,2,2,2,20140724,7,4,2,1,1,2,2,3,1,3,34,2,1,,1,5,1,3,5,,1121,
1673,,,,1,2,2,2,1,2,2,2,2,2,2,20140713,7,8,2,3,,2,,2,2,2,5,2,1,4,3,2,3,1,2,3,1921,
1674,,,,1,2,2,1,2,2,2,2,1,2,1,20140505,5,9,2,3,,1,,1,1,0,5,2,,7,2,2,1,2,3,3,1112,
1675,,,,2,2,2,2,2,2,2,2,2,2,2,20140416,4,2,1,4,,,,5,1,2,4,2,,,4,1,1,3,5,1,2267,
1676,,,,2,2,2,2,2,2,2,2,2,2,2,20140723,7,9,1,3,,2,,2,1,2,5,2,1,6,2,4,4,2,3,3,1255,
1677,,,,2,2,2,2,2,2,2,2,2,2,2,20140715,7,4,2,2,1,2,2,3,1,3,5,2,1,,3,2,2,1,2,3,1756,
1678,,,,2,2,2,2,2,2,2,2,1,2,2,20140505,5,7,2,3,,2,,2,1,2,34,2,,6,4,4,3,2,3,3,2569,
1679,,,,2,2,2,2,2,2,2,2,2,2,2,20140719,7,10,2,3,,2,,2,1,1,4,2,1,2,4,4,2,3,4,3,1606,
1680,,,,1,2,2,1,1,2,2,2,2,2,1,20140505,5,2,2,1,1,2,,3,1,2,34,2,,,4,1,1,1,5,1,1138,
1681,,,,1,2,2,2,2,2,2,2,2,2,2,20140805,8,3,1,1,2,3,,5,1,3,34,2,1,,4,1,1,1,5,1,1217,
1682,,,,1,2,2,2,1,2,2,2,2,1,2,20140731,7,1,2,1,1,2,2,3,1,3,5,2,1,,4,1,1,4,5,1,711,
1683,,,,1,1,2,1,1,2,1,2,1,2,2,20140505,5,6,2,2,2,2,2,4,1,2,34,2,,5,4,3,3,1,2,3,11393,
1684,,,,1,1,2,2,1,2,2,2,2,2,2,20140417,4,7,2,4,,,,2,1,1,5,2,,3,2,2,4,1,2,3,3843,
1685,,,,2,2,2,2,2,2,2,2,2,2,2,20140414,4,8,2,4,,,,4,1,2,4,2,,,2,3,1,3,4,3,4576,
1686,,,,1,2,2,2,2,2,2,2,2,2,2,20140911,9,1,2,1,2,2,,4,1,1,5,2,1,,4,1,1,1,5,1,1897,
1687,,,,2,2,2,2,2,2,2,2,2,2,2,20140922,9,9,2,3,,1,,1,1,1,4,2,1,4,,2,1,2,3,3,803,
1688,,,,2,2,2,2,2,2,2,2,2,2,2,20140912,9,9,1,3,,3,,3,1,1,5,2,1,2,3,3,2,2,3,3,2823,
1689,,,,1,1,2,2,2,2,2,2,2,2,2,20140911,9,8,2,3,,1,,2,1,2,5,2,1,6,4,2,3,1,2,3,2562,
1690,,,,2,2,2,2,2,2,2,2,2,2,2,20141003,10,2,2,1,2,2,,4,1,2,5,2,1,,,,,,,1,1265,
1691,,,,2,2,2,2,2,2,2,2,2,2,2,20140911,9,10,1,3,,2,,2,1,0,34,2,1,2,2,4,4,2,3,3,3110,
1692,,,,1,2,2,2,1,2,2,2,2,2,2,20141006,10,2,1,1,2,3,1,5,1,3,34,2,1,,4,1,1,1,5,1,1427,
1693,,,,1,2,2,2,2,2,2,2,2,2,2,20150106,1,1,2,1,2,2,,4,1,2,4,2,1,,4,1,1,1,5,1,1718,
1694,,,,2,2,2,2,2,2,2,2,2,2,2,20140921,9,9,1,3,,2,,2,1,2,4,2,1,3,4,5,4,3,4,3,1071,
1695,,,,2,2,2,2,1,2,2,2,2,2,2,20140914,9,10,2,3,,1,,1,1,0,34,2,1,,2,3,2,2,3,3,1153,
1696,,,,1,1,2,2,2,2,2,2,1,2,2,20140921,9,2,1,1,3,2,,5,1,2,5,2,1,,,1,,,,1,1315,
1697,,,,1,2,2,1,1,2,2,2,1,2,2,20141009,10,3,1,1,3,2,,5,2,3,34,2,1,,4,3,4,1,5,1,1217,
1698,,,,2,2,2,2,2,2,2,2,2,2,2,20140918,9,8,1,3,,2,,2,1,2,4,2,1,4,4,5,4,3,4,3,4839,
1699,,,,1,1,2,2,1,2,2,2,2,2,2,20141009,10,3,2,1,2,2,2,4,1,3,34,2,1,,4,1,1,1,5,1,1195,
1700,,,,1,2,1,2,1,2,1,2,1,2,1,20141002,10,4,2,1,2,1,,2,1,1,34,2,1,,1,2,2,1,5,,1494,
1701,,,,1,2,2,1,1,2,1,2,1,1,2,20140929,9,4,2,2,1,3,1,5,2,3,5,2,1,,4,2,4,1,2,3,1672,
1702,,,,2,2,2,2,2,2,2,2,2,2,2,20140925,9,2,2,1,2,2,,4,1,2,34,2,1,,4,1,,,,1,1518,
1703,,,,2,1,2,1,1,2,2,2,2,2,2,20140912,9,3,2,1,3,2,,5,1,3,4,2,1,,4,1,3,1,5,1,1940,
1704,,,,1,2,2,2,1,2,2,2,2,2,2,20140805,8,3,2,1,3,2,,5,1,2,34,2,1,,4,1,1,1,5,1,2490,
1705,,,,2,2,2,2,2,2,2,2,2,2,2,20140803,8,1,1,1,2,2,,4,1,2,34,2,1,,4,1,1,3,5,1,1522,
1706,,,,1,2,2,2,1,2,2,2,2,2,2,20140805,8,3,2,1,3,3,1,6,1,3,34,2,1,,4,1,1,1,5,1,1281,
1707,,,,1,2,2,2,2,2,2,2,2,2,2,20140913,9,9,1,3,,2,,2,1,2,5,2,1,6,4,5,5,3,4,3,1255,
1708,,,,2,2,2,2,2,2,1,2,1,2,2,20140912,9,7,1,3,,3,1,3,1,,34,2,1,2,2,3,5,1,2,3,18477,
1709,,,,2,2,2,2,2,2,2,2,2,2,2,20140918,9,9,2,3,,1,,1,1,1,5,2,1,4,1,3,2,2,3,3,556,
1710,,,,2,2,2,2,2,2,2,2,2,2,2,20140917,9,2,1,1,1,2,1,3,1,2,34,2,1,,4,1,1,1,5,1,1142,
1711,,,,1,2,2,1,2,2,1,2,1,2,2,20140920,9,1,2,1,1,2,,3,1,2,34,2,1,,2,1,1,4,5,1,1138,
1712,,,,1,2,2,1,1,2,2,2,2,2,2,20140920,9,8,1,3,,2,,2,1,2,34,2,1,4,4,5,5,2,3,3,4106,
1713,,,,2,2,2,2,2,2,2,2,2,2,2,20140929,9,3,1,1,1,2,,3,1,2,34,2,1,,2,1,1,1,5,1,1217,
1714,,,,2,2,2,2,2,2,2,2,2,2,2,20140921,9,10,1,3,,1,,1,1,1,4,2,1,6,4,3,5,1,2,3,803,
1715,,,,1,2,2,1,1,2,2,2,2,2,2,20140918,9,7,2,3,,3,3,5,1,3,4,2,1,4,4,4,4,2,3,3,2860,
1716,,,,2,2,2,2,2,2,2,2,2,2,2,20140912,9,8,2,3,,2,,2,1,2,34,2,1,4,3,2,2,2,3,3,2569,
1717,,,,2,2,2,2,2,2,2,2,1,2,2,20141006,10,1,2,1,2,2,,4,1,2,34,2,1,,4,1,1,4,5,1,1518,
1718,,,,1,2,2,2,2,2,2,2,1,2,1,20140803,8,2,1,1,3,2,,5,1,2,5,2,1,,2,1,1,2,5,1,1315,
1719,,,,2,2,2,2,2,2,2,2,2,2,2,20140921,9,3,1,1,2,2,,4,2,3,4,2,1,,4,1,2,1,5,1,934,
1720,,,,1,2,1,2,2,2,2,2,1,2,2,20140920,9,8,1,3,,2,1,3,2,1,34,2,1,1,,1,3,1,1,3,6159,
1721,,,,2,2,2,2,2,2,2,2,2,2,2,20140910,9,8,1,2,1,3,1,4,1,2,5,2,1,5,3,5,5,3,4,3,30943,
1722,,,,1,1,2,2,1,2,2,2,1,2,2,20140920,9,10,2,3,,2,,2,1,1,34,2,1,4,,2,2,1,2,3,1153,
1723,,,,2,2,2,2,2,2,2,2,2,2,2,20141005,10,2,1,1,3,2,2,5,1,1,5,2,1,,4,1,1,1,5,1,1972,
1724,,,,1,1,2,2,1,2,1,1,2,2,2,20140920,9,7,2,2,1,3,2,5,1,3,34,2,,2,2,5,3,3,4,3,10681,
1725,,,,,2,2,2,2,2,1,2,1,2,2,20140929,9,2,2,1,5,2,2,6,1,1,5,2,1,,2,,,,,1,3320,
1726,,,,1,2,2,2,1,2,2,2,2,2,2,20140920,9,8,2,3,,2,,2,1,2,4,2,1,7,4,3,2,2,3,3,2288,
1727,,,,2,2,2,2,2,2,2,2,2,2,2,20140930,9,5,1,2,3,2,,5,1,1,5,2,1,6,3,5,5,2,3,2,58019,
1728,,,,2,2,2,2,2,2,2,2,2,2,2,20141008,10,4,1,2,2,3,3,5,1,3,34,2,1,,,,,,,3,11380,
1729,,,,2,2,2,2,2,2,2,2,2,2,2,20140913,9,2,2,1,2,2,2,4,1,3,34,2,1,,4,1,1,1,5,1,1138,
1730,,,,2,2,2,2,2,2,2,2,2,2,2,20140913,9,10,1,3,,2,2,2,2,1,4,2,1,6,1,3,4,1,2,3,1071,
1731,,,,1,2,2,2,1,2,2,2,2,2,2,20141001,10,1,1,1,3,2,,5,1,2,34,2,1,,4,1,1,4,5,1,1903,
1732,,,,2,2,2,2,2,2,2,2,2,2,2,20140803,8,2,1,1,1,3,1,4,2,3,4,2,1,,2,1,1,1,5,1,1088,
1733,,,,1,2,2,2,2,2,1,2,1,2,2,20140915,9,2,1,1,2,3,3,5,1,3,34,2,1,,4,1,1,3,5,1,1427,
1734,,,,1,2,2,2,2,2,2,2,2,2,2,20140922,9,9,2,3,,1,,1,1,1,34,2,1,,,3,2,2,3,3,577,
1735,,,,2,2,2,2,2,2,2,2,2,2,2,20140918,9,10,2,3,,2,1,2,1,2,34,2,1,2,2,1,1,1,2,3,769,
1736,,,,1,2,2,2,1,2,2,2,2,2,2,20140803,8,3,2,1,3,2,,5,1,3,34,2,1,,3,1,3,1,5,1,1868,
1737,,,,2,2,2,2,2,2,2,2,2,2,2,20140918,9,7,1,3,,3,,3,1,3,4,2,1,4,2,5,5,2,3,3,5444,
1738,,,,1,1,2,2,1,2,2,2,2,2,2,20141006,10,4,1,2,1,3,1,4,1,3,4,2,1,,4,2,4,1,2,3,3747,
1739,,,,1,2,2,2,1,2,2,2,2,2,2,20140930,9,4,1,1,1,2,,3,2,3,5,2,1,,2,4,5,2,5,,642,
1740,,,,1,2,,2,2,2,2,2,2,2,2,20140910,9,7,2,2,1,3,1,4,1,3,4,2,1,7,4,3,1,2,3,3,11305,
1741,,,,1,1,1,1,1,2,2,2,2,2,2,20140910,9,9,1,2,1,2,,3,2,2,34,2,1,4,1,5,4,3,4,3,2068,
1742,,,,2,2,2,2,2,2,2,2,2,2,2,20140923,9,5,2,3,,1,,1,1,1,4,2,1,4,2,2,2,1,2,3,1716,
1743,,,,1,2,2,2,2,2,2,2,2,2,2,20141004,10,2,1,1,1,2,,3,1,2,34,2,1,,4,1,1,1,5,1,1142,
1744,,,,1,2,2,1,1,2,1,2,1,2,2,20140805,8,4,1,1,2,2,,4,2,3,34,2,1,,3,5,5,2,5,,609,
1745,,,,2,2,2,2,2,2,2,2,1,1,2,20141001,10,2,1,1,1,2,,3,1,3,5,2,1,,4,1,1,1,5,1,592,
1746,,,,1,2,2,2,1,2,2,2,2,2,1,20141007,10,1,2,1,1,2,,3,1,2,5,2,1,,4,1,,,,1,948,
1747,,,,1,2,2,2,1,2,1,2,2,2,1,20140918,9,10,1,3,,2,,2,1,1,34,2,1,1,1,4,4,2,3,3,1555,
1748,,,,2,2,2,2,2,2,2,2,2,2,2,20140922,9,9,2,3,,1,,1,1,0,34,2,1,6,,2,3,1,2,3,1153,
1749,,,,1,2,2,1,1,2,1,2,1,2,2,20140913,9,7,2,3,,3,,3,2,3,34,2,1,2,4,4,4,2,3,3,2312,
1750,,,,1,2,1,1,2,2,1,2,1,1,2,20140922,9,5,1,2,2,2,1,4,1,0,34,2,1,4,4,5,5,3,4,3,54625,
1751,,,,2,2,2,2,2,2,2,2,2,2,2,20140924,9,9,1,3,,1,,1,1,1,34,2,1,1,1,4,5,1,2,3,777,
1752,,,,1,1,1,2,1,2,2,2,2,2,2,20140910,9,9,2,3,,3,1,3,1,3,4,2,1,4,,,1,,,3,1205,
1753,,,,1,2,2,2,1,2,2,2,2,2,2,20140916,9,10,2,3,,3,2,5,1,3,34,2,1,1,4,1,2,1,1,2,1153,
1754,,,,1,2,2,2,2,2,2,2,2,2,2,20140913,9,8,2,3,,2,,2,1,1,5,2,1,5,2,3,3,2,3,3,3843,
1755,,,,2,2,2,2,2,2,2,2,2,2,2,20150106,1,1,2,1,1,2,,3,1,2,4,2,1,,,1,,,,1,1288,
1756,,,,2,2,2,2,2,2,2,2,2,2,2,20140921,9,9,2,3,,1,,1,1,0,5,2,1,7,1,2,3,1,2,3,1112,
1757,,,,1,1,2,2,2,2,2,2,2,2,2,20140920,9,1,1,1,2,2,,4,1,2,5,2,1,,4,1,1,2,5,1,1052,
1758,,,,2,2,2,2,2,2,2,2,2,2,2,20141001,10,1,1,1,4,2,,6,1,2,5,2,1,,4,1,1,4,5,1,1578,
1759,,,,2,2,2,2,2,2,2,2,2,2,2,20140915,9,9,1,3,,2,,2,1,1,4,2,1,3,,4,5,2,3,3,1607,
1760,,,,2,2,2,2,2,2,2,2,2,2,2,20140910,9,7,2,2,3,2,,6,1,3,4,2,1,4,4,2,3,1,2,3,9690,
1761,,,,1,2,2,2,1,2,2,2,2,2,2,20140918,9,8,2,3,,2,,2,1,2,34,2,1,4,3,5,3,3,4,3,2569,
1762,,,,1,2,2,2,2,2,2,2,2,2,2,20140913,9,9,1,3,,2,,2,1,2,34,2,1,6,3,4,4,2,3,3,1037,
1763,,,,2,2,2,2,2,2,2,2,2,2,2,20140923,9,9,1,3,,2,,2,1,1,5,2,1,1,3,3,3,2,3,3,1882,
1764,,,,1,2,2,2,2,2,2,2,1,2,2,20141009,10,2,2,1,3,2,,5,1,2,34,2,,,4,1,1,2,5,1,1897,
1765,,,,2,2,2,2,2,2,2,2,2,2,2,20140915,9,10,2,3,,1,,1,1,0,5,2,1,2,1,,1,,,3,1112,
1766,,,,1,2,2,2,1,2,2,2,1,2,2,20141002,10,1,2,1,2,3,,5,1,3,34,2,1,,4,1,1,3,5,1,1423,
1767,,,,2,2,2,2,2,2,2,2,2,2,2,20140918,9,8,1,3,,2,,2,1,1,34,2,1,1,1,4,4,2,3,3,6159,
1768,,,,2,2,2,2,2,2,2,2,2,2,2,20140910,9,9,1,3,,2,,2,1,1,4,2,1,4,4,3,5,1,2,3,1607,
1769,,,,2,2,2,2,2,2,2,2,2,2,2,20140913,9,6,1,2,2,2,,4,1,2,4,2,1,4,4,5,5,2,3,3,31882,
1770,,,,2,2,2,2,2,2,2,2,2,2,2,20141005,10,4,1,1,1,3,4,5,1,3,4,2,1,,2,1,,,,,1167,
1771,,,,1,2,2,2,2,2,2,2,2,2,2,20140918,9,5,1,2,1,3,,5,1,3,5,2,1,3,4,4,5,1,2,3,23208,
1772,,,,1,1,2,2,1,2,2,2,2,2,2,20140918,9,3,2,1,1,3,1,4,2,3,4,2,1,,4,2,1,2,5,1,1863,
1773,,,,1,2,2,,1,2,2,2,2,2,2,20140929,9,2,1,1,4,2,2,2,1,2,5,2,1,,4,1,1,3,5,1,526,
1774,,,,2,2,2,2,2,2,2,2,2,2,2,20140929,9,4,1,1,3,2,,5,1,3,4,2,1,,,2,3,1,5,,1401,
1775,,,,2,2,2,2,2,2,2,2,2,2,2,20140912,9,8,2,3,,2,,2,1,1,4,2,1,6,1,2,3,1,2,3,3432,
1776,,,,1,2,2,1,1,2,2,2,2,2,2,20140917,9,4,2,2,1,3,1,4,1,3,5,2,1,,3,4,4,2,3,3,10671,
1777,,,,2,2,2,2,2,2,2,2,2,2,2,20140920,9,10,2,3,,1,,1,2,1,5,2,1,6,,2,2,1,2,3,222,
1778,,,,2,2,2,2,2,2,2,2,2,2,2,20140910,9,9,2,3,,2,,2,1,1,34,2,1,4,2,3,2,2,3,3,1153,
1779,,,,2,2,2,2,2,2,2,2,2,2,2,20140930,9,2,2,1,2,3,,5,1,3,4,2,1,,4,1,1,3,5,1,1074,
1780,,,,1,2,2,2,1,2,2,2,2,2,2,20140929,9,3,2,1,2,2,,4,1,3,5,2,1,,4,1,2,1,5,1,869,
1781,,,,2,2,2,2,2,2,2,2,2,2,2,20140916,9,10,2,3,,3,1,3,1,2,4,2,1,7,,2,1,1,2,3,1606,
1782,,,,2,2,2,2,2,2,2,2,2,2,2,20140801,8,3,1,1,1,2,,3,1,0,34,2,1,,1,2,2,2,5,1,3651,
1783,,,,2,2,2,2,2,2,2,2,2,2,2,20140918,9,10,1,3,,2,,2,1,1,4,2,1,6,2,5,5,2,3,3,1607,
1784,,,,2,2,2,2,2,2,2,2,2,2,2,20140927,9,2,1,1,2,2,,4,1,2,34,2,1,,2,1,1,2,5,1,1522,
1785,,,,2,2,2,2,1,2,2,2,2,2,2,20140919,9,7,1,3,,2,,2,1,2,34,2,1,2,4,5,1,3,4,3,4106,
1786,,,,2,2,2,2,2,2,2,2,2,2,2,20140918,9,2,1,1,2,3,,6,1,3,5,2,1,,4,1,1,3,5,1,1052,
1787,,,,1,2,2,1,1,2,2,2,2,2,2,20141005,10,4,1,1,2,2,,4,1,3,4,2,1,,4,1,3,1,5,,1120,
1788,,,,1,2,2,2,2,2,2,2,2,2,1,20140929,9,2,1,1,3,3,3,6,1,3,34,2,,,4,1,,,,1,1712,
1789,,,,1,1,2,2,2,2,2,2,2,2,2,20140920,9,8,2,3,,3,1,3,1,2,5,2,1,2,2,4,3,2,3,3,3843,
1790,,,,1,2,2,1,1,2,2,2,2,2,2,20140914,9,8,1,3,,2,,2,2,2,34,2,1,1,4,5,4,3,4,2,3080,
1791,,,,2,2,2,2,2,2,2,2,2,2,2,20150325,3,3,2,1,2,3,,5,1,3,5,2,1,,3,2,2,2,5,1,1358,
1792,,,,2,2,2,2,2,2,2,2,2,2,2,20150319,3,2,2,1,2,3,,5,1,2,5,2,1,,2,1,1,3,5,1,1581,
1793,1,1,1,2,2,2,2,2,2,2,2,2,2,2,20150214,2,10,2,3,,1,,1,2,0,4,2,1,2,2,3,3,2,3,3,803,70+
1794,,,,2,2,2,2,2,2,2,2,2,2,2,20150315,3,4,2,1,2,2,,4,1,3,5,2,1,,4,1,3,1,5,,869,
1795,1,1,2,2,2,2,2,2,2,2,2,1,1,2,20150211,2,9,1,3,,1,,1,1,1,4,2,1,4,1,4,4,2,3,3,803,60+
1796,3,2,1,2,2,2,2,2,2,2,2,2,2,2,20150218,2,9,1,3,,2,,2,1,1,4,2,1,7,2,3,4,1,2,3,1607,75+
1797,,,,1,2,2,2,2,1,2,2,2,2,1,20150322,3,3,1,1,1,3,1,4,1,3,5,2,1,,4,2,5,1,5,1,856,
1798,,,,2,2,2,2,2,2,2,2,2,2,2,20150212,2,10,1,3,,3,3,3,0,2,34,2,1,1,1,3,4,1,2,2,2332,
1799,,,,2,2,2,2,2,2,2,2,2,2,2,20150324,3,1,1,1,1,3,1,4,2,3,5,2,1,,4,1,1,4,5,1,631,
1800,1,,1,1,1,2,2,1,2,2,2,2,2,1,20150210,2,8,2,3,,1,,1,1,1,4,2,1,3,2,3,2,2,3,3,1716,"Pas d’âge, santé implicite"
1801,1,,1,1,2,2,2,2,2,2,2,2,2,2,20150326,3,4,1,2,1,3,3,4,1,3,34,2,1,,,4,5,2,3,3,1838,55+
1802,3,,,2,2,2,2,2,2,2,2,2,2,2,20150322,3,10,1,3,,1,,1,1,,5,2,1,,,,,,,3,1882,
1803,,,,2,2,2,2,2,2,2,2,2,2,2,20150221,2,1,1,1,2,3,,5,1,3,4,2,1,,3,1,1,3,5,1,1700,
1804,1,1,1,1,2,2,2,2,2,2,2,2,2,2,20150316,3,9,1,3,,2,,3,2,2,4,2,1,1,2,4,5,1,2,3,1205,65+
1805,1,2,1,2,2,2,1,2,2,2,2,2,2,1,20150323,3,4,1,2,3,3,1,6,1,3,5,2,1,,4,3,5,1,2,3,2766,70+
1806,,,,1,2,2,,1,2,2,2,2,2,2,20150218,2,9,2,3,,2,,2,1,1,34,2,1,4,2,2,1,2,3,2,1153,
1807,1,2,1,2,2,2,2,2,2,2,2,2,2,2,20150214,2,10,2,3,,1,,1,1,1,4,2,1,4,4,4,1,3,4,3,803,70+
1808,,,,1,2,2,1,1,2,2,2,2,2,2,20150321,3,3,2,1,1,2,,3,2,3,5,2,1,,4,1,2,1,5,1,652,
1809,1,2,1,1,2,2,1,1,2,2,2,2,2,1,20150213,2,8,2,3,,2,,2,1,1,4,2,1,6,,2,3,1,2,3,3432,
1810,1,1,1,2,2,2,2,2,2,2,2,2,2,2,20150210,2,9,2,3,,2,,2,1,1,4,2,1,5,4,4,2,3,4,3,1606,
1811,1,1,1,1,1,2,2,1,2,2,2,2,2,2,20150213,2,8,2,3,,3,2,3,1,3,4,2,1,5,4,3,3,2,3,3,2574,80+
1812,,,,1,2,2,2,1,2,2,2,2,2,2,20150218,2,1,1,1,2,2,2,4,1,2,4,2,1,,4,1,1,4,5,1,1814,
1813,,,,2,2,2,2,2,2,2,2,2,2,2,20150318,3,1,2,1,1,2,,3,1,2,4,2,1,,4,1,1,4,5,1,1288,
1814,,,,1,1,2,2,2,2,2,2,2,2,2,20150226,2,4,2,1,2,3,1,5,1,3,4,2,1,,4,,3,,,,1940,
1815,3,1,1,2,2,2,2,2,2,2,2,2,2,2,20150219,2,10,1,3,,1,,1,1,0,4,2,1,2,1,4,5,1,2,3,1607,
1816,1,2,1,1,1,2,2,1,2,2,2,2,2,2,20150210,2,8,1,3,,2,,2,1,2,4,2,1,7,4,5,5,2,3,3,4839,Plus vieux que moi
1817,,,,2,2,2,2,2,2,2,2,2,2,2,20150212,2,2,1,1,2,3,3,5,1,3,4,2,1,,,1,,,,1,1700,
1818,1,1,1,2,2,2,2,2,2,2,2,2,2,2,20150211,2,8,2,2,2,2,2,4,1,3,4,2,1,7,4,2,1,1,2,3,9044,80+
1819,1,1,1,1,2,2,1,1,2,2,2,2,2,2,20150210,2,7,1,3,,3,3,5,1,3,4,2,1,7,4,4,4,2,3,3,7259,65+
1820,1,,1,1,2,2,2,2,2,2,2,2,2,2,20150218,2,4,2,3,,2,,2,1,2,4,2,1,,,2,3,1,2,3,2288,70+
1821,1,,1,2,2,2,2,2,2,2,2,2,2,2,20150218,2,10,1,3,,1,,1,1,1,4,2,1,5,2,3,4,1,2,3,803,65+
1822,1,2,1,1,2,2,1,1,2,2,2,2,2,1,20150316,3,5,2,3,,2,,2,1,2,4,2,1,7,3,4,3,3,4,3,2288,70+
1823,1,1,1,2,2,2,2,2,2,2,2,2,2,2,20150313,3,9,2,2,2,2,,4,1,1,5,2,1,4,4,2,5,1,1,3,6178,90+
1824,1,1,1,2,2,2,2,2,2,2,2,2,2,2,20150316,3,7,1,3,,1,,1,1,1,4,2,1,4,1,4,5,2,3,3,3630,70+
1825,,,,2,2,2,2,2,2,2,2,2,2,2,20150322,3,1,1,1,5,2,,6,1,2,34,2,1,,2,1,1,4,5,1,2664,
1826,1,1,1,1,1,2,2,2,2,2,2,2,2,2,20150211,2,8,2,3,,3,2,3,1,1,4,2,1,2,,5,2,3,4,3,5148,75+
1827,,,,2,2,2,2,2,2,2,2,2,2,2,20150301,3,3,1,1,3,2,,5,1,2,34,2,1,,4,1,1,1,5,1,2028,
1828,,,,1,2,2,2,1,2,2,2,2,2,2,20150312,3,7,1,3,,3,3,5,2,2,5,2,1,1,4,2,1,1,2,2,8357,
1829,,,,1,2,2,2,1,2,2,2,2,2,2,20150318,3,4,2,1,3,3,1,6,1,3,4,2,1,,4,2,4,1,5,,2794,
1830,,,,2,2,2,2,1,2,2,2,2,2,2,20150228,2,3,1,1,1,3,2,6,1,3,5,2,1,,3,,1,,,1,1070,
1831,1,2,1,2,2,2,2,2,2,2,2,2,2,2,20150219,2,8,2,3,,2,,2,1,0,34,2,1,4,,3,3,1,2,3,7708,80+
1832,1,2,1,1,2,1,2,2,2,2,2,2,2,2,20150212,2,10,1,3,,2,,2,1,2,4,2,1,6,2,4,3,2,3,3,1071,60+
1833,1,,1,2,2,2,2,2,2,2,2,2,2,2,20150314,3,7,2,2,2,2,,4,1,2,4,2,1,5,4,2,1,2,3,3,15074,65+
1834,,,,2,2,2,2,2,2,2,2,2,2,2,20150325,3,3,1,1,2,2,,4,1,3,4,2,1,,4,1,1,1,5,1,1401,
1835,1,1,1,1,1,1,1,1,2,2,2,2,2,1,20150218,2,10,2,3,,1,,1,1,1,4,2,1,6,2,3,4,1,2,3,803,70+
1836,1,1,1,1,2,1,2,1,2,2,2,2,2,2,20150213,2,7,1,3,,1,,1,1,0,4,2,1,6,4,3,5,1,2,3,7259,55+
1837,,,,2,2,2,2,2,2,2,2,2,2,2,20150225,2,1,2,2,1,2,,3,1,2,4,2,1,,4,1,1,4,5,1,4308,
1838,,,,2,2,2,2,2,2,2,2,2,2,2,20150322,3,1,2,1,1,2,,3,1,2,5,2,1,,4,1,1,4,5,1,948,
1839,,,,2,2,2,2,2,2,2,2,2,2,2,20150225,2,2,1,1,2,2,,4,1,2,4,2,1,,4,1,1,3,5,1,1814,
1840,,,,2,2,2,2,2,2,2,2,2,2,2,20150221,2,1,1,1,2,3,,5,1,3,4,2,1,,4,1,,,,1,1700,
1841,,,,2,2,2,2,2,2,2,2,2,2,2,20150221,2,1,2,1,1,2,,3,1,2,4,2,1,,4,1,1,4,5,1,1288,
1842,1,2,1,1,2,2,2,2,2,2,2,2,2,2,20150316,3,6,2,2,3,3,,6,1,3,5,2,1,4,4,3,2,2,3,3,10671,70+
1843,,,,2,2,2,2,2,2,2,2,2,2,2,20150221,2,4,1,1,5,2,,6,1,3,34,2,1,,4,1,4,1,5,,1704,
1844,1,,1,1,1,1,,2,2,2,2,2,2,2,20150317,3,9,2,3,,1,,1,1,0,4,2,1,1,2,1,1,1,2,3,1606,
1845,,,,1,1,2,2,1,2,2,2,2,2,2,20150322,3,2,2,1,2,2,,4,1,2,34,2,1,,,1,,,,1,1518,
1846,,,,2,2,2,2,2,2,2,2,2,2,2,20150321,3,3,1,1,2,2,,4,1,3,5,2,1,,,2,3,1,5,1,1070,
1847,1,1,1,1,2,2,2,1,2,2,2,2,2,1,20150210,2,8,2,3,,2,,2,1,2,4,2,1,2,3,4,3,2,3,3,2288,70+
1848,1,2,1,1,2,2,2,1,2,2,2,2,2,2,20150211,2,7,2,3,,2,,2,1,2,4,2,1,6,,,4,,,3,2288,75+
1849,,,,1,2,2,2,2,2,2,2,2,2,2,20150222,2,4,2,1,3,2,,5,1,3,4,2,1,,4,2,3,1,5,,1940,
1850,1,1,1,1,1,2,2,2,2,2,2,2,2,2,20150212,2,9,1,3,,2,,2,1,2,4,2,1,6,4,4,5,1,2,3,1071,65+
1851,,,,1,2,2,2,1,2,2,2,2,2,2,20150218,2,1,2,1,3,2,,5,1,2,4,2,1,,4,1,,,,1,2147,
1852,1,1,1,2,2,2,2,1,2,2,2,2,2,2,20150217,2,10,2,3,,3,1,5,1,2,34,2,1,2,,4,1,3,4,3,1922,
1853,,,,2,2,2,2,2,2,2,2,2,2,2,20150223,2,2,2,1,3,2,,5,1,2,4,2,1,,4,1,1,1,5,1,2147,
1854,1,1,1,2,2,2,2,1,2,2,2,2,2,2,20150315,3,9,2,3,,1,,1,1,1,5,2,1,4,1,4,1,3,4,3,556,"Pas d’âge, santé implicite"
1855,1,2,1,2,2,2,2,2,2,2,2,2,2,2,20150219,2,9,2,3,,2,,2,1,0,4,2,1,5,2,3,,,,3,3213,
1856,,,,2,2,2,2,2,2,2,2,2,2,2,20150322,3,1,2,1,1,2,,3,1,2,5,2,1,,3,1,1,4,5,1,948,
1857,1,1,,2,2,2,2,2,2,2,2,2,2,2,20150218,2,10,2,3,,1,,1,1,0,34,2,1,1,1,4,1,3,4,3,1153,
1858,,,,2,2,2,2,2,2,2,2,2,2,2,20150221,2,3,1,1,2,2,,4,1,3,4,2,1,,4,1,2,1,5,1,1401,
1859,,,,2,2,2,2,2,2,2,2,2,2,2,20150318,3,4,1,1,1,2,1,4,1,3,4,2,1,,4,2,4,1,5,,1401,
1860,,,,1,2,2,2,2,2,2,2,2,2,2,20150212,2,2,2,1,2,3,,5,1,1,4,2,1,,3,1,1,2,5,1,3221,
1861,1,1,1,2,2,2,2,2,2,2,2,2,2,2,20150317,3,5,2,2,1,2,,3,1,2,5,2,1,6,4,4,3,2,3,3,10671,65+
1862,1,2,1,1,2,2,1,2,2,2,2,2,2,2,20150314,3,8,2,3,,2,,2,1,2,34,2,1,4,3,3,4,1,2,3,2569,60+
1863,,,,2,2,2,2,2,2,2,2,2,2,2,20150323,3,3,2,2,2,2,,4,1,3,34,2,1,,4,1,1,1,5,1,2257,
1864,,,,2,2,2,2,2,2,2,1,2,2,2,20150325,3,1,2,1,2,2,,4,1,2,4,2,1,,4,1,1,1,5,1,1718,
1865,,,,1,1,2,2,2,2,2,2,2,2,2,20150213,2,4,1,1,1,3,3,4,1,3,4,2,1,,3,2,4,1,5,,1120,
1866,,,,1,2,2,2,2,2,2,2,2,2,1,20150227,2,3,2,1,3,2,,5,1,2,4,2,1,,1,1,1,1,5,1,3881,
1867,1,1,1,1,2,2,2,1,2,2,2,2,2,2,20150221,2,4,1,3,,3,2,4,1,3,4,2,1,,4,4,4,2,3,3,1137,70+
1868,1,1,1,1,2,2,2,2,2,2,2,2,2,2,20150211,2,8,2,3,,2,,2,1,2,4,2,1,4,4,3,1,2,3,3,2288,80+
1869,1,,1,2,2,2,2,2,2,2,2,2,2,2,20150325,3,4,2,2,2,3,4,5,1,3,5,2,1,,,3,2,2,3,3,2341,80+
1870,,,,,2,2,2,1,2,2,2,2,2,2,20150326,3,3,2,1,1,3,,4,1,2,4,2,1,,4,,,,,1,3105,
1871,1,2,1,2,2,2,2,2,2,2,2,2,2,2,20150212,2,10,2,3,,2,,2,1,1,34,2,1,5,2,1,1,1,2,3,1153,"Pas d’âge, santé implicite"
1872,1,1,1,2,2,2,2,2,2,2,2,2,2,2,20150315,3,7,1,3,,2,,2,1,3,34,2,1,4,4,4,3,2,3,3,3080,65+
1873,,,,1,2,1,2,2,2,1,2,1,2,2,20150218,2,10,1,3,,2,,2,1,2,34,2,1,5,4,4,4,1,2,2,1037,
1874,1,1,1,2,2,2,2,2,2,2,2,2,2,2,20150210,2,8,2,3,,2,,2,2,2,4,2,1,7,4,3,3,1,2,3,1716,80+
1875,1,1,1,1,1,2,2,2,2,2,2,2,2,2,20150218,2,8,1,3,,2,,2,1,1,4,2,1,6,2,5,4,3,4,3,7259,60+
1876,1,2,1,1,1,2,2,1,2,2,2,2,2,2,20150218,2,10,2,3,,3,2,3,1,2,4,2,1,2,,3,3,1,2,3,1606,80+
1877,,,,1,2,2,2,1,2,2,2,2,2,2,20150221,2,4,1,1,1,2,,3,1,3,34,2,1,,4,4,5,2,5,,913,
1878,,,,1,2,2,2,1,2,2,2,2,2,2,20150221,2,3,1,1,1,3,1,4,1,3,34,2,1,,4,1,1,2,5,1,1217,
1879,,,,2,2,2,2,2,2,2,2,2,2,2,20150320,3,4,1,1,1,1,,2,2,0,34,2,1,,2,3,5,1,5,,1217,
1880,,,,2,2,2,2,2,2,2,2,2,2,2,20150322,3,2,1,1,2,2,2,4,1,2,34,2,1,,,,,,,1,1522,
1881,1,,1,2,2,2,2,2,2,2,2,2,2,2,20150210,2,10,1,3,,1,,1,1,1,4,2,1,6,4,5,4,3,4,3,803,
1882,1,2,1,1,2,2,2,2,2,2,2,2,2,2,20150211,2,8,1,3,,3,1,3,1,3,4,2,1,6,3,4,3,2,3,3,5444,80+
1883,1,1,2,2,2,2,2,2,2,2,2,2,2,2,20150219,2,9,2,3,,2,,2,1,2,4,2,1,6,2,3,2,2,3,3,1071,80+
1884,,,,2,2,2,2,2,2,2,2,2,2,2,20150227,2,4,2,1,1,3,,6,1,3,4,2,1,,,2,4,1,5,,1996,
1885,1,1,1,2,2,2,2,2,2,2,2,2,2,2,20150312,3,9,2,3,,1,,1,1,1,4,2,1,4,2,2,3,1,2,3,803,80+
1886,1,1,1,2,2,2,2,2,2,2,2,2,2,2,20150219,2,10,2,3,,2,,2,1,1,4,2,1,1,2,4,3,2,3,3,1606,80+
1887,,,,1,2,2,2,2,2,2,2,2,2,2,20150226,2,2,2,1,2,2,,4,1,2,4,2,1,,4,1,1,1,5,1,1718,
1888,,,,2,2,2,2,2,2,2,2,2,2,2,20150321,3,2,1,1,2,2,1,4,1,3,5,2,1,,4,1,1,2,5,1,789,
1889,,,,2,2,2,2,2,2,2,2,2,2,2,20150320,3,3,2,1,1,2,,3,1,2,5,2,1,,2,1,1,1,5,1,1087,
1890,,,,1,2,2,2,2,2,1,2,1,2,2,20150322,3,1,1,1,5,2,,6,1,2,34,2,1,,4,1,1,4,5,1,3425,
1891,1,1,1,2,2,2,2,2,2,2,2,2,2,2,20150212,2,6,2,3,,2,,2,1,2,4,2,1,4,4,3,4,2,3,3,2288,80+
1892,1,2,1,1,1,2,2,2,2,2,2,2,2,2,20150211,2,9,2,3,,1,,1,1,0,4,2,1,5,2,2,3,1,2,3,1606,"Pas d’âge, santé implicite"
1893,1,1,1,2,2,2,2,2,2,2,2,2,2,2,20150219,2,10,1,3,,1,,1,1,1,4,2,1,2,2,3,3,2,3,3,803,
1894,,,,2,2,2,2,2,2,2,2,2,2,2,20150228,2,2,1,1,2,3,1,5,1,3,34,2,1,,4,1,1,1,5,1,1427,
1895,1,2,1,1,1,1,1,2,2,2,2,2,2,2,20150213,2,8,2,3,,2,,2,2,1,4,2,1,2,1,3,1,2,3,3,2288,70+
1896,1,1,1,1,1,2,2,2,2,2,2,2,2,2,20150214,2,9,1,3,,2,,2,1,2,4,2,1,2,2,4,3,2,3,3,1071,80+
1897,,,,2,2,2,2,2,2,2,2,2,2,2,20150302,3,4,2,2,2,3,2,6,2,3,34,2,1,,1,1,4,1,5,,2116,
1898,1,2,1,2,2,2,2,2,2,2,2,2,2,2,20150210,2,10,2,3,,2,,2,1,0,4,2,1,4,,2,2,1,2,3,3213,
1899,,,,2,2,2,2,2,2,2,2,2,2,2,20150323,3,1,2,1,2,2,,4,0,2,5,2,1,,3,1,,,,1,1897,
1900,,,,2,2,2,2,2,2,2,2,2,2,2,20150316,3,2,2,1,2,3,2,5,0,3,5,2,1,,4,1,1,1,5,1,1581,
1901,,,,2,2,2,2,2,2,2,2,2,2,2,20140730,7,1,1,1,1,2,,3,0,2,34,2,1,,1,1,,,,1,1712,
1902,,,,2,2,2,2,2,2,2,2,2,2,2,20140713,7,8,2,3,,3,,3,1,2,4,2,1,4,3,2,2,1,2,3,3432,
1903,,,,1,2,2,2,1,1,2,2,2,2,1,20140731,7,3,2,1,3,2,,5,2,3,4,2,1,,4,1,1,1,5,1,1940,
1904,,,,1,1,1,2,2,2,2,2,1,2,2,20140731,7,3,2,1,1,1,,2,0,2,34,2,1,,1,3,2,2,5,1,1494,
1905,,,,1,2,2,2,2,2,2,2,1,2,2,20140730,7,1,2,1,2,2,,4,0,2,5,2,1,,4,1,,,,1,1897,
1906,,,,2,2,2,2,2,2,1,2,1,2,2,20140803,8,4,1,3,,3,,4,1,3,34,2,1,,4,2,4,1,2,3,829,
1907,,,,1,2,2,1,2,2,2,2,1,2,2,20140719,7,5,2,3,,2,,2,0,3,34,2,1,6,4,2,1,1,2,3,2569,
1908,,,,1,2,2,2,2,2,2,2,2,2,2,20141010,10,8,1,3,,1,,1,1,1,34,2,1,1,4,5,4,3,4,3,3080,
1909,,,,2,2,2,2,2,2,2,2,2,2,2,20141012,10,8,2,3,,3,1,3,1,1,5,2,1,7,4,2,1,2,3,3,5764,
1910,1,2,1,2,2,2,2,2,2,2,2,2,2,2,20141213,12,6,1,2,2,2,,4,0,2,4,2,1,7,4,5,5,2,3,3,47824,70+
1911,,,,2,2,2,2,2,2,2,2,2,2,2,20141028,10,3,2,1,1,3,4,6,1,3,5,2,1,,4,1,1,3,5,1,1630,
1912,1,1,1,1,1,2,2,1,2,2,2,2,2,1,20150103,1,4,1,3,,3,1,3,1,3,5,2,1,,4,4,5,1,2,3,623,75+
1913,1,1,1,2,2,2,2,2,2,2,2,2,2,2,20141120,11,10,2,3,,1,,1,1,0,4,2,1,2,1,2,3,1,2,3,1606,60+
1914,1,2,1,2,2,2,2,2,2,2,2,2,2,2,20141210,12,5,1,2,5,2,,6,1,2,34,2,1,6,,4,4,1,2,3,31865,
1915,1,2,1,2,2,2,2,2,2,2,2,2,2,2,20150123,1,9,2,3,,2,,2,1,1,4,2,1,4,2,2,1,1,2,3,1606,80+
1916,1,1,1,2,2,2,2,1,2,2,2,2,2,2,20150110,1,7,2,3,,3,,3,1,2,5,2,1,6,,2,2,2,3,3,3843,70+
1917,3,1,1,2,2,2,2,2,2,2,2,2,2,2,20150118,1,10,2,3,,2,,2,1,0,34,2,1,4,2,4,1,3,4,3,2306,
1918,,,,2,2,2,2,2,2,2,2,2,2,2,20150106,1,1,2,1,1,2,,3,1,1,5,2,1,,,1,,,,1,1423,
1919,1,2,1,2,2,2,2,2,2,2,2,2,2,2,20150314,3,6,1,3,,2,,2,1,2,34,2,1,2,3,4,4,2,3,3,4106,50+
1920,1,2,1,1,2,2,2,1,2,2,2,2,2,2,20150316,3,8,2,3,,1,,1,1,1,5,2,1,2,2,3,2,2,3,3,1921,70+
1921,1,2,1,2,2,2,2,2,2,2,2,2,2,2,20150317,3,9,2,3,,1,,1,1,0,5,2,1,2,2,4,4,2,3,3,1112,60+
1922,1,2,1,2,2,2,2,2,2,2,2,2,2,2,20141210,12,4,1,2,2,3,3,5,1,3,5,2,1,,2,2,2,1,2,3,1921,70+
1923,,,,2,2,2,2,2,2,2,2,2,2,2,20141012,10,5,2,2,2,2,,4,1,2,5,2,1,1,,,3,,,3,14228,
1924,,,,2,2,2,2,1,2,2,2,2,2,2,20150226,2,2,2,1,3,2,,5,1,1,34,2,1,,2,1,,,,1,2846,
1925,,,,2,2,2,2,2,2,2,2,2,2,2,20150326,3,3,1,1,1,1,1,2,1,1,5,2,1,,,1,1,2,5,1,1070,
1926,1,1,1,1,2,2,2,1,2,2,2,2,2,2,20150315,3,7,2,3,,2,,2,1,2,34,2,1,5,4,2,1,2,3,3,2569,80+
1927,,,,2,2,2,2,2,2,2,2,2,2,2,20150219,2,1,1,1,1,2,1,3,1,2,34,2,1,,3,1,1,2,5,1,1142,
1928,,,,2,2,2,2,2,2,2,2,2,2,2,20150210,2,3,1,1,2,2,,4,1,0,5,2,1,,2,,1,,,1,4280,
1929,,,,1,1,2,2,1,2,1,2,1,2,2,20150301,3,4,2,1,1,3,1,4,1,3,4,2,1,,4,2,3,1,2,2,1863,
1930,,,,1,1,2,2,1,2,2,2,1,2,2,20141012,10,9,2,3,,2,,2,1,1,34,2,1,2,,2,1,2,3,3,1153,
1931,,,,2,2,2,2,2,2,2,2,2,2,2,20141229,12,1,1,1,2,3,,5,0,2,5,2,1,,2,1,,,,1,1972,
1932,,,,2,2,2,2,2,2,2,2,2,2,2,20150126,1,1,2,1,1,3,3,4,0,3,5,2,1,,4,1,,,,1,1265,
1933,1,1,1,1,2,2,1,1,2,2,2,2,2,2,20150211,2,5,2,2,1,2,,3,0,3,4,2,1,6,4,2,4,1,2,3,11305,60+
1934,1,,1,1,2,2,2,1,2,2,2,2,2,2,20150319,3,4,1,3,,3,2,4,1,3,4,2,1,,,4,4,2,3,3,1137,75+
1935,,,,2,2,2,2,2,2,2,2,2,2,2,20150107,1,4,1,2,1,3,1,4,1,3,5,2,1,,4,5,5,3,5,,1537,
1936,1,,1,1,1,1,2,1,2,2,2,2,2,2,20150211,2,7,2,3,,1,,1,0,1,34,2,1,4,2,2,3,1,2,3,3854,65+
1937,1,1,1,2,2,2,1,1,2,2,2,2,2,1,20141211,12,7,1,3,,2,,2,1,2,4,2,1,7,4,4,5,1,2,3,4839,
1938,,,,2,2,2,2,2,2,2,2,2,2,2,20150205,2,2,1,1,2,3,,5,1,3,5,2,1,,,,,,,1,986,
1939,,,,2,2,2,2,2,2,2,2,2,2,2,20150210,2,1,2,1,1,2,,3,0,2,5,2,1,,2,1,,,,1,1423,
1940,,,,2,2,2,2,2,2,2,2,2,2,2,20150114,1,2,1,1,4,2,,6,1,2,34,2,1,,4,1,1,1,5,1,2283,
1941,,,,1,1,2,2,1,2,2,2,2,2,2,20141213,12,4,2,1,1,3,1,4,1,3,34,2,1,,,2,4,1,5,,1195,
1942,,,,2,2,2,2,2,2,2,2,2,2,2,20150226,2,2,1,1,2,3,,5,0,3,4,2,1,,3,1,1,1,5,1,2267,
1943,1,2,1,1,2,2,1,1,2,2,2,2,2,2,20150111,1,5,1,3,,2,,2,1,2,4,2,1,3,4,3,5,1,2,3,4839,60+
1944,1,2,1,1,1,2,2,2,2,2,2,2,2,2,20150218,2,6,2,2,1,2,1,3,1,2,5,2,1,4,3,5,3,3,4,3,10671,
1945,,,,1,2,2,2,2,2,2,2,2,2,2,20150226,2,2,2,1,1,3,1,4,1,3,34,2,1,,4,1,1,3,5,1,1138,
1946,,,,1,2,2,2,1,2,2,2,2,2,2,20140923,9,7,2,3,,1,1,1,1,2,34,2,1,4,2,2,3,1,2,3,1285,
1947,,,,2,2,2,2,2,2,2,2,2,2,2,20140918,9,6,2,2,5,3,1,6,1,1,4,2,1,5,1,2,2,1,2,3,45221,
1948,,,,2,2,2,2,2,2,2,2,1,2,2,20141115,11,1,2,1,4,2,,6,1,2,34,2,1,,2,1,1,4,5,1,2277,
1949,,,,2,2,2,2,2,2,2,2,2,2,2,20141120,11,2,1,1,1,2,,3,1,1,4,2,1,,2,1,1,3,5,1,2040,
1950,1,2,1,1,2,2,1,1,2,1,2,1,2,2,20150123,1,4,1,3,,3,2,4,1,3,34,2,1,,4,5,4,3,4,3,6159,60+
1951,1,1,1,1,1,2,2,2,2,2,2,2,2,2,20150319,3,9,1,3,,3,1,4,1,3,4,2,1,6,3,3,3,2,3,3,1285,65+
1952,1,1,1,1,2,2,2,2,2,2,2,2,2,2,20141115,11,8,1,3,,2,,2,1,2,34,2,1,6,4,4,3,2,3,3,4106,70+
1953,,,,1,2,2,2,1,2,2,2,2,2,2,20141029,10,2,1,1,3,2,,5,1,2,4,2,1,,4,,,,,1,2267,
1954,1,2,2,2,2,2,2,2,2,2,2,2,2,2,20141115,11,9,1,3,,1,,1,1,,34,2,1,1,1,4,5,1,2,3,1555,
1955,,,,1,2,2,2,2,2,2,2,2,2,2,20141029,10,5,2,2,3,2,,5,1,3,5,2,1,5,4,2,1,1,2,3,13339,
1956,1,1,1,1,2,2,2,2,2,2,2,2,2,2,20141115,11,10,2,3,,2,,2,1,1,34,2,1,2,2,1,3,1,2,3,1153,Mon âge
1957,,,,2,2,2,2,2,2,2,2,2,2,2,20140830,8,1,1,1,1,2,,3,0,2,5,2,1,,3,1,1,4,5,1,1183,
1958,,,,1,1,2,2,1,2,2,2,2,2,2,20140819,8,6,2,3,,3,1,4,1,3,4,2,1,2,2,3,1,2,3,3,3432,
1959,,,,2,2,2,2,2,2,2,2,2,2,2,20140820,8,2,1,1,4,2,,6,1,2,5,2,1,,2,,,,,1,1578,
1960,,,,2,2,2,2,2,2,2,2,2,2,2,20140820,8,8,2,3,,1,,1,0,1,34,2,1,5,4,5,1,3,4,3,3854,
1961,,,,2,2,2,2,2,2,2,2,2,2,2,20140822,8,4,2,2,1,3,1,4,0,3,5,2,1,,,2,,,,3,3121,
1962,,,,1,2,2,2,1,2,2,2,2,2,2,20150105,1,3,2,1,3,2,,5,1,3,4,2,1,,4,1,1,1,5,1,2911,
1963,1,2,1,2,2,2,2,2,2,2,2,2,2,2,20141115,11,8,1,3,,2,,2,1,2,4,2,1,7,3,4,4,2,3,3,4839,80+
1964,,,,1,2,2,2,2,2,2,2,2,2,2,20141114,11,2,2,1,3,2,,5,1,2,34,2,1,,2,1,1,1,5,1,1897,
1965,,,,1,2,2,2,2,2,2,2,2,2,2,20140819,8,4,2,3,,2,,2,0,2,34,2,1,,1,5,4,3,4,3,3854,
1966,,,,1,1,2,2,1,2,2,2,2,2,2,20141028,10,4,1,3,,2,1,2,1,2,5,2,1,,2,1,2,1,1,3,553,
1967,,,,2,2,2,2,2,2,2,2,2,2,2,20150102,1,4,2,1,2,3,4,6,1,3,5,2,1,,4,2,4,1,5,,1242,
1968,,,,2,2,2,2,2,2,2,2,2,2,2,20140815,8,6,1,3,,1,,1,0,1,4,2,1,6,2,1,1,1,1,3,7259,
1969,,,,2,2,2,2,2,2,2,2,1,2,2,20141028,10,2,2,1,2,2,2,4,1,2,34,2,1,,3,1,1,1,5,1,1518,
1970,1,1,1,1,2,2,2,1,2,2,2,2,2,1,20141115,11,5,2,2,3,2,,5,1,2,4,2,1,6,3,2,3,1,2,3,18842,65+
1971,,,,2,2,2,2,2,2,2,2,2,2,2,20140827,8,3,1,1,2,2,,4,0,2,34,2,1,,3,1,1,1,5,1,2434,
1972,,,,2,2,2,2,2,2,2,2,2,2,2,20140818,8,7,1,3,,3,3,3,2,3,4,2,1,6,4,2,3,1,2,3,4355,
1973,1,2,1,1,2,2,2,,2,2,2,2,2,2,20141114,11,9,2,3,,2,,2,1,2,34,2,1,2,1,4,3,2,3,3,769,80+
1974,,,,1,2,2,2,2,2,2,2,2,2,2,20140816,8,7,1,3,,1,,1,1,1,4,2,1,6,,2,4,1,2,3,3630,
1975,,,,2,2,2,2,2,2,2,1,2,2,2,20140828,8,1,2,1,1,3,3,4,0,3,5,2,1,,4,1,1,2,5,1,1265,
1976,1,1,1,1,2,2,2,2,2,2,2,2,2,2,20141115,11,8,2,3,,3,2,3,1,2,4,2,1,6,,2,3,1,2,3,3432,80+
1977,1,2,1,1,2,2,1,1,2,2,2,2,2,2,20141117,11,10,1,3,,1,,1,1,1,5,2,1,2,,3,4,1,2,3,941,65+
1978,,,,2,2,2,2,2,2,2,2,2,2,2,20140812,8,7,2,3,,3,2,4,1,3,5,2,1,4,4,5,3,3,4,3,3074,
1979,,,,2,2,2,2,2,2,2,2,1,2,2,20141011,10,10,1,3,,2,,2,1,1,5,2,1,2,2,4,4,2,3,2,1882,
1980,,,,1,2,2,1,1,2,2,2,2,2,2,20141011,10,7,2,3,,3,,4,1,3,5,2,1,4,,5,1,3,4,3,3843,
1981,1,1,1,2,2,2,2,2,2,2,2,2,2,2,20141115,11,7,1,3,,2,,2,2,2,34,2,1,4,3,5,5,2,3,3,3080,70+
1982,,,,2,2,2,2,2,2,2,2,2,2,2,20140825,8,1,2,1,2,2,,5,1,3,5,2,1,,4,1,1,3,5,1,1186,
1983,,,,2,2,2,2,2,2,2,2,2,2,2,20140815,8,4,2,3,,3,1,4,1,3,5,2,1,,,,3,,,3,843,
1984,,,,1,2,2,2,2,2,2,2,2,2,2,20141029,10,8,1,3,,2,,2,2,3,4,2,1,4,4,4,3,2,3,3,2904,
1985,,,,1,2,2,1,1,2,2,2,2,2,2,20141125,11,4,2,1,1,1,,2,1,3,34,2,1,,2,2,2,1,5,,747,
1986,,,,2,2,2,2,2,2,2,2,2,2,2,20141012,10,9,1,3,,1,,1,1,1,34,2,1,3,1,4,5,2,3,3,777,
1987,1,2,1,2,2,2,2,2,2,2,2,2,2,2,20150123,1,9,1,3,,1,,1,1,0,4,2,1,3,1,4,3,2,3,3,1607,Mon âge
1988,,,,2,2,2,2,2,2,2,2,2,2,2,20140814,8,5,1,3,,1,,1,0,1,34,2,1,3,2,4,4,2,3,3,6159,
1989,,,,1,1,2,1,1,2,1,2,2,2,2,20140815,8,8,2,3,,1,,1,0,1,34,2,1,6,4,2,2,1,2,3,3854,
1990,,,,2,2,2,2,2,2,2,2,2,2,2,20141015,10,9,1,3,,3,1,3,2,3,34,2,1,3,1,3,4,1,2,3,933,
1991,,,,1,2,2,2,2,2,1,2,1,2,2,20141014,10,9,1,3,,2,,2,1,2,34,2,1,1,,5,5,3,4,3,1037,
1992,,,,1,2,2,2,1,2,2,2,2,2,2,20150103,1,4,2,1,1,3,2,5,1,3,5,2,1,,4,3,4,1,5,,905,
1993,,,,1,1,2,2,1,2,2,2,2,2,2,20141021,10,2,2,1,2,2,,4,1,3,5,2,1,,4,1,1,2,5,1,948,
1994,1,1,2,2,2,2,2,2,2,2,2,2,2,2,20141118,11,9,2,3,,1,,1,1,1,5,2,1,1,1,3,1,3,4,3,556,Mon âge
1995,,,,1,2,2,2,2,2,2,2,2,2,2,20141120,11,2,2,1,2,2,,4,1,3,5,2,1,,4,1,1,3,5,1,948,
1996,,,,2,2,2,2,2,2,2,2,2,2,2,20141127,11,2,1,1,2,2,,4,1,2,5,2,1,,4,1,1,2,5,1,1052,
1997,,,,1,2,2,1,2,2,2,2,2,2,1,20141130,11,3,2,1,1,3,,3,1,2,34,2,1,,4,1,1,1,5,1,1494,
1998,,,,2,2,2,2,2,2,2,2,2,2,2,20141121,11,3,1,1,2,2,,3,1,1,34,2,1,,,3,1,3,5,1,1826,
1999,,,,1,2,2,1,2,1,2,2,2,2,2,20141127,11,2,1,1,4,2,,6,1,3,34,2,1,,2,1,1,1,5,1,1370,
2000,,,,2,2,2,2,2,2,2,2,2,2,2,20141123,11,1,1,1,1,2,,3,1,2,5,2,1,,4,1,,,,1,789,
2001,1,2,1,2,2,2,2,1,2,2,2,2,2,2,20141118,11,10,1,3,,3,1,3,1,2,5,2,1,7,4,4,4,1,2,2,1882,75+
2002,1,2,1,2,2,2,2,2,2,2,2,2,2,2,20141120,11,9,2,3,,2,,2,1,1,4,2,1,6,2,5,3,3,4,3,1606,
2003,,,,2,2,2,2,2,2,2,2,2,2,2,20141024,10,4,1,2,1,3,1,4,2,3,4,2,1,,4,3,5,1,2,3,3122,
2004,,,,2,2,2,2,2,2,2,2,2,2,2,20140813,8,5,1,3,,2,,2,0,2,4,2,1,6,4,4,5,1,2,3,7259,
2005,,,,2,2,2,2,2,2,2,2,2,2,2,20141014,10,2,1,1,2,2,2,4,1,2,4,2,1,,4,1,1,1,5,1,1814,
2006,,,,2,2,2,2,2,2,2,2,2,2,2,20141129,11,4,2,1,1,2,,3,2,3,5,2,1,,4,1,,,,,543,
2007,,,,1,2,2,1,1,2,1,2,1,2,2,20141011,10,8,1,3,,2,,2,1,1,34,2,1,6,4,5,5,3,4,3,6159,
2008,,,,2,2,2,2,2,2,2,2,2,2,2,20141011,10,10,1,3,,2,,2,2,0,5,2,1,1,2,2,1,1,2,3,1882,
2009,,,,2,2,2,2,2,2,2,2,2,2,2,20141126,11,2,1,1,2,2,,4,1,2,5,2,1,,4,1,1,1,5,1,1052,
2010,1,2,1,2,2,2,2,2,2,2,2,2,2,2,20141118,11,10,2,3,,2,,2,1,0,4,2,1,3,3,3,2,2,3,3,3213,
2011,,,,2,2,2,2,2,2,2,2,1,2,2,20141012,10,2,1,1,3,1,,4,1,2,34,2,1,,2,1,1,3,5,1,1522,
2012,,,,2,2,2,2,2,2,2,2,2,2,2,20141011,10,8,2,3,,2,,2,1,2,4,2,1,7,,2,1,1,2,3,2288,
2013,,,,2,2,2,2,2,2,2,2,2,2,2,20141019,10,1,1,1,2,1,,3,1,0,5,2,1,,1,1,1,4,5,1,2367,
2014,1,1,1,2,2,2,2,2,2,2,2,2,2,2,20150123,1,8,2,3,,1,1,1,1,0,5,2,1,6,1,4,3,2,3,3,3843,65+
2015,,,,1,2,2,2,2,2,1,2,1,2,2,20141012,10,7,2,2,3,2,,5,2,3,34,2,1,2,,5,1,3,4,3,8545,
2016,,,,2,2,2,2,2,2,2,2,2,2,2,20141014,10,10,2,3,,1,,1,2,0,34,2,1,1,1,5,1,3,4,3,577,
2017,,,,2,2,2,2,2,2,2,2,2,2,2,20141018,10,9,1,3,,2,,2,1,1,34,2,1,2,2,4,5,2,3,3,1555,
2018,,,,1,2,2,2,2,2,2,2,2,2,2,20141027,10,2,1,1,2,2,,4,1,3,34,2,1,,,1,,,,1,1142,
2019,,,,2,2,2,1,2,2,2,2,2,2,2,20141011,10,7,2,3,,2,,2,1,2,4,2,1,4,3,3,1,2,3,3,2288,
2020,,,,1,2,2,1,1,2,2,2,2,2,2,20141011,10,4,1,2,1,3,,6,1,3,4,2,1,,4,4,5,1,2,3,20496,
2021,,,,1,2,2,2,1,2,2,2,2,2,2,20141127,11,3,1,1,4,2,,6,1,3,4,2,1,,4,1,1,2,5,1,2101,
2022,,,,1,2,2,1,1,2,2,2,2,2,2,20141011,10,9,2,3,,1,,1,1,1,5,2,1,1,1,3,1,3,4,3,556,
2023,,,,1,2,2,2,2,2,2,2,2,2,2,20141021,10,3,2,1,2,3,3,5,1,3,5,2,1,,2,2,3,2,5,1,1358,
2024,,,,2,2,2,2,2,2,2,2,2,2,2,20141011,10,10,2,3,,1,,1,1,1,4,2,1,1,1,1,1,1,1,3,803,
2025,,,,2,2,2,2,2,2,2,2,2,2,2,20141010,10,7,1,2,1,2,2,3,1,1,5,2,1,4,4,4,3,2,3,3,34811,
2026,,,,2,2,2,2,2,2,2,2,2,2,2,20141010,10,8,1,3,,1,,1,1,1,34,2,1,2,4,5,5,3,4,3,3080,
2027,,,,2,2,2,2,2,2,2,2,2,2,2,20141014,10,10,1,3,,1,,1,1,1,5,2,1,1,1,4,4,1,2,3,941,
2028,,,,2,2,2,2,2,2,2,2,2,2,2,20141023,10,2,1,1,1,1,1,2,1,1,4,2,1,,4,1,1,1,5,1,1360,
2029,1,1,1,1,1,2,2,1,2,2,2,2,2,2,20141117,11,8,2,3,,1,,1,1,1,34,2,1,2,3,2,3,1,2,3,1927,
2030,,,,2,2,2,2,2,2,2,2,2,2,2,20141012,10,8,2,3,,2,,2,1,1,5,2,1,7,,2,1,1,2,3,3843,
2031,,,,2,2,2,2,2,2,2,2,2,2,2,20141018,10,9,2,3,,1,,1,1,1,5,2,1,1,1,,,,,3,556,
2032,,,,1,2,2,2,1,2,2,2,2,2,2,20141012,10,7,2,3,,2,,2,0,2,34,2,1,4,4,4,1,3,4,3,3854,
2033,,,,2,2,2,2,2,2,2,2,2,2,2,20141012,10,9,1,3,,2,,2,1,2,34,2,1,7,3,4,4,2,3,3,1037,
2034,,,,1,2,2,2,2,2,2,2,2,2,2,20141021,10,3,1,1,3,2,,5,1,2,34,2,1,,4,1,2,1,5,1,2028,
2035,,,,1,1,2,1,1,2,2,2,2,2,1,20141010,10,8,2,3,,2,1,2,1,2,5,2,1,1,,,2,,,3,2562,
2036,,,,1,1,2,1,1,2,2,2,2,2,2,20141027,10,4,2,1,2,3,3,5,1,3,5,2,1,,4,1,1,1,5,,905,
2037,,,,2,2,2,2,2,2,2,2,2,2,2,20141014,10,10,2,3,,1,,1,1,0,5,2,1,5,,2,1,3,4,3,1112,
2038,,,,1,2,2,1,1,2,2,2,2,2,,20141012,10,9,1,3,,2,1,3,1,3,4,2,1,7,4,3,3,2,3,3,1205,
2039,,,,2,2,2,2,2,2,2,2,2,2,2,20150109,1,1,1,1,5,2,,6,1,2,5,2,1,,3,,,,,1,1841,
2040,,,,2,2,2,2,2,2,2,2,2,2,2,20141026,10,4,1,1,2,2,2,4,1,3,5,2,1,,,3,3,2,5,,856,
2041,,,,1,2,2,2,1,2,2,2,2,2,2,20141010,10,8,2,3,,1,,2,1,1,5,2,1,2,4,2,1,2,3,3,3843,
2042,,,,2,2,2,2,2,2,2,2,2,2,2,20141011,10,8,1,2,1,3,2,4,1,3,4,2,1,6,4,5,5,3,4,3,19130,
2043,,,,1,1,2,2,2,2,2,2,2,2,2,20141011,10,9,2,3,,2,1,2,1,1,34,2,1,2,3,3,1,2,3,3,1153,
2044,,,,2,2,2,2,2,2,2,2,2,2,2,20141010,10,8,1,3,,1,,1,1,0,5,2,1,2,,5,5,1,2,3,8357,
2045,,,,1,2,2,2,2,2,2,2,2,2,2,20141011,10,7,2,3,,3,1,3,1,3,5,2,1,3,2,3,4,1,2,3,2882,
2046,1,2,,1,2,2,1,1,2,2,2,2,2,2,20150317,3,9,2,3,,2,,2,1,1,4,2,1,7,4,5,3,3,4,3,1606,70+
2047,,,,2,2,2,2,2,2,2,2,2,2,2,20141011,10,7,2,3,,3,1,3,1,3,4,2,1,6,4,2,4,1,2,3,2574,
2048,,,,1,1,2,2,2,2,2,2,2,2,2,20141026,10,4,1,1,1,2,2,3,,,4,2,1,,,5,,,,,1401,
2049,,,,2,2,2,2,2,2,2,2,2,2,2,20141012,10,10,2,3,,2,1,2,2,2,5,2,1,1,,3,2,1,2,3,445,
2050,,,,1,2,2,2,2,2,2,2,2,2,2,20141027,10,2,2,1,4,3,,6,1,3,5,2,1,,2,1,1,1,5,1,1518,
2051,,,,2,2,2,2,2,2,2,2,2,2,2,20141027,10,3,1,1,1,2,,3,1,2,4,2,1,,4,2,3,2,5,1,1401,
2052,,,,1,2,2,2,2,2,2,2,2,2,2,20141025,10,2,2,1,2,2,,4,1,2,34,2,1,,4,1,1,1,5,1,1518,
2053,,,,1,1,2,2,1,2,2,2,2,2,2,20141012,10,10,2,3,,1,,1,1,0,34,2,1,1,,2,1,1,2,3,1153,
2054,,,,1,2,2,2,2,2,1,2,1,2,2,20141026,10,3,1,1,3,2,,5,1,2,5,2,1,,4,1,1,1,5,1,1783,
2055,1,2,2,2,2,2,2,2,2,2,2,2,2,2,20150113,1,8,1,3,,1,,1,2,1,5,2,1,1,,3,4,2,3,3,2089,"Pas d’âge, santé implicite"
2056,,,,1,2,2,2,2,2,2,2,2,2,2,20141026,10,4,1,3,,2,1,2,1,2,34,2,1,,2,3,5,1,2,3,691,
2057,1,1,2,2,2,2,2,2,2,2,2,2,2,2,20150123,1,9,2,3,,2,,2,1,1,5,2,1,2,2,5,4,3,4,3,1112,"Pas d’âge, santé implicite"
2058,,,,1,2,2,2,1,2,2,2,2,2,2,20150126,1,4,2,3,,3,4,5,1,3,34,2,1,,3,2,3,1,2,2,707,
2059,,,,2,2,2,2,2,2,2,2,2,2,2,20141028,10,4,2,1,1,3,4,6,1,3,4,2,1,,4,1,2,1,5,,1996,
2060,,,,2,2,2,2,2,2,2,2,2,2,2,20150129,1,3,1,1,1,3,1,4,1,3,5,2,1,,4,3,4,2,5,1,856,
2061,,,,2,2,2,2,2,2,2,2,2,2,2,20141023,10,2,1,1,2,2,,4,1,2,4,2,1,,4,1,1,1,5,1,1814,
2062,1,1,1,2,2,2,2,2,2,2,2,2,2,2,20150218,2,7,2,3,,2,,2,1,2,5,2,1,2,4,2,1,2,3,3,2562,70+
2063,,,,1,1,2,2,2,2,2,2,2,2,2,20141026,10,4,2,2,3,2,,5,1,3,34,2,1,,4,2,4,1,5,,2821,
2064,,,,2,2,2,2,2,2,2,2,2,2,2,20141024,10,2,1,1,2,2,,4,1,2,5,2,1,,4,1,1,1,5,1,1052,
2065,1,2,1,1,2,2,2,1,2,2,2,2,2,2,20150130,1,7,2,3,,2,,2,1,1,34,2,1,6,4,1,1,1,2,3,3854,70+
2066,1,,1,1,1,2,2,1,2,2,2,2,2,1,20150119,1,8,2,3,,1,,1,1,1,5,2,1,4,3,5,4,3,4,3,1921,70+
2067,1,2,1,1,2,2,1,1,2,2,2,2,2,2,20150129,1,4,1,2,1,3,1,5,1,3,5,2,1,,3,3,5,1,2,3,2305,70+
2068,,,,2,2,2,2,2,2,2,2,2,2,2,20150123,1,4,1,1,2,2,,4,1,3,5,2,1,,4,5,5,3,5,,1070,
2069,,,,2,2,2,2,2,2,2,2,2,2,2,20141127,11,4,2,1,1,3,2,5,1,3,5,2,1,,4,1,5,1,5,,905,
2070,,,,2,2,2,2,2,2,2,2,2,2,2,20150126,1,2,2,1,1,2,,3,1,2,34,2,1,,2,1,1,1,5,1,1138,
2071,,,,2,2,2,2,2,2,2,2,2,2,2,20141026,10,1,2,1,1,2,2,3,2,2,34,2,1,,4,1,1,4,5,1,854,
2072,,,,2,2,2,2,2,2,2,2,1,2,2,20141012,10,9,1,3,,1,,1,1,1,4,2,1,2,2,4,3,2,3,3,803,
2073,,,,2,2,2,2,2,2,2,2,2,2,2,20141012,10,3,2,1,5,2,,6,2,3,4,2,1,,2,,,,,1,3260,
2074,,,,1,1,2,2,2,2,1,2,1,2,2,20141202,12,4,1,1,1,3,,3,1,3,4,2,1,,4,3,4,1,5,,1050,
2075,,,,2,2,2,2,2,2,2,2,2,2,2,20150204,2,3,1,1,3,2,,5,1,2,4,2,1,,4,1,1,1,5,1,2334,
2076,,,,2,2,2,2,2,2,2,2,2,2,2,20141026,10,3,1,1,1,2,,3,1,3,5,2,1,,4,1,3,1,5,1,802,
2077,,,,1,2,2,2,2,2,2,2,2,2,2,20141025,10,2,1,1,4,2,,6,1,2,5,2,1,,4,1,1,1,5,1,1578,
2078,,,,1,2,2,2,2,2,1,2,1,2,2,20150127,1,2,1,1,2,2,,4,1,2,34,2,1,,4,1,1,3,5,1,1522,
2079,,,,2,2,2,2,2,2,2,2,2,2,2,20150125,1,3,1,1,3,2,,5,1,3,5,2,1,,4,2,4,1,5,1,1337,
2080,1,2,1,1,2,2,1,1,2,2,2,2,2,2,20150205,2,4,1,2,1,3,4,5,2,3,34,2,1,,3,4,5,2,3,3,1436,65+
2081,,,,1,2,2,2,1,2,2,2,2,2,2,20141024,10,3,2,1,2,2,,4,1,3,4,2,1,,,2,3,1,5,1,1863,
2082,1,1,1,1,2,2,2,1,2,2,2,2,2,2,20150105,1,4,2,3,,3,1,4,1,3,34,2,1,,4,4,3,2,3,3,1272,70+
2083,,,,1,2,2,2,2,2,1,2,2,2,1,20141023,10,4,2,1,2,2,2,4,1,3,34,2,1,,4,1,1,1,5,,1494,
2084,,,,2,2,2,2,2,2,2,2,2,2,2,20150204,2,1,2,1,2,2,,4,1,2,5,2,1,,3,1,,,,1,1265,
2085,3,2,1,2,2,2,2,2,2,2,2,2,2,2,20150112,1,9,2,3,,1,,1,1,1,34,2,1,7,,4,3,2,3,3,577,
2086,1,1,1,1,1,2,2,2,2,2,2,2,2,2,20150117,1,8,2,3,,1,,1,1,0,5,2,1,5,4,4,2,2,3,3,3843,"Pas d’âge, santé implicite"
2087,,,,2,2,2,2,2,2,2,2,2,2,2,20141024,10,4,1,3,,2,1,2,1,3,34,2,1,,4,5,4,2,3,3,414,
2088,1,2,1,2,2,2,2,2,2,2,2,2,2,2,20150205,2,4,1,2,2,2,1,4,2,3,5,2,1,,,,4,,,3,1317,60+
2089,1,1,2,1,1,2,1,1,1,2,2,2,2,2,20150119,1,9,2,3,,1,,1,1,0,34,2,1,2,1,5,4,3,4,3,1153,"Pas d’âge, santé implicite"
2090,,,,2,2,2,2,2,2,2,2,2,2,2,20141026,10,1,1,1,1,2,,3,1,2,4,2,1,,4,1,1,4,5,1,1360,
2091,,,,1,1,2,2,2,2,2,2,2,2,2,20150113,1,2,2,1,3,2,,5,1,2,34,2,1,,3,1,,,,1,1897,
2092,,,,2,2,2,2,2,2,2,2,2,2,2,20150129,1,2,2,1,2,3,,,1,2,4,2,1,,,1,,,,1,1288,
2093,,,,1,2,2,2,1,2,2,2,2,2,2,20150125,1,1,1,1,2,2,,4,1,2,5,2,1,,4,1,1,2,5,1,1052,
2094,1,2,1,2,2,2,2,2,2,2,2,2,2,2,20150121,1,9,2,3,,1,,1,1,0,5,2,1,2,2,3,1,3,4,3,1112,55+
2095,,,,1,1,2,2,1,2,2,2,2,2,2,20141026,10,4,1,3,,3,2,4,1,3,4,2,1,,4,3,5,1,2,2,1137,
2096,,,,1,2,2,2,1,2,2,2,2,2,2,20141027,10,3,1,1,2,2,,4,1,3,34,2,1,,4,2,3,2,5,1,974,
2097,1,1,1,1,2,2,1,1,2,2,2,2,2,2,20150112,1,6,1,3,,2,,2,1,2,4,2,1,6,4,5,5,2,3,3,4839,70+
2098,,,,2,2,2,2,1,2,2,2,2,2,2,20150204,2,1,2,1,1,2,,3,1,2,4,2,1,,4,1,1,1,5,1,1288,
2099,,,,2,2,2,2,2,2,2,2,2,2,2,20150204,2,3,1,1,3,2,,5,1,3,34,2,1,,3,4,5,2,5,1,1217,
2100,,,,2,1,2,2,2,2,2,2,2,2,2,20150123,1,10,2,3,,3,1,4,1,0,5,2,1,1,1,2,1,1,2,2,4450,
2101,1,2,1,2,2,2,2,2,2,2,2,2,2,2,20150123,1,8,1,3,,2,,2,1,0,4,2,1,4,,5,5,3,4,3,14518,65+
2102,1,2,1,2,2,2,2,2,2,2,2,2,2,2,20150114,1,9,2,3,,2,,2,1,2,5,2,1,6,,2,3,1,2,3,742,65+
2103,,,,1,2,2,2,1,2,2,2,2,2,2,20150125,1,4,1,1,3,2,,5,1,3,5,2,1,,4,4,5,1,5,,669,
2104,1,2,1,2,2,2,2,2,2,2,2,2,2,2,20150118,1,10,1,3,,2,,2,2,2,34,2,1,2,3,4,4,2,3,3,518,
2105,,,,1,2,2,1,1,2,2,2,2,2,2,20150127,1,3,2,1,2,2,,4,1,3,5,2,1,,4,1,1,1,5,1,1087,
2106,,,,1,2,2,2,2,2,2,2,2,2,2,20150130,1,2,2,1,3,2,,5,1,2,4,2,1,,3,1,,,,1,2147,
2107,,,,2,2,2,2,2,2,2,2,2,2,2,20150128,1,3,1,1,2,2,,4,1,3,34,2,1,,4,1,1,1,5,1,1217,
2108,1,2,1,1,2,2,2,2,2,2,2,2,2,2,20150114,1,7,2,3,,3,1,3,1,3,5,2,1,4,,,2,,,3,2882,70+
2109,1,2,1,2,2,2,2,2,2,2,2,2,2,2,20150113,1,8,2,3,,2,1,2,1,2,5,2,1,5,,5,1,3,4,3,2562,70+
2110,,,,1,1,1,2,2,2,2,2,2,2,2,20141011,10,5,2,2,1,1,,2,1,1,34,2,1,1,1,4,3,2,3,3,8545,
2111,2,2,1,2,2,2,2,2,2,2,2,2,2,2,20150114,1,10,2,3,,2,,2,1,2,34,2,1,1,2,4,2,3,4,3,769,
2112,1,1,1,2,2,2,2,2,2,2,2,2,2,2,20150111,1,9,2,3,,2,,2,1,2,34,2,1,6,2,2,2,1,2,3,769,75+
2113,,,,1,2,2,2,2,2,2,2,2,2,2,20150119,1,4,2,1,1,2,,3,1,3,34,2,1,,,2,3,1,5,,1121,
2114,,,,1,2,2,2,2,2,2,2,2,2,2,20150127,1,4,1,1,3,2,,5,1,3,4,2,1,,4,2,4,1,5,,1401,
2115,,,,2,2,2,2,2,2,2,2,2,2,2,20150124,1,4,1,1,3,3,1,6,1,3,5,2,1,,4,2,3,1,5,,1284,
2116,,,,2,2,2,2,2,2,1,2,1,2,2,20150121,1,10,1,3,,2,,2,1,1,34,2,1,,1,5,5,2,3,2,1555,
2117,,,,2,2,2,2,2,2,2,2,2,2,2,20141011,10,5,1,2,2,2,,4,1,2,4,2,1,3,3,5,5,2,3,3,31882,
2118,1,1,1,2,2,2,2,2,2,2,2,2,2,2,20150123,1,10,2,3,,1,,1,2,1,34,2,1,3,1,3,2,2,3,3,288,55+
2119,,,,1,2,2,2,2,2,1,2,1,2,2,20150228,2,4,2,1,2,2,,4,1,3,34,2,1,,1,1,1,1,5,,1494,
2120,1,1,2,1,2,2,2,2,2,2,2,2,2,2,20150114,1,9,1,3,,1,,1,1,1,34,2,1,5,2,5,3,3,4,3,777,
2121,,,,1,2,2,2,2,2,2,2,2,2,2,20150128,1,1,1,1,2,2,,4,1,2,4,2,1,,4,1,1,3,5,1,1814,
2122,1,,1,1,2,2,2,2,2,2,2,2,2,2,20150315,3,8,1,3,,1,,1,1,1,4,2,1,6,4,3,3,2,3,3,3630,65+
2123,,,,2,2,2,2,2,2,2,2,2,2,2,20141020,10,2,2,1,1,2,,3,1,2,5,2,1,,4,1,1,1,5,1,948,
2124,,,,1,1,2,2,1,2,2,2,2,2,2,20141011,10,7,2,2,1,2,1,3,1,3,5,2,1,2,4,3,3,2,3,3,8003,
2125,,,,1,2,2,2,2,2,2,2,1,2,2,20141025,10,1,1,1,3,2,,5,1,2,5,2,1,,4,1,1,4,5,1,1315,
2126,,,,1,1,2,2,1,2,2,2,2,2,2,20141014,10,9,2,3,,1,,1,0,1,34,2,1,1,2,2,2,1,2,3,1153,
2127,,,,2,2,2,2,2,2,2,2,2,2,2,20141011,10,9,2,3,,2,2,2,1,1,34,2,1,5,1,1,3,1,2,3,1153,
2128,,,,2,2,2,2,2,2,2,2,2,2,2,20141018,10,10,1,3,,2,,2,1,1,4,2,1,2,1,4,4,2,3,3,1607,
2129,,,,1,1,2,2,2,2,2,2,2,2,2,20141025,10,3,2,1,2,1,,4,1,3,34,2,1,,4,1,2,1,5,1,1195,
2130,,,,1,2,2,2,1,2,1,2,1,2,2,20141016,10,2,1,1,4,2,,6,1,2,34,2,1,,3,1,1,2,5,1,2283,
2131,,,,1,2,2,2,1,2,2,2,2,2,2,20141017,10,9,1,3,,2,,2,1,1,34,2,1,4,3,5,3,3,4,3,1555,
2132,,,,2,2,2,2,2,2,2,2,2,2,2,20141011,10,1,2,1,2,2,,4,1,2,5,2,1,,4,1,1,4,5,1,1265,
2133,,,,1,1,2,2,1,2,2,2,2,2,2,20141016,10,9,2,3,,2,,2,1,1,34,2,1,2,2,,2,,,3,1153,
2134,,,,2,2,2,2,2,2,2,2,2,2,2,20141011,10,3,2,1,2,2,,4,1,2,4,2,1,,4,1,2,1,5,1,3105,
2135,,,,1,2,2,2,2,2,2,2,2,2,2,20141010,10,7,2,2,2,2,,4,1,3,5,2,1,6,4,2,3,1,2,3,8537,
2136,,,,2,2,2,2,2,2,2,2,1,1,2,20141110,11,8,2,3,,3,,3,1,2,34,2,1,6,2,2,2,1,2,3,3854,
2137,,,,2,2,2,2,2,2,2,2,2,2,2,20141113,11,5,2,3,,2,,2,1,2,4,2,1,4,4,2,1,1,2,3,2288,
2138,1,2,2,2,2,2,2,2,2,2,2,2,2,2,20141114,11,6,2,3,,2,,2,1,1,34,2,1,1,,5,1,3,4,3,3854,
2139,,,,2,2,2,2,2,2,2,2,2,2,2,20141129,11,4,1,1,1,2,1,3,1,3,34,2,1,,2,4,5,2,5,,913,
2140,,,,2,2,2,2,2,2,1,2,1,2,2,20141019,10,4,1,1,3,3,3,6,1,3,34,2,1,,,2,3,1,5,,1623,
2141,,,,1,1,2,1,1,2,2,2,2,2,2,20141012,10,8,2,2,1,1,1,3,2,2,4,2,1,1,,,3,,,3,5653,
2142,,,,2,2,2,2,2,2,2,2,2,2,2,20141018,10,9,2,3,,2,,2,1,2,34,2,1,2,4,2,3,1,2,2,769,
2143,1,2,1,1,2,2,2,1,2,2,2,2,2,2,20141117,11,6,2,2,2,2,,4,1,3,34,2,1,2,3,2,1,2,3,3,6836,75+
2144,1,1,1,2,2,2,2,2,2,2,2,2,2,2,20141114,11,10,2,3,,2,,2,1,1,34,2,1,2,3,3,2,2,3,3,1153,75+
2145,1,1,1,2,2,2,2,1,2,2,2,2,2,2,20141116,11,10,2,3,,1,,1,1,0,5,2,1,1,4,4,1,3,4,3,1112,60+
2146,,,,1,2,2,2,2,2,2,2,2,2,2,20141115,11,2,1,1,2,2,,4,1,2,4,2,1,,4,1,1,1,5,1,1814,
2147,,,,2,1,2,2,2,2,2,2,2,2,2,20141113,11,7,1,3,,1,1,1,1,1,5,2,1,2,2,4,4,2,3,3,4179,
2148,,,,1,2,1,2,2,2,2,2,2,2,2,20141110,11,8,2,3,,2,,2,1,2,4,2,1,4,4,1,1,1,2,3,2288,
2149,1,2,1,1,1,2,2,1,2,2,2,2,2,2,20141116,11,9,2,3,,2,,2,1,0,5,2,1,4,2,2,3,1,2,3,2225,85+
2150,,,,1,2,2,2,2,2,2,2,2,2,2,20150105,1,1,1,1,2,2,,4,1,2,5,2,1,,3,1,,,,1,1052,
2151,,,,1,2,2,2,2,2,2,2,1,1,2,20141127,11,2,1,1,1,2,,3,1,2,34,2,1,,4,1,,,,1,1142,
2152,,,,1,2,2,2,1,2,2,2,2,2,2,20141127,11,2,1,1,2,2,,4,1,3,5,2,1,,3,1,1,2,5,1,789,
2153,,,,2,2,2,2,2,2,2,2,2,2,2,20141115,11,3,2,1,2,2,,4,1,2,34,2,1,,,2,2,1,5,1,1992,
2154,1,2,1,1,1,2,2,2,2,2,2,2,2,2,20141116,11,9,1,3,,2,,2,1,2,5,2,1,6,4,5,4,2,3,3,1255,
2155,,,,2,2,2,2,2,2,2,2,2,2,1,20141113,11,10,2,3,,1,,1,1,1,34,2,1,1,1,4,2,3,4,3,577,
2156,1,1,1,1,1,2,2,1,2,2,2,2,2,2,20141116,11,6,2,3,,2,,2,1,1,4,2,1,2,,5,2,3,4,3,3432,60+
2157,,,,1,2,2,2,2,2,2,2,2,2,2,20141112,11,2,2,1,2,2,,4,1,1,5,2,1,,4,1,1,3,5,1,1897,
2158,,,,1,1,2,1,1,2,2,2,2,2,2,20141113,11,7,2,3,,2,,2,1,1,34,2,1,7,4,2,2,1,2,3,3854,
2159,1,2,1,2,2,2,2,2,2,2,2,2,2,2,20141201,12,4,2,3,,3,3,5,1,3,5,2,1,,4,2,4,1,2,3,703,
2160,1,2,1,2,2,2,2,2,2,2,2,2,2,2,20141116,11,9,2,3,,2,,2,1,2,34,2,1,7,4,5,4,3,4,3,769,65+
2161,,,,1,1,2,2,1,2,2,2,2,2,2,20141112,11,7,2,3,,1,,1,1,1,5,2,1,6,3,5,3,3,4,3,1921,
2162,,,,2,2,2,2,2,2,2,2,2,2,2,20141114,11,2,2,1,4,2,,6,1,3,5,2,1,,3,1,,,,1,1138,
2163,,,,1,1,2,2,2,2,2,2,2,2,2,20141011,10,8,2,3,,2,,2,1,2,4,2,1,4,,3,4,1,2,3,2288,
2164,,,,2,2,2,2,2,2,2,2,2,2,2,20141113,11,8,2,3,,3,,3,1,2,34,2,1,5,4,2,1,1,2,3,3854,
2165,,,,1,1,2,2,2,2,2,2,2,2,2,20141113,11,8,2,3,,1,,1,1,0,5,2,1,2,,3,2,2,3,3,3843,
2166,,,,2,2,2,2,2,2,2,2,2,2,2,20141118,11,1,2,1,1,2,,3,1,2,34,2,1,,4,1,,,,1,1138,
2167,,,,2,2,2,2,2,2,2,2,2,2,2,20141201,12,4,2,1,3,2,,5,1,3,34,2,1,,2,1,1,1,5,,1868,
2168,,,,2,2,2,2,2,2,2,2,2,2,2,20141011,10,10,2,3,,1,,1,1,0,34,2,1,4,2,1,1,1,2,3,1153,
2169,1,1,1,1,1,2,2,1,2,2,2,2,2,2,20141116,11,9,1,3,,2,,2,1,3,5,2,1,4,4,4,5,2,3,3,941,"Pas d’âge, santé implicite"
2170,1,2,2,2,2,2,2,2,2,2,2,2,2,2,20141116,11,7,1,2,1,3,1,,1,3,5,2,1,1,2,5,4,3,4,3,23208,70+
2171,1,1,1,1,2,2,1,1,2,2,2,2,2,2,20141116,11,8,2,3,,3,1,3,1,3,4,2,1,4,4,5,2,3,4,3,2574,
2172,1,1,1,1,2,2,2,1,2,2,2,1,2,2,20141116,11,7,2,3,,2,,2,1,2,34,2,1,4,3,4,5,2,3,3,2569,
2173,1,2,1,2,2,2,2,2,2,2,2,2,2,2,20141121,11,9,2,3,,1,,1,2,3,34,2,1,1,2,3,3,2,3,3,231,65+
2174,,,,1,1,2,1,1,2,2,2,2,2,2,20141010,10,9,1,3,,2,,2,1,1,5,2,1,,,5,5,2,3,3,1882,
2175,,,,1,2,2,1,1,2,2,2,2,2,2,20141129,11,3,1,1,2,2,,4,1,3,4,2,1,,4,1,1,2,5,1,1401,
2176,1,1,1,2,2,2,2,2,2,2,2,2,2,2,20141116,11,10,1,3,,2,,2,1,0,5,2,1,7,3,5,5,3,4,2,3764,70+
2177,,,,2,2,2,2,2,2,2,2,2,2,2,20141117,11,2,1,1,2,2,,4,1,2,4,2,1,,3,1,,,,1,1814,
2178,,,,2,2,2,2,2,2,2,2,2,2,2,20141110,11,3,1,1,2,2,,4,1,2,34,2,1,,3,,1,,,1,1623,
2179,,,,2,2,2,2,2,2,2,2,2,2,2,20150103,1,1,2,1,2,1,,3,1,0,34,2,1,,1,1,1,1,5,1,3415,
2180,,,,2,2,2,2,2,2,2,2,2,2,2,20141022,10,4,2,1,3,2,2,5,2,3,4,2,1,,4,1,3,1,5,,1663,
2181,1,2,1,1,1,2,1,2,2,2,2,2,2,2,20150314,3,8,2,3,,2,2,2,2,2,5,2,1,4,4,4,3,2,3,3,1921,
2182,3,2,1,2,2,2,2,2,2,2,2,2,2,2,20141116,11,10,2,3,,1,,1,2,1,4,2,1,7,2,,2,,,3,535,
2183,,,,1,2,2,2,2,2,1,2,1,2,2,20141113,11,6,2,2,2,2,,4,1,2,4,2,1,4,4,4,3,2,3,3,15074,
2184,1,2,1,2,2,2,2,2,2,2,2,2,2,2,20141203,12,4,1,3,,2,2,2,1,1,34,2,1,,1,5,5,2,3,3,1036,"Pas d’âge, santé implicite"
2185,1,1,1,2,2,2,2,2,2,2,2,2,2,2,20141119,11,9,2,3,,1,,1,1,0,5,2,1,4,1,2,3,1,2,3,1112,70+
2186,,,,1,2,2,2,2,2,2,2,2,2,2,20141127,11,2,1,1,2,2,,4,1,2,5,2,1,,4,1,1,1,5,1,1052,
2187,,,,1,2,2,2,1,2,2,2,2,2,2,20141011,10,8,1,3,,2,,2,1,2,34,2,1,6,4,5,5,2,3,3,4106,
2188,,,,1,1,2,,2,2,2,2,2,2,2,20141011,10,9,2,3,,1,,1,1,1,5,2,1,4,2,3,4,1,2,3,556,
2189,,,,1,1,2,2,1,2,2,2,2,2,2,20141113,11,7,2,3,,3,2,5,1,3,4,2,1,2,4,2,1,2,3,3,2860,
2190,,,,2,2,2,2,2,2,2,2,2,2,2,20141110,11,8,2,3,,2,,2,1,1,34,2,1,6,,2,3,1,2,3,3854,
2191,,,,2,2,2,2,2,2,2,2,2,2,2,20141128,11,2,1,1,2,1,,4,1,2,5,2,1,,3,1,1,2,5,1,1052,
2192,,,,2,2,2,2,2,2,2,2,2,2,2,20141120,11,1,2,1,2,3,,6,1,3,5,2,1,,4,1,,,,1,948,
2193,,,,2,2,2,2,2,2,2,2,2,2,2,20141119,11,4,1,1,1,2,2,3,1,1,34,2,1,,,3,3,2,5,,1826,
2194,1,1,1,2,2,2,2,2,2,2,2,2,2,2,20141119,11,9,2,3,,1,,1,1,1,5,2,1,2,1,2,3,1,2,3,556,80+
2195,,,,1,2,2,2,1,2,2,2,2,2,2,20141120,11,3,2,1,1,2,,3,1,3,5,2,1,,4,1,2,1,5,1,815,
2196,,,,2,2,2,2,2,2,2,2,2,2,2,20141025,10,2,1,1,2,2,,4,1,2,5,2,1,,,1,1,1,5,1,1052,
2197,,,,2,1,2,2,2,2,2,2,2,2,2,20141124,11,2,2,1,2,3,,5,1,3,5,2,1,,4,1,1,2,5,1,948,
2198,1,2,1,2,2,2,2,2,2,2,2,2,2,2,20141201,12,4,1,3,,2,1,2,1,2,5,2,1,,3,3,5,1,2,3,553,70+
2199,,,,1,1,2,1,2,2,1,2,1,2,1,20141025,10,4,2,2,1,3,1,4,1,3,5,2,1,,4,,,,,3,1873,
2200,,,,1,2,2,2,2,2,2,2,2,2,2,20141208,12,3,1,1,3,2,,5,1,2,34,2,1,,3,,1,,,1,2028,
2201,,,,2,2,2,2,2,2,2,2,2,2,2,20141129,11,3,2,1,1,2,,3,1,3,5,2,1,,4,1,1,2,5,1,815,
2202,,,,1,1,2,2,2,2,2,2,1,2,2,20141119,11,2,2,1,1,2,,3,1,2,34,2,1,,4,1,1,1,5,1,1138,
2203,,,,2,2,2,2,2,2,2,2,2,2,2,20141222,12,1,2,1,3,3,3,6,1,3,4,2,1,,4,1,1,1,5,1,1288,
2204,,,,1,1,2,1,1,2,2,2,2,2,2,20141130,11,3,2,1,2,2,2,4,2,3,34,2,1,,4,1,1,1,5,1,854,
2205,,,,1,2,2,1,2,2,2,2,1,2,2,20150104,1,3,2,1,3,1,,,1,,34,2,1,,1,1,1,1,5,1,1494,
2206,,,,2,2,2,2,2,2,2,2,2,2,2,20141118,11,2,2,1,3,3,,6,1,3,4,2,1,,,1,,,,1,2577,
2207,1,1,1,2,2,2,2,2,2,2,2,2,2,2,20141119,11,9,2,3,,3,3,3,1,2,4,2,1,,2,5,1,3,4,2,1606,65+
2208,1,1,1,1,2,2,1,1,2,2,2,2,2,2,20141119,11,9,1,3,,3,2,4,1,3,5,2,1,4,4,3,4,1,2,3,1506,50+
2209,,,,1,1,2,2,2,2,2,2,2,2,2,20141202,12,4,1,1,1,3,2,4,1,3,5,2,1,,4,2,3,1,5,,1070,
2210,,,,2,2,2,2,2,2,2,2,2,2,2,20150106,1,1,2,1,2,2,,4,1,2,5,2,1,,4,1,1,4,5,1,1265,
2211,1,2,1,2,2,2,2,2,2,2,2,2,2,2,20141119,11,9,1,3,,2,,2,1,1,34,2,1,2,3,5,5,2,3,3,1555,65+
2212,,,,1,2,2,2,1,2,1,2,1,2,2,20141113,11,9,2,3,,1,,1,1,1,34,2,1,4,1,5,1,3,4,3,577,
2213,,,,1,2,2,2,2,2,2,2,2,2,2,20141011,10,2,2,1,2,2,,4,1,2,34,2,1,,4,1,1,1,5,1,1518,
2214,1,2,1,1,2,2,2,2,2,2,2,2,2,2,20141114,11,8,2,3,,2,,2,1,2,34,2,1,4,2,3,3,2,3,3,2569,75+
2215,,,,2,2,2,2,2,2,2,2,2,2,2,20141110,11,7,1,3,,1,,1,1,0,4,2,1,3,3,4,4,2,3,3,7259,
2216,,,,2,2,2,2,1,2,2,2,1,2,2,20141110,11,2,1,1,2,2,2,4,1,2,4,2,1,,4,1,1,1,5,1,1814,
2217,,,,1,1,2,2,1,2,1,2,1,1,2,20141113,11,7,2,3,,3,,4,1,3,4,2,1,,,2,,,,3,2746,
2218,3,1,1,1,2,2,2,1,2,2,2,2,2,2,20141203,12,4,2,2,1,2,,3,1,2,34,2,1,,4,5,4,3,5,,2821,
2219,,,,1,2,2,2,2,2,2,2,2,2,2,20141112,11,9,1,3,,2,,2,1,1,34,2,1,3,2,5,4,3,4,2,1555,
2220,1,2,1,2,2,2,2,2,2,2,2,2,2,2,20141117,11,9,1,3,,2,,2,1,2,5,2,1,6,,5,5,2,3,3,1255,65+
2221,,,,1,2,2,1,1,2,1,2,1,2,2,20141020,10,1,1,1,3,2,,5,1,2,34,2,1,,4,1,1,1,5,1,1903,
2222,1,2,1,2,2,2,2,2,2,2,2,2,2,2,20141116,11,7,2,2,3,2,2,5,1,2,5,2,1,4,4,2,2,1,2,3,17785,"Vieux, pas d'âge défini"
2223,1,1,1,1,1,2,1,1,2,2,2,2,2,2,20141114,11,8,1,3,,2,,2,1,2,5,2,1,2,3,5,5,2,3,3,5571,65+
2224,,,,1,2,2,2,1,2,2,2,2,2,2,20141012,10,8,2,3,,1,,1,1,2,5,2,1,6,2,3,4,1,2,3,1281,
2225,1,1,1,1,1,2,2,1,2,2,2,1,2,2,20150130,1,7,1,3,,2,,2,1,2,5,2,1,7,4,4,4,2,3,3,5571,70+
2226,,,,2,2,2,2,2,2,2,2,2,2,2,20150131,1,1,1,1,1,2,,3,1,2,4,2,1,,4,1,1,1,5,1,1360,
2227,1,2,1,2,2,2,2,2,2,2,2,2,2,2,20150123,1,10,1,3,,3,,3,2,2,4,2,1,1,1,2,2,1,2,3,1205,70+
2228,,,,2,2,2,2,2,2,2,2,2,2,2,20141010,10,2,2,1,2,2,,4,1,2,4,2,1,,4,1,1,3,5,1,1718,
2229,1,2,1,2,2,2,2,2,2,2,2,2,2,2,20150116,1,9,2,3,,2,,2,1,1,34,2,1,2,2,1,1,1,2,3,1153,
2230,1,1,1,1,1,2,2,1,2,2,2,2,2,1,20150119,1,6,2,2,1,2,,3,1,3,5,2,1,5,4,5,2,3,4,3,8003,60+
2231,1,2,1,2,2,2,2,2,2,2,2,2,2,2,20150217,2,7,2,3,,2,,2,1,2,5,2,1,3,4,3,2,2,3,3,2562,60+
2232,1,2,1,2,2,2,2,2,2,2,2,2,2,2,20150110,1,5,2,2,1,2,,3,1,2,5,2,1,7,3,2,2,2,3,3,10671,65+
2233,,,,2,2,2,2,2,2,2,2,2,2,2,20150114,1,2,1,1,3,3,2,6,1,3,34,2,1,,1,,,,,1,1332,
2234,3,1,2,1,2,2,2,1,2,2,2,2,2,2,20150112,1,9,2,3,,2,,2,1,2,34,2,1,4,4,5,3,3,4,3,769,
2235,1,1,1,2,2,2,2,2,2,2,2,2,2,2,20150113,1,7,2,3,,2,1,2,1,2,4,2,1,6,2,2,2,1,2,3,2288,"Pas d’âge, santé implicite"
2236,,,,2,2,2,2,2,2,2,2,2,2,2,20150119,1,1,2,1,3,2,,5,1,2,34,2,1,,4,1,1,3,5,1,1897,
2237,,,,1,2,2,2,2,2,2,2,2,2,2,20150204,2,1,,1,2,2,,4,1,2,4,2,1,,4,1,1,1,5,1,4163,
2238,,,,2,2,2,2,1,2,2,2,2,2,2,20150125,1,2,2,1,1,2,,3,2,1,5,2,1,,4,1,1,1,5,1,948,
2239,1,1,2,2,2,2,2,2,2,2,2,2,2,2,20150126,1,9,2,3,,2,,2,1,1,5,2,1,2,2,2,1,1,2,3,1112,
2240,1,2,1,2,2,2,2,2,2,2,2,2,2,2,20150114,1,8,1,3,,2,,2,1,3,4,2,1,2,3,5,4,3,4,3,3630,
2241,1,,1,1,1,2,2,1,2,2,2,2,2,1,20150219,2,10,2,3,,1,,1,1,1,5,2,1,2,,3,4,1,2,3,556,80+
2242,1,1,1,2,2,2,2,2,2,2,2,2,2,2,20150119,1,8,2,3,,1,,1,2,0,5,2,1,2,1,5,3,3,4,3,1921,65+
2243,,,,,,,,,,,2,2,2,2,20150126,1,2,2,1,2,2,,4,1,2,5,2,1,,4,1,,,,1,1265,
2244,,,,1,2,2,2,2,2,2,2,2,2,2,20150127,1,1,1,1,3,3,,6,1,3,4,2,1,,4,1,1,1,5,1,1904,
2245,,,,2,2,2,2,2,2,2,2,2,2,2,20141121,11,2,1,1,1,3,3,4,1,1,34,2,1,,4,1,1,1,5,1,2283,
2246,,,,2,2,2,2,2,2,2,2,2,2,2,20141129,11,3,1,1,2,1,,3,2,2,34,2,1,,4,3,1,3,5,1,730,
2247,,,,1,2,2,2,1,2,2,2,2,2,2,20141127,11,1,1,1,1,2,,3,1,2,34,2,1,,3,1,,,,1,1142,
2248,,,,2,2,2,2,2,2,2,2,2,2,2,20141113,11,8,1,3,,2,,2,1,2,5,2,1,3,4,5,3,3,4,3,5571,
2249,2,1,1,2,2,2,2,2,2,2,2,2,2,2,20141120,11,10,2,3,,1,,1,1,0,4,2,1,2,,3,2,2,3,3,1606,
2250,1,1,2,2,2,2,2,2,2,2,2,2,2,2,20141119,11,9,1,3,,2,,2,1,1,34,2,1,,,3,3,2,3,3,1555,70+
2251,,,,2,2,2,1,1,2,2,2,2,2,2,20141120,11,2,1,1,2,3,1,5,1,2,34,2,1,,3,1,1,1,5,1,1903,
2252,1,1,1,2,2,2,2,2,2,2,2,2,2,2,20150204,2,4,1,2,1,3,1,4,1,3,34,2,1,,4,2,5,1,2,3,2298,
2253,,,,1,2,2,2,2,2,2,2,2,2,2,20150126,1,1,1,1,3,2,,5,1,2,34,2,1,,3,1,1,4,5,1,1903,
2254,1,1,1,2,2,2,2,2,2,2,2,2,2,2,20150123,1,10,2,3,,2,,2,2,1,5,2,1,6,3,4,1,3,4,3,445,50+
2255,,,,2,2,2,2,2,2,2,2,2,2,2,20150129,1,1,2,1,2,3,,5,1,3,4,2,1,,4,1,1,4,5,1,1611,
2256,1,1,1,2,2,2,2,2,2,2,2,2,2,2,20150117,1,10,2,3,,1,,1,1,0,5,2,1,4,2,4,1,3,4,3,1112,75+
2257,2,2,1,1,1,2,2,2,2,2,2,2,2,2,20150121,1,8,2,3,,1,,1,1,1,34,2,1,6,,4,1,3,4,3,1927,80+
2258,,,,2,2,2,2,2,2,2,2,2,2,2,20150127,1,4,2,1,3,2,,5,1,2,34,2,1,,2,,1,,,,2490,
2259,1,,1,1,1,2,2,2,2,2,2,2,2,2,20150122,1,10,1,3,,2,,2,1,0,5,2,1,2,3,5,4,3,4,3,3764,
2260,1,,1,1,1,2,,1,2,1,2,1,2,2,20150119,1,6,1,3,,1,,1,1,0,34,2,1,4,2,5,5,2,3,3,6159,
2261,,,,2,2,2,2,2,2,2,2,2,2,2,20150207,2,4,1,1,4,2,,6,1,1,4,2,1,,2,2,4,1,5,,4202,
2262,,,,2,2,2,2,2,2,2,2,2,2,1,20150203,2,1,2,1,1,2,,3,1,1,34,2,1,,1,,,,,1,1708,
2263,1,2,1,2,2,2,2,2,2,2,2,2,2,2,20150219,2,7,2,3,,2,,2,1,2,5,2,1,2,4,3,3,2,3,3,2562,
2264,1,1,1,1,2,2,2,1,2,2,2,2,2,2,20141210,12,7,2,2,1,3,1,4,1,3,34,2,1,2,4,2,1,1,2,3,6836,80+
2265,1,2,1,2,2,2,2,2,2,2,2,2,2,2,20141211,12,10,2,3,,2,,2,1,1,5,2,1,5,2,4,4,2,3,3,1112,65+
2266,1,1,1,2,2,2,2,2,2,2,2,2,2,2,20141212,12,9,1,3,,1,,1,1,,4,2,1,7,,3,3,2,3,3,1607,65+
2267,1,2,1,2,2,2,2,2,2,2,2,1,2,2,20141211,12,8,2,3,,1,,1,1,1,34,2,1,2,1,4,4,2,3,3,1927,"Pas d’âge, santé implicite"
2268,1,2,1,1,1,2,1,2,2,2,2,2,2,2,20141211,12,9,1,3,,3,1,3,2,3,5,2,1,3,,4,3,2,3,3,807,
2269,,,,1,2,2,1,2,2,1,2,2,2,2,20150104,1,2,1,1,2,3,,,1,3,34,2,1,,4,1,1,1,5,1,1142,
2270,1,1,1,1,2,2,2,2,2,1,2,1,2,2,20141211,12,10,1,3,,2,2,2,1,1,34,2,1,2,4,3,2,2,3,3,1555,
2271,3,2,1,1,1,2,2,1,2,2,2,2,2,2,20141213,12,10,2,3,,1,,1,1,1,34,2,1,1,1,2,,,,3,577,
2272,1,2,1,2,2,2,2,2,2,2,2,2,2,2,20141210,12,8,2,3,,3,1,3,1,3,4,2,1,2,3,2,2,1,2,3,2574,80+
2273,,,,2,2,1,2,2,2,2,2,2,2,2,20141213,12,4,1,1,1,2,,3,1,3,4,2,1,,4,2,3,1,5,,1050,
2274,1,2,1,2,2,2,2,2,2,2,2,2,2,2,20141211,12,10,1,3,,1,,1,1,2,5,2,1,2,3,4,5,1,2,3,627,60+
2275,1,1,2,1,2,2,2,1,2,2,2,2,2,1,20141212,12,8,1,3,,2,1,2,2,2,5,2,1,4,,4,3,2,3,3,2388,60+
2276,1,2,1,1,2,1,1,1,2,2,2,2,2,2,20141211,12,6,2,2,2,2,,4,1,2,5,2,1,4,4,2,1,1,2,3,14228,
2277,1,2,2,2,2,2,2,2,2,2,2,2,2,2,20141211,12,9,2,3,,1,,1,1,1,5,2,1,3,1,5,2,3,4,3,556,
2278,1,2,1,2,2,2,2,2,2,2,2,2,2,2,20141210,12,9,2,3,,2,,2,1,2,34,2,1,2,4,3,1,2,3,3,769,80+
2279,,,,1,1,2,2,2,2,2,2,2,2,2,20141211,12,2,2,1,4,2,,6,1,3,34,2,1,,4,1,1,1,5,1,1708,
2280,1,1,1,1,2,2,1,1,2,2,2,2,2,2,20141211,12,8,1,3,,2,1,2,1,2,34,2,1,6,2,5,5,3,4,3,4106,70+
2281,1,2,,2,2,2,2,2,2,2,2,2,2,2,20141212,12,10,2,3,,1,1,1,1,1,4,2,1,4,2,4,3,2,3,3,803,60+
2282,,,,1,2,2,2,2,2,2,2,2,2,2,20150109,1,1,2,1,3,2,,5,1,2,34,2,1,,4,1,,,,1,1897,
2283,1,2,1,2,2,2,2,2,2,2,2,2,2,2,20141214,12,4,1,3,,3,1,3,1,3,4,2,1,,,2,3,1,2,3,711,"Pas d’âge, santé implicite"
2284,1,1,1,2,2,2,2,2,2,2,2,2,2,2,20141210,12,8,1,3,,2,,2,1,1,34,2,1,1,1,5,4,3,4,3,6159,75+
2285,1,2,1,1,1,2,2,2,2,2,2,2,2,2,20141211,12,6,2,3,,2,,2,2,2,4,2,1,5,4,3,3,2,3,3,1716,70+
2286,1,1,1,2,2,2,2,2,2,2,2,2,2,2,20141212,12,7,1,3,,2,,2,1,2,34,2,1,7,4,4,4,2,3,3,4106,"Pas d’âge, santé implicite"
2287,1,1,1,1,1,2,2,2,2,2,2,2,2,2,20141210,12,9,1,3,,2,,2,1,2,4,2,1,6,4,4,5,1,2,3,1071,65+
2288,,,,2,2,2,2,2,2,2,2,2,2,2,20141211,12,1,1,1,2,2,,4,1,2,5,2,1,,3,1,1,1,5,1,1052,
2289,1,2,1,1,2,2,2,2,2,2,2,2,2,2,20141211,12,8,2,3,,2,,2,1,1,4,2,1,7,4,3,2,2,3,3,3432,
2290,,,,1,2,2,2,2,2,2,2,2,2,2,20141211,12,8,1,3,,2,,2,2,2,4,2,1,3,4,4,4,2,3,2,3630,
2291,,,,2,2,1,2,2,2,2,2,2,2,2,20141214,12,2,1,1,2,2,,4,1,1,5,2,1,,4,1,1,1,5,1,1578,
2292,1,2,1,2,2,2,2,2,2,2,2,2,2,2,20141210,12,10,1,3,,2,,2,1,1,34,2,1,1,2,3,4,1,2,3,1555,
2293,1,2,1,2,2,2,2,2,2,2,2,2,2,2,20141213,12,9,2,3,,2,1,2,1,1,5,2,1,5,2,2,1,1,2,3,1112,
2294,1,2,1,2,2,2,2,2,2,2,2,2,2,2,20141214,12,10,2,3,,1,,1,1,1,4,2,1,2,2,3,3,2,3,3,803,
2295,1,2,1,2,2,2,2,2,2,2,2,2,2,2,20141211,12,8,1,3,,2,,2,1,2,4,2,1,4,4,4,4,2,3,3,4839,70+
2296,1,2,1,2,2,2,2,2,2,2,2,2,2,2,20141211,12,9,1,3,,2,,2,1,2,5,2,1,2,3,4,4,2,3,3,1255,65+
2297,,,,,,,,,2,2,2,2,2,2,20141211,12,2,2,1,2,2,,4,1,2,5,2,1,,4,,,,,1,1265,
2298,1,1,1,2,2,2,2,2,2,2,2,2,2,2,20141210,12,9,2,3,,1,,1,2,1,34,2,1,4,3,2,1,2,3,3,384,65+
2299,,,,2,2,2,1,2,2,2,2,2,2,2,20150107,1,1,2,1,1,2,2,3,2,2,4,2,1,,4,1,1,4,5,1,966,
2300,,,,2,2,2,2,2,2,2,2,2,2,1,20141211,12,3,1,1,1,2,2,3,1,2,4,2,1,,3,1,1,2,5,1,1401,
2301,1,2,,1,2,2,2,2,2,2,2,2,2,2,20141211,12,10,2,3,,1,,1,1,1,34,2,1,1,1,4,2,3,4,3,577,80+
2302,1,2,2,2,2,2,2,2,2,2,2,2,2,2,20141211,12,7,1,3,,2,,2,2,1,5,2,1,5,2,5,5,3,4,3,5571,70+
2303,1,2,1,1,2,2,2,1,,,,,,,20141212,12,7,2,3,,3,2,5,1,3,4,2,1,2,4,4,4,2,3,3,2860,70+
2304,,,,1,1,2,2,2,2,2,2,2,2,2,20141212,12,3,2,1,2,1,,3,2,3,34,2,1,,3,2,2,1,5,1,640,
2305,1,1,1,2,2,2,2,2,2,2,2,2,2,2,20141213,12,4,1,3,,2,1,2,1,2,34,2,1,,4,4,5,1,2,3,691,65+
2306,1,1,1,2,2,2,2,2,2,2,2,2,2,2,20141210,12,8,2,3,,1,,1,1,1,34,2,1,4,2,5,3,3,4,3,1927,
2307,,,,2,2,2,2,2,2,2,2,2,2,2,20141211,12,10,2,3,,3,3,3,1,1,5,2,1,1,2,2,1,1,2,2,1669,
2308,,,,2,2,2,2,2,2,2,2,2,2,2,20150106,1,3,1,1,2,2,,4,1,3,5,2,1,,4,1,1,1,5,1,1070,
2309,1,2,1,2,2,2,2,2,2,2,2,2,2,2,20150320,3,9,1,3,,2,,2,1,2,34,2,1,4,3,5,5,3,4,3,1037,60+
2310,1,2,1,2,2,2,2,2,2,2,2,2,2,2,20141211,12,5,1,3,,3,3,3,,3,5,2,1,2,,,1,,,3,6268,65+
2311,,,,2,2,2,2,2,2,2,2,2,2,2,20141210,12,3,2,1,2,2,2,4,1,2,34,2,1,,4,1,1,1,5,1,1992,
2312,1,2,1,2,2,2,2,2,2,2,2,2,2,2,20141211,12,7,2,3,,2,,6,1,3,5,2,1,4,4,4,4,2,3,3,5764,"Pas d’âge, santé implicite"
2313,,,,1,1,2,1,1,2,2,2,2,2,2,20150108,1,3,2,1,3,2,,5,1,3,34,2,1,,4,1,3,1,5,1,1494,
2314,1,1,1,2,2,2,2,2,2,2,2,2,2,2,20141210,12,10,2,3,,1,,1,1,1,4,2,1,2,,4,2,3,4,3,803,"Pas d’âge, santé implicite"
2315,,,,2,2,2,2,2,2,2,2,2,2,2,20141212,12,6,1,3,,2,1,2,1,1,34,2,1,4,2,3,5,1,2,2,6159,
2316,1,2,1,2,2,2,2,2,2,2,2,2,2,2,20141210,12,6,2,2,2,2,2,4,1,3,34,2,1,4,4,2,2,1,2,3,8545,
2317,,,,1,1,2,2,2,2,2,2,2,2,2,20150106,1,2,2,1,2,2,,4,1,2,4,2,1,,4,1,1,2,5,1,1718,
2318,1,1,1,1,1,2,2,1,1,2,2,2,2,2,20141210,12,6,1,3,,3,3,3,1,3,4,2,1,2,4,3,5,1,2,3,5444,60+
2319,,,,1,1,2,2,1,2,2,2,2,2,2,20141211,12,3,1,1,1,1,,2,1,2,4,2,1,,1,1,3,1,5,1,934,
2320,,,,1,1,2,2,1,2,2,2,2,2,2,20141210,12,3,2,1,2,3,,5,1,3,4,2,1,,4,1,1,2,5,1,2911,
2321,,,,1,2,2,2,2,2,2,2,2,2,2,20150105,1,3,2,1,2,2,,4,1,3,34,2,1,,4,2,2,1,5,1,1494,
2322,1,2,1,1,2,2,2,1,2,2,2,2,2,2,20141210,12,8,2,3,,2,,2,1,2,4,2,1,2,2,2,2,1,2,3,2288,65+
2323,,,,1,2,2,2,2,2,2,2,2,2,2,20141212,12,1,1,1,2,2,2,4,1,2,4,2,1,,4,1,,,,1,1814,
2324,3,,1,2,2,2,2,2,2,2,2,2,2,2,20141211,12,5,1,3,,2,1,3,1,2,34,2,1,2,2,4,4,2,3,3,6159,
2325,1,1,1,2,2,2,2,2,2,2,2,2,2,2,20141212,12,10,1,3,,2,,2,1,2,4,2,1,4,2,5,4,3,4,3,1071,70+
2326,1,1,1,1,1,2,2,1,2,2,2,2,2,2,20141210,12,8,2,3,,2,,2,1,1,5,2,1,2,,,1,,,3,3843,70+
2327,,,,1,1,2,2,1,2,2,2,2,2,2,20150103,1,3,2,2,1,3,2,5,2,3,5,2,1,,4,1,1,2,5,1,1672,
2328,,,,2,2,2,2,2,2,2,2,2,2,2,20141212,12,2,2,1,2,2,,4,1,,4,2,1,,,1,1,1,5,1,5154,
2329,1,2,1,2,2,2,2,2,2,2,2,2,2,2,20141211,12,9,2,3,,1,,1,1,1,5,2,1,7,2,3,2,2,3,3,556,
2330,1,2,1,1,2,2,1,1,2,2,2,2,2,2,20141212,12,7,2,3,,3,2,3,1,3,4,2,1,4,1,5,3,3,4,3,2574,"Pas d’âge, santé implicite"
2331,1,1,1,2,2,2,2,2,2,2,2,2,2,2,20141212,12,10,2,3,,2,,2,2,2,5,2,1,6,,2,2,1,2,3,556,70+
2332,1,1,1,2,2,2,2,2,2,2,2,2,2,2,20141211,12,8,1,3,,1,,1,1,1,34,2,1,4,4,5,4,3,4,3,3080,75+
2333,,,,2,2,2,2,2,2,2,2,2,2,2,20150109,1,2,1,1,3,2,,5,1,2,4,2,1,,4,1,1,1,5,1,2267,
2334,1,1,1,1,1,1,2,1,2,2,2,2,2,2,20141212,12,9,2,3,,1,,1,1,0,34,2,1,4,1,2,1,2,3,3,1153,70+
2335,1,1,,2,2,2,2,2,2,2,2,2,2,2,20141212,12,9,1,3,,2,,2,2,2,34,2,1,1,1,5,5,2,3,3,777,"Pas d’âge, santé implicite"
2336,1,2,1,1,2,2,2,2,2,2,2,2,2,2,20141211,12,9,2,3,,3,,4,2,3,5,2,1,4,,4,3,2,3,3,742,80+
2337,,,,1,2,2,2,2,2,2,2,2,2,2,20150108,1,1,2,1,5,2,,6,1,3,34,2,1,,4,1,1,4,5,1,1138,
2338,1,2,1,2,2,2,2,2,2,2,2,2,2,2,20141212,12,6,2,2,3,3,1,6,1,3,4,2,1,2,1,2,2,1,2,3,13566,60+
2339,1,2,1,2,2,2,2,2,2,2,2,2,2,2,20141212,12,10,2,3,,2,,2,1,1,34,2,1,2,2,4,3,2,3,3,1153,80+
2340,1,1,2,1,2,2,2,2,2,1,2,1,2,2,20141210,12,10,2,3,,1,,1,1,0,34,2,1,2,1,4,2,3,4,3,1153,70+
2341,1,1,1,1,2,2,2,1,2,2,2,2,2,1,20141211,12,9,1,3,,3,1,3,1,3,34,2,1,4,4,5,5,3,4,3,1166,"Pas d’âge, santé implicite"
2342,1,2,1,1,2,2,1,1,2,2,2,2,2,1,20141211,12,8,1,3,,2,,2,1,2,5,2,1,2,4,5,4,3,4,3,5571,65+
2343,1,1,1,2,2,2,2,2,2,2,2,2,2,2,20141213,12,9,1,3,,1,,1,1,1,34,2,1,1,1,3,3,2,3,3,777,70+
2344,1,,1,2,2,2,2,2,2,2,2,2,2,2,20150320,3,10,1,3,,2,,2,1,1,34,2,1,2,2,4,5,2,3,3,1555,"Pas d’âge, santé implicite"
2345,3,1,1,2,2,2,2,2,2,2,2,2,2,2,20141210,12,10,2,3,,2,,2,2,1,34,2,2,6,4,4,4,2,3,3,577,
2346,1,2,1,2,2,2,2,2,2,2,2,2,2,2,20150107,1,4,2,3,,3,1,3,1,1,34,2,1,,1,3,3,1,2,3,1908,"Expérience, pas d'âge"
2347,,,,2,2,2,2,2,2,2,2,2,2,2,20141212,12,1,1,1,2,2,,4,1,2,5,2,1,,4,1,,,,1,1052,
2348,,,,2,2,2,2,2,2,2,2,2,2,2,20150119,1,4,1,1,4,2,,6,1,3,34,2,1,,4,2,3,1,5,,1826,
2349,,,,2,2,2,2,2,2,2,2,2,2,2,20150203,2,2,1,1,3,2,,5,1,2,4,2,1,,4,1,1,1,5,1,2267,
2350,1,2,1,2,2,2,2,2,2,2,2,2,2,2,20150121,1,9,2,3,,2,,2,1,0,34,2,1,6,,3,2,2,3,3,2306,80+
2351,,,,2,2,2,2,2,1,2,2,2,2,2,20150203,2,2,2,1,3,2,,5,1,2,5,2,1,,4,1,1,1,5,1,1581,
2352,,,,1,2,2,2,1,2,2,2,2,2,2,20150203,2,4,2,1,1,2,,3,1,3,5,2,1,,2,,2,,,,815,
2353,1,1,1,2,2,2,2,2,2,2,2,2,2,2,20150123,1,8,2,3,,1,,1,1,1,34,2,1,5,1,3,2,2,3,3,1927,70+
2354,,,,1,2,2,2,1,2,2,2,2,2,2,20150203,2,3,1,1,2,2,2,4,1,3,34,2,1,,4,2,4,1,5,1,974,
2355,,,,,2,2,2,2,2,2,2,2,2,2,20150118,1,7,1,2,5,2,,6,1,3,34,2,1,2,2,5,4,3,4,2,27313,
2356,1,,1,2,2,2,2,2,2,2,2,2,2,2,20150219,2,7,1,3,,3,1,3,1,2,5,2,1,2,2,5,5,3,4,3,8357,65+
2357,1,1,1,1,2,2,2,1,2,2,2,2,2,2,20150121,1,8,2,3,,3,1,3,1,3,4,2,1,5,,3,3,2,3,3,2574,65+
2358,1,2,1,2,2,2,2,2,2,2,2,2,2,2,20150116,1,9,2,3,,1,,1,1,0,5,2,1,1,1,4,2,3,4,3,1112,
2359,1,2,,2,2,2,2,2,2,2,2,2,2,2,20150119,1,10,2,3,,1,,1,1,0,34,2,1,1,1,3,2,2,3,3,1153,70+
2360,1,2,1,1,1,2,1,1,2,2,2,2,2,2,20150126,1,9,2,3,,2,,2,1,1,5,2,1,4,2,3,3,1,2,3,1112,70+
2361,,,,2,2,2,2,2,2,2,2,2,2,2,20150202,2,1,2,1,2,3,1,6,1,2,5,2,1,,4,1,1,4,5,1,1897,
2362,1,2,1,1,2,2,1,1,2,2,2,2,2,2,20150120,1,7,2,3,,2,,2,1,2,34,2,1,2,4,5,1,3,4,3,2569,65+
2363,1,2,1,2,2,2,2,2,2,2,2,2,2,2,20150122,1,5,2,3,,3,,3,1,3,34,2,1,4,1,4,3,3,4,3,2890,70+
2364,,,,2,2,2,2,2,2,2,2,2,2,2,20150113,1,2,2,1,2,2,,4,1,1,34,2,1,,1,1,1,3,5,1,2277,
2365,,,,,2,2,2,2,2,2,2,2,2,2,20150202,2,4,2,2,1,3,1,4,1,3,5,2,1,,4,2,3,1,2,2,1873,
2366,,,,2,2,2,2,2,2,2,2,2,2,2,20150208,2,3,1,1,5,2,,6,1,2,34,2,1,,4,2,4,1,5,1,3246,
2367,,,,2,2,2,2,2,2,2,2,2,2,2,20150127,1,4,1,1,1,3,4,5,1,3,5,2,1,,3,3,4,2,5,,1337,
2368,1,2,1,1,1,2,2,1,2,2,2,1,2,2,20150122,1,6,1,3,,1,,1,1,1,5,2,1,4,2,5,5,3,4,3,4179,
2369,1,2,1,2,2,2,2,2,2,2,2,2,2,2,20150118,1,7,1,2,1,2,,3,1,3,34,2,1,4,4,5,3,3,4,3,10242,
2370,,,,1,2,2,1,1,2,2,2,2,2,1,20150223,2,2,,1,1,2,,2,0,2,5,2,1,,2,,,,,1,3027,
2371,,,,2,2,2,2,2,2,2,2,2,2,2,20150204,2,3,2,1,2,2,,4,1,2,5,2,1,,4,1,1,1,5,1,1449,
2372,,,,1,2,2,2,2,2,2,2,2,2,2,20141127,11,1,2,1,1,2,,3,0,2,5,2,1,,4,1,1,4,5,1,1423,
2373,,,,1,2,2,2,2,2,2,2,2,2,1,20150228,2,2,1,1,2,3,1,5,1,3,34,2,1,,2,1,1,1,5,1,1142,
2374,,,,1,2,2,2,2,2,2,2,1,2,2,20150228,2,4,1,1,2,3,1,5,1,3,34,2,1,,4,3,5,1,5,,1014,
2375,1,2,1,2,2,2,2,2,2,2,2,2,2,2,20150301,3,4,1,3,,3,2,4,2,3,4,2,1,,4,4,5,1,2,3,948,65+
2376,,,,2,2,2,2,2,2,2,2,2,2,2,20150318,3,3,1,1,2,2,,4,1,2,4,2,1,,,1,1,1,5,1,1867,
2377,,,,2,2,2,2,2,2,2,2,2,2,2,20150301,3,2,1,1,2,2,,4,1,2,4,2,1,,4,1,1,1,5,1,1814,
2378,,,,2,2,2,2,2,2,2,2,2,2,2,20150228,2,3,1,1,3,2,,5,1,2,5,2,1,,4,1,1,1,5,1,1783,
2379,,,,2,2,2,2,2,2,2,2,1,2,2,20150301,3,4,1,1,1,2,,3,1,3,34,2,1,,4,5,5,3,5,,913,
2380,,,,2,2,2,2,2,2,2,2,2,2,2,20150317,3,2,1,1,2,3,3,6,2,3,4,2,1,,2,2,1,3,5,1,1190,
2381,1,2,1,2,2,2,2,2,2,2,2,2,2,2,20150318,3,10,1,3,,1,,1,1,0,5,2,1,4,2,5,5,2,3,3,1882,65+
2382,1,,2,2,2,2,2,2,2,2,2,2,2,2,20150228,2,4,1,2,1,3,2,5,1,3,4,2,1,,2,2,5,1,2,3,4683,55+
2383,,,,1,2,2,2,1,2,2,2,2,2,2,20150301,3,4,2,3,,3,3,5,1,3,5,2,1,,4,2,3,1,2,2,703,
2384,,,,2,2,2,2,2,2,2,2,2,2,2,20150326,3,3,2,1,2,2,,4,1,2,4,2,1,,4,1,1,1,5,1,3105,
2385,,,,1,2,2,2,2,2,1,2,1,2,2,20150228,2,3,1,1,3,2,,5,1,2,34,2,1,,4,1,1,1,5,1,2028,
2386,,,,1,2,2,2,2,2,2,2,1,2,2,20150301,3,1,1,1,2,2,,4,1,2,34,2,1,,4,1,1,4,5,1,1522,
2387,1,1,1,2,2,2,2,2,2,2,2,2,2,2,20150319,3,10,1,3,,2,,2,1,1,5,2,1,3,2,4,5,2,3,3,1882,
2388,,,,1,2,2,2,1,2,2,2,2,2,2,20150227,2,3,2,1,2,3,2,6,1,3,34,2,1,,4,2,1,2,5,1,1494,
2389,1,1,1,1,2,2,2,2,2,2,2,2,2,2,20150316,3,10,1,3,,2,,2,1,2,34,2,1,7,2,4,4,2,3,3,1037,75+
2390,,,,1,2,2,2,2,2,2,2,2,2,2,20150301,3,3,2,1,3,2,,5,1,3,5,2,1,,4,1,1,1,5,1,1358,
2391,,,,2,2,2,2,2,2,2,2,2,2,2,20150228,2,3,2,1,1,3,,4,1,3,5,2,1,,,1,1,1,5,1,1087,
2392,,,,1,2,2,2,2,2,2,2,2,2,2,20150227,2,1,2,1,1,2,,3,1,2,5,2,1,,4,1,1,1,5,1,948,
2393,,,,1,2,2,2,1,2,1,2,1,2,2,20150227,2,1,2,1,1,2,,3,1,2,34,2,1,,4,1,1,2,5,1,1138,
2394,,,,2,2,2,2,2,2,2,2,2,2,2,20141026,10,1,1,1,2,2,,4,1,2,4,2,1,,4,1,1,4,5,1,1814,
2395,,,,2,2,2,2,2,2,2,2,2,2,2,20150228,2,1,1,1,4,2,,6,1,2,34,2,1,,2,,,,,1,2283,
2396,1,1,1,1,2,2,2,2,2,2,2,2,2,2,20141203,12,4,1,3,,2,2,2,2,2,34,2,1,,2,4,5,1,2,3,345,75+
2397,,,,2,2,2,2,1,2,2,2,2,2,2,20140821,8,1,2,1,2,2,,4,1,2,5,2,1,,4,1,1,4,5,1,1265,
2398,,,,2,2,2,2,2,2,2,2,2,2,2,20150321,3,1,2,1,1,2,,3,1,2,4,2,1,,4,1,1,1,5,1,1288,
2399,1,2,1,2,2,2,2,2,2,2,2,2,2,2,20150319,3,9,2,3,,2,,2,1,2,5,2,1,6,4,3,2,2,3,3,742,80+
2400,,,,2,2,2,2,2,2,2,2,2,2,2,20140813,8,4,2,1,3,3,1,6,1,2,5,2,1,,,2,3,1,5,,2173,
2401,,,,2,2,2,2,2,2,2,2,2,2,2,20140826,8,1,1,1,2,2,2,4,1,2,5,2,1,,2,1,,,,1,1052,
2402,,,,1,2,2,2,2,2,2,2,2,2,2,20140828,8,4,2,1,2,2,,4,1,3,4,2,1,,,3,5,1,5,,1863,
2403,,,,2,2,2,2,2,2,2,2,2,2,2,20140820,8,10,2,3,,1,,1,1,1,4,2,1,4,3,2,3,1,2,3,803,
2404,,,,2,2,2,2,2,2,2,2,2,2,2,20140818,8,6,2,2,4,2,2,6,1,1,4,2,1,6,2,5,1,3,4,3,33916,
2405,,,,2,2,2,2,2,2,2,2,2,2,2,20140821,8,2,1,1,2,2,,4,1,2,5,2,1,,4,1,1,1,5,1,1052,
2406,,,,2,2,2,2,2,2,2,2,2,2,2,20140828,8,3,1,1,1,2,,4,1,2,4,2,1,,,2,1,2,5,1,1867,
2407,,,,1,2,2,1,1,2,2,2,1,2,2,20140819,8,1,1,1,2,3,,5,1,3,34,2,1,,4,1,1,3,5,1,1427,
2408,1,1,1,2,2,2,2,2,2,2,2,2,2,2,20150314,3,8,2,3,,2,2,2,2,1,34,2,1,2,2,2,2,1,2,3,1542,65+
2409,,,,1,2,2,1,1,2,2,2,2,2,2,20140819,8,4,1,1,1,3,1,5,1,3,34,2,1,,2,5,5,2,5,,1217,
2410,,,,2,2,2,2,2,2,2,2,2,2,2,20140816,8,9,1,3,,2,,2,0,1,34,2,1,2,1,5,5,3,4,3,3110,
2411,,,,2,2,2,2,2,2,2,2,2,2,2,20140816,8,9,2,3,,2,,2,1,2,4,2,1,2,,5,3,3,4,3,1071,
2412,,,,2,2,2,2,2,2,2,2,2,2,2,20140812,8,8,2,3,,2,,2,1,2,5,2,1,6,3,3,2,2,3,3,2562,
2413,,,,2,2,2,2,2,2,2,2,2,2,1,20150227,2,1,2,1,2,2,,4,1,2,4,2,1,,3,1,1,1,5,1,1718,
2414,,,,2,2,2,2,2,2,2,2,2,2,2,20150227,2,1,2,1,3,2,,5,1,2,34,2,1,,3,1,1,1,5,1,1897,
2415,,,,1,1,2,2,1,2,2,2,2,2,2,20140820,8,9,2,3,,2,,2,1,2,4,2,1,5,4,5,2,3,4,3,1071,
2416,,,,2,2,2,2,2,2,2,2,2,2,2,20140829,8,4,1,1,5,2,,6,1,3,5,2,1,,4,5,4,3,5,,1427,
2417,,,,2,2,2,2,2,2,2,2,2,2,2,20140816,8,3,1,1,2,2,,4,1,3,5,2,1,,4,1,2,1,5,1,1070,
2418,,,,1,2,2,2,2,2,2,2,2,2,2,20140820,8,3,2,1,1,2,2,3,1,3,4,2,1,,2,1,1,1,5,1,1746,
2419,,,,2,2,2,2,2,2,2,1,2,2,2,20140810,8,10,2,3,,1,,1,1,1,34,2,1,7,,2,1,2,3,3,577,
2420,1,2,1,2,2,2,2,2,2,2,2,2,2,2,20150314,3,9,2,3,,2,,2,1,2,4,2,1,5,2,2,2,1,2,3,1071,80+
2421,1,,1,2,2,2,2,2,2,2,2,2,2,2,20150313,3,5,1,3,,2,2,2,1,1,34,2,1,1,2,3,5,1,2,3,6159,85+
2422,,,,2,2,2,2,2,2,2,2,2,2,2,20140816,8,6,1,3,,2,,2,1,2,4,2,1,7,,5,2,3,4,3,4839,
2423,,,,2,1,2,2,2,2,2,2,2,2,2,20140816,8,8,2,3,,2,,2,1,2,4,2,1,6,4,2,3,1,2,3,2288,
2424,1,2,1,1,2,2,2,1,2,2,2,2,2,2,20150314,3,7,2,3,,3,1,5,1,3,34,2,1,5,2,2,2,1,2,3,3212,60+
2425,,,,2,2,2,2,2,2,2,2,2,2,2,20140826,8,2,1,1,2,3,2,6,1,3,4,2,1,,,,,,,1,2040,
2426,,,,2,2,2,2,2,2,2,2,2,2,2,20140814,8,8,1,2,2,3,3,5,1,1,34,2,1,5,4,5,3,3,4,3,34141,
2427,,,,1,1,2,1,1,2,2,2,2,2,2,20140815,8,9,2,3,,1,,1,1,1,5,2,1,6,,4,3,2,3,3,556,
2428,,,,2,2,2,2,2,2,2,1,2,2,2,20140822,8,3,1,1,2,2,,4,1,2,5,2,1,,4,1,1,3,5,1,1427,
2429,,,,2,2,2,2,2,2,2,2,1,2,2,20140820,8,8,2,3,,3,1,3,1,3,34,2,1,2,4,4,2,3,4,3,2890,
2430,,,,2,2,2,2,2,2,2,2,2,2,2,20140810,8,5,1,3,,3,,4,1,1,4,2,1,4,2,3,3,1,2,3,14518,
2431,1,2,1,2,2,2,2,2,2,2,2,2,2,2,20150320,3,10,1,3,,2,,2,1,2,34,2,1,1,1,4,3,2,3,3,1037,Plus vieux que moi
2432,,,,2,2,2,2,2,2,2,2,2,2,2,20140815,8,7,2,3,,2,1,2,1,2,4,2,1,2,,2,2,1,2,3,2288,
2433,,,,1,1,2,2,1,1,1,2,2,2,2,20150324,3,2,2,1,2,2,,4,1,2,5,2,1,,4,1,1,1,5,1,1265,
2434,,,,2,2,2,2,2,2,2,2,2,2,2,20140829,8,2,1,1,2,2,,4,1,2,34,2,1,,,1,,,,1,1522,
2435,,,,2,2,2,2,2,2,2,2,2,2,2,20140816,8,10,2,3,,1,1,1,1,0,4,2,1,1,1,3,2,2,3,3,1606,
2436,1,2,1,2,2,2,2,2,2,2,2,2,2,2,20150315,3,7,2,3,,1,,2,1,1,5,2,1,5,3,5,3,3,4,3,3843,65+
2437,,,,2,2,2,2,2,2,2,2,2,2,2,20150320,3,1,2,1,1,3,,5,1,2,4,2,1,,4,1,1,4,5,1,2147,
2438,1,,1,1,1,2,2,2,2,2,2,2,2,2,20150318,3,10,2,3,,2,,2,1,,5,2,1,3,,3,2,2,3,3,2225,75+
2439,1,1,1,1,1,2,2,2,2,2,2,2,2,2,20150317,3,6,1,2,2,1,,3,2,2,4,2,1,7,4,5,4,3,4,3,17934,70+
2440,,,,2,2,2,2,2,2,2,2,2,2,2,20140812,8,10,1,3,,1,,1,1,0,34,2,1,2,1,4,4,2,3,3,1555,
2441,,,,1,2,2,2,1,2,2,2,2,2,2,20150322,3,1,1,1,2,2,,4,1,2,4,2,1,,4,1,1,1,5,1,1814,
2442,,,,1,1,2,2,2,2,2,2,2,2,2,20140829,8,4,1,2,2,3,1,5,1,3,34,2,1,,3,5,5,2,3,3,2298,
2443,,,,1,2,2,2,1,2,2,2,2,2,1,20140828,8,3,1,1,2,2,,4,2,3,34,2,1,,4,1,2,1,5,1,695,
2444,1,,1,1,1,2,2,2,2,2,2,2,2,2,20150322,3,9,2,3,,2,,2,1,2,34,2,1,2,1,3,2,2,3,3,769,80+
2445,,,,1,2,2,2,2,2,2,2,2,2,2,20140817,8,4,2,2,1,2,,3,1,2,34,2,1,,1,2,3,1,2,3,8545,
2446,,,,1,1,2,2,2,2,2,2,2,2,2,20140812,8,4,1,1,1,3,2,4,1,3,34,2,1,,,3,5,1,5,,811,
2447,,,,2,2,2,2,2,2,2,2,2,2,2,20140828,8,4,1,1,1,3,1,4,2,3,34,2,1,,4,3,5,1,2,3,811,
2448,,,,1,2,2,2,2,2,1,2,1,2,2,20140830,8,2,2,1,2,2,,4,1,3,34,2,1,,4,1,1,2,5,1,1138,
2449,,,,2,2,2,2,2,2,2,2,2,2,2,20140830,8,2,1,1,2,3,1,5,1,2,34,2,1,,3,1,1,1,5,1,1903,
2450,,,,2,2,2,2,2,2,2,2,2,2,2,20150315,3,4,1,1,1,2,2,3,1,3,5,2,1,,1,5,5,3,5,,802,
2451,,,,1,2,2,2,2,2,2,2,2,2,2,20140827,8,1,2,1,3,2,,5,1,2,34,2,1,,2,1,,,,1,1897,
2452,,,,1,2,2,2,2,2,2,2,1,2,2,20150323,3,3,2,1,2,2,,4,1,3,34,2,1,,4,1,2,1,5,1,1195,
2453,,,,1,2,2,1,1,2,2,2,2,2,2,20140821,8,9,1,3,,3,3,4,1,3,4,2,1,6,4,5,4,2,3,3,1071,
2454,1,2,1,1,2,2,2,2,2,2,2,1,2,2,20150310,3,6,1,2,3,2,,5,1,2,34,2,1,6,4,4,4,2,3,3,22761,70+
2455,,,,1,2,2,1,1,2,2,2,2,2,2,20140817,8,8,1,3,,3,2,4,1,3,4,2,1,6,4,5,5,2,3,3,5807,
2456,,,,2,2,2,2,2,2,2,2,2,2,2,20140818,8,10,1,3,,2,,2,2,2,34,2,1,6,3,5,5,2,3,2,622,
2457,,,,2,2,2,2,2,2,2,2,2,2,2,20140828,8,2,1,1,3,2,2,5,1,2,34,2,1,,2,1,1,1,5,1,1903,
2458,,,,2,2,2,2,2,2,2,2,2,2,2,20140826,8,3,1,1,4,2,,6,1,3,5,2,1,,2,1,3,1,5,1,1070,
2459,,,,2,2,2,2,2,2,2,2,2,2,2,20141116,11,1,2,1,2,2,,4,1,2,4,2,1,,4,1,1,4,5,1,1718,
2460,,,,1,2,2,2,1,2,2,2,2,2,1,20140817,8,1,1,1,2,2,2,4,1,2,5,2,1,,4,1,1,1,5,1,1052,
2461,,,,2,2,2,2,2,2,2,2,2,2,2,20140819,8,7,1,3,,1,1,1,1,1,5,2,1,6,4,5,5,2,3,3,4179,
2462,,,,1,2,2,2,2,1,2,2,2,2,2,20140811,8,2,1,1,3,2,,5,1,2,5,2,1,,,1,1,1,5,1,1315,
2463,1,1,2,1,2,2,1,2,2,2,2,2,2,2,20150314,3,10,2,3,,1,,1,2,0,34,2,1,,1,1,3,1,1,3,577,65+
2464,,,,2,2,2,2,2,2,2,2,2,2,2,20150319,3,1,2,1,2,2,,4,1,2,5,2,1,,3,1,1,2,5,1,1265,
2465,,,,1,2,2,2,2,2,2,2,2,2,2,20141110,11,9,2,3,,2,,2,1,1,4,2,1,4,3,3,2,2,3,3,1606,
2466,,,,2,2,2,2,2,2,2,2,2,2,2,20150318,3,4,1,1,2,2,,4,2,3,5,2,1,,4,3,5,1,5,,856,
2467,,,,2,2,2,2,2,2,2,2,2,2,2,20140821,8,9,1,3,,2,,2,1,1,34,2,1,6,2,4,4,2,3,3,1555,
2468,,,,1,1,2,2,1,2,2,2,2,2,2,20150326,3,4,1,1,2,1,2,4,1,1,4,2,1,,,2,2,2,5,,2801,
2469,1,,1,2,2,2,2,2,2,2,2,2,2,2,20150321,3,10,2,3,,1,,1,1,1,34,2,1,1,,2,3,1,2,3,577,
2470,,,,1,2,2,2,2,2,2,2,2,2,2,20140810,8,1,1,1,3,2,2,5,1,2,4,2,1,,1,,,,,1,2267,
2471,,,,2,2,2,2,2,2,2,2,2,2,2,20140824,8,2,1,1,1,2,,3,1,1,5,2,1,,,1,,,,1,1183,
2472,,,,1,1,2,2,2,2,2,2,1,2,2,20140822,8,4,2,1,2,1,,4,1,2,34,2,1,,4,2,2,1,5,,1992,
2473,,,,2,2,2,2,2,2,1,2,1,2,2,20140811,8,10,1,3,,2,,2,1,2,34,2,1,6,2,5,5,3,4,3,1037,
2474,,,,1,1,2,2,1,2,2,2,2,2,2,20140813,8,8,1,3,,1,,1,1,0,5,2,1,7,1,5,4,3,4,3,8357,
2475,,,,2,2,2,2,2,2,2,2,2,2,2,20150322,3,2,2,1,3,3,,6,1,3,34,2,1,,2,1,1,2,5,1,1708,
2476,,,,2,1,2,2,2,2,2,2,2,2,2,20140819,8,7,2,3,,1,,1,1,0,4,2,1,5,2,3,1,2,3,3,3432,
2477,,,,2,2,2,2,2,2,2,2,2,2,2,20140815,8,10,2,3,,2,1,2,2,1,4,2,1,2,4,5,3,3,4,3,1071,
2478,,,,2,2,1,2,2,2,1,2,1,1,2,20140820,8,3,1,1,3,2,,5,1,1,34,2,1,,4,1,1,1,5,1,3043,
2479,,,,1,1,2,2,1,2,2,2,2,2,2,20140810,8,9,2,3,,1,,,,0,34,2,1,,,5,3,3,4,3,1153,
2480,,,,2,2,2,2,2,2,2,2,2,2,2,20140830,8,1,1,1,1,3,2,5,1,3,34,2,1,,4,1,1,4,5,1,1142,
2481,,,,2,2,2,2,2,2,2,2,2,2,2,20140815,8,8,1,3,,2,,2,1,2,34,2,1,7,4,4,5,1,2,3,4106,
2482,,,,1,1,2,2,2,2,2,2,2,2,2,20140821,8,9,2,3,,2,,2,1,2,34,2,1,4,1,3,1,2,3,3,769,
2483,,,,1,2,2,1,2,1,2,2,2,2,2,20140828,8,4,2,1,1,2,,3,1,3,5,2,1,,4,2,4,1,5,,815,
2484,,,,2,2,2,2,2,2,2,2,2,2,2,20150321,3,1,1,1,2,2,,4,1,2,34,2,1,,4,1,1,1,5,1,1522,
2485,,,,2,2,2,2,2,2,2,2,2,2,2,20140820,8,9,2,3,,3,2,3,1,0,4,2,1,2,1,3,1,2,3,3,4819,
2486,,,,1,1,1,,,2,2,2,2,2,2,20140821,8,9,1,3,,2,,2,1,2,4,2,1,6,4,4,4,2,3,3,1071,
2487,3,2,1,2,2,2,2,2,2,2,2,2,2,2,20150314,3,6,1,3,,2,,2,1,2,4,2,1,6,4,4,4,2,3,3,4839,65+
2488,1,,1,2,2,2,2,2,2,2,2,2,2,2,20150325,3,4,1,2,1,3,3,4,1,3,34,2,1,,,3,5,1,2,3,1838,
2489,,,,1,2,2,2,1,2,2,2,2,2,2,20140820,8,2,1,1,2,2,,4,1,2,5,2,1,,4,1,1,3,5,1,1052,
2490,1,2,2,1,2,2,2,2,2,2,2,2,2,2,20150315,3,10,1,3,,1,,1,1,0,34,2,1,6,1,4,5,2,3,3,1555,70+
2491,,,,2,2,2,2,2,2,2,2,2,2,2,20140816,8,10,2,3,,2,,2,1,0,5,2,1,4,1,2,2,1,2,3,2225,
2492,,,,2,2,2,2,2,2,2,2,2,2,2,20140822,8,9,1,3,,2,,2,1,1,4,2,1,1,2,5,3,3,4,3,1607,
2493,,,,1,1,1,2,1,2,2,2,2,2,2,20140819,8,9,2,3,,1,,1,1,1,34,2,1,2,1,1,2,1,2,3,577,
2494,,,,1,2,2,2,1,2,2,2,2,2,2,20140820,8,1,1,1,2,2,,4,1,2,34,2,1,,,1,1,1,5,1,1522,
2495,,,,2,2,2,2,2,2,2,2,2,2,2,20150105,1,1,2,1,1,2,,3,0,2,34,2,1,,2,1,1,4,5,1,1708,
2496,,,,1,1,2,1,1,2,2,2,2,2,2,20140830,8,2,2,1,2,2,,4,1,3,5,2,1,,4,1,1,2,5,1,948,
2497,1,,1,1,2,2,2,2,2,1,2,1,2,2,20150311,3,8,2,3,,2,,2,1,2,34,2,1,2,4,5,3,3,4,3,2569,75+
2498,,,,2,2,2,2,2,2,2,2,2,2,2,20150102,1,1,2,1,1,2,,3,0,2,5,2,1,,4,,,,,1,1423,
2499,,,,1,1,2,2,2,2,2,2,2,1,2,20140815,8,7,2,3,,1,,1,2,3,34,2,1,4,2,5,4,3,4,3,771,
2500,,,,1,1,2,2,2,2,2,2,2,2,2,20140816,8,10,2,3,,2,,2,1,2,5,2,1,4,4,3,3,1,2,3,742,
2501,3,1,1,1,2,2,2,2,2,2,2,2,2,2,20150313,3,10,2,3,,2,2,2,1,1,34,2,1,2,2,1,1,1,2,3,1153,65+
2502,1,2,1,2,2,2,2,2,2,2,2,2,2,2,20150314,3,9,2,3,,2,,2,2,1,5,2,1,2,,2,1,1,2,3,742,65+
2503,,,,1,2,2,2,1,2,2,2,2,2,1,20150316,3,3,1,1,5,2,,6,1,3,4,2,1,,4,1,1,1,5,1,1961,
2504,,,,1,2,2,1,1,2,2,2,2,2,2,20150104,1,1,1,2,1,3,,6,1,3,34,2,1,,2,1,1,1,5,1,2155,
2505,,,,2,2,2,2,2,2,2,2,2,2,2,20150320,3,10,1,3,,2,,2,1,2,34,2,1,1,,5,3,3,4,2,1037,
2506,3,,1,2,2,2,2,2,2,2,2,2,2,2,20150311,3,10,2,3,,3,4,4,2,3,5,2,1,6,,1,1,1,2,3,890,
2507,1,,1,1,2,2,2,2,2,2,2,2,2,2,20150313,3,6,2,2,2,2,2,4,1,2,34,2,1,5,4,5,4,3,4,3,11393,
2508,,,,2,2,2,1,2,2,2,2,2,2,2,20140821,8,9,1,3,,2,,2,2,2,34,2,1,,,5,4,3,4,3,777,
2509,,,,2,2,2,2,2,2,2,2,2,2,2,20150321,3,2,2,1,2,2,,4,1,3,34,2,1,,,1,,,,1,1138,
2510,,,,2,2,2,2,2,2,2,2,2,2,2,20140820,8,10,2,3,,2,,2,2,2,34,2,1,6,4,3,2,2,3,3,384,
2511,,,,2,2,2,2,2,2,2,2,2,2,2,20140817,8,8,2,3,,2,2,2,1,2,5,2,1,4,2,4,2,3,4,3,2562,
2512,,,,1,2,2,2,1,2,2,2,2,2,2,20140815,8,4,1,2,1,3,3,4,1,3,4,2,1,,,3,4,2,3,3,3747,
2513,,,,1,2,2,2,1,2,2,2,2,2,2,20150324,3,2,2,1,2,2,,4,1,2,4,2,1,,4,1,1,1,5,1,1718,
2514,1,1,1,2,2,2,2,2,2,2,2,1,2,2,20150314,3,8,1,3,,2,,2,1,2,5,2,1,2,4,5,4,3,4,3,5571,50+
2515,,,,1,2,2,2,2,2,2,2,2,2,2,20150321,3,1,1,1,1,2,,3,1,2,5,2,1,,4,1,1,1,5,1,789,
2516,1,2,1,2,2,2,2,2,2,2,2,2,2,2,20150316,3,8,2,3,,2,,2,1,0,34,2,1,4,2,2,3,1,2,3,7708,
2517,,,,1,2,2,2,2,2,2,2,1,2,2,20140814,8,6,2,2,2,2,,4,1,2,5,2,1,6,4,1,1,1,2,3,14228,
2518,1,1,1,1,1,2,1,1,2,2,2,2,2,2,20150313,3,8,2,3,,1,,2,1,2,34,2,1,2,2,2,3,1,2,3,2569,
2519,,,,1,2,2,2,2,2,2,2,2,2,1,20140816,8,9,2,3,,1,,1,1,1,4,2,1,4,,4,3,2,3,3,803,
2520,,,,1,1,2,1,2,2,2,2,2,2,2,20140827,8,3,1,1,2,2,,4,1,3,5,2,1,,4,2,3,1,5,1,1070,
2521,,,,1,2,2,2,1,2,2,2,2,2,2,20140828,8,3,1,1,3,2,,5,1,3,34,2,1,,4,2,3,1,5,1,1521,
2522,,,,2,2,2,2,2,2,2,2,2,2,2,20150322,3,1,1,1,1,3,,4,1,2,5,2,1,,,1,1,4,5,1,1052,
2523,,,,1,2,2,2,2,2,2,2,2,2,2,20140813,8,6,2,2,1,2,,3,1,3,5,2,1,4,4,3,1,2,3,3,8003,
2524,,,,1,2,2,2,1,2,2,2,2,2,2,20140829,8,1,2,1,3,2,,5,1,2,34,2,1,,4,1,1,4,5,1,1897,
2525,,,,1,1,2,1,2,1,2,2,2,2,1,20140825,8,3,2,1,3,2,,5,1,2,34,2,1,,3,1,1,1,5,1,2490,
2526,,,,1,1,1,2,2,2,2,2,2,2,1,20140815,8,10,1,3,,1,,1,1,1,5,2,1,1,2,3,4,2,3,3,941,
2527,1,1,1,1,1,2,1,1,2,2,2,2,2,1,20150312,3,8,2,3,,1,,1,1,1,34,2,1,7,3,2,2,2,3,3,1927,65+
2528,,,,1,2,2,2,2,2,2,2,2,2,2,20140814,8,8,1,3,,2,,2,2,2,5,2,1,2,,5,4,2,3,3,4179,
2529,1,2,1,1,1,2,2,1,2,2,1,2,2,2,20150321,3,9,2,3,,1,,1,1,1,5,2,1,4,1,2,2,1,2,3,556,70+
2530,,,,2,2,2,2,2,2,2,2,2,2,2,20140813,8,9,2,3,,2,,2,1,2,34,2,1,7,4,,3,,,3,769,
2531,,,,1,2,2,2,2,2,2,2,2,2,2,20140819,8,4,2,1,2,3,1,5,1,3,34,2,1,,4,2,3,1,5,,1245,
2532,,,,1,2,2,1,2,2,2,2,2,2,2,20140821,8,10,2,3,,2,,2,1,1,5,2,1,2,3,3,2,2,3,3,1112,
2533,1,2,2,1,1,2,1,1,2,2,,,,,20150324,3,4,2,1,1,3,4,5,1,3,5,2,1,,,3,3,1,2,3,1087,60+
2534,,,,2,2,2,2,2,2,2,2,2,2,2,20140821,8,9,1,3,,2,,2,1,1,4,2,1,,,4,3,2,3,3,1607,
2535,,,,2,2,2,2,2,2,2,2,2,2,2,20150316,3,1,1,1,2,1,,3,1,2,34,2,1,,1,1,1,2,5,1,1142,
2536,,,,1,2,2,2,2,2,2,2,2,2,2,20140621,6,1,2,1,2,2,,4,0,2,34,3,1,,4,,,,,1,1043,
2537,,,,2,2,2,2,2,2,2,2,2,2,2,20140508,5,2,1,1,1,1,,2,1,1,23,3,,,2,1,,,,1,429,
2538,,,,2,2,2,2,2,2,2,2,2,2,2,20140505,5,6,2,2,2,1,1,3,1,1,20,3,,6,2,2,3,1,2,3,9534,
2539,,,,2,2,2,2,2,2,2,2,2,2,2,20140624,6,9,1,3,,2,,2,1,1,20,3,1,7,3,4,4,2,3,3,740,
2540,,,,1,2,2,2,2,2,2,2,2,2,2,20140704,7,2,1,1,5,2,2,6,1,3,34,3,1,,3,1,1,2,5,1,636,
2541,,,,1,2,2,2,2,2,2,2,2,2,2,20140613,6,8,1,2,1,2,,3,1,3,34,3,1,2,3,5,5,2,3,3,5313,
2542,,,,1,2,2,2,1,2,2,2,2,2,2,20140707,7,2,2,1,2,2,,4,1,2,34,3,1,,4,1,1,1,5,1,696,
2543,,,,2,2,2,2,2,2,2,2,2,2,2,20140705,7,10,2,3,,3,,3,1,2,23,3,1,6,2,1,1,1,1,3,433,
2544,,,,1,2,2,2,1,1,1,2,1,2,1,20140613,6,4,2,1,2,3,1,5,1,3,20,3,1,,4,2,4,1,5,,755,
2545,,,,2,2,2,2,2,2,2,2,2,2,2,20140618,6,9,2,3,,2,,2,1,1,23,3,1,1,1,,1,,,3,433,
2546,,,,1,2,2,2,2,2,2,2,2,2,2,20140502,5,8,1,3,,2,,2,1,0,34,3,,6,2,4,1,3,4,3,5052,
2547,,,,2,2,2,2,2,2,2,2,1,2,2,20140707,7,2,1,1,3,2,,5,1,2,34,3,1,,,1,1,1,5,1,757,
2548,,,,1,1,2,2,1,2,2,2,2,2,2,20140619,6,9,1,3,,2,2,2,1,1,20,3,1,3,4,3,5,1,2,3,740,
2549,,,,2,2,2,2,2,2,2,2,2,2,2,20140625,6,9,2,3,,1,,1,1,0,34,3,1,1,1,2,3,1,2,3,746,
2550,,,,2,2,2,2,2,2,2,2,2,2,2,20140623,6,9,1,3,,1,,1,1,1,34,3,1,1,1,5,4,3,4,3,451,
2551,,,,2,2,2,2,2,2,2,2,2,2,2,20140506,5,2,2,1,5,3,4,6,1,3,23,3,,,2,1,1,1,5,1,574,
2552,,,,2,2,2,2,2,2,2,2,2,2,2,20140614,6,10,2,3,,2,,2,1,1,23,3,1,1,2,4,4,2,3,3,433,
2553,,,,2,2,2,2,2,2,2,2,2,2,2,20140616,6,7,2,2,1,2,,3,1,2,23,3,1,3,,,3,,,3,6491,
2554,,,,1,2,2,2,1,2,2,2,2,2,2,20140706,7,3,2,1,2,2,,4,1,3,34,3,1,,4,1,1,1,5,1,397,
2555,,,,2,2,2,2,1,2,2,2,2,2,2,20140703,7,9,2,3,,2,1,2,1,3,23,3,1,3,2,4,1,3,4,3,217,
2556,,,,1,2,2,2,2,2,2,2,2,2,2,20140612,6,1,2,1,1,2,,3,1,2,23,3,1,,1,1,1,2,5,1,335,
2557,,,,2,2,2,2,2,2,2,2,2,2,2,20140619,6,3,2,1,1,1,,2,1,1,34,3,1,,2,2,4,1,5,1,496,
2558,,,,1,2,2,2,2,2,2,2,2,2,2,20140616,6,5,2,2,4,2,,6,1,2,34,3,1,2,4,2,4,1,2,3,7306,
2559,,,,2,2,2,2,2,2,2,2,2,2,2,20140612,6,1,1,1,1,2,,3,1,2,34,3,1,,,1,,,,1,454,
2560,,,,1,2,2,2,2,2,2,2,2,2,2,20140703,7,9,1,3,,1,,1,1,1,34,3,1,1,1,5,4,3,4,3,451,
2561,,,,1,2,1,2,2,2,2,2,1,2,2,20140508,5,4,2,1,5,2,2,6,1,2,34,3,,,,4,3,2,5,,1324,
2562,,,,1,2,2,2,1,2,2,2,2,2,2,20140619,6,4,2,1,2,3,1,5,1,3,34,3,1,,4,1,1,1,5,,621,
2563,,,,2,2,2,2,2,2,2,2,2,2,2,20140417,4,4,2,4,,,,4,1,3,34,3,,,2,3,1,2,5,,397,
2564,,,,2,2,2,2,2,2,2,2,2,2,2,20140414,4,1,2,4,,,,6,1,2,23,3,,,4,1,1,4,5,1,669,
2565,,,,1,2,2,2,1,2,2,2,1,2,2,20140415,4,9,2,4,,,,2,1,1,20,3,,3,2,4,4,2,3,3,1236,
2566,,,,1,2,2,2,1,2,2,2,2,2,2,20140629,6,3,2,1,2,2,,4,1,3,34,3,1,,4,1,2,1,5,1,496,
2567,,,,2,2,2,2,2,2,2,2,2,2,2,20140623,6,3,2,1,1,2,,3,1,2,34,3,1,,4,1,1,1,5,1,496,
2568,,,,2,2,2,2,2,2,2,2,2,2,2,20140508,5,1,1,1,1,2,,3,1,1,20,3,,,1,1,,,,1,806,
2569,,,,2,2,2,2,2,2,2,2,2,2,2,20140611,6,9,1,3,,1,,1,1,1,34,3,1,1,,2,3,1,2,3,451,
2570,,,,2,2,2,2,2,2,2,2,2,2,2,20140611,6,10,2,3,,1,,1,1,0,23,3,1,1,2,2,2,1,2,3,433,
2571,,,,1,2,2,2,1,2,2,2,1,1,2,20140706,7,1,1,1,2,2,,4,1,2,34,3,1,,4,1,1,4,5,1,606,
2572,,,,1,2,2,2,1,2,2,2,2,2,2,20140425,4,3,1,4,,,,3,1,1,34,3,,,,2,4,1,5,1,941,
2573,,,,2,2,2,2,2,2,2,2,2,2,2,20140628,6,2,2,1,3,2,,5,1,3,34,3,1,,4,1,1,1,5,1,652,
2574,,,,2,2,2,2,2,2,2,2,2,2,2,20140615,6,9,2,3,,2,2,2,1,2,34,3,1,2,1,3,2,2,3,3,498,
2575,,,,1,1,2,2,2,2,2,2,2,2,2,20140624,6,3,2,1,1,2,2,3,1,2,23,3,1,,4,,2,,,1,713,
2576,,,,1,2,2,2,2,2,2,2,2,2,2,20140610,6,10,2,3,,2,2,2,1,2,23,3,1,5,4,4,5,2,3,3,289,
2577,,,,1,2,2,2,2,2,1,2,1,2,2,20140613,6,8,1,3,,2,,2,1,2,34,3,1,5,2,5,5,3,4,3,1684,
2578,,,,2,2,2,2,2,2,2,2,2,2,2,20140416,4,9,1,4,,,,2,1,2,23,3,,2,3,5,4,3,4,3,481,
2579,,,,2,2,2,2,2,2,2,2,2,2,2,20140416,4,8,1,4,,,,1,1,1,34,3,,4,2,5,5,2,3,3,1263,
2580,,,,2,2,2,2,2,2,2,2,2,2,2,20140611,6,6,2,2,3,1,1,4,1,0,34,3,1,2,1,5,2,3,4,3,14612,
2581,,,,1,2,2,2,1,2,2,2,2,2,2,20140416,4,2,2,4,,,,6,1,3,34,3,,,4,1,1,3,5,1,913,
2582,,,,2,2,2,2,2,2,2,2,2,2,2,20140507,5,4,1,3,,3,3,3,1,3,34,3,,,,2,4,1,2,3,401,
2583,,,,2,2,2,2,2,2,2,2,2,2,2,20140703,7,10,2,3,,2,2,2,1,0,23,3,1,7,4,1,2,1,2,3,867,
2584,,,,1,1,1,2,2,2,2,2,2,2,2,20140610,6,7,2,2,1,2,,3,1,3,34,3,1,1,2,4,4,2,3,3,2740,
2585,,,,1,2,2,2,1,2,2,2,2,2,2,20140612,6,7,2,3,,2,,2,1,2,23,3,1,4,4,5,2,3,4,3,1417,
2586,,,,2,2,2,2,2,2,2,2,2,2,2,20140505,5,10,1,3,,2,,2,2,0,34,3,,1,3,3,4,1,2,3,601,
2587,,,,2,2,2,2,2,2,2,2,2,2,2,20140629,6,3,1,1,1,1,,2,1,0,34,3,1,,1,1,,,,1,1255,
2588,,,,1,2,2,2,2,2,2,2,2,2,2,20140617,6,7,1,3,,3,2,4,2,3,34,3,1,6,4,5,5,3,4,3,1684,
2589,,,,2,2,2,2,2,2,2,2,2,2,2,20140626,6,1,1,1,1,2,,3,1,2,34,3,1,,1,1,1,4,5,1,454,
2590,,,,1,2,2,1,1,2,2,2,2,2,2,20140706,7,3,1,2,2,3,4,6,1,3,34,3,1,,1,5,4,3,5,1,1997,
2591,,,,2,2,2,2,2,2,2,2,2,2,2,20140505,5,4,1,1,1,3,2,5,1,3,20,3,,,3,,5,,,,455,
2592,,,,2,2,2,2,2,2,2,2,2,2,2,20140613,6,8,2,3,,1,,1,1,1,34,3,1,7,3,5,3,3,4,3,651,
2593,,,,1,2,2,2,2,2,1,2,1,2,2,20140505,5,8,1,3,,2,2,2,1,1,34,3,,2,4,4,3,3,4,3,2526,
2594,,,,1,2,2,2,1,2,2,2,2,2,2,20140615,6,2,2,1,3,1,,4,1,2,20,3,1,,4,1,1,3,5,1,519,
2595,,,,2,2,2,2,2,2,2,2,1,2,2,20140505,5,7,1,3,,1,,2,1,1,34,3,,3,4,5,5,3,4,3,2526,
2596,,,,2,2,2,2,2,2,2,2,2,2,2,20140610,6,8,2,3,,2,,2,2,1,34,3,1,4,4,2,3,1,2,3,651,
2597,,,,1,1,2,2,2,2,2,2,2,2,2,20140627,6,2,1,1,4,2,,6,1,2,34,3,1,,4,1,1,2,5,1,909,
2598,,,,2,2,2,2,2,2,2,2,2,2,2,20140622,6,2,2,1,2,2,2,4,1,2,20,3,1,,3,1,1,3,5,1,519,
2599,,,,2,2,2,2,2,2,2,2,2,2,2,20140415,4,4,1,4,,,,4,1,3,20,3,,,,3,4,1,2,3,437,
2600,,,,2,2,2,2,2,2,2,2,2,2,2,20140508,5,9,1,3,,2,,2,1,1,23,3,,1,4,2,3,1,2,3,721,
2601,,,,2,2,2,2,2,2,2,2,2,2,2,20140506,5,9,2,3,,1,,1,2,1,20,3,,6,4,2,1,1,2,3,412,
2602,,,,1,2,2,1,1,2,2,2,2,2,2,20140616,6,8,1,3,,3,2,4,1,3,20,3,1,6,4,5,4,3,4,3,1569,
2603,,,,1,2,2,1,2,2,2,2,2,2,2,20140707,7,3,2,1,3,2,,5,1,2,34,3,1,,4,1,,,,1,827,
2604,,,,2,2,2,2,2,2,2,2,2,2,2,20140703,7,8,2,3,,1,,1,1,1,34,3,1,4,1,4,1,3,4,3,651,
2605,,,,1,2,1,2,2,2,2,2,2,2,2,20140614,6,8,2,2,2,3,2,6,1,3,34,3,1,2,1,4,2,3,4,3,5114,
2606,,,,2,2,2,2,2,2,2,2,2,2,2,20140502,5,7,2,3,,2,,2,2,0,23,3,,4,2,5,2,3,4,3,2125,
2607,,,,2,2,2,2,2,2,2,2,2,2,2,20140702,7,4,2,2,1,2,,3,1,3,34,3,1,,4,1,1,1,5,,889,
2608,,,,1,2,2,2,1,2,2,2,2,2,2,20140419,4,9,1,4,,,,2,1,2,23,3,,6,3,4,4,2,3,3,481,
2609,,,,1,2,2,2,2,2,2,2,2,2,2,20140506,5,4,1,1,2,2,,4,2,3,34,3,,,3,4,4,2,5,,418,
2610,,,,2,2,2,2,2,2,2,2,2,2,2,20140610,6,2,1,1,3,2,,5,1,2,20,3,1,,3,1,1,1,5,1,896,
2611,,,,1,2,2,2,1,2,2,2,2,2,2,20140612,6,8,2,3,,2,,2,1,2,34,3,1,1,,2,3,1,2,3,869,
2612,,,,2,2,2,2,2,2,2,2,2,2,2,20140611,6,10,2,3,,2,,2,1,1,23,3,1,3,,3,2,2,3,3,433,
2613,,,,1,2,2,2,2,2,2,2,2,2,2,20140618,6,8,2,3,,2,,2,1,2,34,3,1,2,4,,2,,,3,869,
2614,,,,2,2,2,2,2,2,2,2,2,2,2,20140505,5,9,2,3,,2,,2,1,2,34,3,,7,4,3,3,2,3,3,498,
2615,,,,2,2,2,2,2,2,2,2,2,2,2,20140616,6,10,2,3,,1,,1,1,1,34,3,1,3,3,5,3,3,4,3,373,
2616,,,,2,2,2,2,2,2,2,2,2,2,2,20140506,5,10,1,3,,1,,1,1,0,34,3,,4,1,3,5,1,2,3,902,
2617,,,,2,2,2,2,2,2,2,2,2,2,2,20140704,7,7,2,3,,2,,2,1,2,34,3,1,4,3,5,2,3,4,3,869,
2618,,,,1,2,2,2,2,2,1,2,1,2,2,20140618,6,9,2,3,,2,,2,1,2,34,3,1,3,2,2,2,1,2,3,498,
2619,,,,2,2,2,2,2,2,2,2,2,2,2,20140419,4,1,1,4,,,,3,1,2,20,3,,,4,1,,,,1,538,
2620,,,,1,1,2,1,1,2,2,2,2,2,2,20140415,4,8,2,4,,,,1,1,0,20,3,,4,2,,1,,,3,1584,
2621,,,,2,2,2,2,2,2,1,2,1,2,2,20140505,5,9,1,3,,2,,2,1,1,34,3,,6,3,5,4,3,4,3,902,
2622,,,,1,1,2,1,1,2,2,2,2,2,2,20140505,5,8,2,3,,1,1,1,1,0,23,3,,6,3,1,3,1,1,3,2125,
2623,,,,2,2,2,2,2,2,2,2,1,2,2,20140507,5,4,2,1,1,2,,3,1,3,34,3,,,4,1,1,1,5,,372,
2624,,,,1,2,2,2,1,2,2,2,2,2,2,20140414,4,10,2,4,,,,2,1,1,34,3,,2,,3,3,2,3,3,746,
2625,,,,1,2,2,2,1,2,2,2,2,2,2,20140505,5,4,2,1,1,3,1,4,1,3,34,3,,,3,3,3,2,5,,397,
2626,,,,1,1,2,1,1,2,2,2,2,2,2,20140506,5,4,2,1,1,2,,3,1,3,34,3,,,4,1,1,1,5,,372,
2627,,,,2,2,2,2,2,2,2,2,2,2,2,20140417,4,1,2,4,,,,3,1,2,23,3,,,4,1,1,4,5,1,335,
2628,,,,1,2,2,2,1,2,2,2,2,2,2,20140502,5,8,1,3,,2,,2,1,2,34,3,,2,3,5,5,3,4,3,1684,
2629,,,,2,2,2,2,2,2,2,2,2,2,2,20140503,5,1,1,1,1,2,2,3,1,2,23,3,,,4,1,1,4,5,1,429,
2630,,,,2,2,2,2,2,2,2,2,2,2,2,20140514,5,10,2,3,,1,,1,1,0,34,3,1,2,,2,3,1,2,3,746,
2631,,,,1,2,2,2,1,2,2,2,2,2,2,20140422,4,4,2,4,,,,3,1,3,34,3,,,,2,1,1,5,,372,
2632,,,,1,2,2,2,2,2,2,2,1,2,2,20140513,5,7,1,3,,1,,1,1,1,34,3,1,4,2,3,4,1,2,3,1263,
2633,,,,2,2,2,2,2,2,2,2,2,2,2,20140515,5,9,1,3,,1,,1,1,1,20,3,1,4,4,5,5,3,4,3,370,
2634,,,,2,2,2,2,1,2,2,2,2,2,2,20140505,5,9,2,2,4,1,,5,1,1,34,3,,2,2,4,3,2,3,3,5232,
2635,,,,1,1,2,1,1,2,2,2,2,2,2,20140514,5,7,1,2,2,3,1,5,1,3,34,3,1,3,3,5,5,2,3,3,7084,
2636,,,,2,2,2,2,2,2,2,2,2,2,2,20140514,5,10,2,3,,1,,1,1,1,34,3,1,1,1,2,3,1,2,3,373,
2637,,,,2,2,2,2,2,2,2,2,2,2,2,20140424,4,2,2,4,,,,3,1,1,23,3,,,2,1,1,3,5,1,502,
2638,,,,2,2,2,2,2,2,2,2,2,2,2,20140506,5,2,2,1,3,2,,5,1,2,34,3,,,4,1,1,3,5,1,869,
2639,,,,1,2,2,2,1,2,2,1,1,2,2,20140513,5,6,1,3,,2,,4,1,2,34,3,1,4,4,5,5,2,3,3,3368,
2640,,,,1,2,2,1,1,2,2,2,2,2,2,20140513,5,10,2,3,,2,,2,1,0,34,3,1,3,1,3,1,2,3,3,1493,
2641,,,,2,2,2,2,2,2,2,2,2,2,2,20140522,5,1,1,1,2,2,2,4,1,2,23,3,1,,1,1,,,,1,572,
2642,,,,1,2,2,2,2,2,2,2,2,2,2,20140417,4,7,2,4,,,,1,1,1,34,3,,4,,2,1,2,3,3,651,
2643,,,,2,2,2,2,2,2,2,2,2,2,2,20140513,5,8,2,3,,2,,2,1,1,34,3,1,2,,3,2,2,3,3,1303,
2644,,,,2,2,2,2,2,2,2,2,2,2,2,20140513,5,6,2,3,,2,,2,1,2,34,3,1,4,,,2,,,3,869,
2645,,,,2,2,2,2,2,2,2,2,2,2,2,20140506,5,10,1,3,,2,,2,1,0,34,3,,1,2,3,4,1,2,2,1804,
2646,,,,1,1,1,2,1,1,2,2,2,2,2,20140521,5,4,2,1,2,2,,4,1,3,23,3,1,,4,1,1,1,5,,571,
2647,,,,2,2,2,2,2,2,2,2,2,2,2,20140514,5,10,1,3,,2,2,2,1,1,34,3,,1,2,5,5,2,3,3,902,
2648,,,,1,2,2,2,1,2,2,2,2,2,2,20140513,5,8,2,3,,1,,1,1,0,20,3,1,4,,3,2,2,3,3,1584,
2649,,,,2,2,2,2,2,2,2,2,2,2,2,20140424,4,1,2,4,,,,3,1,2,20,3,,,1,1,,,,1,389,
2650,,,,2,2,2,2,2,2,2,2,2,2,2,20140514,5,1,1,1,3,2,2,6,1,3,34,3,1,,4,1,1,3,5,1,681,
2651,,,,2,2,2,2,2,2,2,2,2,2,2,20140513,5,10,2,3,,1,,1,1,1,34,3,1,1,1,2,2,1,2,3,373,
2652,,,,1,2,2,2,2,2,1,2,1,2,2,20140514,5,1,1,1,1,3,2,5,1,3,23,3,1,,4,1,,,,1,429,
2653,,,,1,2,2,2,1,2,2,2,2,2,2,20140513,5,8,2,3,,2,2,2,1,2,23,3,1,1,3,4,4,2,3,3,1417,
2654,,,,2,2,2,2,2,2,2,2,2,2,2,20140513,5,9,1,3,,3,3,3,1,2,20,3,1,2,4,5,5,2,3,3,740,
2655,,,,1,2,2,2,2,2,2,2,2,2,2,20140513,5,8,2,3,,2,,2,1,1,34,3,1,5,4,3,2,2,3,3,1303,
2656,,,,2,2,2,2,2,2,2,2,1,2,2,20140424,4,1,1,4,,,,4,1,2,34,3,,,2,1,,,,1,606,
2657,,,,2,2,2,2,2,2,2,2,2,2,2,20140506,5,10,1,3,,1,,1,2,,23,3,,4,1,3,2,2,3,3,361,
2658,,,,1,2,2,2,2,2,2,2,,2,2,20140520,5,3,2,1,2,2,,4,1,3,34,3,1,,4,1,3,1,5,1,496,
2659,,,,1,2,2,2,1,2,2,2,1,2,2,20140525,5,3,1,1,3,2,,5,1,3,34,3,1,,3,3,4,1,5,1,523,
2660,,,,2,2,2,2,2,2,2,2,2,2,2,20140513,5,8,2,3,,1,,2,2,1,20,3,1,2,2,2,2,1,2,3,1056,
2661,,,,2,2,2,2,2,2,2,2,2,2,2,20140514,5,9,2,3,,1,,1,1,0,34,3,1,2,1,5,3,3,4,3,746,
2662,,,,2,2,2,2,2,2,2,2,2,2,2,20140417,4,10,2,4,,,,1,1,1,34,3,,1,1,3,2,2,3,3,373,
2663,,,,2,2,2,2,2,2,2,2,2,2,2,20140520,5,2,2,1,2,2,2,4,1,2,34,3,1,,2,,1,,,1,696,
2664,,,,1,2,1,1,1,2,2,2,2,2,2,20140416,4,8,1,4,,,,2,1,2,34,3,,1,4,5,5,2,3,3,1684,
2665,,,,2,2,2,2,2,2,2,2,2,2,2,20140412,4,8,1,4,,,,1,1,0,23,3,,5,2,3,4,1,2,3,3013,
2666,,,,2,2,2,2,2,2,2,2,2,2,2,20140516,5,7,2,3,,1,,1,1,0,20,3,1,6,,5,2,3,4,3,1584,
2667,,,,1,2,2,1,1,2,1,2,1,1,1,20140513,5,8,2,3,,1,,2,1,2,34,3,1,4,2,2,2,1,2,3,869,
2668,,,,1,2,2,2,2,2,2,2,1,2,2,20140518,5,10,2,3,,2,2,2,2,2,34,3,1,7,1,5,3,3,4,3,373,
2669,,,,2,2,2,2,2,2,2,2,2,2,2,20140514,5,10,2,3,,1,,1,1,0,20,3,1,4,,2,,,,3,1236,
2670,,,,1,2,2,1,1,2,2,2,2,2,2,20140518,5,3,1,1,3,2,2,5,1,2,20,3,1,,3,1,2,1,5,1,910,
2671,,,,2,2,2,2,2,2,2,2,2,2,2,20140513,5,10,2,3,,2,,2,1,0,34,3,1,1,1,2,1,2,3,3,1493,
2672,,,,2,2,2,2,2,2,2,2,2,2,2,20140508,5,2,2,1,3,2,,5,1,2,23,3,,,4,1,,,,1,558,
2673,,,,1,2,2,2,2,2,2,1,2,2,2,20140707,7,2,2,1,2,2,,4,1,2,23,3,1,,4,1,1,1,5,1,446,
2674,,,,2,2,2,2,2,2,2,2,2,2,2,20140704,7,9,2,3,,1,,1,1,0,34,3,1,1,1,5,2,3,4,3,746,
2675,,,,1,2,2,2,2,2,2,2,1,2,2,20140505,5,3,2,2,4,2,,6,1,3,34,3,,,4,1,2,1,5,1,1778,
2676,,,,2,2,2,2,2,2,2,2,2,2,2,20140524,5,2,1,1,1,3,4,5,1,3,23,3,1,,,,,,,1,429,
2677,,,,1,1,2,2,1,2,2,2,2,2,2,20140629,6,3,2,1,3,2,2,5,1,3,34,3,1,,4,1,2,1,5,1,496,
2678,,,,1,2,1,2,1,2,1,2,1,2,2,20140514,5,3,2,1,2,3,2,6,1,3,34,3,1,,4,1,1,1,5,1,596,
2679,,,,2,2,2,2,2,2,2,2,2,2,2,20140624,6,10,1,3,,1,,1,1,0,34,3,1,2,1,4,4,2,3,3,902,
2680,,,,2,2,2,2,2,2,2,2,2,2,2,20140513,5,9,1,3,,1,,1,1,1,20,3,1,2,1,3,4,1,2,3,370,
2681,,,,2,2,2,2,2,2,2,2,2,2,2,20140421,4,10,2,4,,,,1,2,0,20,3,,2,,1,1,1,2,3,618,
2682,,,,1,1,2,2,2,2,2,2,2,2,2,20140703,7,7,2,3,,2,,2,1,2,20,3,1,6,4,3,3,1,2,3,1056,
2683,,,,1,1,2,2,1,2,2,2,1,2,2,20140616,6,1,2,1,2,2,2,4,1,1,34,3,1,,4,1,1,1,5,1,1043,
2684,,,,2,2,2,2,2,2,2,2,2,2,2,20140514,5,10,2,3,,1,,1,1,1,34,3,1,6,2,2,4,1,2,3,373,
2685,,,,1,1,2,1,1,2,2,2,2,2,1,20140703,7,8,1,3,,1,,1,1,0,34,3,1,4,1,5,5,2,3,3,2526,
2686,,,,2,2,2,2,2,2,2,2,2,2,2,20140505,5,10,2,3,,1,1,1,1,1,34,3,,1,1,2,1,1,2,3,373,
2687,,,,2,2,2,2,2,2,2,2,2,2,2,20140514,5,8,1,3,,1,,1,1,1,20,3,1,2,2,3,4,1,2,3,981,
2688,,,,1,2,2,2,1,2,2,2,2,2,2,20140707,7,1,2,1,1,2,,3,1,2,23,3,1,,3,1,,,,1,335,
2689,,,,1,1,2,2,2,2,2,2,2,2,2,20140513,5,9,1,3,,2,,2,2,2,34,3,1,7,4,5,5,3,4,3,451,
2690,,,,1,1,1,2,2,2,2,2,2,2,2,20140505,5,8,2,3,,1,,1,2,1,20,3,,1,2,2,1,2,3,3,317,
2691,,,,1,2,2,2,2,2,2,2,2,2,2,20140515,5,2,2,1,2,2,2,4,1,2,34,3,1,,4,1,1,1,5,1,696,
2692,,,,1,2,2,2,1,2,2,2,1,2,2,20140513,5,8,2,3,,2,,2,1,3,34,3,1,4,3,2,1,2,3,3,651,
2693,,,,1,1,2,2,2,2,2,2,2,2,2,20140521,5,4,1,1,1,2,,3,1,1,34,3,1,,3,5,5,2,5,,941,
2694,,,,1,2,2,2,2,2,1,2,1,2,2,20140520,5,4,2,1,2,2,,4,1,3,34,3,1,,4,2,2,1,5,,496,
2695,,,,2,2,2,2,2,2,2,2,2,2,2,20140618,6,10,2,3,,2,,2,2,1,20,3,1,,,2,1,1,2,3,618,
2696,,,,1,2,2,1,1,2,1,2,1,2,2,20140526,5,3,2,1,3,2,,5,1,3,34,3,1,,4,1,1,1,5,1,414,
2697,,,,1,1,2,2,2,2,2,2,2,2,2,20140704,7,5,2,3,,3,,3,1,3,34,3,1,6,3,1,1,1,2,3,977,
2698,,,,1,2,2,2,2,2,2,2,2,2,2,20140617,6,3,2,1,3,3,1,6,1,3,23,3,1,,4,2,3,1,5,1,611,
2699,,,,1,2,2,2,2,2,2,2,1,2,2,20140520,5,2,2,1,2,2,2,4,1,2,34,3,1,,4,1,,,,1,696,
2700,,,,1,2,2,2,2,2,2,2,2,2,2,20140706,7,3,2,1,3,2,,5,1,3,34,3,1,,3,3,2,2,5,1,621,
2701,,,,2,2,2,2,2,2,2,2,2,2,1,20140717,7,8,2,3,,2,,2,1,1,34,3,1,2,1,4,1,3,4,3,1303,
2702,,,,2,2,2,2,2,2,2,2,2,2,2,20140806,8,3,1,1,3,1,,4,1,1,34,3,1,,2,1,1,2,5,1,1255,
2703,,,,2,2,2,2,2,2,2,2,2,2,2,20140505,5,5,2,3,,1,,1,1,0,23,3,,4,2,3,2,2,3,3,2125,
2704,,,,2,2,2,2,2,2,2,2,2,2,2,20140514,5,10,2,3,,2,,2,2,1,34,3,,3,,3,1,2,3,3,213,
2705,,,,1,2,2,2,2,2,1,2,1,2,2,20140721,7,2,1,1,4,2,,6,1,2,34,3,1,,1,1,1,1,5,1,909,
2706,,,,1,2,2,2,1,2,2,2,2,2,2,20140806,8,3,1,1,5,3,1,6,1,2,20,3,1,,3,1,2,1,5,1,2367,
2707,,,,2,2,2,2,2,2,2,2,2,2,2,20140711,7,9,2,3,,2,,2,1,0,20,3,1,7,4,3,2,2,3,3,2471,
2708,,,,1,2,2,2,1,2,2,2,2,2,1,20140722,7,7,2,3,,1,,1,1,1,34,3,1,6,4,3,3,2,3,3,651,
2709,,,,2,2,2,2,2,2,2,2,2,2,2,20140513,5,9,1,3,,2,2,2,1,1,34,3,1,4,,3,5,1,2,3,902,
2710,,,,2,2,2,2,2,2,2,2,2,2,1,20140713,7,7,2,2,2,2,,4,1,3,23,3,1,4,4,1,2,1,2,3,6491,
2711,,,,2,2,2,2,2,2,2,2,2,2,2,20140806,8,2,2,1,3,2,,5,1,2,20,3,1,,,1,1,3,5,1,648,
2712,,,,1,2,2,2,2,2,2,2,2,2,2,20140419,4,9,1,4,,,,2,1,2,20,3,,6,4,5,4,3,4,3,493,
2713,,,,1,2,2,2,2,2,2,2,2,2,2,20140517,5,4,1,2,1,2,2,3,1,3,23,3,1,,4,2,3,1,2,3,1018,
2714,,,,2,1,2,2,2,2,2,2,2,2,2,20140726,7,10,1,3,,2,,2,1,1,23,3,1,7,2,4,4,2,3,3,721,
2715,,,,2,2,2,2,2,2,2,2,2,2,2,20140723,7,9,1,3,,1,,1,1,0,34,3,1,1,2,4,3,2,3,3,902,
2716,,,,2,2,2,2,2,2,2,2,2,2,2,20140508,5,3,1,1,3,2,,5,1,3,34,3,,,2,1,1,1,5,1,784,
2717,,,,2,2,2,2,2,2,2,2,2,2,2,20140722,7,9,2,3,,1,,1,2,0,20,3,1,1,1,5,1,3,4,3,412,
2718,,,,1,2,2,2,2,2,2,2,2,2,2,20140513,5,1,1,1,2,3,,5,2,3,34,3,1,,4,1,1,3,5,1,454,
2719,,,,1,2,2,2,1,2,2,2,1,2,2,20140513,5,7,1,2,1,3,,5,1,3,34,3,1,4,4,5,5,3,4,3,7084,
2720,,,,1,1,2,2,2,2,2,2,2,2,2,20140513,5,10,2,3,,1,,1,1,0,34,3,1,4,,5,1,3,4,3,746,
2721,,,,1,1,2,1,1,2,2,2,1,2,2,20140507,5,3,2,1,1,2,,3,1,2,34,3,,,4,2,3,1,5,1,496,
2722,,,,1,2,2,1,2,2,2,2,2,2,2,20140730,7,2,1,1,2,2,2,4,1,3,34,3,1,,4,1,1,1,5,1,454,
2723,,,,2,2,2,2,2,2,2,2,2,2,2,20140720,7,8,2,2,2,3,1,6,1,3,34,3,1,4,2,3,1,3,4,3,5479,
2724,,,,1,2,2,2,2,2,2,2,2,2,2,20140616,6,5,2,2,2,2,,4,1,2,23,3,1,4,4,2,2,1,2,3,8655,
2725,,,,2,2,2,2,2,2,2,2,2,2,2,20140615,6,4,1,1,1,1,1,2,1,2,23,3,1,,1,2,3,1,5,,388,
2726,,,,1,1,2,2,2,2,2,2,2,2,2,20140523,5,3,1,1,2,2,,4,1,3,23,3,1,,4,1,3,1,5,1,582,
2727,,,,1,2,2,1,1,2,1,2,1,2,2,20140514,5,3,2,1,5,3,4,6,1,3,23,3,1,,4,1,1,1,5,1,2853,
2728,,,,2,1,2,1,1,2,2,2,2,2,2,20140724,7,9,2,3,,2,,2,1,0,34,3,1,5,1,3,2,2,3,3,1493,
2729,,,,2,2,2,2,2,2,2,2,2,2,2,20140514,5,5,2,3,,2,,2,1,2,23,3,1,4,4,1,1,1,2,3,1417,
2730,,,,2,2,2,2,2,2,2,2,2,2,2,20140421,4,3,1,4,,,,4,1,3,34,3,,,4,2,4,1,5,1,627,
2731,,,,1,1,2,2,1,2,1,2,1,2,2,20140513,5,9,1,2,1,2,2,3,1,2,20,3,1,6,4,4,5,2,3,3,2970,
2732,,,,1,1,2,1,2,2,2,2,2,2,2,20140412,4,8,2,4,,,,2,1,2,34,3,,1,,3,1,3,4,3,869,
2733,,,,1,2,2,2,1,2,2,2,2,2,2,20140502,5,3,1,1,1,2,1,4,1,3,20,3,,,4,4,4,2,5,1,437,
2734,,,,2,2,2,2,2,2,2,2,2,2,2,20140514,5,7,2,3,,3,1,3,1,3,23,3,1,7,4,2,3,1,2,3,1594,
2735,,,,2,2,2,2,2,2,2,2,2,2,2,20140419,4,2,1,4,,,,4,1,0,23,3,,,4,1,1,1,5,1,1717,
2736,,,,2,2,2,2,2,2,2,2,2,2,2,20140521,5,2,1,1,2,2,,4,1,1,23,3,1,,2,1,1,1,5,1,858,
2737,,,,2,2,2,2,2,2,2,2,2,2,2,20140719,7,10,1,3,,1,,1,1,1,34,3,1,1,4,5,5,3,4,3,451,
2738,,,,2,2,2,2,2,2,2,2,2,2,2,20140713,7,9,2,3,,2,,2,1,1,23,3,1,1,,3,2,2,3,3,433,
2739,,,,1,2,2,2,1,2,2,2,2,2,2,20140806,8,3,1,1,1,1,1,2,1,1,23,3,1,,4,1,1,1,5,1,582,
2740,,,,1,2,2,2,1,2,2,2,2,2,2,20140422,4,10,1,4,,,,1,1,0,34,3,,1,1,2,3,1,2,3,902,
2741,,,,1,2,2,2,2,2,1,2,1,2,2,20140722,7,7,1,3,,2,,2,1,2,34,3,1,4,4,5,5,3,4,3,1684,
2742,,,,1,2,2,1,1,2,2,2,2,2,2,20140713,7,7,2,3,,2,,2,1,2,34,3,1,3,4,5,2,3,4,3,869,
2743,,,,1,2,2,2,2,2,2,2,2,2,2,20140505,5,10,2,3,,1,1,1,1,0,34,3,,2,,1,1,1,1,3,746,
2744,,,,2,2,2,2,2,2,2,2,2,2,2,20140717,7,4,1,1,1,3,3,4,1,3,23,3,1,,4,3,5,1,5,,465,
2745,,,,1,1,2,2,2,2,2,2,2,2,2,20140718,7,8,2,3,,1,,1,1,1,34,3,1,2,1,2,1,2,3,3,651,
2746,,,,2,2,2,2,2,2,2,2,2,2,2,20140711,7,2,2,1,2,2,,4,1,1,23,3,1,,3,1,1,1,5,1,669,
2747,,,,1,2,2,2,1,2,2,2,2,2,2,20140713,7,1,1,1,2,2,2,4,1,2,20,3,1,,4,1,1,1,5,1,717,
2748,,,,2,2,2,2,2,2,2,2,2,2,2,20140526,5,4,2,2,3,2,2,5,2,3,23,3,1,,4,,1,,,,1188,
2749,,,,1,2,2,2,1,2,2,2,2,2,2,20140523,5,3,2,1,2,2,,4,1,3,23,3,1,,3,3,3,2,5,1,571,
2750,,,,2,2,2,2,2,2,2,2,2,2,2,20140720,7,9,2,3,,1,,1,2,0,34,3,1,1,2,2,1,1,2,3,249,
2751,,,,2,2,2,2,2,2,2,2,2,2,2,20140506,5,1,2,1,3,2,,5,2,1,34,3,,,2,1,1,4,5,1,652,
2752,,,,1,2,2,2,2,2,2,2,2,2,2,20140505,5,9,2,3,,1,,1,1,1,34,3,,5,2,5,2,3,4,3,373,
2753,,,,1,2,2,2,1,2,2,2,1,2,2,20140720,7,4,1,3,,2,1,2,2,0,20,3,1,,1,5,5,2,3,3,400,
2754,,,,1,2,2,2,2,2,2,2,2,2,2,20140513,5,8,2,3,,2,,2,1,2,23,3,1,3,3,3,3,2,3,3,1417,
2755,,,,2,2,2,2,2,2,1,2,1,2,2,20140514,5,8,1,3,,1,,1,1,1,34,3,1,2,4,5,5,2,3,3,1263,
2756,,,,2,2,2,2,2,2,2,2,2,2,2,20140730,7,4,1,1,1,3,4,6,2,2,34,3,1,,,2,2,1,5,,1004,
2757,,,,1,2,2,2,1,2,2,2,2,2,2,20140411,4,7,2,4,,,,3,1,2,20,3,,4,2,2,1,2,3,3,1584,
2758,,,,2,2,2,2,2,2,2,2,2,2,2,20140513,5,10,2,3,,2,,2,1,0,23,3,1,1,,4,,,,3,867,
2759,,,,2,2,2,2,2,2,2,2,2,2,2,20140726,7,9,2,3,,2,,2,1,1,34,3,1,6,,2,3,1,2,3,746,
2760,,,,1,2,2,,1,2,2,2,2,2,1,20140730,7,1,2,1,3,2,,5,1,2,34,3,1,,,1,1,2,5,1,869,
2761,,,,1,2,2,2,2,2,2,2,2,2,2,20140520,5,4,2,3,,3,3,5,1,3,23,3,1,,4,2,3,1,2,3,454,
2762,,,,1,2,1,2,2,1,2,2,1,2,2,20140513,5,5,1,2,1,2,2,3,1,2,34,3,1,2,4,4,3,2,3,3,7084,
2763,,,,1,2,2,1,1,2,1,2,2,2,2,20140508,5,2,2,1,1,2,2,3,2,2,34,3,,,4,1,1,3,5,1,313,
2764,,,,1,2,2,2,2,2,1,2,2,2,2,20140724,7,2,1,1,3,2,2,5,1,2,34,3,1,,4,1,1,2,5,1,757,
2765,,,,2,2,2,2,2,2,2,2,2,2,2,20140717,7,8,1,3,,1,,1,1,1,23,3,1,2,1,2,3,1,2,3,1506,
2766,,,,1,2,2,2,1,2,2,2,2,2,2,20140729,7,4,2,3,,3,4,4,1,3,20,3,1,,4,2,3,1,2,3,443,
2767,,,,2,2,2,2,2,2,2,2,2,2,2,20140716,7,9,2,3,,1,,1,1,0,34,3,1,3,1,2,1,2,3,3,746,
2768,,,,2,2,2,2,2,2,2,2,1,2,2,20140506,5,10,2,3,,1,,1,1,1,34,3,,1,,3,2,2,3,3,373,
2769,,,,2,2,2,2,2,2,2,2,2,2,2,20140716,7,9,2,3,,1,,1,1,1,34,3,1,2,,5,2,3,4,3,373,
2770,,,,2,2,2,2,2,1,1,2,1,2,2,20140521,5,2,1,1,3,2,,5,1,2,34,3,1,,4,1,1,3,5,1,757,
2771,,,,1,2,2,1,1,2,2,2,2,2,2,20140523,5,1,1,1,1,2,2,3,1,2,34,3,1,,4,1,,,,1,454,
2772,,,,1,1,2,2,2,2,2,2,2,2,2,20140513,5,9,1,3,,2,2,2,1,2,34,3,1,6,4,4,4,2,3,3,601,
2773,,,,1,1,2,2,2,2,2,2,2,2,2,20140710,7,6,2,3,,1,,1,1,0,34,3,1,4,1,2,3,1,2,3,1303,
2774,,,,2,2,2,2,2,2,2,2,2,2,2,20140713,7,8,2,3,,2,,2,1,2,34,3,1,1,1,2,2,1,2,3,869,
2775,,,,2,2,2,2,2,2,2,2,2,2,2,20140721,7,10,1,3,,1,,1,1,1,34,3,1,1,2,4,5,1,2,3,451,
2776,,,,2,2,2,2,2,2,2,2,2,2,2,20140718,7,8,2,3,,2,,2,1,1,20,3,1,3,4,4,3,2,3,3,1584,
2777,,,,1,2,2,2,2,2,2,2,2,2,2,20140726,7,9,2,3,,1,,1,1,1,20,3,1,4,1,5,1,3,4,3,618,
2778,,,,1,1,2,1,1,2,2,2,2,2,2,20140505,5,7,2,3,,3,,3,1,2,23,3,,5,3,5,4,3,4,3,2125,
2779,,,,2,2,2,2,2,2,2,2,2,2,2,20140720,7,9,1,3,,1,,1,1,1,34,3,1,2,,4,4,2,3,3,451,
2780,,,,2,2,2,2,2,2,2,2,2,2,2,20140718,7,8,2,3,,2,,2,1,0,20,3,1,5,1,5,2,3,4,3,3167,
2781,,,,1,1,2,2,2,2,2,2,2,2,2,20140722,7,8,2,3,,3,1,3,1,2,23,3,1,7,4,2,2,1,2,3,2125,
2782,,,,1,2,2,2,1,2,2,2,2,2,2,20140527,5,3,1,1,3,2,2,5,1,3,20,3,1,,4,1,1,1,5,1,683,
2783,,,,2,2,2,2,2,2,2,2,2,2,2,20140719,7,10,2,3,,1,,1,1,1,34,3,1,4,2,3,3,1,2,3,373,
2784,,,,1,2,2,2,1,2,,2,1,2,2,20140524,5,2,2,1,3,2,,5,1,2,34,3,1,,4,1,1,1,5,1,869,
2785,,,,2,2,2,2,2,2,2,2,2,2,2,20140728,7,1,2,1,2,2,,4,1,2,34,3,1,,4,,,,,1,696,
2786,,,,1,2,2,2,1,2,2,2,2,2,2,20140714,7,1,2,1,1,2,,3,1,2,23,3,1,,4,1,1,4,5,1,335,
2787,,,,2,2,2,2,1,2,1,2,1,2,2,20140527,5,4,2,1,1,2,2,3,1,3,34,3,1,,,3,2,2,5,,372,
2788,,,,1,2,2,2,2,2,2,2,1,2,2,20140424,4,2,1,4,,,,6,1,3,23,3,,,4,1,1,3,5,1,477,
2789,,,,1,1,1,2,2,2,2,2,2,2,1,20140715,7,7,1,3,,3,,3,2,3,20,3,1,6,4,3,5,1,2,3,1177,
2790,,,,1,2,2,1,1,2,1,2,1,2,2,20140714,7,1,2,1,2,3,,6,1,3,34,3,1,,,1,1,1,5,1,626,
2791,,,,2,2,2,2,2,2,2,2,2,2,2,20140721,7,9,2,3,,2,,2,1,1,23,3,1,6,,1,2,1,2,3,433,
2792,,,,1,2,2,2,2,2,2,2,1,1,2,20140728,7,2,2,1,3,2,,5,1,2,34,3,1,,,1,1,1,5,1,869,
2793,,,,2,2,2,2,2,2,2,2,2,2,2,20140715,7,3,1,1,1,2,,3,1,2,34,3,1,,4,1,1,1,5,1,627,
2794,,,,1,2,2,1,1,2,2,2,2,2,2,20140524,5,2,2,1,3,2,,5,1,2,23,3,1,,4,1,,,,1,558,
2795,,,,2,2,2,2,2,2,2,2,2,2,1,20140721,7,7,1,3,,1,,1,1,0,34,3,1,2,,5,4,3,4,3,2526,
2796,,,,2,2,2,2,2,2,2,2,2,2,2,20140715,7,2,1,1,2,2,,4,1,2,20,3,1,,3,1,1,1,5,1,717,
2797,,,,2,2,2,2,1,2,2,2,2,2,2,20140517,5,2,2,1,2,2,,4,2,2,23,3,1,,4,1,1,2,5,1,335,
2798,,,,1,1,1,2,1,2,2,2,2,2,2,20140726,7,4,1,1,5,2,2,6,1,3,34,3,1,,1,1,4,1,5,,1255,
2799,,,,1,2,2,2,2,2,1,2,2,2,2,20140718,7,6,2,2,2,2,,4,1,2,20,3,1,4,4,2,4,1,2,3,8474,
2800,,,,1,2,2,1,,2,2,2,2,2,1,20140720,7,9,2,3,,1,,1,1,1,20,3,1,1,1,2,4,1,2,3,618,
2801,,,,2,2,2,2,2,2,2,2,2,2,2,20140721,7,7,1,3,,2,,2,1,0,23,3,1,7,4,5,5,2,3,3,6026,
2802,,,,2,2,2,2,2,2,2,2,1,2,2,20140517,5,2,1,1,2,2,2,4,1,2,34,3,1,,4,1,1,1,5,1,606,
2803,,,,1,2,2,2,1,2,2,2,1,2,2,20140728,7,3,1,1,2,2,,4,1,2,20,3,1,,3,1,1,1,5,1,728,
2804,,,,1,2,2,1,1,2,2,2,2,2,2,20140717,7,8,1,3,,1,,1,1,1,23,3,1,6,3,5,4,2,3,3,1506,
2805,,,,1,2,2,2,1,2,2,2,2,2,1,20140412,4,6,2,4,,,,4,1,,23,3,,7,4,,,,,3,8500,
2806,,,,2,2,2,2,2,2,2,2,2,2,2,20140713,7,7,1,3,,3,1,3,1,3,23,3,1,6,4,3,3,1,2,3,2260,
2807,,,,2,2,2,2,2,2,2,2,2,2,2,20140717,7,9,1,3,,1,,1,1,1,34,3,1,6,2,5,4,3,4,3,451,
2808,,,,1,1,2,2,1,2,2,2,2,2,2,20140727,7,4,2,3,,3,3,3,1,3,34,3,1,,3,3,3,1,2,3,317,
2809,,,,2,2,2,2,2,2,2,2,2,2,2,20140806,8,10,1,3,,2,,2,1,1,23,3,1,4,2,4,5,1,2,3,721,
2810,,,,2,2,2,2,2,2,2,2,2,2,2,20140803,8,3,1,1,2,2,,4,1,3,23,3,1,,4,2,3,1,5,1,465,
2811,,,,1,2,2,2,2,2,2,2,2,2,2,20140714,7,1,1,1,3,2,,5,1,2,23,3,1,,3,1,,,,1,715,
2812,,,,2,2,2,2,2,2,2,2,2,2,2,20140806,8,4,1,1,3,3,1,6,1,2,20,3,1,,2,5,5,3,5,,1092,
2813,,,,2,2,2,2,2,2,2,2,2,2,2,20140505,5,9,1,3,,1,1,1,1,0,34,3,,1,1,5,5,3,4,3,902,
2814,,,,1,1,2,2,1,2,2,2,2,2,2,20140921,9,5,2,2,2,2,,4,1,3,34,3,1,2,4,3,3,2,3,3,3653,
2815,,,,2,2,2,2,2,2,2,2,2,2,2,20140804,8,3,1,1,3,2,,5,1,2,23,3,1,,4,1,1,1,5,1,970,
2816,,,,1,2,2,2,1,2,2,2,2,2,2,20140918,9,1,2,1,1,2,,3,1,1,34,3,1,,,1,1,3,5,1,783,
2817,,,,1,2,2,1,2,2,2,2,2,2,2,20140910,9,8,2,3,,2,,2,1,2,20,3,1,2,3,5,3,3,4,3,1056,
2818,,,,2,2,2,2,2,2,2,2,2,2,1,20140912,9,6,2,2,2,2,,4,1,1,34,3,1,2,3,,3,,,3,7306,
2819,,,,2,2,2,2,2,2,2,2,2,2,2,20140910,9,8,2,3,,2,,2,1,2,23,3,1,7,4,5,4,3,4,3,1417,
2820,,,,1,2,2,2,1,2,2,2,2,2,2,20140915,9,8,2,3,,2,,2,1,2,20,3,1,4,4,5,4,3,4,3,1056,
2821,,,,1,1,2,,2,2,2,2,2,2,2,20141001,10,4,2,1,2,1,,3,1,1,23,3,1,,3,2,2,1,5,,1070,
2822,,,,2,2,2,2,2,2,2,2,2,2,2,20140926,9,4,1,2,1,3,4,5,1,3,23,3,1,,4,4,5,1,2,3,1131,
2823,,,,1,2,2,2,1,2,2,2,2,2,1,20140920,9,9,1,3,,2,,2,1,1,34,3,1,2,,5,5,3,4,3,902,
2824,,,,2,2,2,2,2,2,2,2,2,2,2,20140920,9,8,2,3,,1,,1,1,0,34,3,1,1,1,5,2,3,4,3,1303,
2825,,,,1,2,2,2,1,2,2,2,2,2,2,20141008,10,4,2,3,,2,1,2,2,2,20,3,1,,,,3,,,3,277,
2826,,,,1,2,2,2,2,2,2,2,2,2,2,20140731,7,4,2,2,1,3,1,4,2,3,34,3,1,,3,4,2,2,3,3,790,
2827,,,,1,1,2,2,2,2,2,2,1,2,2,20140913,9,5,2,3,,2,,2,1,2,34,3,1,4,4,4,2,2,3,3,869,
2828,,,,2,2,2,2,2,2,2,2,2,2,2,20140910,9,10,1,3,,2,,2,1,1,34,3,1,1,1,3,4,1,2,2,902,
2829,,,,2,2,2,2,2,2,2,2,2,2,2,20141008,10,1,1,1,3,2,,5,1,3,34,3,1,,4,1,1,1,5,1,568,
2830,,,,1,2,2,2,2,2,2,2,2,2,2,20140914,9,2,1,1,2,2,,4,1,3,23,3,1,,4,1,1,1,5,1,429,
2831,,,,2,2,1,2,2,2,2,2,2,2,2,20140910,9,9,2,3,,1,,1,1,1,20,3,1,4,,3,4,1,2,3,618,
2832,,,,1,2,2,2,1,2,2,2,2,2,1,20140928,9,2,2,1,2,2,,4,1,3,20,3,1,,4,1,1,1,5,1,311,
2833,,,,1,2,1,2,2,2,2,2,1,1,2,20140911,9,10,1,3,,1,,1,1,0,34,3,1,2,1,1,3,1,1,3,902,
2834,,,,1,2,2,2,1,2,2,2,2,2,2,20140914,9,9,1,3,,2,,2,1,2,20,3,1,6,4,4,4,2,3,3,493,
2835,,,,2,2,2,2,2,2,2,2,2,2,2,20140917,9,4,1,2,1,3,1,4,1,3,23,3,1,,4,4,5,2,3,3,1086,
2836,,,,2,2,2,2,2,2,2,2,2,2,2,20140923,9,9,2,3,,2,1,3,1,2,20,3,1,1,2,,1,,,3,1236,
2837,,,,2,2,2,2,2,2,2,2,2,2,2,20140922,9,8,1,3,,2,,2,1,1,34,3,1,,,4,3,2,3,3,2526,
2838,,,,1,2,2,2,2,2,2,2,2,2,2,20140928,9,3,2,1,5,2,,6,2,1,34,3,1,,4,2,2,2,5,1,1158,
2839,,,,2,2,2,2,2,2,2,2,2,2,2,20140918,9,10,2,3,,1,,1,1,1,23,3,1,5,2,5,3,3,4,3,217,
2840,,,,2,2,2,2,2,2,2,2,2,2,2,20140915,9,8,2,3,,3,1,3,1,3,23,3,1,4,4,3,4,1,2,3,1594,
2841,,,,2,2,2,2,2,2,2,2,2,2,2,20140922,9,10,2,3,,2,,2,1,0,23,3,,2,,1,1,1,2,3,867,
2842,,,,2,2,2,2,2,2,2,2,2,2,2,20140924,9,10,2,3,,3,,3,2,2,23,3,1,2,3,3,2,2,3,3,260,
2843,,,,1,2,2,2,1,2,2,2,2,2,2,20140930,9,3,1,1,2,3,2,6,1,3,23,3,1,,,1,1,2,5,1,698,
2844,,,,2,2,2,2,2,2,2,1,1,1,2,20140917,9,10,1,3,,1,,1,1,1,20,3,1,2,3,4,4,2,3,3,370,
2845,,,,1,2,2,2,2,2,2,2,2,2,2,20140929,9,9,1,3,,2,1,2,2,1,34,3,1,2,1,4,2,3,4,3,601,
2846,,,,1,1,2,2,2,2,2,2,2,2,2,20140921,9,9,2,3,,1,,1,1,0,20,3,1,2,2,2,2,1,2,3,1236,
2847,,,,1,2,2,2,1,2,2,2,1,2,2,20140918,9,7,2,3,,3,1,3,1,3,34,3,1,5,4,1,2,1,2,3,977,
2848,,,,2,2,2,2,2,2,2,2,2,2,2,20141002,10,1,2,1,2,2,,4,2,1,34,3,1,,2,1,1,4,5,1,522,
2849,,,,1,1,2,2,2,2,2,2,2,2,2,20141006,10,4,2,1,3,2,,5,1,3,34,3,1,,3,2,3,1,5,,496,
2850,,,,1,1,2,2,2,2,2,2,2,2,2,20140918,9,9,2,3,,1,,1,1,1,23,3,1,6,3,5,2,3,4,3,217,
2851,,,,2,2,2,2,2,2,2,2,2,2,2,20140922,9,8,1,2,2,3,1,5,1,3,20,3,1,3,4,5,5,2,3,3,6560,
2852,,,,1,2,2,1,1,2,2,2,2,2,2,20141002,10,1,2,1,2,2,,4,1,2,20,3,1,,4,1,1,4,5,1,519,
2853,,,,1,2,2,2,,2,2,2,2,2,2,20150327,3,3,2,1,1,3,1,4,2,3,34,3,1,,2,3,3,2,5,1,221,
2854,,,,1,1,2,2,2,2,1,2,1,2,2,20141009,10,4,2,1,3,2,2,5,1,3,34,3,1,,,1,1,1,5,,621,
2855,,,,2,2,2,2,2,2,2,2,2,2,2,20140923,9,2,1,1,2,3,1,5,2,3,20,3,1,,4,1,1,3,5,1,384,
2856,,,,2,2,2,2,2,2,2,2,2,2,2,20140911,9,9,1,3,,2,,2,1,1,23,3,1,2,2,3,3,2,3,2,721,
2857,,,,1,2,2,2,2,2,2,2,2,2,2,20141006,10,3,1,1,4,2,,6,1,2,34,3,1,,2,2,1,3,5,1,1255,
2858,,,,1,2,2,1,2,2,2,2,2,2,2,20141004,10,2,1,1,3,2,,5,1,2,23,3,1,,4,1,,,,1,715,
2859,,,,2,2,2,2,2,2,2,2,2,2,2,20140919,9,10,1,3,,2,,2,1,1,34,3,1,7,1,,5,,,3,902,
2860,,,,2,2,2,2,2,2,2,2,2,2,2,20140925,9,2,2,1,3,2,,5,1,2,34,3,1,,4,1,1,1,5,1,869,
2861,,,,2,2,2,2,2,2,2,2,2,2,2,20140919,9,8,1,3,,2,,2,1,0,20,3,1,7,3,3,3,2,3,3,3922,
2862,,,,2,2,2,2,2,2,2,2,2,2,2,20140917,9,5,2,2,3,2,,5,1,2,34,3,1,4,4,,3,,,3,6088,
2863,,,,1,2,2,2,2,2,1,2,1,2,2,20140921,9,1,2,1,1,2,,3,1,3,34,3,1,,4,1,,,,1,391,
2864,,,,1,2,2,1,2,2,2,2,2,2,2,20140922,9,8,2,3,,3,1,3,2,2,34,3,1,5,4,2,1,1,2,3,977,
2865,,,,2,2,2,2,2,2,2,2,2,2,2,20140923,9,9,1,3,,1,,1,1,0,34,3,1,1,1,3,4,1,2,3,902,
2866,,,,1,2,2,2,1,2,2,2,2,2,2,20140920,9,2,1,1,2,2,,4,1,2,34,3,1,,4,1,1,1,5,1,606,
2867,,,,1,2,2,2,2,2,2,2,2,2,2,20141002,10,3,1,1,2,2,2,4,2,3,34,3,1,,4,1,2,1,5,1,358,
2868,,,,1,1,2,2,1,2,2,2,2,2,2,20140922,9,9,1,3,,2,,2,2,2,34,3,1,2,,5,4,2,3,3,451,
2869,,,,1,2,2,2,1,2,2,2,2,2,2,20140731,7,2,1,1,2,2,,4,1,2,34,3,1,,4,1,1,1,5,1,606,
2870,,,,2,2,2,2,2,2,2,2,2,2,2,20140925,9,1,1,1,2,2,,4,1,2,23,3,1,,4,1,1,4,5,1,572,
2871,,,,2,2,2,2,2,2,2,2,2,2,2,20140918,9,8,1,3,,1,,1,1,1,23,3,1,2,2,5,4,3,4,3,1506,
2872,,,,1,2,2,2,1,2,2,2,2,2,2,20140924,9,3,2,1,1,2,2,3,1,3,34,3,1,,4,1,1,1,5,1,298,
2873,,,,1,2,2,2,2,2,2,2,1,2,2,20140922,9,8,2,3,,2,,2,1,2,34,3,1,4,4,3,1,3,4,3,869,
2874,,,,1,1,2,2,2,2,2,2,2,2,2,20140914,9,10,2,3,,3,,3,1,1,34,3,1,1,,3,4,2,3,3,1120,
2875,,,,2,2,2,2,2,2,2,2,2,2,2,20140929,9,1,1,1,1,3,2,5,1,3,23,3,1,,4,1,1,4,5,1,307,
2876,,,,2,2,2,2,2,2,2,2,2,2,2,20140917,9,4,2,1,1,2,,3,1,3,34,3,1,,2,3,3,2,5,,372,
2877,,,,2,2,2,2,2,2,2,2,2,2,2,20140929,9,1,1,1,2,2,,4,1,2,20,3,1,,4,1,,,,1,717,
2878,,,,1,2,2,2,1,2,2,2,2,2,2,20141006,10,1,1,1,2,2,,4,1,2,34,3,1,,4,1,1,1,5,1,606,
2879,1,1,1,1,2,2,2,2,2,2,2,2,2,2,20150314,3,8,2,3,,2,,2,2,0,34,3,1,2,2,3,2,2,3,3,1303,70+
2880,,,,2,2,2,2,2,2,2,2,2,2,2,20140919,9,9,1,3,,2,,2,1,1,34,3,1,2,3,4,3,2,3,3,902,
2881,,,,2,2,2,2,2,2,2,2,2,2,2,20140916,9,6,1,2,3,2,,5,1,2,23,3,1,6,1,4,5,1,2,3,15339,
2882,,,,2,2,2,2,2,2,2,2,2,2,2,20140731,7,2,2,1,2,3,4,6,1,2,20,3,1,,2,1,1,3,5,1,1037,
2883,,,,1,2,2,2,1,2,2,2,1,2,2,20141006,10,4,2,3,,3,4,6,2,3,34,3,1,,,1,1,1,2,3,370,
2884,,,,1,2,2,2,2,2,2,2,2,2,2,20140911,9,8,2,3,,2,,2,1,2,34,3,,4,4,5,2,3,4,3,869,
2885,,,,2,2,2,2,2,2,2,2,2,2,2,20141008,10,3,1,1,2,2,2,4,1,2,23,3,1,,4,1,,,,1,776,
2886,,,,2,2,2,2,2,2,2,2,2,2,2,20140919,9,7,2,3,,1,,1,1,1,34,3,1,6,2,3,4,1,2,3,651,
2887,,,,1,2,2,1,1,2,2,2,1,2,1,20141128,11,3,1,1,2,3,,5,1,1,34,3,1,,3,,1,,,1,1568,
2888,,,,2,2,2,2,2,2,2,2,2,2,2,20140919,9,9,2,3,,2,,2,1,1,34,3,1,3,1,3,3,2,3,3,746,
2889,,,,2,2,2,2,2,2,2,2,2,2,2,20140920,9,10,1,3,,2,,2,1,1,34,3,1,1,2,3,4,1,2,3,902,
2890,,,,2,2,2,2,2,2,2,2,2,2,2,20140910,9,10,2,3,,1,,1,1,1,23,3,1,3,2,1,1,1,2,3,217,
2891,,,,1,2,2,1,2,2,1,2,1,2,2,20150327,3,4,2,1,1,2,,3,1,2,34,3,1,,3,2,3,1,5,,496,
2892,,,,2,2,2,2,2,2,2,2,2,2,2,20150325,3,1,1,1,2,2,,4,1,2,23,3,1,,4,1,1,1,5,1,572,
2893,1,2,1,1,1,2,1,1,2,2,2,2,2,2,20150319,3,7,2,3,,1,,1,1,3,34,3,1,6,3,5,1,3,4,3,326,"Pas d’âge, santé implicite"
2894,1,1,1,1,2,2,2,1,2,2,2,2,2,2,20150210,2,10,1,3,,2,,2,2,2,34,3,1,1,4,5,4,3,4,3,451,
2895,,,,2,2,2,2,2,2,2,2,2,2,2,20150212,2,1,1,1,1,2,,3,1,2,34,3,1,,2,1,1,4,5,1,454,
2896,,,,2,2,2,2,2,2,2,2,1,2,2,20150222,2,4,1,1,1,2,1,3,1,3,34,3,1,,4,4,5,1,5,,471,
2897,,,,1,1,2,2,1,2,2,2,1,2,2,20150225,2,4,2,1,1,2,,3,1,3,34,3,1,,4,4,3,2,5,,372,
2898,1,,1,2,2,2,2,2,2,2,2,2,2,2,20150219,2,10,2,3,,1,,1,2,1,23,3,1,4,1,5,2,3,4,3,108,
2899,1,1,1,1,1,2,2,2,2,2,2,2,2,2,20150211,2,8,2,3,,2,,2,1,2,34,3,1,2,4,2,3,1,2,3,869,"Pas d’âge, santé implicite"
2900,1,1,1,2,2,2,2,2,2,2,2,2,2,2,20150213,2,8,1,3,,3,,3,1,1,23,3,1,2,,3,4,1,2,3,4519,"Pas d’âge, santé implicite"
2901,1,1,1,2,2,2,2,2,2,2,2,2,2,2,20150212,2,6,1,2,2,2,,4,1,2,20,3,1,6,2,4,5,1,2,3,10496,
2902,,,,1,2,2,2,1,2,2,2,2,2,2,20150213,2,2,2,1,2,2,,4,1,2,34,3,1,,4,1,1,1,5,1,696,
2903,,,,2,2,2,2,1,2,2,2,2,2,2,20150222,2,3,1,1,2,2,,4,1,3,34,3,1,,3,1,1,1,5,1,627,
2904,1,2,1,1,2,2,1,2,2,2,2,2,2,2,20150211,2,6,1,3,,2,,2,1,2,23,3,1,2,4,5,5,2,3,3,2009,60+
2905,1,1,1,1,2,2,1,2,2,2,2,2,2,2,20150212,2,5,2,3,,1,,1,1,1,34,3,1,6,3,4,2,3,4,3,651,"Pas d’âge, santé implicite"
2906,1,1,1,2,2,2,2,2,2,2,2,2,2,2,20150212,2,6,2,2,2,2,,4,1,2,23,3,1,6,3,5,2,3,4,3,8655,70+
2907,1,2,1,2,2,2,2,2,2,2,2,2,2,2,20150211,2,10,1,3,,2,,2,1,1,23,3,1,1,2,2,5,1,2,3,721,80+
2908,1,2,1,1,2,2,2,2,2,2,2,2,2,2,20150214,2,8,2,3,,2,2,2,1,1,34,3,1,2,2,5,1,3,4,3,1303,70+
2909,,,,2,2,2,2,2,2,2,2,2,2,2,20150224,2,1,1,1,1,2,,3,1,1,34,3,1,,1,1,1,1,5,1,681,
2910,1,1,1,2,2,2,2,2,2,2,2,2,2,2,20150211,2,8,2,3,,1,,1,1,0,23,3,1,5,1,4,4,2,3,3,2125,65+
2911,1,2,2,1,2,2,1,2,2,2,2,2,2,2,20150319,3,7,2,2,1,1,,2,1,0,34,3,1,2,1,4,2,3,4,3,7306,65+
2912,1,,1,2,2,2,2,2,2,2,2,2,2,2,20150219,2,10,2,3,,2,,2,1,1,23,3,1,7,4,2,2,1,2,3,433,70+
2913,1,2,2,1,2,2,2,1,2,2,2,2,2,2,20150320,3,4,2,3,,2,2,2,1,2,34,3,1,,4,5,3,3,4,3,869,70+
2914,,,,1,1,2,1,1,2,2,2,2,2,2,20150224,2,4,1,1,1,2,,3,1,3,34,3,1,,4,2,3,1,5,,471,
2915,,,,2,2,2,2,2,2,2,2,2,2,2,20150325,3,1,2,1,2,2,,4,1,2,23,3,1,,4,1,1,4,5,1,446,
2916,1,,1,2,2,2,2,2,2,2,2,2,2,2,20150318,3,9,1,3,,2,,2,1,1,34,3,1,5,2,4,3,2,3,3,902,"Pas d’âge, santé implicite"
2917,1,1,1,2,2,2,2,2,2,2,2,2,2,2,20150210,2,9,2,3,,2,,2,1,2,34,3,1,4,3,5,1,3,4,3,498,"Pas d’âge, santé implicite"
2918,,,,2,2,2,2,2,2,2,2,2,2,2,20150221,2,4,2,1,1,2,,3,1,3,20,3,1,,4,2,4,1,5,,566,
2919,,,,2,2,2,2,2,2,2,2,2,2,2,20150330,3,1,1,1,1,3,,4,1,3,23,3,1,,2,1,1,4,5,1,429,
2920,1,2,1,1,2,2,1,1,2,2,2,2,2,2,20150316,3,9,2,3,,1,,1,1,1,34,3,1,4,2,2,1,1,2,3,373,70+
2921,,,,2,2,2,2,2,2,2,2,2,2,2,20150210,2,2,1,1,4,2,,6,1,2,34,3,1,,4,1,1,3,5,1,909,
2922,,,,1,2,1,2,1,2,2,2,2,2,2,20150222,2,4,1,1,1,2,,3,1,1,20,3,1,,4,2,4,1,5,,819,
2923,1,2,,2,2,2,2,2,2,2,2,2,2,2,20150212,2,8,1,3,,2,,2,1,2,34,3,1,2,4,4,4,2,3,3,1684,70+
2924,,,,1,2,2,2,1,2,2,2,2,2,1,20150325,3,3,1,1,3,2,,5,1,3,34,3,1,,2,2,2,1,5,1,784,
2925,1,,1,1,2,2,2,2,2,2,2,2,2,2,20150210,2,9,1,3,,2,,2,2,2,34,3,1,3,4,4,5,2,3,3,451,
2926,1,1,1,1,2,2,2,2,2,2,2,2,2,1,20150214,2,8,2,3,,1,,1,1,1,34,3,1,6,2,5,3,3,4,3,651,80+
2927,1,2,2,2,2,2,2,2,2,2,2,2,2,2,20150210,2,9,2,3,,1,,1,1,1,23,3,1,1,,2,3,1,2,3,217,65+
2928,,,,2,2,2,2,1,2,1,2,2,2,2,20150221,2,4,2,1,3,2,,5,1,3,34,3,1,,1,1,1,1,5,,496,
2929,,,,2,2,2,2,2,2,2,2,2,2,2,20150220,2,1,1,1,1,2,,3,1,2,20,3,1,,1,1,1,1,5,1,538,
2930,,,,2,2,2,2,1,2,2,2,2,2,2,20150225,2,3,2,1,2,3,,6,1,3,34,3,1,,4,2,2,1,5,1,496,
2931,,,,1,2,2,2,2,2,2,2,2,2,2,20150212,2,1,1,1,1,2,,3,1,2,34,3,1,,,1,1,4,5,1,454,
2932,1,1,1,2,2,2,2,2,2,1,2,1,2,2,20150214,2,7,1,3,,2,2,2,1,2,34,3,1,2,4,5,4,2,3,3,1684,80+
2933,,,,1,2,2,2,2,2,2,2,2,2,2,20150221,2,3,2,1,3,2,,5,1,3,34,3,1,,4,1,1,1,5,1,621,
2934,1,2,1,2,2,2,2,2,2,2,2,2,2,2,20150217,2,8,1,3,,2,,2,1,2,34,3,1,2,4,5,5,2,3,3,1684,"Pas d’âge, santé implicite"
2935,,,,2,2,2,2,2,2,2,2,2,2,2,20150330,3,1,2,1,2,2,,4,1,2,20,3,1,,2,1,,,,1,519,
2936,1,,1,1,1,2,2,1,2,2,2,2,2,2,20150315,3,8,2,3,,2,,2,1,2,34,3,1,2,4,5,5,2,3,3,869,70+
2937,1,2,1,2,2,2,2,2,2,2,2,2,2,2,20150213,2,5,1,2,4,2,,6,1,2,34,3,1,5,3,5,5,2,3,3,14167,60+
2938,1,1,1,2,2,2,2,2,2,2,2,2,2,2,20150213,2,10,2,3,,3,4,5,1,3,23,3,1,1,,,2,,,3,542,50+
2939,,,,2,2,2,2,2,2,2,2,2,2,2,20150225,2,4,2,2,1,3,2,5,1,3,23,3,1,,4,2,3,1,2,2,1386,
2940,,,,1,1,2,1,1,2,2,2,2,2,2,20150221,2,3,1,1,1,2,,3,1,1,34,3,1,,2,3,3,2,5,1,941,
2941,1,2,1,2,2,2,2,2,2,2,2,2,2,2,20150212,2,8,1,3,,1,,1,1,1,20,3,1,1,1,5,3,3,4,3,981,55+
2942,,,,2,2,2,2,2,2,2,2,2,2,2,20150226,2,1,1,1,2,2,,4,1,2,34,3,1,,4,1,1,1,5,1,606,
2943,1,2,1,2,2,2,2,2,2,2,2,2,2,2,20150213,2,10,2,3,,1,,1,1,1,23,3,1,6,2,3,3,1,2,3,217,
2944,1,2,1,2,2,2,2,2,2,2,2,2,2,2,20150212,2,10,2,3,,2,,2,1,0,34,3,1,4,1,3,2,2,3,3,1493,65+
2945,1,1,1,1,1,1,1,1,1,1,2,1,1,1,20150217,2,10,2,3,,3,3,3,1,3,23,3,1,1,2,4,1,3,4,3,325,70+
2946,,,,1,2,2,2,1,2,1,2,1,2,2,20150224,2,3,1,1,2,2,,4,1,3,34,3,1,,4,1,1,1,5,1,627,
2947,1,,,2,2,2,2,2,2,1,2,1,2,2,20150321,3,9,1,3,,2,,2,1,2,34,3,1,1,2,5,5,2,3,3,601,
2948,1,,1,2,2,2,2,2,2,2,2,2,2,2,20150321,3,8,2,3,,2,,2,1,1,34,3,1,4,3,5,3,3,4,3,1303,80+
2949,,,,1,2,1,2,1,2,2,2,2,2,2,20150316,3,3,1,1,2,3,1,5,1,3,23,3,1,,4,1,1,1,5,1,727,
2950,1,2,2,2,2,2,2,2,2,2,2,2,2,2,20150219,2,6,1,3,,3,,4,1,0,20,3,1,2,,5,5,2,3,3,7845,60+
2951,,,,1,2,2,2,1,2,1,2,1,2,2,20150213,2,1,1,1,3,2,,5,1,2,34,3,1,,2,1,1,4,5,1,757,
2952,,,,2,2,2,2,2,2,2,2,2,2,1,20150222,2,1,2,1,1,2,,3,1,2,20,3,1,,3,1,1,4,5,1,389,
2953,,,,2,2,2,2,2,2,2,2,2,2,2,20150226,2,2,1,1,3,2,,5,1,3,34,3,1,,4,1,1,1,5,1,568,
2954,,,,1,1,2,2,1,2,2,2,2,2,2,20150326,3,3,1,1,2,2,,4,1,3,34,3,1,,4,1,1,1,5,1,627,
2955,1,1,1,2,2,2,2,2,2,2,2,2,2,2,20150319,3,10,1,3,,2,2,2,1,0,20,3,1,6,2,3,4,2,3,3,1480,"Pas d’âge, santé implicite"
2956,,,,2,2,2,2,1,2,2,2,2,2,2,20150211,2,4,1,1,2,3,1,5,1,3,20,3,1,,2,2,4,1,5,,455,
2957,,,,2,2,2,2,2,2,2,2,2,2,2,20150328,3,3,1,1,1,2,,3,1,1,23,3,1,,4,1,1,1,5,1,873,
2958,,,,2,2,2,2,2,2,2,2,2,2,2,20150219,2,1,2,1,1,3,,6,1,0,34,3,1,,,1,,,,1,3130,
2959,,,,2,2,2,1,2,2,1,2,1,2,2,20150224,2,4,2,1,2,2,,4,1,3,34,3,1,,,5,4,2,5,,496,
2960,1,2,1,2,2,2,2,2,2,2,2,2,2,2,20150213,2,9,1,3,,2,,2,1,1,34,3,1,1,1,5,5,3,4,3,902,75+
2961,1,2,2,2,2,2,2,2,2,2,2,2,2,2,20150224,2,4,1,2,1,3,,,,,34,3,1,,,,,,,3,1498,20+
2962,1,2,1,1,2,2,2,2,2,2,2,2,2,2,20150221,2,4,2,2,2,3,3,5,1,3,23,3,1,,,2,2,1,2,3,1663,60+
2963,,,,1,2,2,2,1,2,2,2,2,2,2,20150331,3,3,1,1,2,2,,4,0,3,20,3,1,,4,5,5,3,5,1,728,
2964,,,,2,2,2,2,2,2,2,2,2,2,2,20150330,3,2,2,1,4,2,,6,1,3,34,3,1,,3,1,1,1,5,1,783,
2965,,,,2,2,2,2,2,2,2,2,2,2,2,20140724,7,10,2,3,,1,,1,0,1,23,3,1,1,2,2,1,2,3,3,433,
2966,,,,1,2,2,2,1,2,2,2,2,2,2,20140721,7,1,1,1,1,2,,3,1,2,34,3,1,,3,1,,,,1,454,
2967,,,,2,2,2,2,2,2,2,2,2,2,2,20141010,10,2,2,1,2,2,,4,1,2,23,3,1,,4,1,1,1,5,1,446,
2968,,,,1,2,2,,1,2,2,2,2,2,1,20150226,2,2,1,1,1,1,,2,1,1,34,3,1,,1,1,1,1,5,1,454,
2969,1,1,1,1,1,2,2,1,2,2,2,2,2,1,20141115,11,5,1,3,,2,,2,1,3,23,3,1,5,4,4,4,2,3,3,1205,65+
2970,1,,1,2,2,2,2,2,2,2,2,2,2,2,20150217,2,4,2,2,2,3,4,6,1,3,34,3,1,,2,2,2,1,2,3,5479,"Pas d’âge, santé implicite"
2971,,,,2,2,2,2,2,2,2,2,2,2,2,20141215,12,1,1,1,4,2,,6,1,2,23,3,1,,,,,,,1,858,
2972,1,2,1,1,2,2,2,2,2,2,2,2,2,2,20150211,2,8,1,3,,2,,2,1,1,34,3,1,2,3,5,4,3,4,3,2526,75+
2973,,,,2,2,2,2,2,2,2,2,2,2,2,20141020,10,9,1,3,,2,,2,1,1,23,3,1,4,3,2,4,1,2,3,721,
2974,3,,,2,2,2,2,2,2,2,2,2,2,2,20141211,12,8,2,2,3,3,1,6,1,2,34,3,1,1,,2,1,3,4,3,8524,
2975,1,,1,1,2,2,2,2,2,2,2,1,2,2,20150218,2,10,1,3,,2,,2,1,1,34,3,1,1,4,5,5,2,3,3,902,"Vieux, pas d'âge défini"
2976,,,,1,1,2,2,1,2,2,2,2,2,2,20150225,2,1,2,1,1,2,,3,0,2,34,3,1,,2,1,,,,1,783,
2977,,,,1,2,2,2,2,2,2,2,2,2,2,20150128,1,4,2,1,1,2,,3,1,3,34,3,1,,4,1,1,1,5,,372,
2978,,,,2,2,2,2,2,2,2,2,2,2,2,20150221,2,1,1,1,2,1,,3,0,1,34,3,1,,1,1,1,4,5,1,1363,
2979,,,,2,2,2,2,2,2,2,2,2,2,2,20141214,12,1,1,1,1,2,,3,1,2,23,3,1,,2,1,1,4,5,1,429,
2980,,,,2,2,2,2,2,2,2,1,2,2,2,20150126,1,1,1,1,2,2,,4,0,2,23,3,1,,4,1,,,,1,858,
2981,1,2,1,2,2,2,2,2,2,2,2,2,2,2,20150110,1,7,1,2,1,2,,3,1,1,20,3,1,2,1,3,2,1,2,3,11808,
2982,,,,2,2,2,2,2,2,2,2,2,2,2,20150223,2,2,1,1,1,2,,3,0,2,23,3,1,,2,1,1,1,5,1,644,
2983,,,,2,2,2,2,2,2,2,2,2,2,2,20150213,2,1,2,1,1,1,,2,0,1,34,3,1,,1,1,1,3,5,1,1043,
2984,1,2,1,1,2,2,2,2,2,2,2,2,2,2,20150131,1,6,1,2,3,2,2,5,1,2,34,3,1,2,4,5,4,2,3,3,11806,65+
2985,,,,2,2,2,2,2,2,2,2,2,2,2,20150131,1,4,1,1,2,2,,4,1,3,23,3,1,,,,5,,,,582,
2986,,,,2,2,2,2,2,2,2,2,2,2,2,20141030,10,4,2,3,,3,4,4,1,0,34,3,1,,1,2,1,1,2,3,1691,
2987,,,,2,2,2,2,2,2,2,2,2,2,2,20150127,1,1,1,1,1,2,,3,1,2,23,3,1,,,1,1,4,5,1,429,
2988,,,,1,1,2,2,2,2,1,2,2,2,2,20141030,10,4,2,1,3,2,,5,,,34,3,1,,1,1,3,1,5,,496,
2989,,,,2,2,2,2,2,2,2,2,2,2,2,20141029,10,2,1,1,1,2,,3,1,2,34,3,1,,3,1,1,2,5,1,454,
2990,1,1,1,2,2,2,2,2,2,2,2,2,2,2,20141120,11,8,2,3,,3,1,3,1,2,20,3,1,4,3,,2,,,3,1584,65+
2991,1,2,2,1,1,2,2,2,2,1,2,1,2,2,20141120,11,8,2,3,,2,,2,1,2,34,3,1,2,4,2,3,1,2,3,869,75+
2992,,,,2,2,2,2,2,2,2,2,2,2,2,20140813,8,5,2,2,1,3,3,4,1,2,34,3,1,6,1,3,3,1,2,3,4871,
2993,,,,2,2,2,2,2,2,2,2,2,2,2,20140814,8,7,2,3,,1,,1,1,1,20,3,1,2,2,2,1,2,3,3,792,
2994,1,2,1,2,2,2,2,2,2,2,2,2,2,2,20150315,3,9,1,3,,2,,2,2,2,34,3,1,1,2,5,5,2,3,3,451,80+
2995,,,,1,2,2,2,2,2,1,2,2,2,2,20141029,10,,2,3,2,2,,4,1,2,34,3,1,,4,1,1,1,1,,592,
2996,,,,2,2,2,2,2,2,2,2,2,2,2,20141030,10,2,1,1,2,2,,4,1,1,34,3,1,,3,1,1,1,5,1,909,
2997,,,,2,2,2,2,2,2,2,2,2,2,2,20141030,10,1,2,1,3,2,,5,1,2,23,3,1,,4,1,,,,1,558,
2998,1,,2,2,2,2,2,2,2,2,2,2,2,2,20150123,1,10,2,3,,1,,1,1,0,23,3,1,1,1,4,2,3,4,3,433,"Pas d’âge, santé implicite"
2999,,,,2,2,2,2,2,2,2,2,2,2,2,20140820,8,1,2,1,1,1,,2,0,1,34,3,1,,1,1,1,2,5,1,1043,
3000,,,,1,1,2,2,1,2,2,2,2,2,2,20141030,10,4,1,1,1,2,1,3,1,3,34,3,1,,2,5,5,2,5,,471,
3001,1,1,2,2,2,2,2,2,2,2,2,2,2,1,20141120,11,6,2,3,,2,,2,1,2,23,3,1,4,3,1,2,1,2,3,1417,70+
3002,,,,2,2,2,2,2,2,2,2,2,2,2,20141102,11,1,2,1,5,2,,6,1,0,23,3,1,,2,,,,,1,2343,
3003,,,,2,2,2,2,2,2,2,2,2,2,2,20141030,10,3,1,1,3,2,,5,1,2,34,3,1,,4,1,1,1,5,1,1046,
3004,,,,2,2,2,2,2,2,2,2,2,2,2,20141103,11,2,1,1,1,3,1,4,1,3,34,3,1,,4,1,1,1,5,1,454,
3005,1,1,1,1,2,2,2,,2,2,2,2,2,1,20150320,3,8,1,3,,1,,1,1,1,23,3,1,3,2,4,3,2,3,3,1506,
3006,,,,2,2,2,2,2,2,2,2,1,2,2,20141101,11,4,2,1,2,2,,4,2,3,34,3,1,,,2,3,1,5,,397,
3007,,,,1,1,2,2,2,2,2,2,2,2,2,20140815,8,2,1,1,1,2,,3,0,3,34,3,1,,4,1,1,1,5,1,454,
3008,,,,1,1,2,2,1,2,2,2,2,2,2,20140812,8,7,1,3,,2,,2,1,2,34,3,1,,4,5,5,2,3,3,1684,
3009,,,,,2,2,,,2,2,2,2,2,2,20141102,11,1,2,1,2,2,,4,1,2,34,3,1,,4,,1,,,1,696,
3010,,,,2,2,2,2,2,2,2,2,2,2,1,20141125,11,3,2,1,2,2,2,4,1,3,34,3,1,,4,2,3,1,5,1,397,
3011,,,,2,2,2,2,2,2,2,2,2,2,2,20141028,10,2,2,1,2,2,2,5,1,2,20,3,1,,1,1,,,,1,648,
3012,,,,1,2,2,1,2,2,2,2,2,2,2,20141028,10,1,1,1,1,2,,3,1,2,34,3,1,,4,1,1,1,5,1,454,
3013,,,,2,2,2,2,2,2,2,2,2,2,2,20141023,10,3,1,1,2,2,,4,1,2,34,3,1,,4,1,4,1,5,1,836,
3014,,,,2,2,2,2,2,2,2,2,2,2,2,20141012,10,10,1,3,,1,,1,1,1,34,3,1,2,2,4,4,2,3,3,451,
3015,,,,2,2,2,2,2,2,2,2,2,2,2,20141027,10,2,1,1,2,2,2,4,1,2,34,3,1,,4,1,1,2,5,1,606,
3016,,,,1,1,2,2,2,2,2,2,2,2,2,20141010,10,9,2,3,,2,,2,2,2,23,3,1,1,4,2,1,2,3,3,217,
3017,,,,2,2,2,2,2,2,2,2,2,2,2,20141024,10,8,1,3,,1,,1,1,2,23,3,1,4,1,5,5,3,4,3,1004,
3018,,,,1,2,2,2,2,2,2,2,2,2,2,20141017,10,7,2,3,,2,,2,1,2,34,3,1,5,4,2,1,2,3,3,869,
3019,,,,1,2,2,2,2,2,2,,,,,20141020,10,8,2,3,,2,,2,1,2,34,3,1,2,,3,3,1,2,3,869,
3020,,,,1,2,2,2,2,2,2,2,2,2,2,20141020,10,8,2,3,,2,,2,2,2,34,3,1,3,3,1,2,1,2,3,651,
3021,,,,2,2,2,2,2,2,2,2,2,2,2,20141018,10,9,1,3,,2,2,2,1,2,34,3,1,2,,5,4,3,4,3,601,
3022,,,,1,2,2,2,1,2,2,2,2,2,1,20141025,10,6,2,3,,3,1,5,1,3,34,3,1,2,,1,1,1,2,3,1628,
3023,,,,2,2,2,2,2,2,2,2,2,2,2,20141023,10,9,2,3,,2,,2,1,2,34,3,1,2,2,4,5,2,3,3,498,
3024,,,,2,2,2,2,2,2,2,2,2,2,2,20141018,10,10,2,3,,1,,1,1,0,23,3,1,2,1,2,3,1,2,3,433,
3025,,,,2,2,2,2,2,2,2,2,2,2,2,20141011,10,8,2,3,,2,,2,2,2,34,3,1,4,4,3,1,3,4,3,651,
3026,,,,2,2,2,2,2,2,2,2,2,2,2,20141021,10,9,1,3,,2,,2,1,2,34,3,1,4,1,5,4,3,4,3,601,
3027,,,,1,2,1,2,2,2,2,2,1,2,2,20141027,10,3,2,1,2,2,2,4,1,2,34,3,1,,,1,1,1,5,1,662,
3028,,,,2,2,2,2,2,2,2,2,2,2,2,20141023,10,7,2,3,,1,,1,1,1,20,3,1,3,1,1,2,1,2,3,792,
3029,,,,1,2,2,2,2,2,2,2,2,2,2,20141014,10,9,2,3,,2,,2,2,1,23,3,1,6,3,4,3,2,3,3,217,
3030,,,,2,2,2,2,2,2,2,2,2,2,2,20141012,10,10,2,3,,1,,1,1,0,34,3,1,1,1,2,1,2,3,3,746,
3031,,,,1,2,2,2,2,2,1,2,1,2,2,20141018,10,3,2,1,2,2,,4,1,2,34,3,1,,,1,1,1,5,1,662,
3032,,,,2,1,2,2,2,2,2,2,2,2,2,20141025,10,8,2,3,,2,,2,1,1,20,3,1,6,4,3,3,1,2,3,1584,
3033,,,,2,2,2,2,2,2,2,2,2,2,2,20141020,10,10,1,3,,2,,2,1,1,20,3,1,5,,4,4,2,3,3,740,
3034,,,,2,2,2,2,2,2,2,2,1,2,2,20141022,10,9,2,3,,2,,2,1,1,34,3,1,6,2,3,4,1,2,3,746,
3035,,,,2,2,2,2,2,2,2,2,2,2,2,20141029,10,2,2,2,2,2,,4,1,2,20,3,1,,3,1,1,2,5,1,1526,
3036,,,,2,2,2,2,2,2,2,2,2,2,2,20141011,10,10,2,3,,1,,1,1,1,34,3,1,4,1,2,1,2,3,3,373,
3037,,,,2,2,2,2,2,2,2,2,2,2,2,20141012,10,10,2,3,,1,,1,2,1,20,3,1,1,1,2,3,1,2,3,412,
3038,,,,1,2,2,1,1,2,2,2,2,2,2,20141012,10,8,1,3,,2,,2,1,0,20,3,1,4,3,4,5,1,2,3,3922,
3039,,,,1,2,2,2,2,2,2,1,1,2,2,20141012,10,6,2,2,3,1,,4,1,3,34,3,1,5,3,5,4,3,4,3,3653,
3040,,,,1,2,2,1,2,2,2,2,2,2,1,20141101,11,2,1,1,2,2,,4,1,2,20,3,1,,4,1,1,1,5,1,717,
3041,,,,2,2,2,2,2,2,2,2,2,2,2,20141010,10,10,2,3,,1,,1,1,1,34,3,1,2,3,5,1,3,4,3,373,
3042,,,,1,1,1,2,2,2,2,2,2,2,2,20141028,10,3,1,1,1,2,,3,1,2,34,3,1,,3,4,4,2,5,1,627,
3043,,,,2,2,2,2,2,2,2,2,2,2,2,20141022,10,6,1,2,3,3,1,6,1,3,23,3,1,4,4,4,5,1,2,3,12885,
3044,,,,2,2,2,2,2,2,2,2,2,2,2,20141011,10,8,2,3,,2,,2,2,2,20,3,1,2,4,1,1,1,2,3,452,
3045,,,,2,2,2,2,2,2,2,2,2,2,2,20141012,10,9,2,3,,2,,2,1,1,34,3,1,6,4,,3,,,3,746,
3046,,,,2,2,2,2,2,2,2,2,2,2,2,20141012,10,8,1,3,,1,,1,1,1,34,3,1,1,2,5,4,3,4,3,1263,
3047,,,,1,2,2,2,2,2,2,2,2,2,2,20141010,10,10,1,3,,1,,1,1,1,34,3,1,1,3,4,3,2,3,3,451,
3048,1,1,2,2,2,2,2,2,2,2,2,2,2,2,20141120,11,5,1,3,,3,1,3,2,3,20,3,1,6,,4,5,2,3,3,1177,
3049,1,2,1,2,2,2,2,2,2,2,2,2,2,2,20150123,1,10,1,3,,2,,2,1,1,34,3,1,2,2,5,4,3,4,3,902,65+
3050,1,1,2,2,2,2,2,2,2,2,2,2,2,2,20150122,1,7,2,2,2,2,1,4,1,3,20,3,1,6,4,2,1,1,2,3,5085,
3051,,,,1,2,2,2,2,2,1,2,2,2,2,20141024,10,4,1,1,4,3,,6,1,3,23,3,1,,,4,4,3,5,,1164,
3052,1,2,1,2,2,2,2,2,2,2,2,2,2,2,20150313,3,8,2,3,,2,,2,0,2,34,3,1,6,4,2,1,2,3,3,1303,80+
3053,,,,2,2,2,2,2,2,2,2,2,2,2,20141023,10,4,1,3,,3,1,4,1,3,23,3,1,,4,5,5,3,4,3,355,
3054,,,,1,2,2,2,2,2,2,2,2,2,2,20141024,10,10,2,3,,2,,2,1,1,34,3,1,2,2,2,3,1,2,3,746,
3055,,,,2,2,2,2,2,2,2,2,2,2,2,20141024,10,10,2,3,,1,,1,1,0,23,3,1,5,2,4,1,3,4,3,433,
3056,,,,2,2,2,2,2,2,2,2,1,2,2,20150110,1,3,2,1,2,2,,4,1,2,34,3,1,,2,1,1,1,5,1,662,
3057,1,2,2,1,2,2,2,2,2,2,2,2,2,2,20150119,1,10,2,3,,1,,1,1,1,34,3,1,1,2,2,1,2,3,3,373,"Pas d’âge, santé implicite"
3058,,,,1,2,2,2,1,2,1,2,1,2,1,20141023,10,7,2,3,,2,,2,1,2,34,3,1,1,2,4,1,3,4,3,869,
3059,,,,2,2,2,2,2,2,2,2,2,2,2,20141024,10,6,1,3,,1,,1,1,0,34,3,1,2,2,5,5,3,4,3,2526,
3060,,,,2,2,2,2,2,2,2,2,2,2,2,20141024,10,8,1,3,,2,2,2,1,2,34,3,1,3,,5,5,2,3,3,1684,
3061,1,,1,1,2,2,2,2,2,2,2,2,2,2,20150128,1,4,2,2,1,3,1,4,1,3,34,3,1,,,3,4,1,2,3,1185,"Pas d’âge, santé implicite"
3062,1,2,1,2,2,2,2,2,2,2,2,2,2,2,20150122,1,10,1,3,,1,,1,1,0,23,3,1,6,1,4,4,2,3,3,721,70+
3063,,,,1,1,2,2,1,2,2,2,2,2,2,20141024,10,8,2,3,,2,,2,1,2,34,3,1,2,2,2,1,1,2,3,869,
3064,,,,1,2,2,2,1,2,2,2,2,2,2,20141023,10,10,2,3,,2,,2,1,1,34,3,1,3,,2,1,2,3,3,746,
3065,,,,2,2,2,2,2,2,2,2,2,2,2,20141031,10,4,1,3,,3,1,3,1,3,34,3,1,,3,3,4,1,2,3,401,
3066,,,,1,2,2,2,1,2,2,2,1,2,2,20141024,10,8,2,3,,2,,2,1,2,23,3,1,4,,5,2,3,4,3,1417,
3067,1,1,1,2,2,2,2,2,2,2,2,2,2,2,20150130,1,10,2,3,,1,,1,1,1,34,3,1,2,1,2,3,1,2,3,373,
3068,,,,1,2,2,2,1,2,2,2,2,2,2,20141030,10,4,1,1,5,2,,6,1,2,34,3,1,,3,3,5,1,5,,1882,
3069,,,,2,2,2,2,2,2,2,1,2,2,2,20141027,10,1,2,1,2,2,2,4,1,2,34,3,1,,2,,,,,1,696,
3070,,,,1,2,2,2,1,2,2,2,2,2,2,20141026,10,1,1,1,2,2,2,4,1,2,34,3,1,,4,1,,,,1,606,
3071,1,2,1,2,2,2,2,2,2,2,2,2,2,2,20141129,11,4,2,2,1,3,2,4,2,3,20,3,1,,3,2,1,1,2,3,1270,70+
3072,,,,2,2,2,2,2,2,2,2,2,2,2,20141103,11,2,1,1,3,3,3,6,1,2,34,3,1,,1,1,1,3,5,1,909,
3073,,,,2,2,2,2,2,2,2,2,2,2,2,20150110,1,2,1,1,3,2,,5,2,1,34,3,1,,1,1,1,3,5,1,757,
3074,,,,2,2,2,2,2,2,2,2,2,2,2,20150117,1,2,1,1,1,2,,3,1,2,20,3,1,,3,1,1,2,5,1,538,
3075,,,,1,1,2,1,1,2,2,2,2,2,2,20141027,10,3,1,1,4,3,,6,2,3,23,3,1,,4,1,1,1,5,1,814,
3076,1,1,1,2,2,2,2,2,2,2,2,2,2,2,20150120,1,10,2,3,,1,,1,1,1,34,3,1,4,2,3,1,3,4,3,373,"Pas d’âge, santé implicite"
3077,,,,2,2,2,2,2,2,2,2,2,2,2,20150127,1,3,2,1,3,2,,5,1,2,34,3,1,,4,1,1,1,5,1,827,
3078,,,,1,1,1,1,1,2,2,2,2,2,2,20150129,1,2,1,1,1,2,,3,1,2,34,3,1,,4,1,1,3,5,1,454,
3079,1,2,1,2,2,2,2,2,2,2,2,1,2,2,20150219,2,8,1,3,,2,,2,1,2,34,3,1,6,4,5,5,3,4,3,1684,"Vieux, pas d'âge défini"
3080,1,1,1,2,2,2,2,2,2,2,2,2,2,2,20150121,1,7,2,3,,3,1,3,1,3,20,3,1,2,4,5,2,3,4,3,950,75+
3081,1,1,1,2,2,2,2,2,2,2,2,2,2,2,20150123,1,10,1,3,,2,,2,1,1,34,3,1,1,1,4,4,2,3,3,902,70+
3082,,,,2,2,2,2,2,2,2,2,2,2,2,20150127,1,3,2,1,2,2,,4,1,2,20,3,1,,4,1,1,1,5,1,1007,
3083,1,2,1,1,2,2,2,1,2,2,2,2,2,2,20150122,1,9,1,3,,1,,1,1,1,34,3,1,2,2,4,5,2,3,3,451,Ne sais pas
3084,1,2,1,2,2,2,2,2,2,2,2,2,2,2,20150113,1,9,2,3,,1,,1,1,1,20,3,1,7,2,2,2,1,2,3,618,65+
3085,,,,1,2,2,2,2,2,2,2,2,2,2,20150126,1,1,1,1,2,2,,4,1,2,34,3,1,,4,1,1,3,5,1,606,
3086,,,,1,2,2,2,2,2,2,2,1,2,2,20141115,11,2,2,1,3,2,,5,1,2,34,3,1,,4,1,1,1,5,1,869,
3087,1,1,1,2,2,2,2,2,2,2,2,2,2,2,20141114,11,7,2,2,1,2,1,3,1,3,34,3,1,4,2,2,4,1,2,3,2740,70+
3088,,,,1,2,2,2,2,2,1,2,1,2,2,20141127,11,4,2,1,5,2,,6,1,3,34,3,1,,4,2,4,1,5,,993,
3089,,,,1,2,2,2,2,2,2,2,2,2,2,20141129,11,4,1,1,2,2,,4,1,2,23,3,1,,3,2,5,1,5,,776,
3090,,,,1,2,2,2,1,2,2,2,2,2,2,20141113,11,7,1,3,,2,,2,1,2,20,3,1,2,4,4,5,1,2,3,1308,
3091,,,,2,2,2,2,2,2,2,2,2,2,2,20141110,11,9,2,3,,2,,2,1,2,23,3,1,2,2,5,3,3,4,3,289,
3092,,,,1,2,2,2,2,2,2,2,2,2,2,20141113,11,3,2,1,3,2,,5,1,3,23,3,1,,4,2,4,1,5,1,891,
3093,1,1,1,2,2,2,2,2,2,2,2,2,2,2,20141117,11,10,2,3,,1,,1,1,0,34,3,1,2,1,2,1,2,3,3,746,80+
3094,1,2,1,1,1,2,2,2,2,2,2,2,2,2,20141115,11,9,1,3,,1,1,1,1,1,23,3,1,6,,2,2,1,2,3,361,"Pas d’âge, santé implicite"
3095,,,,2,2,2,2,2,2,2,2,2,2,2,20141113,11,10,2,3,,1,,1,1,0,23,3,1,4,1,2,1,2,3,3,433,
3096,1,1,1,1,2,2,2,2,2,2,2,2,2,2,20141115,11,10,1,3,,2,,2,1,2,34,3,1,1,4,4,5,2,3,3,601,"Vieux, pas d'âge défini"
3097,,,,1,1,2,2,1,2,1,2,1,2,2,20141126,11,3,2,1,1,2,,3,1,3,34,3,1,,3,1,2,1,5,1,372,
3098,1,2,,2,2,2,2,2,2,2,2,2,2,2,20141115,11,8,1,3,,2,,2,1,1,34,3,1,2,,5,4,3,4,3,2526,70+
3099,,,,1,2,2,2,1,2,2,2,2,1,1,20141129,11,1,2,1,2,2,2,4,1,2,20,3,1,,3,1,1,4,5,1,519,
3100,1,1,2,2,2,2,2,2,2,2,2,2,2,2,20141117,11,7,2,3,,1,,2,1,2,20,3,1,4,,3,1,2,3,3,1056,75+
3101,,,,1,2,2,2,2,2,2,2,2,2,2,20150107,1,2,2,1,1,2,,3,1,2,20,3,1,,4,1,1,1,5,1,389,
3102,,,,1,2,2,1,1,2,2,2,2,2,2,20141130,11,3,1,1,2,2,,4,1,2,34,3,1,,4,1,1,1,5,1,836,
3103,1,2,1,2,2,2,2,2,2,2,2,2,2,2,20141115,11,8,1,3,,2,,2,1,2,23,3,1,6,4,5,4,3,4,3,2009,Pensionnés/Âge de la retraite
3104,1,1,1,1,2,2,2,2,2,2,2,1,2,2,20141117,11,9,2,3,,3,,3,1,2,34,3,1,4,4,5,3,3,4,3,746,80+
3105,,,,2,2,2,2,2,2,2,2,2,2,2,20141114,11,4,1,1,3,3,2,6,2,1,34,3,1,,2,2,5,1,5,,941,
3106,,,,1,2,2,2,1,2,2,2,2,2,2,20150106,1,2,2,1,3,2,,5,1,2,20,3,1,,4,1,1,1,5,1,648,
3107,1,2,1,1,2,2,2,1,2,2,2,2,2,2,20141112,11,9,2,3,,1,1,1,1,1,34,3,1,1,1,2,2,1,2,3,373,70+
3108,1,1,1,1,2,2,2,1,2,2,2,2,2,2,20141117,11,9,2,3,,1,,1,1,0,20,3,1,4,1,5,3,3,4,3,1236,
3109,,,,1,1,2,1,1,2,2,2,2,2,2,20141229,12,4,2,1,1,3,1,5,1,3,23,3,1,,4,3,3,2,5,,713,
3110,1,2,1,2,2,2,2,2,2,2,2,2,2,2,20141116,11,7,2,3,,2,,2,1,2,34,3,1,5,3,3,1,2,3,3,869,70+
3111,1,1,1,2,2,2,2,2,2,2,2,2,2,2,20141116,11,10,2,3,,1,,1,2,0,34,3,1,1,1,3,2,2,3,3,373,70+
3112,,,,1,2,2,2,1,2,2,2,2,2,2,20141118,11,3,2,1,2,3,,5,1,3,20,3,1,,4,1,1,2,5,1,944,
3113,,,,,2,2,2,1,2,2,2,2,2,2,20141118,11,2,,1,1,3,2,4,1,3,34,3,1,,2,1,1,1,5,1,1228,
3114,1,2,1,2,2,2,2,2,2,2,2,2,2,2,20141118,11,10,1,3,,1,,1,1,0,34,3,1,1,1,3,5,1,2,3,902,
3115,,,,2,2,2,2,2,2,2,2,2,2,2,20141118,11,1,2,1,2,2,,4,1,2,23,3,1,,4,1,,,,1,446,
3116,,,,2,2,2,2,2,2,,2,,2,2,20141119,11,1,1,1,3,2,,5,1,2,23,3,1,,4,1,,,,1,715,
3117,1,2,2,2,2,2,2,2,2,2,2,2,2,2,20141118,11,10,2,3,,1,,1,1,1,34,3,1,1,1,2,2,1,2,3,373,"Pas d’âge, santé implicite"
3118,1,2,1,1,2,2,2,1,2,2,2,2,2,2,20141118,11,8,2,3,,1,,1,1,1,20,3,1,3,4,1,1,1,2,3,792,60+
3119,,,,1,2,2,1,1,2,2,2,1,1,2,20141123,11,2,2,1,2,2,,4,1,0,34,3,1,,,1,1,2,5,1,2087,
3120,2,2,1,2,2,2,2,2,2,2,2,2,2,2,20141119,11,9,2,3,,1,,1,1,1,34,3,1,2,1,4,1,3,4,3,373,
3121,,,,1,1,2,2,2,2,2,2,2,2,2,20141120,11,1,2,1,2,2,2,4,1,2,23,3,1,,4,1,,,,1,446,
3122,,,,2,2,2,2,1,2,2,2,2,2,2,20141122,11,2,2,1,3,2,,5,1,2,34,3,1,,4,1,,,,1,869,
3123,,,,2,2,2,2,2,2,2,2,2,2,2,20141110,11,7,2,3,,2,,2,1,1,34,3,1,2,4,3,5,1,2,3,1303,
3124,1,1,1,1,1,2,2,1,2,2,2,2,2,2,20141118,11,9,2,3,,1,,1,1,1,23,3,1,6,,3,2,2,3,3,217,60+
3125,1,1,1,1,2,2,1,2,2,2,2,2,2,2,20141119,11,7,2,3,,2,,2,1,2,34,3,1,4,4,4,3,2,3,3,869,65+
3126,,,,1,2,2,2,2,2,2,2,2,2,2,20141125,11,2,1,1,5,2,,6,1,3,23,3,1,,4,1,1,1,5,1,601,
3127,1,1,2,2,2,2,2,2,2,2,2,2,2,2,20141118,11,7,1,3,,1,,1,1,0,34,3,1,1,2,5,4,2,3,3,2526,70+
3128,1,1,1,2,2,2,2,2,2,2,2,2,2,2,20141119,11,10,1,3,,2,,2,1,1,23,3,1,1,1,3,5,1,2,3,721,60+
3129,,,,2,2,2,2,2,2,2,2,2,2,2,20141110,11,9,2,3,,2,,2,1,2,34,3,1,4,2,3,3,2,3,3,498,
3130,1,1,2,2,2,2,2,2,2,2,2,2,2,2,20141115,11,9,1,3,,2,,2,1,2,34,3,1,1,,5,5,2,3,3,601,75+
3131,,,,1,2,2,2,2,2,2,2,1,2,2,20141112,11,8,2,3,,2,2,2,1,2,34,3,1,,,5,1,3,4,3,869,
3132,2,1,1,1,2,1,2,1,2,1,2,1,2,2,20141116,11,8,1,3,,2,,2,1,2,34,3,1,5,2,4,4,2,3,3,1684,
3133,1,1,1,2,2,2,2,2,2,2,2,2,2,2,20141117,11,9,2,3,,2,,2,1,2,34,3,1,7,,4,2,3,4,3,498,80+
3134,1,1,1,2,2,2,2,2,2,2,2,1,2,2,20141117,11,9,2,3,,1,,1,1,1,23,3,1,2,,2,2,1,2,3,217,60+
3135,1,2,1,1,2,2,2,2,2,,2,2,2,1,20141115,11,7,2,3,,3,1,3,1,3,23,3,1,2,4,3,1,2,3,3,1594,80+
3136,,,,1,2,2,2,1,2,1,2,1,2,2,20141127,11,2,2,1,1,2,,3,1,2,34,3,1,,4,1,1,1,5,1,522,
3137,3,,,1,1,2,1,1,2,2,2,2,2,2,20141114,11,8,1,3,,2,,2,1,2,34,3,1,5,3,4,3,3,4,3,1684,
3138,,,,2,2,2,2,2,2,2,2,2,2,2,20141115,11,2,1,1,4,2,2,6,1,2,34,3,1,,2,1,1,3,5,1,909,
3139,1,2,1,1,2,2,2,2,2,2,2,2,2,2,20150123,1,7,2,3,,2,,2,1,2,34,3,1,5,2,5,2,3,4,3,869,75+
3140,,,,2,2,2,2,2,2,2,2,2,2,2,20150125,1,1,2,1,2,2,,4,1,2,34,3,1,,4,1,,,,1,696,
3141,1,2,1,1,2,2,2,1,2,2,2,2,2,2,20150117,1,9,2,3,,2,,2,1,2,34,3,1,7,4,2,1,2,3,3,498,65+
3142,,,,1,2,2,2,1,2,2,2,2,2,2,20141124,11,2,2,1,2,2,,4,1,2,20,3,1,,4,1,1,3,5,1,519,
3143,1,1,1,2,2,2,2,2,2,2,2,2,2,2,20141120,11,4,1,3,,3,2,3,1,1,23,3,1,,1,3,4,1,2,3,666,65+
3144,2,2,2,1,2,2,1,1,2,2,2,2,2,2,20141121,11,4,1,2,2,2,2,4,1,3,34,3,1,,4,2,5,1,5,,1198,
3145,1,1,1,2,2,2,2,2,2,2,2,2,2,2,20141119,11,10,2,3,,1,,1,1,1,23,3,1,6,,2,1,1,2,3,217,55+
3146,,,,2,2,2,2,2,2,2,2,2,2,2,20141126,11,1,1,1,1,2,,3,1,2,23,3,1,,4,1,1,4,5,1,429,
3147,1,2,,2,2,2,2,2,2,2,2,2,2,2,20141201,12,4,1,2,3,3,1,6,1,2,34,3,1,,,5,5,2,3,3,2995,
3148,1,1,1,1,1,2,1,1,2,2,2,2,2,2,20141118,11,5,2,2,1,2,,3,1,1,20,3,1,7,4,2,1,1,2,3,9534,65+
3149,1,1,2,1,2,2,2,2,2,2,2,2,2,2,20141121,11,4,2,3,,3,3,3,1,3,20,3,1,,,2,2,1,2,3,415,
3150,1,,1,1,2,2,2,2,2,1,2,1,2,2,20150219,2,9,1,3,,2,,2,1,1,34,3,1,2,2,5,4,3,4,3,902,
3151,1,1,1,1,2,2,2,1,2,2,2,2,2,2,20150112,1,9,1,3,,1,,,1,2,34,3,1,3,,4,5,1,2,3,902,80+
3152,3,,,1,1,2,2,2,2,2,2,2,2,2,20150115,1,7,2,3,,1,,1,1,0,23,3,1,6,1,4,4,2,3,3,2125,
3153,,,,2,2,2,2,2,2,2,2,2,2,2,20150127,1,3,2,1,2,2,,4,1,2,20,3,1,,,,1,,,1,1007,
3154,,,,1,2,2,1,1,2,1,2,1,2,1,20150129,1,4,1,1,1,2,,3,1,3,34,3,1,,4,1,3,1,5,,471,
3155,1,1,1,2,2,2,2,2,2,2,2,2,2,2,20150117,1,9,2,3,,1,,1,1,1,20,3,1,3,1,2,2,1,2,3,618,75+
3156,1,,1,2,2,2,2,2,2,2,2,2,2,2,20150123,1,10,2,3,,1,,1,1,0,34,3,1,1,1,5,1,3,4,3,746,65+
3157,,,,1,2,2,2,2,2,2,2,2,2,2,20150114,1,1,2,1,3,2,,5,1,2,23,3,1,,3,1,,,,1,558,
3158,1,2,2,1,2,2,2,1,2,2,2,2,2,2,20150113,1,8,1,3,,1,,1,1,1,34,3,1,5,2,5,4,3,4,3,1263,65+
3159,1,1,1,2,2,2,2,2,2,2,2,2,2,1,20150121,1,5,2,3,,2,,2,1,2,34,3,1,2,3,2,1,1,2,3,869,60+
3160,,,,2,2,2,2,2,2,2,2,2,2,2,20141014,10,8,1,3,,3,2,6,1,1,34,3,1,5,4,5,5,1,2,3,7579,
3161,1,2,1,1,1,2,2,1,2,2,2,2,2,2,20150113,1,8,1,3,,3,1,3,1,3,20,3,1,2,4,5,5,3,4,3,1471,70+
3162,,,,1,2,2,2,2,2,2,2,1,2,2,20150201,2,2,1,1,2,3,2,6,1,1,34,3,1,,,1,1,2,5,1,1363,
3163,,,,1,2,2,2,1,2,2,2,2,2,2,20141211,12,3,2,1,2,2,,4,1,2,34,3,1,,4,1,1,1,5,1,662,
3164,1,1,1,2,2,2,2,2,2,2,2,2,2,2,20141211,12,9,1,3,,1,,1,1,0,34,3,1,7,,4,4,2,3,3,902,80+
3165,1,2,1,2,2,2,2,2,2,2,2,2,2,2,20150105,1,5,1,2,2,2,,4,1,1,34,3,1,3,4,5,5,2,3,3,14167,60+
3166,1,1,1,2,2,2,2,2,2,2,2,2,2,1,20141211,12,8,2,3,,1,,1,1,0,23,3,1,5,1,2,1,1,2,3,2125,75+
3167,,,,1,2,2,2,1,2,2,2,2,2,2,20141211,12,3,2,1,2,2,,4,1,2,34,3,1,,3,1,1,1,5,1,662,
3168,1,2,1,2,2,2,2,2,2,2,2,2,2,2,20141210,12,8,2,3,,2,2,2,1,2,34,3,1,7,4,5,5,3,4,3,869,
3169,1,2,1,2,2,2,2,2,2,2,2,2,2,2,20141211,12,10,1,3,,2,,2,1,1,20,3,1,4,3,4,4,1,2,3,740,80+
3170,2,2,1,1,1,2,2,1,2,2,2,2,2,2,20141211,12,9,2,3,,2,2,2,1,0,34,3,1,4,1,2,2,1,2,3,1493,
3171,1,2,1,2,2,2,2,2,2,2,2,2,2,2,20141211,12,8,1,3,,1,,1,2,1,23,3,1,2,3,4,4,2,3,3,753,70+
3172,1,1,1,1,2,2,2,2,2,1,2,1,2,2,20141211,12,7,1,3,,2,,2,1,2,34,3,1,2,4,4,5,1,2,3,1684,65+
3173,,,,2,2,2,2,2,2,2,2,2,2,2,20141211,12,3,1,1,2,2,,4,1,2,23,3,1,,4,,2,,,1,776,
3174,,,,1,1,1,2,1,2,2,2,2,2,2,20141210,12,3,2,1,2,3,,5,1,3,34,3,1,,3,1,3,1,5,1,621,
3175,3,1,1,2,2,2,2,2,2,2,2,2,2,2,20141210,12,10,1,3,,2,,2,1,1,34,3,1,1,2,5,5,3,4,3,902,60+
3176,1,1,1,2,2,2,2,2,2,2,2,2,2,2,20150123,1,10,2,3,,1,,1,1,1,20,3,1,2,4,3,2,2,3,3,618,80+
3177,3,1,1,2,2,2,2,2,2,2,2,2,2,2,20141211,12,10,2,3,,1,,1,1,0,34,3,1,1,1,2,2,1,2,3,746,80+
3178,1,2,1,2,2,2,2,2,2,2,2,2,2,2,20141210,12,8,1,3,,2,,2,1,2,34,3,1,,,5,5,2,3,3,1684,"Vieux, pas d'âge défini"
3179,,,,1,1,2,2,1,2,2,2,2,2,2,20141211,12,3,2,1,2,2,1,5,1,3,23,3,1,,,1,1,1,5,1,891,
3180,1,2,1,1,2,2,2,2,2,2,2,2,2,2,20141211,12,8,2,3,,2,,2,1,1,34,3,1,4,4,5,3,3,4,3,1303,"Pas d’âge, santé implicite"
3181,1,1,1,2,2,2,2,2,2,2,2,2,2,2,20150314,3,8,2,3,,2,,2,1,2,23,3,1,6,4,2,2,1,2,3,1417,75+
3182,1,2,1,2,2,2,2,2,2,2,2,2,2,2,20141211,12,7,1,2,1,3,2,5,1,3,23,3,1,2,3,4,3,2,3,3,9203,70+
3183,,,,1,2,2,2,2,2,2,2,2,2,2,20141212,12,3,2,1,2,2,,4,1,3,20,3,1,,4,1,1,1,5,1,755,
3184,1,1,2,2,2,2,2,2,2,2,2,2,2,2,20141211,12,8,1,3,,1,,1,1,2,20,3,1,7,3,2,3,1,2,3,654,"Pas d’âge, santé implicite"
3185,1,2,1,1,2,2,1,1,2,2,2,2,2,2,20141210,12,9,2,3,,2,,2,1,1,23,3,1,6,4,2,2,1,2,3,433,75+
3186,1,1,1,2,2,2,2,2,2,2,2,2,2,2,20141211,12,10,2,3,,1,,1,1,1,23,3,1,5,1,2,1,2,3,3,217,"Pas d’âge, santé implicite"
3187,,,,2,2,2,2,2,2,2,2,2,2,2,20150105,1,2,1,1,2,2,,4,1,1,20,3,1,,4,1,1,1,5,1,1075,
3188,,,,1,2,2,2,1,2,2,2,2,2,2,20150106,1,2,1,1,3,2,,5,1,2,34,3,1,,4,1,1,1,5,1,757,
3189,1,2,1,2,2,2,2,2,2,2,2,2,2,2,20141211,12,4,1,3,,3,1,3,1,1,34,3,1,,,2,3,1,2,3,801,80+
3190,,,,1,1,2,2,2,2,2,2,2,2,2,20141211,12,9,1,3,,3,1,3,1,2,23,3,1,1,2,2,4,1,2,2,721,
3191,,,,2,2,2,2,2,2,2,2,2,2,1,20141212,12,2,2,1,3,3,1,6,1,3,34,3,1,,4,1,1,3,5,1,626,
3192,1,2,1,2,2,2,2,2,2,2,2,2,2,2,20141211,12,10,2,3,,1,,1,1,0,34,3,1,1,1,3,1,3,4,3,746,Mon âge
3193,,,,1,2,2,2,2,2,2,2,2,2,2,20141212,12,4,2,3,,3,3,3,1,3,23,3,1,,4,3,3,2,3,2,408,
3194,1,1,1,1,2,2,2,1,2,2,2,2,2,2,20141211,12,7,2,2,1,3,2,4,1,3,20,3,1,2,3,1,1,1,2,3,5085,80+
3195,,,,1,2,2,1,1,2,2,2,2,2,2,20141213,12,3,2,1,1,3,2,5,1,3,23,3,1,,4,2,3,1,5,1,509,
3196,1,1,1,1,2,2,2,2,2,2,2,2,2,2,20141211,12,7,2,3,,2,,2,1,1,34,3,1,5,1,5,2,3,4,3,1303,70+
3197,1,2,1,1,2,2,1,1,2,2,2,2,2,2,20141210,12,7,1,3,,2,,2,2,2,20,3,1,2,,5,5,2,3,3,981,65+
3198,1,2,1,2,2,2,2,2,2,2,2,2,2,2,20141211,12,8,1,3,,1,,1,1,1,34,3,1,3,1,4,4,2,3,3,1263,65+
3199,,,,1,2,2,1,1,2,2,2,2,2,2,20141023,10,3,2,1,1,2,,3,1,3,34,3,1,,4,1,1,1,5,1,372,
3200,,,,2,2,2,2,2,2,2,2,2,2,2,20141211,12,9,1,3,,2,,2,2,1,23,3,1,7,2,5,5,2,3,2,288,
3201,,,,1,2,2,2,2,2,2,2,2,2,2,20150107,1,2,1,1,4,2,,6,1,3,34,3,1,,4,1,,,,1,545,
3202,1,1,2,2,2,2,2,1,2,2,2,2,2,2,20141211,12,6,2,3,,2,1,3,2,3,34,3,1,3,2,3,3,1,2,3,651,70+
3203,1,1,1,2,2,2,2,2,2,2,2,2,2,2,20141211,12,9,1,3,,2,,2,1,2,23,3,1,4,,4,5,1,2,3,481,55+
3204,1,1,1,1,2,2,2,2,2,1,2,2,2,2,20141211,12,9,1,3,,2,,2,1,2,34,3,1,3,1,5,5,3,4,3,601,Mon âge
3205,1,1,2,1,2,2,2,1,2,2,2,2,2,2,20150123,1,6,2,3,,2,,2,1,1,34,3,1,4,3,5,3,3,4,3,1303,"Pas d’âge, santé implicite"
3206,,,,2,2,2,2,2,2,2,2,2,2,2,20141213,12,2,1,1,1,2,1,3,1,2,23,3,1,,3,1,1,1,5,1,429,
3207,,,,1,2,2,2,2,2,2,2,2,2,2,20150127,1,1,2,1,1,3,,3,1,1,23,3,1,,2,1,1,4,5,1,502,
3208,,,,2,2,2,2,2,2,2,2,2,2,2,20141212,12,1,1,1,2,2,,4,1,2,34,3,1,,3,1,1,1,5,1,606,
3209,1,2,1,1,2,,,,,,2,2,2,2,20141211,12,9,2,3,,2,2,2,1,2,34,3,1,3,,3,3,2,3,3,498,65+
3210,1,1,1,2,2,2,2,2,2,2,2,2,2,2,20141211,12,9,2,3,,1,,1,2,1,23,3,1,4,1,2,1,1,2,3,145,65+
3211,1,2,2,2,2,2,2,2,2,2,2,2,2,2,20141211,12,8,1,3,,2,2,2,1,1,23,3,1,5,3,5,4,2,3,3,3013,70+
3212,1,1,1,1,2,2,2,1,2,2,2,2,2,2,20141210,12,9,1,3,,1,1,1,1,0,34,3,1,5,2,5,4,3,4,3,902,65+
3213,1,2,1,1,1,2,2,1,2,2,2,2,2,2,20141211,12,8,2,3,,2,,2,1,2,34,3,1,6,3,3,4,1,2,3,869,"Pas d’âge, santé implicite"
3214,1,1,1,2,2,2,2,2,2,2,2,2,2,2,20141211,12,8,2,3,,2,2,2,1,2,20,3,1,4,4,2,3,1,2,3,1056,70+
3215,1,2,1,2,2,2,2,2,2,2,2,2,2,2,20150102,1,4,2,3,,3,1,3,2,3,23,3,1,,3,1,1,1,2,3,327,70+
3216,1,2,1,2,2,2,2,2,2,2,2,2,2,2,20141210,12,8,1,3,,2,2,2,1,2,34,3,1,4,1,5,5,3,4,3,1684,Pensionnés/Âge de la retraite
3217,,,,1,2,2,2,2,2,2,2,2,2,2,20141214,12,4,2,1,3,2,2,5,1,1,20,3,1,,,1,1,1,5,,1888,
3218,,,,1,2,2,2,2,2,2,2,2,2,2,20141211,12,3,1,1,2,2,2,4,1,2,23,3,1,,1,1,1,1,5,1,776,
3219,3,2,2,2,2,2,2,2,2,2,2,2,2,2,20141211,12,9,2,3,,2,,2,1,1,34,3,1,1,2,4,3,2,3,3,746,
3220,,,,2,2,2,2,2,2,2,2,2,2,2,20141101,11,1,1,1,2,2,,4,1,2,34,3,1,,4,1,1,2,5,1,606,
3221,1,2,1,2,2,2,2,2,2,2,2,2,2,2,20141210,12,7,1,3,,1,,1,1,1,34,3,1,1,1,5,5,2,3,3,1263,70+
3222,,,,1,1,2,1,1,2,2,2,2,2,2,20141212,12,3,1,1,3,2,,5,1,3,23,3,1,,4,2,1,3,5,1,485,
3223,,,,1,2,2,2,2,2,2,2,2,2,2,20141025,10,5,2,3,,2,,2,0,3,20,3,1,4,4,2,3,1,2,3,1056,
3224,1,1,1,2,2,2,2,2,2,2,2,2,2,2,20141211,12,9,2,3,,1,,1,1,1,34,3,1,4,1,2,2,1,2,3,373,"Pas d’âge, santé implicite"
3225,1,2,1,2,2,2,2,2,2,2,2,2,2,2,20141211,12,8,1,3,,3,3,3,1,3,23,3,1,1,3,4,2,3,4,3,2260,70+
3226,,,,2,2,2,2,2,2,1,2,1,2,2,20141215,12,4,2,1,3,2,2,5,1,3,34,3,1,,,3,2,2,5,,621,
3227,,,,2,2,2,2,2,2,2,2,2,2,2,20150107,1,2,1,1,3,2,,5,1,0,20,3,1,,2,1,1,1,5,1,2688,
3228,1,1,1,1,2,2,2,2,2,2,2,2,2,2,20150119,1,7,1,3,,2,,2,1,2,20,3,1,2,3,4,4,2,3,3,1308,70+
3229,,,,1,2,2,2,1,2,2,2,1,2,2,20150105,1,1,2,1,3,2,,5,1,2,34,3,1,,4,1,1,4,5,1,869,
3230,2,1,1,1,2,2,2,2,1,2,2,2,2,2,20141211,12,8,2,2,2,1,,2,1,1,23,3,1,2,2,2,2,1,2,3,6491,70+
3231,3,2,1,2,2,2,2,2,2,2,2,2,2,2,20141210,12,10,2,3,,1,,1,1,1,34,3,1,1,1,1,2,1,1,3,373,
3232,,,,1,2,2,2,1,2,2,2,2,2,2,20150128,1,3,2,1,1,2,,3,1,3,34,3,1,,4,3,3,2,5,1,372,
3233,,,,1,2,2,1,1,2,2,2,2,2,2,20141214,12,2,1,1,2,2,2,4,1,2,34,3,1,,,1,1,2,5,1,606,
3234,,,,2,2,2,2,2,2,2,2,2,2,2,20141214,12,1,2,1,2,2,,4,1,2,34,3,1,,4,1,1,4,5,1,696,
3235,1,1,1,2,2,2,2,2,2,2,2,2,2,2,20141211,12,9,2,3,,1,,1,1,1,34,3,1,6,2,3,2,2,3,3,373,"Pas d’âge, santé implicite"
3236,,,,2,2,2,2,2,2,2,2,2,2,2,20150128,1,4,1,1,1,3,1,5,1,3,34,3,1,,4,4,4,1,5,,523,
3237,1,1,2,2,2,2,2,2,2,2,2,2,2,2,20150113,1,7,1,3,,1,,1,1,0,20,3,1,5,2,5,5,2,3,3,1961,65+
3238,1,1,1,2,2,2,2,2,2,2,2,2,2,2,20150115,1,8,2,3,,2,,2,1,2,34,3,1,4,4,2,2,1,2,3,869,75+
3239,1,2,1,1,2,2,2,1,2,2,2,2,2,2,20150114,1,10,1,3,,2,,2,1,1,20,3,1,5,3,2,4,1,2,3,740,80+
3240,1,2,1,2,2,2,2,2,2,2,2,2,2,2,20150123,1,9,2,3,,2,2,2,2,2,23,3,1,2,2,5,2,3,4,3,217,80+
3241,1,1,1,2,2,2,2,2,2,2,2,2,2,2,20150117,1,9,2,3,,2,,2,1,1,34,3,1,3,4,2,1,1,2,3,746,"Pas d’âge, santé implicite"
3242,1,2,1,1,1,1,2,2,2,2,2,2,2,2,20150111,1,8,2,3,,1,,1,1,1,20,3,1,4,3,4,1,3,4,3,792,
3243,1,1,1,1,1,2,2,2,2,2,2,2,2,2,20150123,1,8,2,3,,3,1,3,,,20,3,1,,,4,3,2,3,3,1584,60+
3244,,,,1,2,2,1,1,2,1,2,1,2,2,20150127,1,1,1,1,2,2,,4,1,2,34,3,1,,4,1,1,1,5,1,606,
3245,,,,2,2,2,2,2,2,2,2,2,2,2,20150129,1,3,2,1,2,2,,4,1,1,34,3,1,,2,1,1,1,5,1,993,
3246,,,,2,2,2,2,2,2,2,2,2,2,2,20150223,2,1,2,1,2,2,2,4,1,2,20,3,1,,3,1,1,2,5,1,519,
3247,3,,2,2,2,2,2,2,2,2,2,2,2,2,20150219,2,10,2,3,,1,,1,1,0,23,3,1,1,1,3,1,2,3,3,433,
3248,,,,2,2,2,2,2,2,2,2,2,2,2,20150219,2,10,1,3,,2,,2,1,0,23,3,1,1,2,3,4,1,2,2,1442,
3249,,,,2,2,2,2,2,2,2,2,2,2,2,20150125,1,2,2,1,3,2,2,5,1,2,34,3,1,,4,1,1,1,5,1,869,
3250,,,,1,2,2,2,2,2,2,2,2,2,2,20150124,1,1,2,1,2,2,,4,1,2,20,3,1,,2,1,1,4,5,1,519,
3251,,,,1,2,2,2,1,2,2,2,2,2,2,20150124,1,4,2,1,2,2,2,4,1,3,23,3,1,,4,2,3,1,5,,713,
3252,,,,2,2,2,2,2,2,2,2,2,2,2,20150123,1,2,2,1,2,2,,4,1,2,23,3,1,,4,1,,,,1,446,
3253,1,1,1,1,2,2,1,2,2,2,2,2,2,2,20150116,1,6,2,2,1,2,,3,1,3,34,3,1,4,4,4,4,2,3,3,2740,75+
3254,1,1,1,2,2,2,2,2,2,2,2,2,2,2,20150115,1,10,2,3,,1,,1,1,1,23,3,1,4,1,1,1,1,2,3,217,70+
3255,1,,1,1,2,2,2,2,2,2,2,1,1,2,20150219,2,9,1,3,,2,,2,1,2,34,3,1,3,4,3,4,1,2,3,601,65+
3256,,,,2,2,2,2,2,2,2,2,2,2,2,20140816,8,10,2,3,,1,,1,1,0,34,3,1,1,,3,1,3,4,3,746,
3257,,,,1,1,2,2,1,2,2,2,2,2,2,20140826,8,2,2,1,5,3,1,6,2,3,23,3,1,,3,1,1,2,5,1,335,
3258,1,2,1,2,2,2,2,2,2,2,2,2,2,2,20150219,2,10,2,3,,2,,2,2,1,34,3,1,2,2,5,2,3,4,3,498,
3259,1,,1,2,2,2,2,2,2,2,2,2,2,2,20150123,1,7,2,3,,1,1,1,1,1,23,3,1,5,3,5,3,3,4,3,1062,75+
3260,1,2,1,2,2,2,1,1,2,2,2,2,2,2,20150311,3,7,2,3,,3,2,3,1,2,34,3,1,2,2,2,1,2,3,3,1303,
3261,,,,2,2,2,2,2,2,2,2,2,2,2,20140815,8,9,1,3,,1,,1,1,1,20,3,1,1,2,5,5,3,4,3,370,
3262,,,,1,2,2,2,1,2,2,2,2,2,2,20150129,1,2,1,1,3,3,3,6,1,3,34,3,1,,4,1,1,3,5,1,681,
3263,,,,1,2,2,2,2,2,2,2,2,2,2,20140818,8,9,2,3,,2,,2,1,2,34,3,1,7,4,1,1,1,2,3,498,
3264,,,,2,2,2,2,2,2,2,2,2,2,2,20140812,8,10,1,3,,2,,2,2,0,34,3,1,1,1,4,4,2,3,2,902,
3265,,,,1,2,2,2,1,2,2,2,2,2,2,20140828,8,4,1,1,4,1,1,5,2,2,34,3,1,,,2,3,1,5,,627,
3266,,,,1,2,2,1,1,2,2,2,2,2,2,20150323,3,3,2,1,3,1,1,4,1,3,34,3,1,,2,1,1,3,5,1,496,
3267,3,1,2,1,1,2,2,1,2,2,2,2,2,2,20150121,1,9,1,3,,1,,1,1,0,23,3,1,2,4,5,5,3,4,3,721,
3268,1,1,,2,2,2,2,2,2,2,2,2,2,2,20150321,3,8,1,3,,1,,1,1,1,34,3,1,1,,3,3,1,2,3,1263,
3269,1,1,1,1,2,2,2,2,2,2,2,2,2,2,20150123,1,7,2,3,,1,,1,1,1,23,3,1,7,3,4,2,3,4,3,1062,70+
3270,1,1,1,2,2,2,2,2,2,1,2,1,2,2,20150320,3,9,2,3,,2,,2,1,2,34,3,1,4,,4,3,2,3,3,498,75+
3271,1,1,1,2,2,2,2,2,2,2,2,2,2,2,20150314,3,10,2,3,,2,,2,1,1,23,3,1,3,2,2,1,1,2,3,433,"Pas d’âge, santé implicite"
3272,,,,2,2,2,2,2,2,2,2,2,2,2,20150111,1,3,1,1,1,3,1,4,2,3,34,3,1,,3,,,,,1,358,
3273,,,,1,2,2,2,2,2,2,2,2,2,2,20150203,2,3,2,1,4,2,,6,1,1,34,3,1,,1,3,1,3,5,1,1489,
3274,,,,1,2,2,2,2,2,1,2,2,2,2,20150129,1,2,1,1,4,2,2,6,0,3,34,3,1,,4,1,1,1,5,1,909,
3275,,,,2,2,2,2,2,2,2,2,2,2,2,20140815,8,10,2,3,,1,,1,1,0,23,3,1,1,1,4,3,3,4,3,433,
3276,,,,1,2,2,2,1,2,2,2,2,2,2,20140821,8,2,2,1,1,2,,3,1,2,34,3,1,,3,1,1,2,5,1,522,
3277,,,,1,2,1,2,1,2,2,2,2,2,2,20140828,8,3,1,1,2,2,,4,1,3,20,3,1,,3,1,1,1,5,1,437,
3278,,,,1,2,2,2,2,2,2,2,2,2,2,20150325,3,4,1,1,4,3,,6,2,3,34,3,1,,,3,5,1,5,,717,
3279,,,,1,2,1,2,2,2,2,2,2,2,2,20140816,8,1,2,1,1,2,,3,1,2,20,3,1,,4,1,,,,1,389,
3280,,,,2,2,2,2,2,2,2,2,2,2,2,20150330,3,4,2,1,1,2,,3,1,3,23,3,1,,3,2,3,1,5,,535,
3281,3,1,1,2,2,2,2,1,2,2,2,2,2,2,20150317,3,9,2,3,,1,,1,1,1,34,3,1,1,1,5,2,3,4,3,373,Ne sais pas
3282,,,,2,2,2,2,2,2,2,2,2,2,2,20140823,8,1,1,1,1,2,,3,1,0,34,3,1,,2,1,,,,1,1363,
3283,,,,2,2,2,2,2,2,2,2,2,2,2,20150325,3,4,2,1,2,3,1,5,1,3,20,3,1,,4,2,3,1,5,,755,
3284,1,1,1,1,2,2,2,1,2,2,2,2,2,2,20150314,3,8,2,3,,2,,2,1,1,34,3,1,4,2,5,3,3,4,3,1303,70+
3285,1,1,1,1,1,1,2,2,2,2,2,2,2,2,20150314,3,7,1,3,,1,,1,1,1,20,3,1,2,3,3,3,2,3,3,981,"Pas d’âge, santé implicite"
3286,,,,2,2,2,2,2,2,2,2,2,2,2,20140822,8,2,2,1,2,2,,4,1,0,23,3,1,,4,1,1,1,5,1,1339,
3287,,,,2,2,2,2,2,2,2,2,2,2,2,20140819,8,2,1,1,3,2,,5,1,2,34,3,1,,4,1,1,2,5,1,757,
3288,,,,2,2,2,2,2,2,2,2,2,2,2,20140814,8,8,1,3,,3,2,4,1,2,20,3,1,2,4,2,4,1,2,3,2615,
3289,1,,1,2,2,2,2,2,2,2,2,2,2,2,20150318,3,10,2,3,,2,,2,2,1,34,3,1,1,,4,3,2,3,3,373,80+
3290,,,,2,2,2,2,2,2,2,2,2,2,2,20141113,11,1,1,1,2,2,,4,1,2,20,3,1,,4,1,1,1,5,1,717,
3291,,,,1,2,2,1,1,2,2,1,2,2,2,20140815,8,5,2,3,,3,1,3,1,3,34,3,1,2,4,5,4,3,4,3,977,
3292,1,2,1,2,2,2,2,2,2,2,2,2,2,2,20150326,3,4,1,3,,3,2,4,1,0,20,3,1,,4,3,4,1,2,3,1602,70+
3293,,,,1,2,2,1,1,2,2,2,2,2,2,20150327,3,2,1,1,2,1,,3,1,1,23,3,1,,1,2,1,3,5,1,644,
3294,,,,2,2,2,2,2,2,2,2,2,2,2,20140819,8,1,1,1,2,2,2,4,1,2,20,3,1,,4,1,1,4,5,1,717,
3295,,,,2,2,2,2,2,2,2,2,2,2,2,20150327,3,3,2,1,4,2,2,6,1,2,20,3,1,,3,1,1,1,5,1,1510,
3296,1,1,1,1,2,2,2,1,2,1,2,1,1,2,20150319,3,7,2,3,,2,,2,1,2,34,3,1,6,4,3,4,1,2,3,869,65+
3297,,,,1,2,2,1,1,2,2,2,2,2,2,20150328,3,1,1,1,2,2,,4,1,2,34,3,1,,4,1,1,3,5,1,606,
3298,,,,2,2,2,2,2,2,2,2,2,2,2,20141118,11,3,,1,2,2,,4,1,3,23,3,1,,1,2,3,1,5,1,2141,
3299,,,,1,2,2,2,2,2,2,2,2,2,2,20140814,8,9,2,3,,1,,1,2,0,20,3,1,2,1,2,3,1,2,3,618,
3300,,,,2,2,2,2,2,2,2,2,2,2,2,20140815,8,10,1,3,,1,,1,1,0,23,3,1,7,4,2,2,1,2,3,721,
3301,,,,1,1,2,2,1,2,2,2,2,2,2,20150321,3,1,2,1,2,2,,4,1,2,34,3,1,,4,1,1,2,5,1,696,
3302,,,,1,2,2,2,2,2,2,2,2,2,2,20140812,8,9,1,3,,1,,1,1,0,34,3,1,2,1,2,3,1,2,3,902,
3303,,,,1,2,2,2,1,2,2,2,1,2,2,20140821,8,2,1,1,2,2,,4,1,2,34,3,1,,3,1,1,3,5,1,606,
3304,,,,1,2,2,2,2,1,2,2,2,2,2,20140813,8,7,1,2,2,2,,4,1,3,34,3,1,7,4,4,5,2,3,3,4722,
3305,,,,1,1,2,2,1,2,2,2,2,2,2,20140815,8,9,2,3,,2,,2,1,2,34,3,1,6,2,3,3,2,3,3,498,
3306,,,,2,2,2,2,2,2,2,2,2,2,2,20140813,8,6,1,3,,1,,1,1,0,34,3,1,2,1,,5,,,3,2526,
3307,,,,2,2,2,2,2,2,2,2,2,2,2,20140819,8,10,2,3,,1,,1,1,0,23,3,1,2,,2,1,1,2,3,433,
3308,,,,2,2,2,2,2,2,2,2,2,2,2,20140812,8,7,1,3,,3,1,3,1,3,20,3,1,6,4,5,5,2,3,3,1471,
3309,,,,1,2,2,2,2,2,2,2,2,2,2,20141121,11,1,1,1,2,2,2,4,1,2,23,3,1,,,1,,,,1,572,
3310,,,,1,2,2,2,2,2,2,2,1,2,2,20150325,3,2,1,1,4,2,,6,1,2,34,3,1,,4,1,1,1,5,1,909,
3311,,,,2,2,2,2,2,2,2,2,2,2,2,20140815,8,10,2,3,,1,,1,1,0,23,3,1,1,2,1,1,1,2,3,433,
3312,,,,1,2,2,1,1,2,2,2,2,2,2,20140815,8,7,1,3,,3,1,3,1,3,20,3,1,4,4,5,4,3,4,3,1471,
3313,,,,2,2,2,2,2,2,2,2,1,2,2,20140823,8,2,1,1,1,3,1,4,1,2,34,3,1,,2,1,,,,1,606,
3314,,,,2,2,2,,2,2,2,2,2,2,2,20140826,8,4,1,1,1,2,2,3,2,3,20,3,1,,4,2,4,1,5,,182,
3315,1,2,1,1,2,2,2,1,2,2,2,2,2,2,20150319,3,8,2,3,,2,,2,1,1,34,3,1,4,2,5,2,3,4,3,1303,70+
3316,,,,2,2,2,2,2,2,2,2,2,2,2,20140814,8,7,2,3,2,2,2,4,1,3,34,3,1,1,1,2,1,1,2,3,1303,
3317,,,,1,2,2,1,1,2,2,2,2,2,1,20140813,8,7,2,3,,2,,2,1,1,23,3,1,2,2,2,1,1,2,3,2125,
3318,,,,1,2,2,2,1,2,2,2,2,2,2,20150331,3,2,1,1,2,2,,4,1,2,34,3,1,,4,1,1,2,5,1,606,
3319,1,1,1,1,2,2,2,2,2,2,2,2,2,2,20150321,3,8,2,3,,1,,1,1,0,34,3,1,2,1,1,3,1,2,3,1303,75+
3320,1,,1,2,2,2,2,2,2,2,2,2,2,2,20150314,3,7,2,3,,1,,1,1,1,34,3,1,7,4,,2,,,3,651,70+
3321,,,,1,2,2,2,1,2,2,2,2,2,2,20140814,8,9,1,3,,1,,1,1,0,34,3,1,1,1,3,4,1,2,3,902,
3322,,,,1,2,2,2,1,2,2,2,2,2,2,20150328,3,4,1,1,2,2,,4,1,3,20,3,1,,,2,3,1,5,,437,
3323,,,,1,2,2,2,1,2,2,2,2,2,2,20150327,3,2,1,1,2,2,,4,1,2,20,3,1,,3,1,1,1,5,1,717,
3324,,,,1,2,2,2,1,2,2,2,2,2,2,20140827,8,3,2,1,2,3,1,5,1,3,20,3,1,,2,1,3,1,5,1,944,
3325,,,,2,2,2,2,2,2,2,2,2,2,2,20140822,8,3,1,1,1,2,,3,1,1,20,3,1,,4,1,1,2,5,1,819,
3326,,,,2,2,2,2,2,2,2,2,2,2,2,20150324,3,2,2,1,3,2,,5,1,1,20,3,1,,2,,,,,1,972,
3327,1,,1,2,2,2,2,2,2,2,2,2,2,2,20150321,3,6,2,3,,1,,1,1,1,34,3,1,4,2,5,4,3,4,3,651,70+
3328,,,,1,1,2,1,1,2,2,2,1,2,2,20140811,8,8,2,3,,3,1,3,1,2,34,3,1,1,2,2,1,2,3,3,1303,
3329,,,,1,2,2,2,1,2,2,2,2,2,1,20150328,3,2,2,1,2,2,,4,1,2,23,3,1,,4,1,1,1,5,1,446,
3330,,,,2,2,2,2,2,2,2,2,2,2,2,20150324,3,4,1,1,1,2,2,3,1,3,20,3,1,,4,4,4,2,5,,328,
3331,,,,1,1,2,2,1,2,2,2,2,2,2,20150331,3,4,1,1,1,2,,3,1,1,34,3,1,,2,5,5,3,5,,941,
3332,,,,2,2,2,2,2,2,2,2,1,2,2,20140815,8,7,1,3,,3,,5,1,3,23,3,1,7,4,5,5,3,4,3,3013,
3333,,,,2,2,2,2,2,2,2,2,2,2,2,20150323,3,2,2,1,3,2,,5,1,2,23,3,1,,4,1,,,,1,558,
3334,,,,2,2,2,2,2,2,2,2,2,2,2,20140825,8,1,1,1,2,2,,4,2,2,23,3,1,,2,1,1,3,5,1,429,
3335,1,2,2,2,2,2,2,2,2,2,2,2,2,2,20150322,3,4,2,3,,3,3,5,2,1,34,3,1,,,2,1,1,2,3,704,
3336,,,,2,2,2,2,2,2,2,2,2,2,2,20140814,8,8,1,2,1,3,3,4,1,3,23,3,1,2,4,4,3,2,3,3,7363,
3337,,,,1,1,1,2,1,2,2,2,2,2,2,20140819,8,10,2,3,,1,,1,1,1,23,3,1,4,1,3,1,3,4,3,217,
3338,,,,1,2,2,2,1,2,2,2,2,2,2,20140828,8,3,1,1,3,2,,5,1,2,34,3,1,,4,2,2,1,5,1,1046,
3339,,,,2,2,2,2,2,2,2,2,2,2,2,20140815,8,7,2,3,,3,1,3,1,3,20,3,1,6,4,2,3,1,2,3,1188,
3340,,,,1,2,2,2,1,1,2,2,1,2,2,20140823,8,4,1,3,,3,1,3,1,3,34,3,1,,,2,4,1,2,3,401,
3341,,,,2,2,2,2,2,2,2,2,2,2,2,20141211,12,1,2,1,2,2,,4,0,2,20,3,1,,4,1,1,1,5,1,778,
3342,,,,1,2,2,2,2,2,2,2,2,2,2,20140826,8,4,2,1,2,1,,3,1,2,34,3,1,,2,1,1,1,5,,496,
3343,,,,2,2,2,2,2,2,2,2,2,2,2,20150323,3,1,2,1,2,2,,4,1,2,23,3,1,,4,,1,,,1,446,
3344,1,1,1,1,2,1,2,1,2,2,2,2,2,2,20150316,3,9,2,3,,2,,2,1,1,34,3,1,1,2,5,3,3,4,3,746,65+
3345,,,,2,2,2,2,2,2,2,2,2,2,2,20140817,8,3,2,1,2,2,,4,2,2,34,3,1,,3,1,,,,1,397,
3346,,,,1,2,2,2,2,2,2,2,2,2,2,20150321,3,2,2,1,4,2,,6,1,1,34,3,1,,3,1,1,1,5,1,1565,
3347,,,,2,2,2,2,2,2,2,2,2,2,2,20140812,8,1,2,1,1,1,,2,1,0,34,3,1,,,,,,,1,1043,
3348,,,,2,2,2,2,2,2,2,2,2,2,2,20140816,8,10,1,3,,2,2,2,1,0,34,3,1,1,1,4,4,2,3,3,1804,
3349,,,,2,2,2,2,2,2,2,2,2,2,2,20140814,8,8,1,3,,1,,1,1,1,20,3,1,7,,5,5,2,3,3,981,
3350,,,,1,2,2,1,1,2,1,2,1,2,2,20140813,8,8,2,3,,2,,2,1,2,34,3,1,1,2,2,1,1,2,3,869,
3351,,,,1,1,2,2,1,2,2,2,2,2,2,20140816,8,10,2,3,,1,,1,1,1,34,3,1,2,1,4,1,3,4,3,373,
3352,,,,2,2,2,2,2,2,2,2,2,2,2,20140819,8,9,1,3,,1,,1,1,1,34,3,1,1,,5,5,3,4,3,451,
3353,,,,1,2,2,2,2,2,2,2,2,2,2,20150315,3,2,2,1,3,2,,5,1,3,23,3,1,,4,1,1,3,5,1,418,
3354,1,1,1,2,2,2,2,2,2,2,2,2,2,2,20150313,3,10,2,3,,2,,2,1,2,34,3,1,2,2,2,2,2,3,3,498,
3355,,,,1,2,2,2,1,2,2,2,1,2,2,20140822,8,2,1,1,2,2,,4,2,3,20,3,1,,,1,1,3,5,1,430,
3356,,,,2,2,2,1,2,2,2,2,2,2,2,20140817,8,4,1,1,1,3,3,4,1,3,34,3,1,,3,4,5,1,5,,502,
3357,,,,2,2,2,2,2,2,2,2,2,2,2,20140810,8,5,1,2,1,2,2,3,1,2,34,3,1,4,2,3,5,1,2,3,7084,
3358,,,,2,2,2,2,2,2,2,2,2,2,2,20140813,8,10,2,3,,1,,1,1,1,20,3,1,3,4,3,3,2,3,3,618,
3359,,,,2,2,2,2,2,2,2,2,2,2,2,20140816,8,10,2,3,,1,,1,1,0,34,3,1,6,4,,1,,,3,746,
3360,1,2,2,1,1,1,2,1,2,2,2,2,2,2,20150312,3,9,1,3,,2,,2,1,0,23,3,1,3,1,4,4,2,3,3,1442,65+
3361,,,,1,2,2,2,1,2,2,2,2,2,2,20140828,8,4,2,3,,3,4,4,1,3,34,3,1,,4,3,3,1,2,3,338,
3362,1,2,1,1,2,2,2,2,2,2,2,2,2,2,20150319,3,9,2,3,,1,,1,2,1,23,3,1,6,3,5,4,3,4,3,62,70+
3363,,,,2,2,2,2,2,2,2,2,2,2,2,20140820,8,1,2,1,1,2,,3,1,2,34,3,1,,4,1,1,4,5,1,522,
3364,,,,2,2,2,2,2,2,2,2,2,2,2,20140821,8,3,1,1,4,2,,6,1,2,34,3,1,,1,2,1,3,5,1,1255,
3365,3,1,1,1,1,2,2,1,2,2,2,2,2,2,20150317,3,9,1,3,,2,,2,2,2,20,3,1,2,2,5,5,3,4,3,370,70+
3366,1,2,1,2,2,2,2,2,2,2,2,2,2,2,20150319,3,9,2,3,,2,,2,1,0,23,3,1,3,2,2,2,1,2,3,867,Ne sais pas
3367,,,,2,2,2,2,2,2,2,2,2,2,2,20140813,8,7,2,3,,2,,2,1,2,34,3,1,4,4,2,3,1,2,3,869,
3368,,,,2,2,2,2,2,2,2,2,2,2,2,20140820,8,4,1,1,1,3,2,5,1,3,23,3,1,,4,2,5,1,5,,485,
3369,,,,2,2,2,2,2,2,2,2,2,2,2,20140817,8,10,2,3,,2,,2,1,0,23,3,1,7,1,4,1,3,4,3,867,
3370,1,,1,1,1,1,1,1,2,2,2,2,2,2,20150316,3,9,2,3,,2,,2,1,1,34,3,1,2,1,4,4,2,3,3,746,
3371,,,,1,2,2,1,2,2,2,2,2,2,2,20140826,8,4,2,2,1,3,1,,1,3,34,3,1,,4,4,3,2,3,3,237,
3372,1,2,1,2,2,2,2,2,2,2,2,2,2,2,20150321,3,10,2,3,,2,,2,1,1,23,3,1,1,,3,1,2,3,3,433,65+
3373,,,,2,1,2,1,1,2,2,2,2,2,2,20140819,8,4,2,3,,3,3,5,2,3,20,3,1,,,2,3,1,2,3,308,
3374,,,,2,2,2,2,2,2,2,2,2,2,2,20140520,5,4,1,2,1,3,2,5,2,3,33,4,1,,4,2,3,1,2,3,1436,
3375,,,,1,2,2,1,1,2,2,2,1,2,2,20140703,7,7,2,3,,3,1,3,1,3,34,4,1,4,4,5,2,3,4,3,769,
3376,,,,2,2,2,2,2,2,2,2,2,2,2,20140423,4,2,1,4,,,,4,1,3,34,4,,,4,1,1,2,5,1,485,
3377,,,,2,2,2,2,2,2,2,2,2,2,2,20140623,6,10,2,3,,1,,1,1,0,33,4,1,6,2,2,1,2,3,3,800,
3378,,,,2,2,2,2,2,2,2,2,2,2,2,20140612,6,10,1,3,,1,,1,1,0,34,4,1,1,1,4,4,2,3,3,698,
3379,,,,1,2,2,2,2,2,2,2,2,2,2,20140416,4,6,1,4,,,,3,1,1,33,4,,2,4,4,4,1,2,3,4213,
3380,,,,2,2,2,2,2,2,2,2,1,2,2,20140702,7,3,2,1,5,2,,6,1,3,34,4,1,,2,1,4,1,5,1,940,
3381,,,,2,2,2,2,2,2,2,2,2,2,2,20140707,7,2,2,1,2,3,,5,1,2,34,4,1,,2,1,1,1,5,1,700,
3382,,,,2,2,2,2,2,2,2,2,2,2,2,20140612,6,7,1,3,,2,,2,1,2,33,4,1,7,1,5,5,3,4,3,1873,
3383,,,,2,2,2,2,2,2,2,2,2,2,2,20140708,7,2,2,1,5,2,,6,1,2,34,4,1,,3,1,1,1,5,1,980,
3384,,,,2,2,2,2,2,2,2,2,2,2,2,20140508,5,1,2,1,1,2,2,3,1,3,33,4,,,4,1,,,,1,374,
3385,,,,2,2,2,2,2,2,2,2,2,2,2,20140414,4,7,2,4,,,,6,1,3,33,4,,6,2,3,1,2,3,3,2966,
3386,,,,1,2,2,1,1,1,2,2,2,2,2,20140707,7,3,2,1,1,3,1,4,2,3,34,4,1,,4,2,3,1,5,1,269,
3387,,,,2,2,2,2,2,2,2,2,2,2,2,20140507,5,4,2,3,,3,4,6,1,3,34,4,,,3,2,3,1,2,2,337,
3388,,,,1,2,2,2,2,2,2,2,2,2,2,20140618,6,6,2,3,,3,,3,1,3,34,4,1,4,4,4,2,3,4,3,769,
3389,,,,1,1,2,2,1,2,2,2,2,2,2,20140629,6,3,1,1,4,2,,6,1,2,34,4,1,,2,1,4,1,5,1,1031,
3390,,,,2,2,2,2,2,2,2,2,2,2,2,20140617,6,10,2,3,,2,,2,1,1,33,4,1,7,4,4,2,3,4,3,800,
3391,,,,2,2,2,2,2,2,2,2,2,2,2,20140508,5,3,2,1,2,2,,4,1,3,33,4,,,4,2,4,1,5,1,705,
3392,,,,1,2,2,2,1,2,2,2,2,2,2,20140617,6,8,2,3,,1,1,1,1,1,34,4,1,2,1,3,4,1,2,3,513,
3393,,,,2,2,2,2,2,2,2,2,2,2,2,20140618,6,2,1,1,2,2,,4,1,2,33,4,1,,3,1,1,3,5,1,1084,
3394,,,,2,2,2,2,2,2,2,2,2,2,2,20140707,7,2,2,1,1,1,,2,1,1,33,4,1,,2,1,1,3,5,1,499,
3395,,,,2,2,2,2,2,2,2,2,2,2,2,20140505,5,8,2,3,,2,,2,1,2,33,4,,2,4,3,2,2,3,3,1318,
3396,,,,2,2,2,2,1,2,2,2,2,2,2,20140506,5,4,2,3,,3,3,5,1,3,34,4,,,4,,2,,,3,241,
3397,,,,1,1,2,2,2,2,2,2,2,2,2,20140508,5,1,2,1,2,1,,3,1,0,33,4,,,3,1,1,1,5,1,1496,
3398,,,,1,1,2,2,1,2,2,2,2,2,2,20140417,4,10,2,4,,,,2,1,2,33,4,,6,4,4,4,2,3,3,533,
3399,,,,1,2,2,2,2,2,2,1,1,1,2,20140707,7,1,1,1,1,2,,3,1,1,34,4,1,,2,1,1,4,5,1,728,
3400,,,,2,2,2,2,2,2,2,2,2,2,2,20140703,7,1,2,1,1,2,,3,1,0,34,4,1,,4,1,1,3,5,1,1260,
3401,,,,1,2,2,2,2,2,2,2,2,2,2,20140619,6,3,1,1,2,2,,4,1,1,34,4,1,,2,1,1,1,5,1,1031,
3402,,,,1,2,2,2,1,2,2,2,2,2,2,20140708,7,4,2,1,2,1,1,3,1,3,33,4,1,,2,2,4,1,5,,529,
3403,,,,2,2,2,2,2,2,2,2,1,2,2,20140505,5,6,2,3,,2,,2,1,2,33,4,,6,4,2,3,1,2,3,1318,
3404,,,,1,2,2,2,1,2,2,2,2,2,2,20140709,7,2,1,1,2,2,,4,1,2,34,4,1,,3,1,1,1,5,1,647,
3405,,,,2,2,2,2,2,2,2,2,2,2,2,20140414,4,7,2,4,,,,3,1,3,33,4,,2,4,,1,,,3,1483,
3406,,,,2,2,2,2,2,2,2,2,2,2,2,20140623,6,9,2,3,,2,,2,1,1,33,4,1,2,4,2,3,1,2,3,800,
3407,,,,1,2,2,2,2,2,2,2,2,2,2,20140509,5,2,1,1,3,3,3,6,1,3,34,4,,,4,1,1,3,5,1,728,
3408,,,,1,1,2,2,2,2,2,2,2,2,2,20140620,6,4,1,3,,3,2,4,1,1,33,4,1,,,3,5,1,2,3,5618,
3409,,,,2,2,2,2,2,2,2,2,2,2,2,20140611,6,8,2,2,1,2,2,3,1,2,34,4,1,1,3,4,3,2,3,3,3776,
3410,,,,2,2,2,2,2,2,2,2,2,2,2,20140626,6,1,2,1,1,1,,2,1,0,33,4,1,,1,,,,,1,997,
3411,,,,1,2,2,2,1,2,2,2,2,2,2,20140708,7,2,2,1,2,3,3,5,1,3,33,4,1,,,1,,,,1,499,
3412,,,,2,2,2,2,2,2,2,2,2,2,2,20140506,5,9,1,3,,2,,2,1,2,34,4,,2,4,5,3,3,4,3,466,
3413,,,,2,2,2,2,2,2,2,2,2,2,2,20140619,6,7,1,3,,2,,2,1,2,33,4,1,3,,5,4,3,4,3,1873,
3414,,,,2,2,2,2,2,2,2,2,2,2,2,20140704,7,8,1,3,,2,,2,1,0,33,4,1,2,4,5,4,2,3,3,5618,
3415,,,,1,2,2,2,1,2,1,2,1,2,2,20140520,5,1,1,1,4,2,,6,1,2,34,4,1,,2,1,1,1,5,1,971,
3416,,,,2,2,2,2,2,2,2,2,2,2,2,20140702,7,4,2,2,2,3,3,5,1,3,34,4,1,,2,2,1,1,2,3,1063,
3417,,,,1,2,2,2,2,2,2,2,2,2,2,20140704,7,2,1,1,4,1,,5,0,2,33,4,1,,2,1,,,,1,2032,
3418,,,,2,2,2,2,1,2,2,2,2,2,2,20140414,4,7,2,4,,,,2,1,1,34,4,,2,4,,,,,3,1026,
3419,,,,1,2,2,2,2,2,2,2,2,2,2,20140507,5,4,1,3,,3,4,4,1,3,34,4,,,4,5,5,1,2,3,222,
3420,,,,1,1,2,2,2,2,2,2,2,2,2,20140414,4,9,2,4,,,,1,1,1,33,4,,7,2,3,4,1,2,3,400,
3421,,,,2,2,2,2,2,2,2,2,2,2,2,20140703,7,9,2,3,,2,1,2,1,2,33,4,1,2,2,3,1,3,4,3,533,
3422,,,,1,1,2,2,2,2,2,2,2,2,2,20140708,7,4,2,1,3,2,1,5,1,1,33,4,1,,3,1,4,1,5,,1762,
3423,,,,2,2,2,2,2,2,2,2,2,2,2,20140625,6,2,2,1,3,2,,5,1,1,34,4,1,,,,,,,1,1050,
3424,,,,2,2,2,2,2,2,2,2,2,2,2,20140415,4,9,2,4,,,,1,1,0,33,4,,4,1,4,3,3,4,3,800,
3425,,,,2,2,2,2,2,2,2,2,2,2,2,20140704,7,9,1,3,,2,,2,1,1,34,4,1,3,2,5,4,2,3,3,698,
3426,,,,1,1,2,2,1,2,2,2,2,2,2,20140613,6,8,2,3,,1,,1,1,1,34,4,1,1,,1,1,1,1,3,513,
3427,,,,2,2,2,2,2,2,2,2,2,2,2,20140425,4,2,1,4,,,,4,1,1,34,4,,,4,1,1,3,5,1,971,
3428,,,,1,1,2,1,1,2,2,2,2,2,2,20140615,6,8,2,3,,2,,2,1,1,33,4,1,2,2,3,3,2,3,3,1977,
3429,,,,2,2,2,2,2,2,2,2,2,2,2,20140616,6,8,1,3,,1,,1,1,1,33,4,1,6,1,3,3,2,3,3,1404,
3430,,,,2,2,2,2,2,2,2,2,2,2,2,20140505,5,9,1,3,,2,,2,1,2,33,4,,6,4,5,3,3,4,3,998,
3431,,,,1,1,1,2,2,2,2,2,2,2,2,20140702,7,2,1,1,2,2,,4,2,2,34,4,1,,,,,,,1,485,
3432,,,,2,2,2,2,2,2,2,2,2,2,2,20140626,6,10,1,3,,3,3,3,2,3,33,4,1,1,3,2,3,1,2,3,898,
3433,,,,2,2,2,2,2,2,2,2,2,2,2,20140414,4,9,2,4,,,,2,1,1,33,4,,4,2,,2,,,3,800,
3434,,,,2,2,2,2,2,2,2,2,1,2,2,20140705,7,3,2,1,4,2,,6,1,1,33,4,1,,3,1,1,1,5,1,2114,
3435,,,,2,1,1,1,2,2,2,2,2,2,2,20140503,5,4,2,1,1,3,2,5,1,3,34,4,,,2,5,5,3,5,,537,
3436,,,,1,2,2,2,2,2,2,2,2,2,2,20140505,5,7,1,2,4,2,,6,1,1,33,4,,2,3,3,4,1,2,3,24640,
3437,,,,2,1,2,2,2,2,2,2,2,2,2,20140506,5,9,2,3,,2,,2,1,0,34,4,,4,2,4,3,2,3,3,1369,
3438,,,,2,2,2,2,2,2,2,2,2,2,2,20140620,6,9,1,3,,1,,1,1,0,34,4,1,7,4,4,3,2,3,3,698,
3439,,,,2,2,2,2,2,2,2,2,2,2,2,20140415,4,7,1,4,,,,1,1,1,33,4,,4,3,4,4,2,3,3,1404,
3440,,,,1,1,2,2,1,2,2,2,1,2,2,20140414,4,8,2,4,,,,3,1,2,34,4,,4,3,2,2,1,2,3,1026,
3441,,,,1,1,2,1,2,2,2,2,2,2,2,20140622,6,9,2,2,1,2,2,3,1,3,33,4,1,4,4,4,3,2,3,3,1755,
3442,,,,2,2,2,2,2,2,2,2,2,2,2,20140706,7,10,2,3,,1,,1,2,1,34,4,1,4,,2,3,1,2,3,114,
3443,,,,2,2,2,2,2,2,2,2,2,2,2,20140616,6,10,2,3,,1,,1,1,0,33,4,1,6,,3,1,2,3,3,800,
3444,,,,2,2,2,2,2,2,2,2,2,2,2,20140629,6,3,2,1,2,2,,4,0,3,34,4,1,,4,1,3,1,5,1,716,
3445,,,,1,1,2,2,2,2,2,2,1,2,2,20140611,6,6,1,2,4,2,,6,1,2,34,4,1,7,4,5,5,2,3,3,13598,
3446,,,,2,2,2,2,2,2,2,2,2,2,2,20140704,7,8,2,3,,2,,2,1,1,33,4,1,2,4,3,3,2,3,3,1977,
3447,,,,1,2,2,2,2,2,2,2,2,2,2,20140704,7,8,2,3,,1,,1,1,0,34,4,1,4,1,4,4,2,3,3,1026,
3448,,,,2,2,2,2,2,2,2,2,2,2,2,20140611,6,10,1,3,,1,,1,1,1,34,4,1,1,2,5,4,3,4,3,349,
3449,,,,1,2,2,2,1,2,2,2,2,2,2,20140506,5,10,2,3,,1,,1,2,0,34,4,,4,2,3,1,2,3,3,171,
3450,,,,2,2,2,2,2,2,2,2,2,2,2,20140506,5,9,2,3,,2,,2,2,2,33,4,,6,4,4,3,2,3,3,320,
3451,,,,1,2,2,2,2,2,2,2,2,2,2,20140615,6,2,2,1,2,2,2,4,1,2,34,4,1,,2,1,1,2,5,1,560,
3452,,,,1,2,2,2,1,2,2,2,2,2,2,20140610,6,1,2,1,2,2,2,4,1,2,33,4,1,,4,1,1,1,5,1,665,
3453,,,,1,2,2,2,2,1,2,2,2,2,2,20140709,7,4,2,2,1,3,3,4,1,2,34,4,1,,,2,3,1,2,3,1418,
3454,,,,1,1,2,2,1,2,2,2,2,2,2,20140621,6,10,2,3,,1,,1,1,0,33,4,1,2,1,2,2,2,3,3,800,
3455,,,,1,2,2,2,2,2,2,2,2,2,2,20140619,6,10,1,3,,1,,1,1,0,34,4,1,1,1,5,5,2,3,3,698,
3456,,,,1,2,2,2,1,2,2,2,2,2,2,20140628,6,3,2,1,2,2,,4,0,2,33,4,1,,2,2,3,1,5,1,1410,
3457,,,,2,2,2,2,2,2,2,2,2,2,2,20140526,5,1,1,1,1,2,,3,0,2,33,4,1,,4,1,1,4,5,1,1219,
3458,,,,1,1,2,2,2,2,2,2,2,2,2,20140506,5,10,1,3,,1,,1,1,1,34,4,,1,2,5,3,3,4,3,349,
3459,,,,2,2,2,2,2,2,2,2,2,2,2,20140613,6,8,2,3,,2,1,2,1,2,34,4,1,2,2,4,2,3,4,3,684,
3460,,,,2,2,2,2,2,2,2,2,2,2,2,20140508,5,1,1,1,2,2,,4,2,2,33,4,,,3,1,1,4,5,1,813,
3461,,,,2,2,2,2,2,2,2,2,2,2,2,20140705,7,10,2,3,,2,,2,1,1,34,4,1,4,1,2,2,1,2,3,684,
3462,,,,2,2,2,2,2,2,2,2,2,2,2,20140619,6,7,2,3,,1,,1,1,1,34,4,1,6,3,2,3,1,2,3,513,
3463,,,,2,2,2,2,2,2,2,2,2,2,2,20140613,6,9,2,3,,2,,2,1,0,34,4,1,2,1,3,3,1,2,3,1369,
3464,,,,2,2,2,2,2,2,2,2,2,2,2,20140505,5,9,2,3,,2,,2,1,0,33,4,,5,3,3,3,2,3,3,1600,
3465,,,,2,2,2,2,2,2,2,2,2,2,2,20140506,5,10,1,3,,2,,2,1,1,34,4,,1,1,5,4,3,4,3,698,
3466,,,,2,2,2,2,2,2,2,2,2,2,2,20140415,4,3,1,4,,,,3,1,0,34,4,,,2,,,,,1,1547,
3467,,,,2,1,2,2,2,2,2,2,2,2,2,20140506,5,4,2,3,,2,2,2,1,1,33,4,,,2,2,4,1,2,3,434,
3468,,,,1,2,2,1,1,2,2,2,2,2,2,20140415,4,1,1,4,,,,5,1,3,34,4,,,3,1,1,2,5,1,607,
3469,,,,2,2,2,2,2,2,2,2,2,2,2,20140509,5,1,2,1,1,3,4,6,1,3,34,4,,,,1,,,,1,630,
3470,,,,2,2,2,2,2,2,2,2,2,2,2,20140506,5,4,1,3,,2,1,2,1,2,34,4,,,3,2,5,1,2,3,185,
3471,,,,2,2,2,2,2,2,2,2,2,2,2,20140513,5,8,1,3,,2,,2,0,3,34,4,1,2,2,,4,,,3,1231,
3472,,,,2,2,2,2,2,2,2,2,2,2,2,20140526,5,2,2,1,1,2,,3,1,1,33,4,1,,4,1,1,1,5,1,748,
3473,,,,2,2,2,2,2,2,2,2,2,2,2,20140416,4,2,2,4,,,,3,1,1,34,4,,,1,1,,,,1,630,
3474,,,,1,2,2,2,2,2,2,2,2,2,2,20140523,5,3,2,1,2,2,,4,2,2,34,4,1,,2,1,,,,1,537,
3475,,,,1,2,2,1,2,2,2,2,2,2,2,20140515,5,3,1,1,2,2,,4,1,3,34,4,1,,4,1,3,1,5,1,516,
3476,,,,1,2,2,2,2,2,2,2,2,2,2,20140523,5,2,2,1,2,2,,4,1,2,34,4,1,,2,,,,,1,560,
3477,,,,2,2,2,2,2,2,2,2,2,2,2,20140513,5,6,1,3,,3,3,3,1,1,34,4,1,6,,5,5,3,4,3,2771,
3478,,,,2,2,2,2,1,2,2,2,2,2,2,20140513,5,9,2,3,,3,,3,1,0,33,4,,1,2,3,1,3,4,3,2400,
3479,,,,1,2,2,2,2,2,1,2,1,2,2,20140415,4,9,1,4,,,,2,2,0,34,4,,1,2,4,5,2,3,3,698,
3480,,,,1,2,2,2,2,2,2,2,2,2,2,20140514,5,7,2,2,1,3,3,4,1,3,34,4,1,2,,2,3,1,2,3,3776,
3481,,,,2,2,2,2,2,2,2,2,2,2,2,20140509,5,2,1,1,1,2,,3,1,2,34,4,,,4,1,1,1,5,1,485,
3482,,,,2,2,2,2,2,2,2,2,2,2,2,20140514,5,10,1,3,,2,,2,1,1,33,4,1,4,2,4,5,1,2,3,1497,
3483,,,,1,2,1,1,1,2,2,2,2,2,2,20140513,5,8,2,3,,1,,2,1,2,34,4,1,2,4,3,1,2,3,3,684,
3484,,,,2,2,2,2,2,2,2,2,2,2,2,20140528,5,9,2,3,,1,,1,1,1,33,4,1,7,4,2,2,1,2,3,400,
3485,,,,2,2,2,2,2,2,2,2,2,2,2,20140513,5,10,1,3,,2,,2,1,2,33,4,1,4,2,4,4,2,3,3,998,
3486,,,,2,2,2,2,2,2,2,2,2,2,2,20140517,5,8,1,3,,2,,2,1,2,33,4,1,2,4,5,5,2,3,3,1873,
3487,,,,1,1,2,2,1,2,2,2,2,2,2,20140421,4,3,1,4,,,,6,1,1,33,4,,,4,1,1,1,5,1,2869,
3488,,,,2,2,2,2,2,2,2,2,2,2,2,20140506,5,10,1,3,,3,1,3,1,0,34,4,,2,4,3,4,1,2,3,2095,
3489,,,,1,2,2,2,2,2,2,2,2,2,2,20140505,5,5,2,3,,2,2,2,1,0,33,4,,7,4,3,1,2,3,3,3955,
3490,,,,2,2,2,2,2,2,2,2,2,2,2,20140514,5,10,1,3,,2,,2,1,0,34,4,1,1,1,5,4,3,4,3,1397,
3491,,,,1,2,2,1,1,2,1,2,1,2,2,20140508,5,4,1,1,2,2,2,4,1,2,34,4,,,3,1,1,1,5,,687,
3492,,,,1,2,2,1,1,2,2,2,2,2,2,20140415,4,3,2,4,,,,3,2,2,34,4,,,4,1,1,1,5,1,322,
3493,,,,1,2,2,2,2,2,2,2,2,2,2,20140526,5,4,1,3,,3,4,4,1,3,33,4,1,,4,4,5,1,2,3,471,
3494,,,,2,2,2,2,2,2,2,2,2,2,2,20140513,5,9,2,3,,1,,1,1,0,34,4,1,1,,2,1,1,2,3,684,
3495,,,,1,2,2,1,2,2,2,2,2,2,2,20140502,5,3,1,1,2,2,,4,1,2,34,4,,,4,1,2,1,5,1,687,
3496,,,,1,2,2,2,2,2,2,2,2,2,2,20140513,5,4,1,1,1,2,,3,1,3,34,4,1,,,2,2,1,5,,387,
3497,,,,2,2,2,2,2,2,2,2,2,2,2,20140527,5,2,2,1,2,2,,4,1,3,33,4,1,,,1,1,1,5,1,499,
3498,,,,1,2,2,2,2,2,1,2,1,2,2,20140514,5,1,2,1,3,2,,5,1,2,34,4,1,,4,1,1,1,5,1,700,
3499,,,,2,2,2,2,2,2,2,2,2,2,2,20140506,5,10,2,3,,2,,2,1,0,34,4,,1,1,2,2,1,2,3,1369,
3500,,,,1,1,2,2,1,2,2,2,2,2,2,20140514,5,8,2,3,,2,1,2,2,1,34,4,1,,3,,3,,,3,684,
3501,,,,2,2,2,2,2,2,2,2,2,2,2,20140522,5,3,2,1,3,2,,5,1,3,34,4,1,,4,4,4,2,5,1,537,
3502,,,,1,1,2,2,1,2,2,2,2,2,2,20140513,5,8,2,3,,3,1,3,1,3,33,4,1,7,4,2,3,1,2,3,1483,
3503,,,,1,1,2,2,2,2,2,2,2,2,2,20140629,6,4,2,1,2,3,1,5,2,3,33,4,1,,4,1,3,1,5,,352,
3504,,,,1,1,1,2,2,2,2,2,2,2,2,20140708,7,8,1,3,1,3,1,3,1,2,34,4,1,1,,3,5,1,2,3,1847,
3505,,,,2,2,2,2,2,2,2,2,2,2,2,20140425,4,1,1,4,,,,3,1,2,33,4,,,3,1,1,4,5,1,813,
3506,,,,2,2,2,2,2,2,2,2,2,2,2,20140507,5,8,1,3,,2,,2,1,1,33,4,,4,2,4,4,2,3,3,2809,
3507,,,,2,2,2,2,2,2,2,2,2,2,2,20140708,7,3,2,1,4,3,4,6,1,3,34,4,1,,4,1,3,1,5,1,767,
3508,,,,1,2,2,2,2,2,2,2,2,2,2,20140618,6,9,2,3,,2,,2,1,1,34,4,1,1,2,5,1,3,4,3,684,
3509,,,,2,2,2,2,2,2,2,1,2,2,2,20140625,6,1,1,1,3,2,,5,1,2,33,4,1,,4,1,1,1,5,1,1355,
3510,,,,2,2,2,2,2,2,2,2,2,2,2,20140513,5,2,1,1,2,2,,4,1,2,33,4,1,,3,1,1,1,5,1,1084,
3511,,,,1,2,2,2,2,1,2,2,2,2,2,20140515,5,4,2,2,1,3,2,6,1,1,33,4,1,,,5,4,3,4,3,17345,
3512,,,,1,1,2,1,1,2,2,2,2,2,2,20140514,5,4,2,1,2,2,,4,1,3,33,4,1,,4,1,1,1,5,,564,
3513,,,,2,2,2,2,2,2,2,2,2,2,2,20140514,5,10,1,3,,1,,1,2,0,34,4,1,7,4,4,4,2,3,3,349,
3514,,,,1,2,2,1,1,2,2,2,2,2,2,20140513,5,9,2,3,,1,,1,1,1,34,4,1,6,2,4,3,2,3,3,342,
3515,,,,1,2,2,2,2,2,2,2,1,2,2,20140514,5,2,1,1,2,2,1,4,2,3,34,4,1,,,1,1,1,5,1,388,
3516,,,,2,2,2,2,2,2,2,2,2,2,2,20140502,5,9,1,3,,1,1,1,2,0,33,4,,7,4,3,3,2,3,3,748,
3517,,,,2,2,2,2,2,2,2,2,2,2,2,20140616,6,10,2,3,,2,,2,1,1,33,4,1,6,,2,2,1,2,3,800,
3518,,,,2,2,2,2,2,2,2,2,2,2,2,20140618,6,9,2,3,,1,,1,1,0,33,4,1,1,2,4,2,3,4,3,800,
3519,,,,1,1,2,2,2,2,2,2,2,2,2,20140513,5,9,2,3,,1,,1,1,1,34,4,1,2,1,2,3,1,2,3,342,
3520,,,,2,2,2,2,2,2,2,2,2,2,2,20140527,5,9,2,3,,2,,2,1,2,34,4,1,4,2,3,1,2,3,3,456,
3521,,,,2,2,2,2,2,2,2,2,2,2,2,20140615,6,10,1,3,,1,,1,1,1,34,4,1,1,2,5,3,3,4,3,349,
3522,,,,1,2,2,2,1,2,2,2,2,2,2,20140618,6,6,1,2,2,2,,4,1,2,34,4,1,6,4,3,3,1,2,3,9065,
3523,,,,2,2,2,2,2,2,2,2,2,2,2,20140514,5,10,1,3,,1,,1,1,0,33,4,1,,,5,4,3,4,3,1497,
3524,,,,1,2,2,1,1,2,2,2,2,2,2,20140417,4,2,1,4,,,,4,1,2,34,4,,,4,1,1,1,5,1,647,
3525,,,,1,2,2,2,1,2,2,2,2,2,2,20140525,5,3,2,1,2,3,1,5,1,3,34,4,1,,2,1,1,3,5,1,671,
3526,,,,2,2,2,2,2,2,2,2,2,2,2,20140417,4,10,1,4,,,,1,2,1,34,4,,1,1,4,4,2,3,3,233,
3527,,,,2,2,2,2,2,2,2,2,2,2,2,20140513,5,9,2,3,,1,,1,1,1,34,4,1,2,2,2,1,2,3,3,342,
3528,,,,2,2,2,2,2,2,2,2,1,2,2,20140705,7,1,2,1,4,2,2,6,1,3,34,4,1,,2,1,1,4,5,1,630,
3529,,,,1,1,2,1,1,2,2,2,2,2,2,20140706,7,4,2,1,1,3,1,4,1,3,34,4,1,,4,1,2,1,5,,430,
3530,,,,2,2,2,2,2,2,2,2,2,2,2,20140618,6,7,1,3,,3,1,3,1,2,34,4,1,3,,4,4,2,3,3,1847,
3531,,,,2,2,2,2,2,2,2,2,2,2,2,20140505,5,6,2,3,,2,,2,1,2,33,4,,6,4,2,2,2,3,3,1318,
3532,,,,2,1,2,2,2,2,2,2,2,2,2,20140620,6,4,2,3,,3,1,3,1,3,34,4,1,,4,2,2,1,2,3,217,
3533,,,,1,2,2,2,2,2,2,2,2,2,2,20140508,5,3,2,1,3,2,,5,1,2,34,4,,,3,1,1,2,5,1,895,
3534,,,,1,2,2,2,2,2,1,2,1,2,2,20140805,8,9,2,3,,2,,2,1,0,34,4,1,1,,3,1,2,3,3,1369,
3535,,,,1,2,2,2,2,2,2,2,2,2,2,20140715,7,8,2,3,,2,,2,1,2,34,4,1,2,2,3,2,2,3,3,684,
3536,,,,1,1,2,2,1,2,2,2,2,2,2,20140515,5,7,2,2,1,3,1,4,1,3,34,4,1,5,4,2,1,2,3,3,3021,
3537,,,,1,2,2,2,2,2,2,2,1,2,2,20140729,7,2,2,1,3,2,,5,1,2,34,4,1,,3,1,1,1,5,1,700,
3538,,,,2,2,2,2,2,2,2,2,2,2,2,20140513,5,8,2,3,,2,2,2,1,1,34,4,1,4,2,3,2,2,3,3,1026,
3539,,,,2,2,2,2,2,2,2,2,2,2,2,20140726,7,10,2,3,,1,,1,1,0,33,4,1,1,1,2,3,1,2,3,800,
3540,,,,1,1,2,2,2,2,2,2,2,2,2,20140710,7,10,2,3,,2,,2,1,1,34,4,1,2,1,1,1,1,2,3,684,
3541,,,,1,2,1,1,1,2,2,2,2,2,1,20140505,5,5,1,3,,3,3,6,1,3,33,4,,6,4,5,5,1,2,3,2408,
3542,,,,1,2,2,2,2,2,2,2,2,2,2,20140513,5,7,2,3,,2,2,2,2,1,34,4,1,2,,,3,,,3,342,
3543,,,,2,2,2,2,2,2,2,2,2,2,2,20140515,5,5,2,3,,2,,2,1,1,33,4,1,4,4,3,4,1,2,3,1977,
3544,,,,2,2,2,2,2,2,2,2,2,2,2,20140525,5,4,1,1,1,1,,2,1,1,33,4,1,,1,4,4,2,5,,956,
3545,,,,1,2,2,2,2,2,2,2,2,2,2,20140509,5,1,2,1,1,1,,2,1,0,33,4,,,1,1,,,,1,997,
3546,,,,1,2,2,2,1,2,2,2,2,2,2,20140711,7,5,2,2,1,3,2,5,1,3,34,4,1,6,4,3,4,1,2,3,3776,
3547,,,,1,2,2,2,2,2,2,2,2,2,2,20140710,7,4,2,1,2,2,,4,1,2,33,4,1,,4,3,3,2,5,,940,
3548,,,,1,2,2,2,2,2,2,2,2,2,2,20140714,7,7,1,2,2,3,1,5,1,3,33,4,1,2,4,5,5,2,3,3,10267,
3549,,,,2,2,2,2,2,2,2,2,2,2,2,20140727,7,4,1,1,3,2,,5,2,3,34,4,1,,4,4,5,1,5,,322,
3550,,,,1,2,2,2,2,2,2,2,2,2,2,20140728,7,1,1,1,1,2,2,3,1,1,33,4,1,,3,1,1,1,5,1,1219,
3551,,,,1,2,2,2,2,2,2,2,2,2,2,20140514,5,8,2,3,,2,,2,1,1,34,4,1,1,4,2,1,1,2,3,1026,
3552,,,,1,2,2,2,1,2,2,2,2,2,2,20140417,4,9,2,4,,,,3,1,3,34,4,,3,2,4,2,3,4,3,513,
3553,,,,2,2,2,2,2,2,2,2,2,2,2,20140515,5,8,2,3,,1,,1,1,0,34,4,1,2,1,4,2,3,4,3,1026,
3554,,,,1,2,2,2,1,2,2,2,2,2,2,20140514,5,6,2,2,3,2,,5,1,0,33,4,1,4,2,2,1,1,2,3,28908,
3555,,,,2,2,2,2,2,2,2,1,2,2,2,20140713,7,1,2,1,2,2,,4,1,1,33,4,1,,3,1,1,2,5,1,997,
3556,,,,1,2,2,2,2,2,2,2,2,2,2,20140517,5,3,2,1,5,2,,6,1,3,33,4,1,,2,,1,,,1,1410,
3557,,,,1,2,2,2,1,2,2,2,1,2,1,20140517,5,4,1,1,1,3,1,4,1,3,34,4,1,,,,,,,,412,
3558,,,,2,2,2,2,2,2,2,2,2,2,2,20140516,5,1,2,1,1,2,,3,1,2,33,4,1,,4,1,1,1,5,1,499,
3559,,,,2,2,2,2,2,2,2,2,2,2,2,20140718,7,10,2,3,,2,,2,1,1,34,4,1,2,3,2,2,1,2,3,684,
3560,,,,2,2,2,2,2,2,2,2,2,2,2,20140528,5,2,1,1,3,3,,6,1,2,33,4,1,,,,,,,1,1626,
3561,,,,1,2,2,2,1,2,1,2,1,2,2,20140513,5,9,1,3,,1,,1,1,2,34,4,1,2,4,5,3,3,4,3,233,
3562,,,,2,2,2,2,2,2,2,2,2,2,2,20140517,5,5,1,3,,2,2,2,1,0,33,4,1,6,4,4,5,1,2,3,5618,
3563,,,,1,2,2,2,2,2,2,2,1,2,2,20140424,4,4,2,4,,,,6,2,3,34,4,,,,3,1,3,4,3,752,
3564,,,,1,2,2,2,2,2,2,2,2,2,2,20140719,7,7,2,3,,1,,1,1,0,33,4,1,4,,2,1,1,2,3,1977,
3565,,,,1,2,2,2,1,2,2,2,2,2,2,20140713,7,8,2,3,,3,4,4,1,3,33,4,1,6,4,3,3,1,2,3,1582,
3566,,,,2,2,2,2,2,2,2,2,2,2,2,20140723,7,10,2,3,,1,,1,1,1,33,4,1,2,1,4,3,3,4,3,400,
3567,,,,1,2,2,2,2,2,1,2,1,2,2,20140515,5,5,1,2,3,2,,5,1,2,34,4,1,2,,4,3,2,3,3,11331,
3568,,,,2,2,2,2,2,2,2,2,2,2,2,20140715,7,7,2,3,,2,,2,1,1,34,4,1,1,2,5,4,2,3,3,1026,
3569,,,,2,2,2,2,2,2,2,2,2,2,2,20140727,7,3,1,1,2,2,,4,1,1,33,4,1,,,1,1,1,5,1,1913,
3570,,,,2,2,2,2,2,2,2,2,2,2,2,20140513,5,7,2,3,,2,2,2,1,1,34,4,1,6,3,4,1,3,4,3,1026,
3571,,,,2,2,2,2,2,2,2,2,2,2,2,20140514,5,9,1,3,,2,,2,1,2,34,4,1,1,2,5,5,3,4,3,466,
3572,,,,2,2,2,2,2,2,2,2,2,2,2,20140715,7,8,1,3,,2,,2,1,0,33,4,1,2,1,4,4,2,3,3,5618,
3573,,,,1,2,2,2,1,2,2,2,2,2,2,20140720,7,9,1,3,,2,,2,2,2,33,4,1,2,4,5,5,2,3,3,748,
3574,,,,2,2,2,,1,2,2,2,2,2,2,20140716,7,8,2,3,,2,,2,1,1,34,4,1,7,2,5,3,3,4,3,1026,
3575,,,,2,2,2,2,1,2,2,2,2,2,2,20140710,7,8,1,3,,2,,2,1,0,33,4,1,2,3,4,4,1,2,2,5618,
3576,,,,2,2,2,2,2,2,2,2,2,2,2,20140714,7,10,2,3,,1,,1,1,0,34,4,1,1,1,3,2,2,3,3,684,
3577,,,,2,2,2,2,2,2,2,2,2,2,2,20140713,7,8,2,3,,2,,2,1,1,33,4,1,2,3,1,1,1,2,3,1977,
3578,,,,2,2,2,2,2,2,2,2,2,2,2,20140726,7,10,2,3,,1,,1,1,0,33,4,1,5,2,5,3,3,4,3,800,
3579,,,,2,2,2,2,2,2,2,2,2,2,2,20140515,5,7,1,3,,1,,1,1,0,33,4,1,6,1,4,5,1,2,3,2809,
3580,,,,2,2,2,2,2,2,2,2,2,2,2,20140514,5,9,2,3,,1,,1,1,1,34,4,1,4,,3,2,2,3,3,342,
3581,,,,1,2,2,2,1,2,2,2,2,2,2,20140514,5,10,2,3,,2,,2,1,2,34,4,1,1,,2,2,1,2,3,456,
3582,,,,2,2,2,2,2,2,2,2,2,2,2,20140413,4,6,2,4,,,,5,1,2,34,4,,4,4,,4,,,3,1710,
3583,,,,1,1,2,2,2,2,2,2,2,2,2,20140721,7,9,2,3,,1,,1,1,0,34,4,1,1,1,3,1,2,3,3,684,
3584,,,,2,2,2,2,2,2,2,2,2,2,2,20140723,7,10,1,3,,2,,2,1,1,34,4,1,1,2,4,5,2,3,3,698,
3585,,,,1,2,2,2,2,2,2,2,2,2,2,20140806,8,2,1,1,2,2,2,4,1,2,34,4,1,,4,1,1,1,5,1,647,
3586,,,,1,1,2,1,1,2,2,2,2,2,2,20140724,7,4,1,1,2,2,,4,2,3,33,4,1,,3,4,5,1,5,,765,
3587,,,,2,2,2,2,2,2,2,2,2,2,2,20140513,5,2,1,1,2,2,,4,1,1,34,4,1,,,1,1,1,5,1,971,
3588,,,,2,2,2,2,2,2,1,2,2,2,2,20140514,5,9,1,3,,2,2,2,2,1,33,4,1,,,4,3,2,3,3,599,
3589,,,,1,2,2,2,1,2,2,2,2,2,2,20140505,5,5,2,2,1,2,,3,1,2,34,4,,2,4,4,4,2,3,3,3776,
3590,,,,1,2,2,2,,2,2,2,2,2,2,20140714,7,8,1,3,,2,1,2,1,2,34,4,1,5,,5,5,2,3,3,1231,
3591,,,,2,2,2,2,2,2,2,2,2,2,2,20140720,7,9,2,3,,2,,2,1,0,34,4,1,4,1,2,1,1,2,3,1369,
3592,,,,2,2,2,2,2,2,2,2,2,2,2,20140513,5,5,2,2,1,2,,3,1,0,33,4,1,6,4,2,3,1,2,3,17345,
3593,,,,1,1,1,1,1,2,2,2,2,2,2,20140514,5,8,2,3,,2,,2,1,2,33,4,1,2,4,3,3,1,2,3,1318,
3594,,,,1,2,2,2,2,2,1,2,1,2,2,20140523,5,4,1,1,2,2,2,4,1,3,33,4,1,,3,2,3,1,5,,765,
3595,,,,1,2,2,2,1,2,2,2,2,2,2,20140719,7,3,1,1,2,2,2,4,1,2,33,4,1,,4,1,1,1,5,1,1275,
3596,,,,2,2,2,2,2,2,2,2,2,2,2,20140726,7,1,2,1,3,2,2,5,1,3,34,4,1,,4,1,1,1,5,1,525,
3597,,,,1,1,2,2,1,2,2,2,1,2,2,20140513,5,9,2,3,,2,,2,2,1,33,4,1,2,1,5,2,3,4,3,533,
3598,,,,2,2,2,2,2,2,2,2,2,2,2,20140513,5,10,1,3,,2,,2,1,1,34,4,1,5,,5,4,3,4,3,698,
3599,,,,1,1,2,1,1,2,2,2,2,2,2,20140726,7,3,1,1,2,2,2,4,1,2,33,4,1,,4,1,2,1,5,1,1275,
3600,,,,2,2,2,2,2,2,2,2,2,2,2,20140515,5,3,2,1,2,2,2,4,1,2,34,4,1,,4,1,1,2,5,1,716,
3601,,,,2,2,2,2,2,2,2,2,2,2,2,20140710,7,9,1,3,,2,,2,1,1,34,4,1,4,3,5,3,3,4,3,698,
3602,,,,2,2,2,2,2,2,2,2,2,2,2,20140718,7,4,2,1,1,1,,2,1,2,33,4,1,,4,2,4,1,5,,470,
3603,,,,2,2,2,2,2,2,2,2,1,2,2,20140712,7,7,2,3,,3,1,3,1,2,34,4,1,1,,3,2,2,3,3,1026,
3604,,,,1,1,2,2,2,2,2,2,2,2,2,20140422,4,4,2,4,,,,3,1,3,33,4,,,,2,3,1,5,,529,
3605,,,,1,1,2,1,1,2,2,2,2,2,1,20140805,8,8,2,3,,2,,2,1,2,34,4,1,2,2,3,4,1,2,3,684,
3606,,,,1,1,2,1,1,2,2,2,2,2,2,20140718,7,4,2,2,2,3,2,6,2,3,33,4,1,,4,2,1,2,3,3,1270,
3607,,,,1,2,2,2,1,2,2,2,2,2,2,20140514,5,7,1,3,,3,2,3,1,3,34,4,,2,3,5,3,3,4,3,1385,
3608,,,,2,2,2,2,2,2,2,2,2,2,2,20140717,7,7,2,3,,2,,2,1,2,34,4,1,7,4,2,1,1,2,3,684,
3609,,,,2,2,2,2,2,2,2,2,2,2,2,20140515,5,1,1,1,2,2,2,4,1,2,34,4,1,,3,1,,,,1,647,
3610,,,,1,1,2,2,2,2,2,2,2,2,2,20140710,7,3,2,1,1,3,1,4,1,3,33,4,1,,4,1,1,1,5,1,705,
3611,,,,2,2,2,2,2,2,2,2,2,2,2,20140728,7,4,1,3,,3,2,4,1,3,34,4,1,,4,4,5,1,2,3,222,
3612,,,,1,2,2,2,1,2,2,2,2,2,1,20140719,7,9,1,3,,2,,2,1,1,34,4,1,1,2,5,5,3,4,3,698,
3613,,,,1,2,2,2,2,2,1,2,2,2,2,20140506,5,4,2,1,2,2,,4,1,0,34,4,,,4,2,3,1,5,,2148,
3614,,,,1,2,2,2,2,2,2,2,2,2,2,20140717,7,8,2,3,,2,,2,1,2,34,4,1,5,4,5,3,3,4,3,684,
3615,,,,1,2,2,2,1,2,2,2,2,2,2,20140714,7,7,2,3,,3,2,3,1,3,33,4,1,6,,3,1,2,3,3,1483,
3616,,,,1,2,2,2,1,2,2,2,2,2,1,20140730,7,8,2,3,,3,,3,1,2,33,4,1,2,,3,1,2,3,3,1977,
3617,,,,2,2,2,2,2,2,2,2,2,2,2,20140522,5,4,2,1,3,2,,5,1,1,33,4,1,,2,1,2,1,5,,1762,
3618,,,,2,2,2,2,2,2,2,2,2,2,2,20140520,5,1,2,1,2,2,,4,1,1,34,4,1,,2,1,,,,1,840,
3619,,,,1,2,2,2,1,2,2,2,2,2,2,20140710,7,10,1,3,,2,,2,1,1,33,4,1,6,2,5,,,,3,1497,
3620,,,,1,2,2,2,2,2,2,2,2,2,2,20140727,7,3,2,1,2,2,,4,1,3,34,4,1,,4,1,1,1,5,1,537,
3621,,,,1,2,2,2,2,2,2,2,2,2,2,20140625,6,2,2,1,2,2,,4,0,2,33,4,2,,4,1,1,1,5,1,997,
3622,,,,1,2,2,2,2,2,2,2,2,2,2,20140614,6,6,1,3,,2,,2,1,2,34,4,1,2,2,4,4,2,3,3,1231,
3623,,,,1,2,2,2,1,2,2,2,2,2,2,20140520,5,3,2,1,2,2,2,4,1,2,34,4,1,,,2,2,2,5,1,716,
3624,,,,1,2,2,2,2,2,1,2,2,1,2,20140722,7,2,1,1,5,2,,6,1,1,34,4,1,,,1,1,1,5,1,1942,
3625,,,,2,2,2,2,2,2,2,2,1,2,2,20140528,5,1,2,1,1,1,,2,1,1,33,4,1,,1,1,1,1,5,1,499,
3626,,,,1,2,1,1,1,2,2,2,2,2,2,20140515,5,3,1,1,1,2,,3,1,1,34,4,1,,2,2,4,1,5,1,773,
3627,,,,1,2,2,2,2,2,2,2,2,2,2,20140526,5,2,2,1,3,2,2,5,1,2,33,4,1,,4,,1,,,1,831,
3628,,,,2,2,2,2,2,2,2,2,2,2,2,20140730,7,2,1,1,2,2,,4,1,2,33,4,1,,2,1,1,3,5,1,1084,
3629,,,,1,1,2,2,1,2,2,2,2,2,1,20140508,5,6,2,4,,,,4,2,1,33,4,,7,4,4,3,2,3,3,2636,
3630,,,,2,2,2,2,2,2,2,2,2,2,2,20140728,7,10,2,3,,1,,1,2,1,34,4,1,1,,5,4,3,4,3,171,
3631,,,,2,2,2,2,2,,1,2,1,2,2,20140728,7,3,1,1,3,3,2,6,1,3,34,4,1,,,4,4,2,5,1,516,
3632,,,,2,2,2,2,2,2,2,2,2,2,2,20140730,7,9,2,3,,2,,2,2,1,34,4,1,7,4,3,1,3,4,3,228,
3633,,,,2,2,2,2,2,2,2,2,2,2,2,20140502,5,10,2,3,,1,1,1,1,1,34,4,,1,1,5,4,2,3,3,342,
3634,,,,2,2,2,2,2,2,2,2,2,2,2,20140515,5,6,2,3,,2,2,2,2,2,33,4,1,7,4,2,2,1,2,3,989,
3635,,,,2,2,2,2,2,2,2,2,2,2,2,20140508,5,2,2,1,2,2,2,4,1,2,33,4,,,4,1,1,3,5,1,665,
3636,,,,2,2,2,2,2,2,2,2,2,2,2,20140715,7,8,1,3,,2,,2,2,1,33,4,1,7,2,5,5,1,2,3,1873,
3637,,,,2,2,2,2,2,2,2,2,2,2,2,20140720,7,9,2,3,,1,,1,1,0,33,4,1,2,2,3,1,2,3,3,800,
3638,,,,2,2,2,2,2,2,2,2,2,2,2,20140717,7,5,1,2,3,2,,5,1,1,33,4,1,2,2,4,5,1,2,3,20533,
3639,,,,1,2,2,2,1,2,2,2,2,2,2,20140714,7,4,1,1,3,3,1,6,1,3,34,4,1,,1,2,4,1,5,,722,
3640,,,,1,2,2,2,2,2,2,2,2,2,1,20140726,7,2,2,1,2,2,,4,1,2,34,4,1,,2,1,1,2,5,1,560,
3641,,,,2,2,2,2,2,2,2,2,2,2,2,20140505,5,9,2,3,,2,,2,1,1,33,4,,7,4,2,2,1,2,3,800,
3642,,,,1,1,2,2,1,2,2,2,2,2,2,20140412,4,9,2,4,,,,1,1,1,34,4,,4,1,4,3,2,3,3,342,
3643,,,,2,2,2,2,2,2,2,2,2,2,2,20140505,5,9,1,3,,2,2,2,1,1,33,4,,2,2,5,5,3,4,3,1497,
3644,,,,1,2,2,2,1,2,2,2,2,2,2,20140802,8,2,1,1,2,2,,4,2,2,33,4,1,,4,1,1,1,5,1,813,
3645,,,,2,2,2,2,2,2,2,2,2,2,2,20140724,7,9,2,3,,3,1,3,1,2,34,4,1,4,3,4,4,2,3,3,684,
3646,,,,2,2,2,2,2,2,2,2,2,2,2,20140721,7,1,2,1,2,2,,4,1,1,33,4,1,,,1,,,,1,997,
3647,,,,2,2,2,2,1,2,2,2,2,2,2,20140721,7,10,1,3,,1,,1,1,1,33,4,1,6,,5,5,3,4,3,748,
3648,,,,2,2,2,2,2,2,2,2,2,2,2,20140412,4,8,2,4,,,,1,1,1,33,4,,4,1,3,4,2,3,3,989,
3649,,,,2,2,2,2,2,2,2,2,2,2,2,20140508,5,3,2,1,1,2,,3,1,2,33,4,,,3,,1,,,1,705,
3650,,,,2,2,2,2,2,2,2,2,2,2,2,20140723,7,1,1,1,5,1,,6,1,3,33,4,1,,1,1,1,4,5,1,813,
3651,,,,2,2,2,2,2,2,2,2,2,2,2,20140508,5,1,1,1,2,2,2,4,1,2,33,4,,,4,1,1,1,5,1,1084,
3652,,,,2,2,2,2,2,2,2,2,2,2,2,20140505,5,6,1,3,,2,2,5,1,1,33,4,,5,4,2,4,1,2,3,7022,
3653,,,,2,2,2,2,2,2,2,2,2,2,2,20140911,9,10,2,3,,1,,1,1,0,34,4,1,1,1,4,1,3,4,3,684,
3654,1,2,1,1,2,2,2,1,2,1,2,1,2,2,20150316,3,8,2,3,,2,,2,1,2,34,4,1,5,4,2,2,1,2,3,684,"Pas d’âge, santé implicite"
3655,,,,1,2,2,2,1,2,2,2,2,2,2,20140926,9,2,2,1,1,2,,3,1,1,34,4,1,,4,1,1,3,5,1,630,
3656,,,,2,2,2,2,2,2,2,2,2,2,2,20140805,8,1,1,1,4,2,2,6,1,1,34,4,1,,2,1,1,1,5,1,1456,
3657,,,,1,2,2,2,1,2,2,2,2,2,1,20140917,9,1,2,1,2,2,,4,1,2,33,4,1,,,1,1,1,5,1,665,
3658,,,,2,2,2,2,2,2,2,2,2,2,2,20140910,9,2,2,1,1,2,,3,1,2,33,4,1,,4,1,1,1,5,1,499,
3659,,,,2,2,2,2,2,2,2,2,1,2,2,20140930,9,3,1,1,3,3,2,5,1,3,34,4,1,,3,1,3,1,5,1,644,
3660,,,,1,2,2,2,1,2,2,2,2,2,2,20140910,9,9,1,3,,2,,2,1,1,34,4,1,2,3,5,4,3,4,3,698,
3661,,,,2,2,2,2,2,2,2,2,2,2,2,20141003,10,1,2,1,2,2,,4,1,2,33,4,1,,4,1,1,1,5,1,665,
3662,,,,1,2,2,2,1,2,2,2,2,2,2,20140912,9,9,2,3,,2,,2,1,2,34,4,1,2,2,3,2,2,3,3,456,
3663,,,,1,2,2,1,1,2,1,2,1,2,1,20140924,9,7,2,3,,3,2,3,1,3,34,4,1,4,4,2,2,1,2,3,769,
3664,,,,2,1,1,2,2,2,2,2,2,2,2,20141001,10,3,2,1,2,3,3,5,1,3,33,4,1,,,,1,,,1,881,
3665,,,,1,2,2,2,2,2,2,2,1,2,2,20140914,9,10,1,3,,2,,2,1,2,34,4,1,2,2,4,5,1,2,3,466,
3666,,,,1,2,2,2,1,2,2,2,2,2,2,20141003,10,3,1,1,2,2,,4,1,1,34,4,1,,3,1,3,1,5,1,1031,
3667,,,,2,2,2,2,2,2,2,2,2,2,2,20141002,10,4,1,1,1,3,,5,2,3,33,4,1,,3,4,3,2,5,,956,
3668,,,,,2,2,2,2,2,2,2,1,2,2,20140805,8,1,1,1,2,2,,4,1,2,33,4,1,,4,1,1,4,5,1,1084,
3669,,,,2,2,2,2,2,2,2,2,2,2,2,20141003,10,7,2,2,2,2,,4,1,2,34,4,1,4,4,,3,,,3,5035,
3670,,,,2,2,2,2,2,2,2,2,2,2,2,20140918,9,4,2,3,,3,2,4,1,3,33,4,1,,4,3,4,1,2,3,1582,
3671,,,,2,2,2,2,2,2,2,2,2,2,2,20140916,9,8,1,3,,3,1,3,1,2,33,4,1,4,2,5,5,3,4,3,2809,
3672,,,,2,2,2,2,2,2,2,2,2,2,2,20140920,9,9,2,3,,1,,1,1,0,34,4,1,1,1,3,1,2,3,3,684,
3673,,,,2,2,2,2,2,2,2,2,2,2,2,20140918,9,9,1,3,,2,,2,1,2,34,4,1,6,4,5,5,3,4,3,466,
3674,,,,1,1,1,1,1,2,2,2,2,2,2,20140914,9,7,2,3,,3,1,3,1,0,34,4,2,,2,3,1,2,3,3,3078,
3675,,,,2,2,2,2,2,2,2,2,2,2,2,20140920,9,9,2,3,,2,,2,2,1,34,4,1,5,,2,1,1,2,3,456,
3676,,,,1,2,2,2,2,2,2,2,2,2,2,20140911,9,9,2,3,,2,,2,1,0,33,4,1,1,,2,3,1,2,3,1600,
3677,,,,1,1,2,1,1,2,2,2,2,2,2,20140921,9,4,2,3,,3,1,3,1,2,33,4,1,,2,3,2,2,3,3,1977,
3678,,,,2,2,2,2,2,2,2,2,2,2,2,20140920,9,9,1,3,,2,,2,1,1,34,4,1,1,2,3,2,2,3,3,698,
3679,,,,1,2,2,2,1,2,2,2,2,2,2,20140930,9,6,1,2,2,2,,4,1,2,33,4,1,6,4,4,3,2,3,3,10951,
3680,,,,2,2,2,2,2,2,1,2,1,2,2,20140925,9,3,2,1,2,2,,4,2,2,34,4,1,,4,1,1,1,5,1,537,
3681,,,,2,2,2,2,2,2,2,2,2,2,2,20140920,9,1,1,1,1,2,2,3,1,1,33,4,1,,1,1,,,,1,1219,
3682,,,,1,2,2,1,1,2,2,2,2,2,2,20140928,9,3,2,1,2,2,,4,1,3,33,4,1,,4,1,1,1,5,1,705,
3683,,,,1,1,2,2,2,2,2,2,2,2,2,20140925,9,8,1,3,,3,3,3,2,2,33,4,1,,2,4,3,2,3,3,2107,
3684,,,,2,2,2,2,2,2,2,2,2,2,2,20140914,9,8,1,3,,1,,1,1,1,34,4,1,1,1,3,2,2,3,3,923,
3685,,,,2,2,2,2,2,2,2,2,2,2,2,20141001,10,3,2,1,2,2,,4,1,3,33,4,1,,4,1,1,1,5,1,564,
3686,,,,2,2,2,2,2,2,2,2,1,2,2,20141005,10,4,1,1,1,3,1,4,2,3,34,4,1,,3,2,4,1,2,3,344,
3687,,,,2,1,2,2,2,2,2,2,2,2,2,20140916,9,9,2,3,,1,,1,1,1,33,4,1,,2,5,3,3,4,3,400,
3688,,,,2,2,2,2,2,2,2,2,2,2,2,20140921,9,10,2,3,,2,2,2,1,1,34,4,1,6,4,2,3,1,2,3,684,
3689,1,1,1,2,2,2,2,2,2,2,2,2,2,2,20150319,3,10,2,3,,1,,1,1,1,34,4,1,6,,2,1,2,3,3,342,85+
3690,,,,2,2,2,2,2,2,2,2,2,2,2,20140910,9,9,2,3,,2,,2,1,1,33,4,1,1,3,3,2,2,3,3,800,
3691,,,,1,2,2,2,2,2,2,2,1,2,2,20140921,9,7,1,3,,2,,2,1,2,34,4,1,2,2,5,5,2,3,3,1231,
3692,,,,2,2,2,2,2,2,2,2,2,2,2,20140910,9,9,1,3,,2,,2,1,1,33,4,1,1,2,4,4,2,3,3,1497,
3693,,,,1,2,2,2,1,2,2,2,2,2,2,20140910,9,8,2,3,,1,,1,1,1,33,4,1,7,2,5,2,3,4,3,989,
3694,,,,1,1,2,2,1,2,2,2,2,2,2,20140920,9,8,2,3,,2,,2,1,2,33,4,1,2,2,4,2,3,4,3,1318,
3695,,,,2,2,2,2,2,2,2,2,2,2,2,20140910,9,10,2,3,,1,,1,1,1,33,4,1,2,1,2,4,1,2,3,400,
3696,,,,1,2,2,2,2,2,1,2,1,2,2,20141001,10,3,1,1,3,2,,5,1,2,34,4,1,,4,1,1,1,5,1,859,
3697,,,,2,2,2,2,2,2,2,2,2,2,2,20141009,10,1,1,1,1,2,,3,1,2,34,4,1,,4,1,1,4,5,1,485,
3698,,,,2,2,2,2,2,2,2,2,2,2,2,20140916,9,9,2,3,,1,,1,1,1,33,4,1,4,1,3,1,3,4,3,400,
3699,,,,2,2,2,2,2,2,2,2,2,2,2,20140912,9,8,2,3,,2,,2,1,1,34,4,1,7,2,,3,,,3,1026,
3700,,,,1,2,2,2,1,2,2,2,2,2,2,20141009,10,4,2,1,2,2,,4,1,3,33,4,1,,,1,1,1,5,,564,
3701,,,,1,2,2,2,2,2,2,2,2,2,2,20140914,9,2,2,1,2,2,,4,1,2,33,4,1,,4,1,1,1,5,1,665,
3702,,,,2,2,2,2,2,2,2,2,2,2,2,20140804,8,1,2,1,2,3,1,5,1,3,33,4,1,,4,,1,,,1,499,
3703,,,,2,2,2,2,2,2,2,2,2,2,2,20140922,9,4,1,3,,3,1,4,1,3,34,4,1,,2,5,5,2,3,3,1478,
3704,,,,2,2,2,2,2,2,2,2,2,2,2,20140925,9,2,1,1,2,2,,4,1,2,33,4,1,,4,1,1,2,5,1,1084,
3705,,,,1,2,2,2,1,2,2,2,1,2,1,20140910,9,9,2,3,,2,,2,1,2,33,4,1,7,4,2,2,1,2,3,533,
3706,,,,1,2,2,2,2,2,2,2,2,2,2,20140912,9,2,2,1,4,2,,6,1,3,34,4,1,,4,1,1,2,5,1,630,
3707,,,,1,2,2,2,1,2,2,2,2,2,2,20140911,9,3,1,1,2,3,3,5,1,2,33,4,,,4,1,2,1,5,1,1594,
3708,1,,1,2,2,2,2,2,2,2,2,2,2,2,20150313,3,9,1,3,,2,,2,1,2,34,4,1,2,,5,4,3,4,3,466,90+
3709,,,,2,2,2,2,1,2,2,2,2,2,2,20140925,9,8,2,3,,2,,2,1,1,33,4,1,4,3,4,1,3,4,3,1977,
3710,,,,1,1,2,2,2,2,1,2,1,2,2,20140918,9,8,2,3,,2,2,2,1,2,34,4,1,4,4,4,3,2,3,3,684,
3711,,,,2,2,2,2,2,2,2,2,2,2,2,20140917,9,10,2,3,,1,,1,1,1,33,4,1,1,,4,1,3,4,3,400,
3712,,,,1,2,2,2,2,2,2,2,2,2,2,20141001,10,3,1,1,1,2,,3,1,2,34,4,,,3,1,1,1,5,1,516,
3713,,,,2,2,2,2,2,2,2,2,2,2,2,20140917,9,9,1,3,,1,,1,1,0,33,4,1,1,,5,4,2,3,3,1497,
3714,,,,1,1,2,1,1,2,1,2,1,2,2,20140915,9,7,2,3,,3,,3,1,3,34,4,1,4,4,3,1,2,3,3,769,
3715,,,,2,2,2,2,2,2,2,2,2,2,2,20140921,9,9,2,3,,1,,1,1,1,33,4,1,2,,1,2,1,2,3,400,
3716,,,,1,2,2,1,1,2,2,2,2,2,2,20141007,10,4,1,3,,3,1,3,1,3,33,4,1,,3,4,5,1,2,3,442,
3717,,,,2,2,2,2,2,2,2,2,2,2,2,20140921,9,5,1,3,,1,,1,1,1,34,4,1,2,1,4,4,2,3,3,923,
3718,,,,2,2,2,2,2,2,2,2,2,2,2,20140918,9,7,1,3,,2,,2,1,0,34,4,1,,2,3,4,1,2,3,3694,
3719,,,,2,2,2,2,2,2,2,2,2,2,2,20140916,9,10,2,3,,1,,1,1,1,33,4,1,2,2,4,3,3,4,3,400,
3720,,,,2,2,2,2,2,2,2,2,2,2,2,20140929,9,4,2,2,1,3,1,5,2,2,33,4,1,,2,1,1,1,2,3,1587,
3721,1,2,1,1,1,2,2,1,2,2,2,2,2,2,20150316,3,8,2,3,,1,,1,1,1,33,4,1,4,2,2,1,1,2,3,989,70+
3722,,,,1,2,2,2,1,2,1,2,1,2,2,20150330,3,1,2,1,5,2,,6,2,2,34,4,1,,4,1,1,4,5,1,735,
3723,,,,2,2,2,2,2,2,2,2,1,2,2,20150212,2,4,1,1,3,3,2,6,1,3,34,4,1,,1,,,,,,722,
3724,,,,1,2,2,2,1,2,1,2,1,2,2,20150210,2,3,1,1,2,2,,4,1,2,34,4,1,,4,1,1,1,5,1,687,
3725,,,,1,2,2,2,2,2,2,2,2,2,2,20150328,3,4,1,1,2,2,,4,,,33,4,1,,,3,3,1,5,,956,
3726,1,2,1,1,2,2,1,1,2,2,2,2,2,2,20150212,2,5,2,3,,1,,1,1,1,34,4,1,7,4,3,3,2,3,3,513,65+
3727,,,,2,2,2,2,2,2,2,2,2,2,2,20150221,2,1,1,1,3,2,,5,1,1,34,4,1,,4,1,,,,1,1214,
3728,1,2,1,2,2,2,2,2,2,2,2,2,2,2,20150212,2,5,1,3,,2,,2,0,2,34,4,1,2,4,3,5,1,2,3,1847,70+
3729,1,1,1,1,1,2,2,2,2,2,2,2,2,2,20150320,3,8,2,3,,2,,2,1,1,33,4,1,2,2,5,3,3,4,3,1977,70+
3730,,,,1,2,2,2,2,2,2,2,2,2,2,20150225,2,3,2,1,2,2,,4,1,2,33,4,1,,3,2,1,2,5,1,940,
3731,,,,2,2,2,2,2,2,2,2,2,2,2,20150302,3,3,1,1,2,3,1,5,1,3,33,4,1,,4,2,3,2,5,1,1195,
3732,1,,1,2,2,2,2,2,2,2,2,2,2,2,20150211,2,8,1,3,,2,1,3,1,2,33,4,1,7,4,4,5,2,3,3,2809,
3733,,,,1,2,2,1,1,2,1,2,1,2,2,20150301,3,3,1,1,2,3,3,5,0,2,34,4,1,,2,1,1,1,5,1,1289,
3734,,,,2,2,2,2,2,2,2,2,2,2,2,20150222,2,4,1,3,,2,2,2,1,0,33,4,1,,1,2,2,1,2,2,1178,
3735,,,,2,2,2,2,1,2,2,2,2,2,2,20150219,2,2,1,1,2,2,,4,1,3,33,4,1,,4,1,1,1,5,1,813,
3736,1,,1,1,2,2,2,1,2,2,2,2,2,1,20150218,2,7,2,3,,2,,2,1,2,33,4,1,2,4,,2,,,3,1318,65+
3737,1,1,1,2,2,2,2,2,2,2,2,2,2,2,20150210,2,6,2,2,3,2,,5,1,1,33,4,1,5,4,1,3,1,2,3,14454,75+
3738,,,,1,2,2,2,1,2,2,2,2,2,1,20150217,2,2,2,1,3,2,,5,1,2,33,4,1,,4,1,1,1,5,1,831,
3739,,,,2,2,2,2,2,2,2,2,2,2,2,20150331,3,4,1,1,1,3,,3,0,3,34,4,1,,2,2,4,1,5,,516,
3740,,,,2,2,2,2,2,2,2,2,2,2,2,20150225,2,1,1,1,3,2,,5,1,2,34,4,1,,3,1,,,,1,809,
3741,,,,2,2,2,2,2,2,2,2,2,2,2,20150217,2,10,1,3,,2,2,2,2,0,33,4,1,1,1,4,4,2,3,2,748,
3742,,,,2,2,2,2,2,2,2,2,2,2,2,20150225,2,1,1,1,2,3,3,5,1,1,34,4,1,,,1,1,1,5,1,1214,
3743,,,,2,2,2,2,2,2,2,2,2,2,2,20150221,2,1,1,1,2,1,,3,1,1,33,4,1,,4,1,1,3,5,1,1219,
3744,1,,1,2,2,2,2,2,2,2,2,2,2,2,20150212,2,8,1,3,,2,,2,1,2,34,4,1,2,3,5,5,2,3,3,1231,70+
3745,1,1,2,2,2,2,2,2,2,2,2,2,2,2,20150218,2,9,2,3,,1,,1,1,1,33,4,1,7,2,4,3,2,3,3,400,75+
3746,,,,2,2,2,2,2,2,2,2,2,2,2,20150211,2,2,1,1,3,2,,5,1,1,34,4,1,,2,1,,,,1,1214,
3747,,,,2,2,2,2,2,2,2,2,2,2,2,20150223,2,3,1,1,5,2,,6,1,1,34,4,1,,4,1,1,1,5,1,2320,
3748,3,2,1,2,2,2,2,2,2,2,2,2,2,2,20150210,2,10,2,3,,1,,1,1,1,34,4,1,3,,3,2,2,3,3,342,
3749,,,,1,2,2,2,1,2,2,2,2,2,2,20150325,3,2,2,1,3,2,,5,1,2,34,4,1,,,1,1,1,5,1,700,
3750,,,,1,2,2,2,1,2,2,2,2,2,2,20150327,3,3,1,1,1,3,1,4,1,3,33,4,1,,4,4,5,2,5,1,765,
3751,,,,1,2,2,2,2,2,1,2,2,2,2,20150223,2,3,2,1,2,2,,4,1,1,34,4,1,,3,1,1,2,5,1,1074,
3752,,,,2,2,2,2,2,2,2,2,2,2,2,20150408,4,3,2,1,4,2,,6,1,2,33,4,1,,,,1,,,1,1410,
3753,1,1,2,1,1,2,2,1,2,2,2,2,2,2,20150213,2,7,2,3,,2,,2,1,1,33,4,1,2,,2,1,2,3,3,1977,80+
3754,1,1,2,2,2,2,2,2,2,2,2,2,2,2,20150322,3,9,2,3,,2,,2,1,1,34,4,1,3,2,2,3,1,2,3,684,80+
3755,,,,1,2,2,2,2,2,1,2,1,2,2,20150224,2,4,2,1,2,3,3,5,1,2,34,4,1,,2,2,3,1,5,,895,
3756,,,,1,2,2,1,1,2,2,2,2,2,2,20150218,2,1,2,1,2,2,,4,1,2,33,4,1,,4,1,1,1,5,1,665,
3757,1,2,1,2,2,2,2,2,2,2,2,2,2,2,20150218,2,10,2,3,,1,,1,1,0,33,4,1,2,2,2,3,1,2,3,800,70+
3758,1,1,2,1,1,2,2,2,2,2,2,2,2,2,20150318,3,8,2,3,,1,,1,1,1,34,4,1,4,1,,4,,,3,513,"Pas d’âge, santé implicite"
3759,2,,1,2,2,2,2,2,2,2,2,2,2,2,20150218,2,10,2,3,,1,,1,1,0,33,4,1,2,1,1,1,1,1,3,800,
3760,,,,2,2,2,2,2,2,2,2,2,2,2,20150221,2,1,1,1,1,2,,3,1,2,33,4,1,,2,1,1,4,5,1,813,
3761,,,,2,2,2,2,2,2,2,2,2,2,2,20150222,2,2,2,1,2,2,,4,1,1,33,4,1,,2,1,1,2,5,1,997,
3762,1,,1,2,2,2,2,2,2,2,2,2,2,2,20150316,3,9,2,3,,2,,2,1,0,33,4,1,7,,2,3,1,2,3,1600,
3763,,,,2,2,2,2,2,2,2,2,2,2,2,20150218,2,1,2,1,3,2,,5,1,1,33,4,1,,3,1,1,1,5,1,1247,
3764,1,1,1,2,2,2,2,2,2,2,2,2,2,2,20150211,2,9,2,3,,2,,2,1,0,33,4,1,4,2,2,4,1,2,3,1600,80+
3765,1,2,1,2,2,2,2,2,2,2,2,2,2,2,20150323,3,9,1,3,,2,,2,1,1,34,4,1,2,2,5,5,3,4,3,698,
3766,1,1,1,2,2,2,2,2,2,2,2,2,2,2,20150210,2,10,2,3,,1,,1,1,0,33,4,1,1,1,2,2,1,2,3,800,Ne sais pas
3767,,,,2,2,2,2,2,2,2,2,2,2,2,20150213,2,4,2,1,3,2,2,5,1,3,33,4,1,,1,1,2,1,5,,881,
3768,1,1,1,1,2,2,2,1,2,2,2,2,2,2,20150213,2,8,1,3,,2,,2,1,2,33,4,1,3,4,2,3,1,2,3,1873,70+
3769,,,,2,2,2,2,2,2,2,2,2,2,2,20150228,2,4,2,1,1,2,,3,2,3,33,4,1,,4,2,3,1,5,,211,
3770,1,,1,2,2,2,2,2,2,2,2,2,2,2,20150218,2,9,1,3,,1,,1,1,0,33,4,1,2,1,4,5,2,3,3,1497,65+
3771,1,,1,2,2,2,2,2,2,2,2,2,2,2,20150218,2,9,1,3,,3,3,3,2,1,33,4,1,1,1,4,3,3,4,3,1497,
3772,1,1,1,2,2,2,2,2,2,2,2,2,2,1,20150221,2,8,2,3,,2,,2,1,2,33,4,1,1,4,3,1,3,4,3,1318,75+
3773,,,,2,2,2,2,2,2,2,2,2,2,2,20150226,2,4,1,1,2,2,,4,1,2,33,4,1,,4,,1,,,,1275,
3774,,,,1,2,2,2,2,2,2,2,2,2,2,20150331,3,1,1,1,1,2,,3,1,2,34,4,1,,2,1,1,4,5,1,485,
3775,1,1,2,2,2,2,2,2,2,2,2,2,2,2,20150211,2,10,1,3,,1,,1,0,1,33,4,1,1,2,3,3,1,2,3,1497,65+
3776,1,1,1,1,2,2,2,2,2,1,2,1,2,2,20150210,2,9,2,3,,2,,2,1,1,34,4,1,2,1,,1,,,3,684,80+
3777,3,1,1,2,2,2,2,2,2,2,2,2,2,2,20150323,3,9,2,3,,2,,2,2,1,34,4,1,1,2,3,3,1,2,3,456,75+
3778,,,,1,2,2,2,1,2,2,2,2,2,2,20150323,3,2,2,1,1,2,,3,1,2,34,4,1,,4,1,,,,1,420,
3779,,,,1,2,2,1,1,2,2,2,2,2,2,20150320,3,1,1,1,2,2,,4,1,2,33,4,1,,4,1,1,1,5,1,1084,
3780,1,1,1,1,2,2,1,2,2,2,2,2,2,2,20150212,2,8,2,3,,2,,2,1,2,33,4,1,4,4,4,3,2,3,3,1318,"Pas d’âge, santé implicite"
3781,3,,1,2,2,2,2,2,2,2,2,2,2,2,20150320,3,8,1,3,,3,1,3,1,2,33,4,1,7,2,4,5,1,2,3,2809,
3782,1,1,1,2,2,2,2,2,2,2,2,2,2,2,20150314,3,7,2,3,,3,1,3,1,2,34,4,1,4,,3,3,2,3,3,1026,65+
3783,3,,1,2,2,2,2,2,2,2,2,2,2,2,20150319,3,9,2,3,,1,,1,1,1,33,4,1,6,1,3,2,2,3,3,400,80+
3784,1,1,1,2,2,2,2,2,2,2,2,2,2,2,20150211,2,9,2,3,,2,,2,1,1,33,4,1,4,,2,1,1,2,3,800,
3785,1,2,1,2,2,2,2,2,2,2,2,2,2,2,20150320,3,9,2,3,,2,,2,1,1,33,4,1,6,2,2,2,1,2,3,800,65+
3786,1,2,1,1,2,2,2,2,2,2,2,2,2,2,20150216,2,6,2,2,4,2,,6,1,2,34,4,1,1,,5,2,3,4,3,7552,70+
3787,,,,1,2,2,2,1,2,2,2,2,2,2,20150223,2,2,2,1,2,1,,3,1,1,34,4,1,,2,2,1,3,5,1,630,
3788,1,1,1,2,2,2,2,2,2,2,2,2,2,2,20150217,2,9,2,3,,2,,2,1,1,34,4,1,4,2,2,1,1,2,3,684,70+
3789,1,,1,2,2,2,2,2,2,2,2,2,2,2,20150212,2,7,1,3,,2,,2,1,2,34,4,1,1,3,2,5,1,2,3,1231,70+
3790,,,,1,2,2,1,2,2,2,2,2,2,2,20150211,2,4,1,1,2,2,,4,1,3,33,4,1,,3,3,4,1,5,,765,
3791,,,,2,2,2,2,2,2,2,2,2,2,2,20150222,2,1,1,1,2,2,,4,1,2,33,4,1,,2,1,1,4,5,1,1084,
3792,,,,2,2,2,2,2,2,2,2,2,2,2,20150222,2,1,2,1,2,3,,6,2,1,33,4,1,,4,1,,,,1,598,
3793,,,,2,2,2,2,2,2,2,2,2,2,2,20150226,2,3,1,1,3,2,2,5,1,3,33,4,2,,4,,,,,1,1195,
3794,,,,2,2,2,2,2,2,2,2,2,2,2,20150223,2,3,1,1,3,2,,5,1,2,33,4,1,,3,1,1,1,5,1,1594,
3795,1,2,1,2,2,2,2,2,2,2,2,2,2,2,20150323,3,9,1,3,,2,2,2,1,1,33,4,1,5,3,4,4,2,3,3,1497,
3796,,,,2,2,2,2,2,2,2,2,2,2,2,20150331,3,2,2,1,2,2,,4,1,2,34,4,1,,4,1,1,1,5,1,560,
3797,1,1,1,1,2,2,2,1,2,2,2,2,2,2,20150320,3,8,2,3,,2,,2,1,2,34,4,1,3,3,,2,,,3,684,80+
3798,1,1,1,1,2,2,2,2,2,2,2,2,2,2,20150323,3,10,2,3,,2,1,2,1,3,33,4,1,2,2,3,4,1,2,3,400,"Pas d’âge, santé implicite"
3799,1,2,1,2,2,2,2,2,2,2,2,2,2,2,20150404,4,4,1,2,1,3,1,5,1,3,33,4,1,,4,3,4,1,2,3,1723,70+
3800,,,,2,2,2,2,2,2,2,2,2,2,2,20150212,2,3,2,1,1,3,2,5,1,3,33,4,1,,4,2,1,2,5,1,705,
3801,,,,2,2,2,2,2,2,2,2,1,2,2,20150313,3,2,1,1,3,2,,5,1,2,34,4,1,,4,1,1,2,5,1,809,
3802,,,,1,1,2,2,1,2,2,2,2,2,2,20140715,7,9,1,3,,1,,1,1,1,33,4,1,7,,5,1,3,4,3,748,
3803,,,,2,2,2,2,2,2,2,2,1,2,2,20140718,7,5,1,3,,1,,1,0,1,34,4,1,6,3,5,5,3,4,3,1847,
3804,,,,1,2,2,2,2,2,2,2,2,2,2,20140727,7,4,2,1,2,2,,4,0,3,34,4,1,,4,2,4,1,5,,537,
3805,,,,1,1,2,2,2,2,2,2,2,2,2,20140727,7,4,1,3,,2,,2,0,2,33,4,1,,1,2,4,1,2,3,589,
3806,,,,2,1,2,2,1,2,2,2,2,2,2,20140715,7,8,1,2,2,2,,4,1,2,33,4,1,2,2,4,2,3,4,3,10951,
3807,,,,2,2,2,2,2,2,2,2,2,2,2,20150227,2,2,1,1,2,2,,4,1,3,33,4,1,,3,1,1,1,5,1,813,
3808,,,,2,2,2,2,2,2,2,2,2,2,2,20141020,10,8,2,3,,3,,4,1,0,34,4,1,1,,4,1,3,4,3,4103,
3809,,,,2,2,2,2,2,2,2,2,2,2,2,20141011,10,7,2,3,,2,,2,2,0,34,4,1,2,3,2,3,1,2,3,1026,
3810,1,2,1,1,1,2,2,1,2,2,2,2,2,2,20141118,11,4,2,2,1,2,1,3,1,2,33,4,1,,1,5,5,3,4,3,1270,70+
3811,,,,2,2,2,2,2,2,2,2,2,2,2,20141021,10,6,2,2,1,1,,2,1,1,34,4,1,2,1,5,1,3,4,3,3776,
3812,1,,1,2,2,2,2,2,2,2,2,2,2,2,20150114,1,10,2,3,,1,,1,1,0,33,4,1,4,1,3,3,1,2,3,800,
3813,,,,2,2,2,2,2,2,2,2,2,2,2,20141029,10,2,1,1,1,2,,3,1,1,33,4,1,,1,1,,,,1,1219,
3814,,,,1,2,2,2,2,2,2,2,1,2,2,20150323,3,1,2,1,2,2,,4,2,2,34,4,1,,4,1,1,1,5,1,420,
3815,1,1,1,1,1,1,1,1,2,2,2,2,2,2,20141213,12,4,1,3,,2,2,2,1,2,33,4,1,,,4,5,1,2,3,393,
3816,,,,2,2,2,2,2,2,2,2,2,2,2,20141021,10,7,1,3,,1,,1,1,0,33,4,1,2,,5,5,3,4,3,2809,
3817,,,,1,2,2,1,2,2,2,2,2,2,2,20141029,10,3,2,1,2,2,2,4,1,2,33,4,1,,4,1,2,1,5,1,940,
3818,,,,1,2,2,2,2,2,2,2,2,2,2,20150120,1,3,2,1,1,3,1,4,1,2,34,4,1,,3,1,3,1,5,1,716,
3819,,,,1,1,2,1,1,2,2,2,2,2,2,20141014,10,7,2,3,,3,3,3,1,1,33,4,1,3,1,5,1,3,4,3,2966,
3820,,,,2,2,2,2,2,2,2,2,2,2,2,20141028,10,3,1,1,2,2,,4,2,3,33,4,1,,4,1,1,1,5,1,765,
3821,,,,1,1,2,1,1,2,2,2,2,2,2,20141021,10,5,2,3,,2,,2,1,2,34,4,1,4,2,4,3,3,4,3,684,
3822,,,,1,2,2,2,1,2,2,2,2,2,2,20150210,2,9,2,3,,2,,2,1,2,33,4,1,2,1,2,1,2,3,2,533,
3823,1,1,1,1,2,2,2,2,2,2,2,2,2,2,20141213,12,6,1,2,3,2,2,5,1,2,33,4,1,5,4,4,4,2,3,3,13689,65+
3824,1,2,1,1,2,2,2,1,2,2,2,2,2,2,20141213,12,6,2,3,,2,,2,0,2,34,4,1,4,2,5,4,3,4,3,1026,75+
3825,1,2,1,2,2,2,2,2,2,2,2,2,2,2,20150218,2,5,2,2,1,3,,5,0,3,33,4,1,6,,2,2,1,2,3,7227,50+
3826,,,,2,2,2,2,2,2,2,2,2,2,2,20150124,1,4,1,1,1,2,2,3,1,2,33,4,1,,1,3,3,2,5,,956,
3827,1,1,1,2,2,2,2,2,2,2,2,2,2,2,20150128,1,4,2,2,1,3,1,4,0,2,33,4,1,,,1,1,1,2,3,2540,65+
3828,1,2,1,2,2,2,2,2,2,2,2,2,2,2,20150212,2,8,1,3,,2,,2,1,2,34,4,1,4,4,4,5,2,3,3,1231,75+
3829,1,2,1,1,2,2,2,1,2,2,2,2,2,2,20150217,2,4,2,3,,2,,2,0,2,33,4,1,,1,5,2,3,4,3,1977,65+
3830,,,,1,1,2,2,1,2,2,2,2,2,1,20140917,9,8,2,3,,2,,2,1,1,33,4,,4,3,,1,,,3,1977,
3831,,,,1,1,2,2,1,2,2,2,2,2,2,20140911,9,7,2,3,,1,,1,1,1,33,4,1,4,3,3,2,2,3,3,989,
3832,,,,1,2,2,2,2,2,2,2,2,2,2,20140917,9,3,2,1,1,2,,3,1,1,34,4,1,,2,1,4,1,5,1,806,
3833,,,,1,1,2,2,2,2,2,2,2,2,2,20140805,8,1,2,1,2,2,,4,1,2,33,4,1,,3,1,,,,1,665,
3834,,,,2,2,2,2,2,2,1,2,1,2,2,20141028,10,4,1,2,1,3,3,4,1,3,34,4,1,,4,5,5,2,5,,816,
3835,1,1,1,2,2,2,2,2,2,2,2,2,2,2,20141120,11,10,2,3,,1,,1,1,1,34,4,1,4,2,3,3,2,3,3,342,Mon âge
3836,,,,2,2,2,2,1,2,2,2,2,2,2,20140903,9,3,2,1,4,3,,6,1,2,33,4,1,,2,3,4,2,5,1,1645,
3837,,,,2,2,2,2,2,2,2,2,2,2,2,20140814,8,7,1,3,,1,,1,0,2,33,4,1,6,2,5,5,3,4,3,1404,
3838,,,,1,2,2,2,2,2,2,2,2,2,2,20141030,10,1,2,1,1,3,1,4,2,3,33,4,1,,4,1,1,1,5,1,399,
3839,1,2,1,2,2,1,1,1,2,2,2,2,2,2,20150123,1,7,2,3,,1,,1,2,0,33,4,1,2,2,4,2,3,4,3,989,60+
3840,,,,2,2,2,2,2,2,2,2,2,2,2,20140821,8,1,1,1,1,2,,3,1,2,33,4,1,,4,1,,,,1,813,
3841,,,,1,1,2,2,1,2,2,2,2,2,2,20141124,11,3,1,1,2,2,,4,1,1,34,4,1,,4,1,1,1,5,1,1031,
3842,1,1,1,2,2,2,2,2,2,2,2,2,2,2,20141119,11,10,2,3,,1,,1,1,0,33,4,1,2,1,2,3,1,2,3,800,70+
3843,,,,2,2,2,2,2,2,2,2,2,2,2,20140817,8,1,1,1,2,3,3,5,1,1,34,4,1,,1,1,,,,1,1214,
3844,,,,2,2,2,2,2,2,2,2,2,2,2,20141103,11,4,1,1,2,3,,5,1,3,34,4,1,,1,3,5,1,5,,516,
3845,1,2,2,2,2,2,2,2,2,2,2,2,2,2,20141120,11,10,2,3,,1,,1,1,0,33,4,1,7,,4,2,3,4,3,800,60+
3846,3,2,1,2,2,2,2,2,2,2,2,2,2,2,20141124,11,9,1,3,,1,,1,1,1,34,4,1,2,,4,3,2,3,3,349,
3847,,,,2,2,2,2,2,2,2,2,2,2,2,20140820,8,3,2,1,2,2,,4,1,3,33,4,1,,2,1,1,3,5,1,705,
3848,,,,,2,2,2,2,2,2,2,2,2,2,20140823,8,1,1,1,4,2,,6,0,3,34,4,1,,4,1,1,4,5,1,583,
3849,,,,1,2,2,1,2,2,2,2,2,2,2,20140814,8,7,1,3,,3,2,4,1,3,33,4,1,2,4,2,3,1,2,3,2247,
3850,,,,2,2,2,2,2,2,2,2,1,2,1,20140819,8,7,1,2,1,1,,2,0,2,33,4,1,3,2,5,5,2,3,3,8213,
3851,,,,2,2,2,2,2,2,2,2,1,2,2,20140813,8,4,2,3,,3,2,6,1,3,33,4,1,,,3,3,2,3,3,434,
3852,,,,2,2,2,2,2,2,2,2,2,2,2,20140814,8,6,1,3,,3,,6,0,3,34,4,1,6,,2,2,1,2,3,1847,
3853,,,,2,2,2,2,2,2,2,2,2,2,2,20141028,10,2,2,1,5,1,,6,1,1,33,4,1,,,1,1,1,5,1,1496,
3854,,,,2,2,2,2,2,2,2,2,2,2,2,20141103,11,1,2,1,1,2,,3,1,2,33,4,1,,4,1,1,1,5,1,499,
3855,,,,1,2,2,2,2,2,2,2,2,2,2,20140906,9,3,2,1,3,2,2,5,0,3,34,4,1,,2,1,1,1,5,1,895,
3856,1,2,1,1,2,2,2,1,2,2,2,2,2,2,20150317,3,5,1,3,,2,,2,1,2,33,4,1,2,2,5,4,3,4,3,1873,80+
3857,,,,1,2,2,2,1,2,2,2,2,2,2,20141126,11,1,1,1,3,2,,5,1,2,34,4,1,,3,1,1,1,5,1,809,
3858,,,,1,2,2,2,2,2,2,2,2,2,2,20141029,10,2,2,1,4,3,1,6,1,3,34,4,1,,3,1,1,1,5,1,735,
3859,,,,2,2,2,2,2,2,2,2,2,2,2,20141028,10,4,1,1,1,3,1,4,1,3,33,4,1,,4,4,5,2,5,,765,
3860,,,,2,2,2,2,2,2,2,2,2,2,2,20141101,11,2,2,1,3,2,,5,1,2,34,4,1,,2,1,1,1,5,1,700,
3861,,,,2,2,2,2,2,2,2,2,2,2,2,20141031,10,4,1,1,1,2,,3,1,2,33,4,1,,2,2,5,1,5,,956,
3862,,,,2,2,2,2,2,2,2,2,2,2,2,20150127,1,1,2,1,1,2,,3,1,2,33,4,1,,2,1,,,,1,499,
3863,,,,2,2,2,2,2,2,2,2,2,2,2,20141103,11,1,1,1,2,3,1,5,2,3,33,4,1,,4,1,,,,1,290,
3864,,,,1,1,2,2,2,2,2,2,2,2,2,20141021,10,3,1,1,2,2,,4,1,1,33,4,1,,2,1,1,1,5,1,1913,
3865,,,,2,2,2,2,2,2,2,2,2,2,2,20141010,10,9,1,3,,2,,2,1,2,33,4,1,5,4,5,5,3,4,3,998,
3866,,,,1,2,2,2,1,2,2,2,2,2,2,20141103,11,2,2,2,1,2,,3,1,2,33,4,1,,4,1,1,2,5,1,898,
3867,,,,1,1,2,2,2,2,2,2,2,2,2,20141017,10,4,2,1,2,2,,4,1,3,33,4,1,,,2,3,1,5,,470,
3868,,,,1,1,2,2,2,1,2,2,2,2,2,20141022,10,5,2,3,,3,4,4,1,3,33,4,1,4,4,5,2,3,4,3,1582,
3869,,,,2,2,2,2,2,2,2,2,2,2,2,20141021,10,1,2,1,2,3,3,5,1,1,33,4,1,,2,1,1,4,5,1,1247,
3870,,,,2,2,2,2,2,2,2,2,2,2,2,20141021,10,10,2,3,,2,,2,1,1,33,4,1,2,,2,2,1,2,3,800,
3871,,,,2,2,2,2,2,2,2,2,2,2,2,20141011,10,9,1,3,,2,,2,1,2,34,4,1,2,3,5,5,3,4,2,466,
3872,,,,1,2,2,2,1,2,2,2,2,2,2,20141017,10,10,2,3,,1,,1,1,0,33,4,1,2,,1,1,1,2,3,800,
3873,,,,2,2,2,2,2,2,2,2,1,2,2,20141014,10,9,2,3,,2,,2,1,2,34,4,1,3,2,,3,,,3,456,
3874,,,,1,2,2,2,1,2,2,2,2,2,2,20141016,10,10,1,3,,1,,1,1,0,34,4,1,2,1,4,5,1,2,3,698,
3875,,,,2,2,2,2,2,2,2,2,2,2,2,20141018,10,10,2,3,,2,,2,2,1,34,4,1,1,1,4,2,3,4,3,274,
3876,,,,1,2,2,2,2,2,2,2,2,2,2,20141016,10,7,2,3,,3,3,3,1,3,34,4,1,2,4,2,1,1,2,3,769,
3877,,,,2,2,2,2,2,2,2,2,2,2,2,20141011,10,10,2,3,,2,2,2,1,1,33,4,1,2,3,4,3,3,4,3,800,
3878,,,,2,2,2,2,2,2,2,2,2,2,2,20141014,10,9,2,3,,2,,2,1,2,34,4,1,1,3,3,2,2,3,3,456,
3879,,,,2,2,2,2,2,2,2,2,2,2,2,20141021,10,2,1,1,5,2,2,6,1,1,33,4,1,,,,,,,1,2845,
3880,,,,2,2,2,2,2,2,2,2,2,2,2,20141029,10,4,2,1,4,2,2,,1,3,33,4,1,,2,2,2,1,5,,705,
3881,,,,2,2,2,2,2,2,2,2,2,2,2,20141024,10,2,2,1,2,2,,4,1,2,33,4,1,,3,1,1,1,5,1,665,
3882,,,,2,2,2,2,2,2,2,2,2,2,2,20141011,10,9,2,3,,2,,2,1,1,34,4,1,2,2,4,1,3,4,3,684,
3883,,,,1,1,1,2,2,2,1,2,1,2,2,20141021,10,8,2,3,,2,,2,1,2,34,4,1,2,2,2,1,1,2,3,684,
3884,,,,2,2,2,2,2,2,2,2,2,2,2,20141021,10,6,1,2,3,2,,5,1,2,34,4,1,3,4,5,5,3,4,3,11331,
3885,,,,2,2,2,2,2,2,2,2,2,2,2,20141011,10,7,2,3,,2,,2,1,2,34,4,1,2,2,4,2,3,4,3,684,
3886,,,,1,1,2,2,1,2,2,2,2,2,2,20141010,10,10,2,3,,3,1,4,2,3,33,4,1,7,4,2,3,1,2,2,533,
3887,,,,2,2,2,2,2,2,2,2,2,2,2,20141012,10,7,1,2,1,3,1,4,1,2,34,4,1,1,1,5,5,3,4,3,9065,
3888,,,,2,2,2,2,2,2,2,2,2,2,2,20141012,10,5,2,2,1,3,,4,1,3,33,4,1,5,2,2,2,1,2,3,5782,
3889,,,,2,2,2,2,2,2,2,2,1,2,2,20141010,10,4,1,1,2,2,,4,1,3,34,4,1,,4,3,5,1,5,,516,
3890,,,,2,2,2,2,2,2,2,2,2,2,2,20141010,10,10,2,3,,2,,2,2,0,33,4,1,6,2,3,2,2,3,3,800,
3891,,,,1,2,2,2,1,2,2,2,2,2,2,20141021,10,5,1,3,,1,,1,1,1,34,4,1,1,4,5,5,2,3,3,923,
3892,,,,2,2,2,2,2,2,2,2,2,2,2,20141020,10,10,1,3,,2,,2,1,1,33,4,1,7,,4,5,2,3,3,1497,
3893,,,,2,2,2,2,2,2,2,2,2,2,2,20141011,10,9,2,3,,1,,1,1,1,34,4,1,2,2,2,1,2,3,3,342,
3894,,,,2,2,2,2,2,2,2,2,2,2,2,20141012,10,4,1,3,,3,1,3,1,3,33,4,1,,1,5,5,3,4,3,2107,
3895,,,,1,2,1,1,2,1,2,2,2,2,1,20141011,10,6,2,2,1,1,,2,1,2,33,4,1,5,2,3,1,3,4,3,3855,
3896,,,,1,1,2,2,1,2,2,2,2,2,2,20141010,10,8,2,3,,1,,1,1,1,34,4,1,1,2,4,1,3,4,3,513,
3897,1,2,2,2,2,2,2,2,2,2,2,2,2,2,20141124,11,10,1,3,,1,,1,1,0,34,4,1,6,1,3,4,1,2,3,698,70+
3898,,,,2,2,2,2,2,2,2,2,2,2,2,20141103,11,1,2,1,2,2,,4,1,2,33,4,1,,4,1,1,1,5,1,665,
3899,,,,1,1,2,2,1,2,2,2,2,2,2,20141023,10,9,1,3,,1,,1,1,1,34,4,1,4,2,5,1,3,4,3,349,
3900,,,,2,2,2,2,2,2,2,2,2,2,2,20141024,10,10,2,3,,1,1,1,1,2,33,4,1,2,1,1,1,1,2,3,267,
3901,,,,1,2,2,2,1,2,2,2,2,2,2,20150126,1,2,1,1,4,2,,6,1,2,34,4,1,,2,1,1,1,5,1,971,
3902,,,,2,2,2,2,2,2,2,2,2,2,2,20150124,1,2,2,1,3,2,,5,1,2,34,4,1,,3,1,1,1,5,1,700,
3903,,,,2,2,2,2,2,2,2,2,2,2,2,20141024,10,9,2,3,,1,1,1,1,0,33,4,1,5,1,4,2,3,4,3,800,
3904,,,,2,2,2,2,2,2,2,2,2,2,2,20141029,10,3,2,1,2,2,,4,1,0,33,4,1,,1,,2,,,1,2819,
3905,1,2,1,2,2,2,2,2,2,2,2,2,2,2,20150218,2,8,1,3,,1,,1,1,1,34,4,1,2,2,5,4,3,4,3,923,65+
3906,3,,1,2,2,2,2,2,2,2,2,2,2,2,20150113,1,10,1,3,,1,,1,1,0,34,4,1,1,1,2,4,1,1,3,698,
3907,1,2,1,2,2,2,2,2,2,2,2,2,2,2,20150314,3,9,2,3,,1,,1,2,0,33,4,1,2,1,3,3,1,2,3,400,70+
3908,,,,2,2,2,2,2,2,2,2,2,2,2,20141024,10,2,1,1,3,2,2,5,1,2,34,4,1,,2,1,,,,1,809,
3909,1,1,1,1,2,2,1,1,2,2,2,2,2,2,20150113,1,8,1,3,,2,,2,1,2,34,4,1,3,4,3,4,1,2,3,1231,75+
3910,1,1,2,2,2,2,2,2,2,2,2,2,2,2,20150129,1,4,2,2,1,3,1,4,2,2,33,4,1,,2,2,2,1,2,3,1016,"Pas d’âge, santé implicite"
3911,,,,1,2,2,2,1,2,2,2,2,2,2,20141024,10,9,2,3,,1,,1,1,1,34,4,1,3,4,3,2,2,3,3,342,
3912,,,,2,2,2,2,2,2,2,2,2,2,2,20141028,10,2,2,1,2,2,,4,1,3,33,4,1,,4,1,1,3,5,1,499,
3913,1,2,2,2,2,2,2,2,2,2,2,2,2,2,20150111,1,10,1,3,,2,,2,,0,33,4,1,6,,4,4,2,3,3,1497,80+
3914,,,,2,2,2,2,2,2,2,2,2,2,2,20141219,12,3,1,2,2,2,2,4,1,3,33,4,1,,4,3,5,1,5,1,1378,
3915,,,,2,2,2,2,2,2,2,2,2,2,2,20141125,11,2,2,1,2,2,,4,1,1,33,4,1,,,1,,,,1,997,
3916,,,,2,2,2,2,2,2,2,2,2,2,2,20141027,10,2,1,1,1,2,,3,1,2,34,4,1,,4,,,,,1,485,
3917,1,2,1,2,2,1,2,2,2,2,2,2,2,2,20150219,2,8,2,3,,2,,2,1,1,34,4,1,6,1,1,1,1,2,3,1026,75+
3918,,,,1,2,2,2,1,2,2,2,2,1,2,20141029,10,4,2,1,1,2,,3,1,3,34,4,1,,4,1,3,1,5,,403,
3919,,,,1,1,2,2,1,2,2,2,2,2,2,20141027,10,4,2,1,2,2,,4,1,3,34,4,1,,2,2,3,1,5,,537,
3920,,,,1,2,2,2,1,2,2,2,2,2,2,20141025,10,1,2,1,1,2,,3,1,2,33,4,1,,2,1,1,4,5,1,499,
3921,,,,2,2,2,2,2,2,2,2,2,2,2,20141029,10,1,2,1,1,2,,3,1,2,33,4,1,,3,1,,,,1,499,
3922,,,,1,2,2,2,2,2,2,2,2,2,2,20150125,1,2,1,1,3,2,,5,1,2,34,4,1,,4,1,1,3,5,1,809,
3923,,,,1,2,2,2,1,2,2,2,2,2,2,20150128,1,4,1,1,2,2,,4,1,3,33,4,1,,4,3,4,1,5,,956,
3924,1,2,2,2,2,2,2,2,2,2,2,2,2,2,20150217,2,10,2,3,,1,,1,1,0,34,4,1,1,1,2,1,2,3,3,684,80+
3925,1,2,1,2,2,2,2,2,2,2,2,2,2,2,20150114,1,8,2,3,,2,,2,1,0,34,4,1,1,2,5,3,3,4,3,2052,
3926,1,2,1,1,2,2,2,2,2,2,2,2,2,2,20150118,1,7,2,3,,3,1,3,1,3,34,4,1,4,3,3,3,1,2,3,769,"Pas d’âge, santé implicite"
3927,1,1,1,1,1,2,2,2,2,2,2,2,2,2,20150119,1,8,2,3,,2,,2,1,1,33,4,1,6,2,5,3,3,4,3,1977,80+
3928,,,,1,2,2,2,2,2,1,2,1,2,2,20150126,1,4,1,1,2,2,,4,1,3,34,4,1,,4,2,2,1,5,,412,
3929,1,2,1,1,2,2,2,1,2,2,2,2,2,2,20141129,11,4,1,3,,3,,4,1,3,34,4,1,,3,4,5,1,2,3,222,
3930,,,,2,2,2,2,2,2,2,2,2,2,2,20141113,11,8,2,3,,2,,2,1,2,33,4,1,3,2,4,2,3,4,3,1318,
3931,,,,1,2,2,2,2,2,2,2,1,2,2,20141118,11,1,1,1,1,2,,3,1,2,34,4,1,,,1,1,4,5,1,485,
3932,1,1,1,2,2,2,2,2,2,2,2,2,2,2,20141114,11,8,1,3,,2,2,2,2,1,34,4,1,6,4,5,5,2,3,3,1231,"Pas d’âge, santé implicite"
3933,,,,2,2,2,2,2,2,2,2,2,2,2,20141124,11,2,2,1,2,2,,4,1,2,34,4,1,,4,1,1,1,5,1,560,
3934,,,,2,2,2,2,2,2,2,2,2,2,2,20141112,11,6,2,2,3,2,,5,1,2,33,4,1,4,2,1,1,1,2,3,9636,
3935,,,,1,2,2,1,1,2,2,2,2,2,2,20141112,11,4,2,1,1,3,3,4,1,3,34,4,1,,4,2,2,1,5,,430,
3936,1,1,1,2,2,2,2,2,2,2,2,2,2,2,20141116,11,10,1,3,,2,,2,1,2,34,4,1,1,2,4,5,1,2,3,466,60+
3937,1,2,1,2,2,1,2,1,2,2,2,2,2,2,20141115,11,5,2,2,1,2,,3,1,2,34,4,1,3,3,5,4,2,3,3,3776,80+
3938,,,,2,2,2,2,2,2,2,2,2,2,2,20141110,11,9,2,3,,1,,1,2,1,34,4,1,5,1,3,3,2,3,3,228,
3939,1,2,1,2,2,2,2,2,2,2,2,2,2,2,20141117,11,9,1,3,,2,,2,2,2,34,4,1,7,3,4,4,2,3,3,349,70+
3940,1,1,1,2,2,2,2,2,2,2,2,2,2,2,20141124,11,9,1,3,,1,,1,1,0,34,4,1,1,1,5,5,3,4,3,698,
3941,,,,2,2,2,2,2,2,2,2,2,2,2,20141113,11,6,2,3,,1,,1,1,1,34,4,1,6,3,4,3,2,3,3,513,
3942,,,,1,2,2,2,2,2,2,2,2,2,2,20141124,11,1,2,1,2,1,,3,1,1,34,4,1,,1,1,1,2,5,1,630,
3943,1,2,2,2,2,2,2,2,2,2,2,2,2,2,20141115,11,10,2,3,,1,,1,1,,33,4,1,2,1,1,1,1,2,3,800,
3944,,,,1,2,2,1,1,2,2,2,1,2,2,20141127,11,4,2,1,3,2,2,5,1,3,34,4,1,,,2,3,1,5,,671,
3945,1,1,1,2,2,2,2,2,2,2,2,2,2,2,20141114,11,8,1,2,3,3,3,6,1,3,34,4,1,4,4,4,5,1,2,3,9065,80+
3946,,,,1,2,2,1,2,2,2,2,1,2,2,20141126,11,1,2,1,2,2,,4,1,2,34,4,1,,3,1,,,,1,560,
3947,1,2,1,2,2,2,2,2,2,2,2,2,2,2,20141114,11,9,2,3,,1,,1,1,1,34,4,1,1,1,5,1,3,4,3,342,Mon âge
3948,,,,1,2,2,2,1,2,2,2,2,2,2,20141119,11,2,2,1,2,2,,4,2,2,34,4,1,,,1,,,,1,336,
3949,,,,2,2,2,2,2,2,2,2,2,2,2,20141113,11,7,1,3,,3,1,3,1,3,33,4,1,4,4,5,5,2,3,3,2107,
3950,1,2,1,2,2,2,2,2,2,2,2,2,2,2,20141114,11,8,1,3,,2,,2,2,1,33,4,1,7,4,4,4,2,3,3,936,70+
3951,,,,1,2,2,1,1,2,2,2,2,2,2,20141125,11,1,1,1,3,2,,5,1,2,34,4,1,,4,1,1,1,5,1,809,
3952,1,2,1,2,2,2,2,2,2,2,2,2,2,2,20141114,11,8,2,3,,2,,2,1,0,34,4,1,6,,1,1,1,2,3,2052,75+
3953,,,,1,2,2,,,2,2,2,2,2,2,20141222,12,1,1,1,1,2,,3,1,2,33,4,1,,4,1,,,,1,813,
3954,,,,2,2,2,2,2,2,2,2,2,2,2,20150106,1,1,2,1,2,2,,4,1,2,34,4,1,,,1,,,,1,560,
3955,,,,2,2,2,2,2,2,2,2,2,2,2,20141112,11,6,1,3,,1,,2,1,2,34,4,1,1,3,5,4,2,3,3,1231,
3956,1,2,1,1,2,2,1,1,2,2,2,2,2,2,20141115,11,5,1,2,1,2,1,3,1,2,33,4,1,3,4,5,5,2,3,3,8213,
3957,,,,1,1,2,2,1,2,2,2,2,2,2,20141113,11,8,2,3,,2,,2,1,2,34,4,1,4,2,4,3,2,3,3,684,
3958,1,2,1,2,2,2,2,2,2,2,2,2,2,2,20141115,11,5,2,2,2,2,2,4,1,,34,4,1,,,,,,,3,15104,70+
3959,,,,2,2,2,2,2,2,2,2,2,2,2,20141117,11,4,2,1,2,2,,4,1,3,33,4,1,,4,3,3,2,5,,705,
3960,1,2,1,1,2,2,2,2,2,2,2,2,2,2,20141129,11,4,1,2,1,3,4,5,1,3,34,4,1,,3,4,5,1,2,3,1021,
3961,1,1,1,2,2,2,2,2,2,2,2,2,2,2,20141121,11,9,2,3,,2,,2,1,1,33,4,1,2,2,3,2,2,3,3,800,75+
3962,,,,2,2,2,2,2,2,2,2,2,2,2,20141126,11,1,1,1,5,2,,6,1,2,34,4,1,,,1,,,,1,1456,
3963,,,,1,2,2,2,2,2,2,2,2,2,2,20141119,11,4,1,1,3,2,,5,1,2,33,4,1,,4,2,5,1,5,,1594,
3964,,,,1,2,2,2,2,2,1,2,1,2,2,20141129,11,2,2,1,3,1,,4,1,2,34,4,1,,2,1,1,1,5,1,560,
3965,,,,2,2,2,2,2,2,2,2,2,2,2,20141120,11,1,2,1,1,2,,3,1,2,34,4,1,,4,1,1,4,5,1,420,
3966,,,,1,2,2,2,2,2,2,2,2,2,2,20141119,11,2,2,1,1,2,,3,1,1,34,4,1,,3,1,1,3,5,1,630,
3967,,,,2,2,2,2,2,2,2,2,2,2,2,20150105,1,2,1,1,4,3,1,5,2,3,34,4,1,,,1,,,,1,405,
3968,,,,1,1,2,2,1,2,2,2,2,2,2,20141124,11,3,2,1,1,2,,3,1,2,34,4,1,,3,1,1,1,5,1,537,
3969,,,,1,2,2,2,2,2,2,2,1,2,2,20141118,11,1,2,1,1,3,,4,1,3,34,4,1,,4,1,1,4,5,1,420,
3970,,,,1,2,2,2,2,2,,2,2,2,2,20141124,11,4,1,1,2,3,1,5,2,3,34,4,1,,4,2,5,1,5,,430,
3971,,,,2,2,2,2,2,2,1,2,1,2,2,20150103,1,1,1,1,2,2,,4,1,2,34,4,1,,2,1,1,4,5,1,647,
3972,,,,1,1,2,2,2,2,1,2,1,2,2,20141123,11,4,2,2,1,3,,,,,34,4,1,,,,,,,3,1063,
3973,,,,1,2,2,2,1,2,2,2,2,2,2,20141126,11,2,2,1,3,2,,5,2,2,34,4,1,,4,1,,,,1,525,
3974,,,,2,2,2,2,2,2,2,2,2,2,2,20141218,12,1,2,1,3,2,,5,1,1,34,4,1,,3,1,1,4,5,1,1050,
3975,3,2,1,2,2,2,2,2,2,2,2,2,2,2,20141120,11,9,1,3,,2,,2,1,1,33,4,1,6,4,5,4,3,4,3,1497,
3976,,,,2,2,2,2,2,2,2,2,2,2,2,20141121,11,1,2,1,1,2,,3,1,2,34,4,1,,4,1,1,4,5,1,420,
3977,1,2,2,2,2,2,2,2,2,2,2,2,2,2,20141121,11,9,1,3,,2,,2,1,0,34,4,1,2,2,4,4,2,3,3,1397,70+
3978,,,,1,2,2,2,2,2,2,2,2,2,2,20141113,11,8,2,3,,2,,2,1,2,34,4,1,2,1,5,3,3,4,3,684,
3979,,,,2,2,2,2,2,2,2,2,2,2,2,20141110,11,7,1,3,,3,2,4,1,1,34,4,1,,,5,4,3,4,3,3694,
3980,1,,1,2,2,2,2,2,2,2,2,2,2,2,20141115,11,9,1,3,,2,,2,1,1,33,4,1,5,2,5,5,2,3,3,1497,65+
3981,,,,1,2,2,2,1,2,1,2,1,2,2,20141110,11,9,1,3,,2,,2,1,1,34,4,1,2,2,5,4,3,4,3,698,
3982,,,,2,2,2,2,2,2,2,2,2,2,2,20141110,11,10,1,3,,2,,2,1,1,34,4,1,1,3,4,5,2,3,3,698,
3983,,,,2,1,2,2,2,2,2,2,2,2,2,20141112,11,6,1,3,,1,1,1,1,1,33,4,1,4,,2,3,1,2,3,1404,
3984,,,,1,2,2,2,1,2,2,2,2,2,2,20141117,11,4,1,1,2,2,,4,1,3,34,4,1,,4,2,4,1,5,,516,
3985,,,,1,1,2,2,1,2,2,2,2,2,2,20141113,11,9,2,3,,1,,1,1,1,33,4,1,7,2,3,3,1,2,3,400,
3986,,,,1,2,2,2,1,2,2,2,2,2,2,20141113,11,8,1,3,,2,,2,1,1,34,4,1,6,,4,4,2,3,3,1847,
3987,3,2,1,1,2,2,2,,2,2,2,2,2,2,20141114,11,10,1,3,,1,,1,1,1,33,4,1,4,,5,4,3,4,3,748,
3988,,,,1,2,2,2,2,2,2,2,2,2,2,20141116,11,4,1,1,2,2,,4,1,3,33,4,1,,4,2,4,1,5,,765,
3989,,,,1,1,2,2,1,2,2,2,2,2,2,20141113,11,7,2,3,,3,3,3,1,2,33,4,1,4,,5,3,3,4,3,1977,
3990,1,2,1,1,2,2,2,1,2,2,2,2,2,2,20141115,11,7,1,2,1,3,2,5,1,3,33,4,1,4,4,4,4,2,3,3,8213,70+
3991,1,1,1,2,2,2,2,2,2,2,2,2,2,2,20141116,11,4,1,2,1,2,1,3,1,3,34,4,1,,2,5,5,2,3,3,765,70+
3992,,,,1,2,2,2,1,2,2,2,2,2,2,20150103,1,3,2,1,2,3,2,6,1,3,33,4,1,,3,1,3,1,5,1,1057,
3993,,,,2,2,2,2,1,2,2,2,2,2,2,20150118,1,4,1,1,3,2,,5,1,3,33,4,1,,4,3,4,1,5,,797,
3994,1,1,2,2,2,2,2,2,2,2,2,2,2,2,20150113,1,8,2,3,,2,,2,1,1,34,4,1,4,,5,1,3,4,3,1026,65+
3995,,,,2,2,2,2,2,2,2,2,2,2,2,20150202,2,2,1,1,2,2,,4,1,2,34,4,1,,4,1,1,3,5,1,647,
3996,1,1,1,2,2,2,2,1,2,2,2,2,2,2,20150114,1,9,2,3,,2,,2,1,2,33,4,1,4,3,3,1,3,4,3,533,"Pas d’âge, santé implicite"
3997,,,,2,2,2,2,2,2,2,2,2,2,2,20150202,2,1,2,1,3,2,2,5,1,1,33,4,1,,3,1,,,,1,1247,
3998,,,,1,2,2,1,1,2,2,2,2,2,2,20150118,1,3,2,1,1,3,1,4,1,3,33,4,1,,4,,1,,,1,705,
3999,1,1,1,1,1,2,2,1,2,2,2,2,2,2,20150126,1,8,1,3,,2,,2,1,3,34,4,1,2,4,5,4,3,4,3,923,65+
4000,,,,1,2,2,2,1,2,1,2,1,2,2,20150126,1,3,2,1,2,2,,4,1,2,34,4,1,,4,2,2,2,5,1,716,
4001,1,,2,2,2,2,2,2,2,2,2,2,2,2,20150119,1,10,1,3,,1,,1,2,0,33,4,1,1,1,3,1,2,3,3,748,70+
4002,1,1,1,2,2,2,2,2,2,2,2,2,2,2,20150114,1,7,1,3,,1,1,2,1,,33,4,2,6,3,5,4,2,3,3,5618,65+
4003,1,2,1,1,1,2,2,2,2,2,2,2,2,2,20150115,1,9,2,3,,2,,2,1,2,34,4,1,2,2,3,2,2,3,3,456,"Pas d’âge, santé implicite"
4004,1,1,1,1,2,2,2,2,2,2,2,2,2,2,20150127,1,4,2,3,,3,2,3,1,3,33,4,1,,2,2,3,1,2,3,326,"Pas d’âge, santé implicite"
4005,1,,1,2,2,2,2,2,2,2,2,2,2,2,20150218,2,10,2,3,,1,,1,1,0,34,4,1,2,2,2,2,1,2,3,684,60+
4006,,,,1,2,2,2,2,2,2,2,2,2,2,20150129,1,1,1,1,2,2,,4,1,2,34,4,1,,4,1,1,1,5,1,647,
4007,3,,2,2,2,2,2,2,2,2,2,2,2,2,20150118,1,10,2,3,,1,,1,1,0,34,4,1,1,1,3,4,1,2,3,684,
4008,1,1,1,2,2,2,2,2,2,2,2,2,2,2,20150218,2,9,1,3,,1,,1,1,1,33,4,1,4,2,5,5,3,4,3,748,"Pas d’âge, santé implicite"
4009,1,1,1,1,1,1,2,2,2,2,2,2,2,2,20150124,1,4,1,1,1,3,3,6,1,1,34,4,1,,,3,4,2,3,3,1547,"Pas d’âge, santé implicite"
4010,,,,2,2,2,2,2,2,2,2,2,2,2,20150110,1,10,1,3,,2,,2,2,1,34,4,1,1,1,5,4,3,4,2,233,
4011,1,2,1,2,2,2,1,2,2,2,2,2,2,2,20150113,1,8,2,3,,2,,2,1,3,34,4,1,3,,2,1,1,2,3,513,70+
4012,,,,2,2,2,2,2,2,2,2,2,2,2,20150128,1,3,1,1,2,2,,4,1,3,33,4,1,,,2,2,1,5,1,956,
4013,,,,1,2,2,2,1,2,2,2,2,2,2,20150125,1,2,2,1,3,3,1,6,1,3,33,4,1,,3,1,1,1,5,1,748,
4014,1,1,1,1,1,2,1,1,2,2,2,2,2,2,20150120,1,7,2,3,,2,,2,1,2,33,4,1,2,2,3,3,2,3,3,1318,75+
4015,,,,2,2,2,2,2,2,2,2,2,2,2,20141017,10,4,1,3,,2,2,2,1,2,33,4,1,,1,5,5,3,4,3,393,
4016,1,1,1,1,2,2,2,2,2,2,2,2,2,2,20141211,12,6,2,2,1,1,,2,1,2,33,4,1,4,2,4,5,1,2,3,3855,Pensionnés/Âge de la retraite
4017,1,2,1,2,2,2,2,2,2,2,2,2,2,2,20141210,12,10,1,3,,2,,2,1,,33,4,1,1,1,4,3,2,3,3,2994,60+
4018,,,,1,2,2,2,2,2,2,2,2,2,2,20141211,12,3,2,1,2,2,2,4,1,2,34,4,1,,4,1,2,1,5,1,716,
4019,1,2,1,1,1,2,2,1,2,2,2,2,2,2,20150123,1,8,1,3,,2,,2,1,2,33,4,1,2,4,5,4,3,4,3,1873,65+
4020,,,,2,2,2,2,2,2,2,2,2,2,2,20150105,1,4,2,1,2,1,,3,1,2,33,4,1,,3,4,3,2,5,,705,
4021,1,2,1,2,2,2,2,2,2,2,2,2,2,2,20141211,12,9,1,3,,3,1,3,1,2,33,4,1,1,2,3,4,1,2,3,1497,"Pas d’âge, santé implicite"
4022,1,,1,2,2,2,2,2,2,2,2,2,2,2,20150105,1,4,2,3,,3,1,3,1,1,34,4,1,,,,1,,,3,433,"Pas d’âge, santé implicite"
4023,,,,,2,2,2,2,2,2,2,2,2,2,20141212,12,1,2,1,3,2,,5,1,2,34,4,1,,3,1,1,2,5,1,700,
4024,,,,2,2,2,2,2,2,2,2,2,2,2,20141213,12,3,2,1,3,2,,5,1,3,33,4,1,,,1,1,2,5,1,705,
4025,1,2,2,2,2,2,2,2,2,2,2,2,2,2,20141211,12,10,2,3,,1,,1,1,,33,4,1,5,,,,,,3,800,
4026,,,,2,2,2,2,2,2,2,2,2,2,2,20141213,12,3,2,1,1,3,,4,1,3,33,4,1,,,1,1,1,5,1,705,
4027,,,,2,2,2,2,2,2,2,2,2,2,2,20141024,10,9,1,3,,2,,2,1,1,34,4,1,7,4,5,5,1,2,3,698,
4028,1,2,1,2,2,2,2,2,2,2,2,2,2,2,20141211,12,10,2,3,,1,,1,1,1,33,4,1,7,3,1,1,1,2,3,400,75+
4029,,,,1,2,2,2,2,2,2,2,1,2,2,20141214,12,2,2,1,5,3,1,5,1,3,34,4,1,,4,1,1,1,5,1,525,
4030,1,1,1,1,2,2,1,1,2,2,2,2,2,2,20141211,12,7,1,3,,2,,2,1,2,33,4,1,4,,5,5,2,3,3,1873,"Pas d’âge, santé implicite"
4031,1,2,1,2,2,1,2,1,2,2,2,2,2,2,20141211,12,9,2,3,,2,,2,1,1,34,4,1,2,2,2,1,2,3,3,684,65+
4032,1,2,1,2,2,2,2,2,2,2,2,2,2,2,20141211,12,10,2,3,,2,2,2,1,2,34,4,1,1,3,3,3,2,3,3,456,75+
4033,1,2,1,2,2,2,2,2,2,2,2,2,2,2,20150123,1,8,1,3,,2,,2,2,2,34,4,1,2,4,4,4,2,3,3,616,"Pas d’âge, santé implicite"
4034,3,1,1,1,1,2,2,2,2,2,2,2,2,2,20141211,12,6,2,3,,2,1,3,1,3,34,4,1,4,2,4,3,2,3,3,769,
4035,1,1,1,1,1,1,2,,2,2,2,2,2,2,20141211,12,7,2,3,,1,,1,1,1,33,4,1,2,2,5,4,3,4,3,989,70+
4036,,,,2,2,2,2,2,2,2,2,2,2,2,20150105,1,3,2,1,2,2,,4,1,2,33,4,1,,4,2,3,1,5,1,940,
4037,1,,1,2,2,2,2,2,2,2,2,2,2,2,20150323,3,9,2,3,,2,,2,1,1,33,4,1,1,2,4,4,2,3,3,800,60+
4038,1,1,1,1,2,2,1,1,2,2,2,2,2,2,20141211,12,8,2,3,,2,,2,1,2,34,4,1,5,4,2,3,1,2,3,684,80+
4039,1,1,1,1,2,2,2,1,2,2,2,2,2,2,20141211,12,7,2,2,1,2,,3,1,2,33,4,1,6,,2,3,1,2,3,5782,80+
4040,2,1,1,2,2,2,2,2,2,2,2,2,2,2,20141211,12,10,2,3,,1,,1,1,0,33,4,1,2,,1,1,1,2,3,800,
4041,1,2,1,1,1,2,2,1,2,2,2,2,2,2,20150123,1,9,2,3,,2,,2,1,1,33,4,1,6,3,3,3,1,2,3,800,80+
4042,1,1,2,1,2,2,2,2,2,2,2,2,2,2,20141211,12,10,1,3,,1,,1,1,0,34,4,1,2,4,2,4,1,2,3,698,"Pas d’âge, santé implicite"
4043,1,2,1,2,2,2,2,2,2,2,2,2,2,2,20141211,12,8,2,3,,2,,2,2,0,34,4,1,2,2,2,4,1,2,3,1026,
4044,1,2,1,1,2,2,1,1,2,2,2,2,2,2,20141211,12,6,1,3,,2,,2,1,3,33,4,1,2,3,2,4,1,2,3,1404,60+
4045,1,2,1,2,2,2,2,2,2,2,2,2,2,2,20141210,12,8,2,3,,2,,2,1,2,34,4,1,4,4,3,2,2,3,3,684,80+
4046,1,2,1,2,2,2,2,2,2,2,2,2,2,2,20141212,12,4,1,2,1,2,2,5,1,2,34,4,1,,2,5,5,3,4,3,1701,60+
4047,1,2,1,1,1,1,2,2,2,2,2,1,2,2,20141211,12,10,1,3,,1,,1,1,1,34,4,1,1,,4,4,2,3,3,349,65+
4048,1,1,1,2,2,2,2,2,2,2,2,2,2,2,20141210,12,10,2,3,,1,,1,1,0,33,4,1,1,1,2,2,1,2,3,800,"Pas d’âge, santé implicite"
4049,1,2,1,2,2,2,2,2,2,2,2,2,2,2,20141211,12,9,2,3,,3,1,3,1,3,33,4,1,6,4,2,1,2,3,3,480,
4050,1,1,2,2,2,2,2,2,2,2,2,2,2,2,20150123,1,10,1,3,,2,,2,1,0,34,4,1,3,2,5,5,2,3,3,1397,80+
4051,1,2,2,1,1,2,1,1,2,2,2,2,2,2,20141216,12,8,1,3,,2,,2,1,1,34,4,1,7,4,5,4,2,3,3,1847,85+
4052,,,,2,2,2,2,2,2,2,2,2,2,2,20141212,12,3,1,1,4,3,1,6,1,3,33,4,1,,3,1,3,1,5,1,1721,
4053,1,1,1,1,2,2,1,2,2,1,2,1,2,2,20141211,12,5,1,2,3,2,,5,1,1,34,4,1,2,2,5,5,3,4,3,16997,"Vieux, pas d'âge défini"
4054,,,,1,2,2,2,1,2,2,2,2,2,2,20150105,1,3,1,1,2,2,,4,1,2,34,4,1,,2,1,1,1,5,1,687,
4055,1,2,1,1,2,2,2,1,2,1,2,1,2,2,20150123,1,9,2,3,,1,,1,1,1,34,4,1,1,2,4,1,3,4,3,342,60+
4056,,,,2,2,2,2,2,2,2,2,2,2,2,20141212,12,1,1,1,1,3,2,5,1,3,34,4,1,,4,1,,,,1,485,
4057,1,1,1,2,2,2,2,2,2,2,2,2,2,2,20141212,12,9,2,3,,2,2,2,1,2,33,4,1,1,2,2,2,1,2,3,533,"Pas d’âge, santé implicite"
4058,,,,1,2,2,2,2,2,2,2,2,2,2,20150105,1,2,1,1,3,2,,5,1,2,33,4,1,,3,1,1,1,5,1,1355,
4059,1,1,1,2,2,2,2,2,2,2,2,2,2,2,20141211,12,9,1,3,,2,,2,1,0,33,4,1,1,2,3,3,2,3,3,2994,
4060,1,1,1,1,2,2,1,2,2,2,2,2,2,1,20141211,12,9,2,3,,1,,1,1,1,34,4,1,3,2,3,2,2,3,3,342,"Vieux, pas d'âge défini"
4061,,,,2,2,2,2,2,2,2,2,2,2,2,20141010,10,7,2,2,1,2,,3,1,1,34,4,1,2,,4,4,2,3,3,5664,
4062,1,1,1,2,2,2,2,2,2,2,2,2,2,2,20141210,12,8,2,3,,2,,2,1,2,33,4,1,5,4,3,1,2,3,3,1318,"Pas d’âge, santé implicite"
4063,,,,1,1,2,2,1,2,1,2,1,2,2,20150131,1,4,2,2,1,2,,3,1,3,34,4,1,,3,4,5,2,5,,797,
4064,1,2,1,2,2,2,2,2,2,2,2,2,2,2,20141211,12,10,2,3,,1,,1,2,0,33,4,1,2,1,2,1,1,2,3,400,70+
4065,1,2,1,1,2,2,2,2,2,2,2,2,2,2,20141211,12,8,1,3,,2,,2,1,2,34,4,1,4,4,3,3,1,2,3,1231,60+
4066,1,1,1,1,2,2,2,2,2,2,2,2,2,2,20141211,12,7,2,2,1,2,,3,1,2,33,4,1,2,1,3,2,2,3,3,5782,65+
4067,1,1,1,2,2,2,2,2,2,2,2,2,2,2,20141211,12,9,2,3,,2,,2,1,1,33,4,1,4,2,5,1,3,4,3,800,65+
4068,1,2,1,2,2,2,2,1,2,2,2,2,2,2,20150318,3,10,2,3,,2,,2,1,1,33,4,1,2,,,1,,,3,800,65+
4069,1,2,1,2,2,2,2,2,2,2,2,2,2,2,20141210,12,6,2,3,,1,1,1,1,3,34,4,1,6,4,5,3,3,4,3,256,Les mauvaises pratiques de salubrité alimentaire
4070,,,,2,2,2,2,2,2,2,2,2,2,2,20150105,1,2,1,1,1,3,,4,1,2,34,4,1,,,1,1,3,5,1,647,
4071,,,,2,2,2,2,2,2,2,2,2,2,2,20141212,12,2,2,1,2,2,2,4,1,1,33,4,1,,1,1,1,1,5,1,997,
4072,1,1,1,2,2,2,2,2,2,2,2,2,2,2,20141212,12,8,2,3,,3,1,3,2,3,33,4,1,4,3,3,3,2,3,3,989,65+
4073,,,,2,2,2,2,2,2,2,2,2,2,2,20141212,12,1,1,1,3,2,,5,1,2,33,4,1,,2,1,1,4,5,1,1355,
4074,2,2,1,2,1,2,1,1,2,2,2,2,2,2,20141211,12,7,2,3,,3,1,3,1,0,33,4,1,6,,,3,,,3,5932,
4075,1,1,1,1,2,2,2,2,2,2,2,2,2,2,20141210,12,8,1,3,,2,,2,1,2,34,4,1,1,3,4,3,2,3,3,1231,
4076,1,1,1,1,1,2,2,1,2,1,2,1,2,2,20141210,12,8,1,3,,1,,1,1,0,34,4,1,4,4,5,4,3,4,3,1847,60+
4077,,,,1,2,2,2,1,2,2,2,1,2,2,20141228,12,1,2,1,1,2,,3,1,2,34,4,1,,4,1,,,,1,420,
4078,1,2,1,1,1,2,2,1,2,2,2,2,2,2,20150120,1,10,1,3,,2,,2,1,1,34,4,1,2,2,5,5,1,2,3,698,
4079,,,,2,2,2,2,2,2,2,2,2,2,2,20141212,12,2,2,1,1,3,,5,1,3,33,4,1,,4,1,,,,1,499,
4080,,,,2,2,2,2,1,2,2,2,2,2,2,20141213,12,2,1,1,2,2,,4,1,2,33,4,1,,4,1,1,3,5,1,1084,
4081,1,1,1,1,2,2,2,1,2,1,2,1,2,2,20141215,12,4,1,2,2,3,1,5,1,3,34,4,1,,,3,3,1,2,3,1276,65+
4082,1,2,1,2,2,2,2,2,2,2,2,2,2,2,20150116,1,8,2,3,,2,,2,1,2,33,4,1,2,4,5,2,3,4,3,1318,75+
4083,1,2,1,1,1,2,2,1,2,2,2,2,2,2,20141212,12,7,2,3,,3,1,3,1,2,33,4,1,3,3,4,3,2,3,3,1977,65+
4084,1,2,1,2,2,2,2,2,2,2,2,2,2,2,20141211,12,8,2,3,,2,,2,1,3,33,4,1,7,,3,3,1,2,3,989,
4085,,,,2,2,2,2,2,2,2,2,2,2,2,20141214,12,4,1,1,2,3,,6,2,3,33,4,1,,4,4,3,2,5,,820,
4086,1,1,1,2,2,2,2,2,2,2,2,2,2,2,20141211,12,9,1,3,,1,,1,1,0,33,4,1,5,,5,5,2,3,3,1497,60+
4087,1,1,1,2,2,2,2,2,2,2,2,2,2,2,20150118,1,10,2,3,,1,,1,1,0,33,4,1,1,1,2,2,1,2,3,800,
4088,1,1,2,1,1,2,2,1,2,2,2,2,2,2,20141211,12,8,2,3,,3,1,3,1,1,33,4,1,2,1,2,1,2,3,3,2966,70+
4089,1,2,1,2,2,2,2,2,2,2,2,2,2,2,20141211,12,10,2,3,,2,,2,1,1,34,4,1,2,2,4,1,3,4,3,684,80+
4090,3,2,1,2,2,2,2,2,2,2,2,2,2,2,20141210,12,10,2,3,,1,,1,2,0,33,4,1,1,,2,1,1,2,3,400,
4091,,,,1,2,2,2,2,2,2,2,2,2,2,20141213,12,4,1,2,2,3,1,5,1,3,34,4,1,,4,5,5,2,3,2,1276,
4092,,,,2,2,2,2,2,2,2,2,2,2,2,20150127,1,2,1,1,1,1,,2,1,2,34,4,1,,3,1,1,1,5,1,324,
4093,,,,2,2,2,2,2,2,2,2,2,2,2,20150127,1,3,2,1,1,3,1,4,1,3,34,4,1,,3,2,3,1,5,1,430,
4094,,,,1,2,2,1,1,2,2,2,2,2,2,20150124,1,1,2,1,2,2,,4,1,1,34,4,1,,3,1,1,1,5,1,840,
4095,,,,2,2,2,2,2,2,2,2,1,2,1,20150202,2,1,2,1,2,3,2,5,1,3,34,4,1,,1,1,,,,1,525,
4096,,,,1,1,2,2,2,2,2,2,2,2,2,20150130,1,3,1,1,1,2,,3,1,2,33,4,1,,3,1,1,1,5,1,956,
4097,1,2,1,2,2,2,2,2,2,2,2,2,2,2,20150121,1,7,1,3,,2,,2,1,2,33,4,1,4,3,5,5,3,4,3,1873,65+
4098,1,2,1,1,2,2,1,1,2,2,2,2,2,2,20150120,1,9,1,3,,2,,2,2,2,33,4,1,6,4,4,5,1,2,3,599,80+
4099,,,,2,2,2,2,2,2,2,2,2,2,2,20150127,1,2,2,1,3,2,,5,1,2,33,4,1,,4,1,,,,1,831,
4100,1,2,1,1,1,2,2,1,2,2,2,2,2,2,20150118,1,10,2,3,,1,,1,1,1,34,4,1,1,1,1,1,1,2,3,342,Mon âge
4101,,,,2,2,2,2,2,2,2,2,1,2,2,20150131,1,2,2,1,1,2,,3,1,2,33,4,1,,2,1,1,1,5,1,499,
4102,,,,1,2,2,1,2,2,2,2,2,2,1,20141027,10,4,2,3,,2,,3,0,3,34,4,1,,,3,1,3,4,3,289,
4103,,,,1,2,2,2,2,2,2,2,2,2,2,20140814,8,9,2,3,,1,,1,1,2,34,4,1,2,2,5,2,3,4,3,228,
4104,,,,2,2,2,2,2,2,2,2,2,2,2,20150128,1,3,1,1,3,3,,,,3,33,4,1,,,,,,,1,956,
4105,,,,1,2,2,2,2,2,1,2,1,2,2,20150130,1,2,2,1,4,2,,6,1,2,34,4,1,,3,1,1,1,5,1,840,
4106,1,2,1,2,2,2,2,2,2,2,2,2,2,2,20141126,11,4,1,2,1,3,1,4,2,3,34,4,1,,,3,5,1,5,,680,70+
4107,,,,1,2,2,2,2,2,2,2,2,2,2,20140820,8,9,2,3,,2,1,2,1,2,34,4,1,1,4,3,2,2,3,3,456,
4108,1,2,1,1,2,2,2,2,2,2,2,2,2,2,20150117,1,6,2,2,2,2,,4,1,2,34,4,1,5,4,2,2,1,2,3,5035,70+
4109,,,,1,2,2,2,2,2,2,2,2,2,2,20150131,1,3,2,1,2,3,2,6,1,3,34,4,1,,2,1,,,,1,806,
4110,,,,1,2,2,2,2,2,2,2,2,2,2,20140830,8,1,2,1,1,3,,5,1,3,34,4,1,,4,1,,,,1,525,
4111,1,2,1,2,2,2,2,2,2,2,2,2,2,2,20150118,1,9,1,3,,2,,2,1,2,34,4,1,6,4,4,4,2,3,3,466,60+
4112,,,,2,2,2,2,2,2,2,2,2,2,2,20140812,8,1,2,1,2,2,,4,1,1,33,4,1,,1,1,,,,1,997,
4113,1,1,1,2,2,2,2,2,2,2,2,2,2,2,20150113,1,8,2,2,4,2,,6,1,3,33,4,1,4,4,4,3,2,3,3,8673,70+
4114,,,,2,2,2,2,2,2,2,2,2,2,2,20150128,1,1,1,1,2,2,,4,1,2,33,4,1,,4,1,,,,1,1084,
4115,,,,1,2,2,2,1,2,1,2,1,2,2,20150218,2,3,2,1,1,2,,3,1,2,34,4,1,,4,1,1,1,5,1,537,
4116,1,2,1,1,2,2,2,1,2,2,2,2,2,2,20150114,1,9,2,3,,2,,2,2,1,34,4,1,6,3,2,2,1,2,3,456,
4117,1,,1,1,2,2,2,2,2,2,2,2,2,2,20150122,1,4,2,3,,3,1,3,1,3,33,4,1,,3,2,2,1,2,3,1483,
4118,,,,,2,2,2,2,2,2,2,2,2,2,20150124,1,2,1,1,3,2,,5,1,3,33,4,1,,2,1,,,,1,1016,
4119,,,,1,2,2,2,1,2,2,1,2,1,1,20140829,8,3,2,1,3,3,1,6,1,3,33,4,1,,4,1,1,1,5,1,1057,
4120,,,,2,2,2,2,2,2,2,2,2,2,2,20150314,3,10,2,3,,2,,2,1,1,33,4,1,1,,2,1,2,3,2,800,
4121,,,,1,2,2,2,2,2,1,2,1,2,2,20150120,1,2,1,1,1,2,,3,1,2,34,4,1,,3,1,1,2,5,1,485,
4122,,,,2,2,2,2,2,2,2,2,2,2,2,20140830,8,3,2,1,1,1,,2,1,2,33,4,1,,2,1,1,1,5,1,470,
4123,,,,2,2,2,2,2,2,2,2,2,2,2,20140817,8,6,2,3,,2,,2,1,1,33,4,1,6,3,2,5,1,2,3,1977,
4124,,,,2,2,2,2,2,2,2,2,1,2,2,20140906,9,4,1,1,2,2,,4,1,3,34,4,1,,3,3,4,1,5,,516,
4125,,,,2,2,2,2,2,2,2,2,2,2,2,20140813,8,1,2,1,1,3,,6,1,3,33,4,1,,2,1,,,,1,748,
4126,,,,1,2,2,2,1,2,2,2,2,2,2,20140820,8,7,2,3,,3,1,3,1,3,34,4,1,2,,2,3,1,2,3,769,
4127,,,,2,2,2,2,2,2,2,2,2,2,2,20140826,8,1,1,1,1,2,,3,1,2,34,4,1,,4,1,1,1,5,1,485,
4128,,,,1,2,2,2,1,2,1,2,1,2,2,20140907,9,4,2,2,5,3,3,6,1,3,34,4,1,,3,2,,,,3,1949,
4129,1,2,1,2,2,2,2,2,2,2,2,2,2,2,20150406,4,4,2,3,,3,,5,1,3,33,4,1,,3,1,3,1,1,3,362,60+
4130,,,,2,2,2,2,2,2,2,2,2,2,2,20140819,8,10,2,3,,2,2,2,1,0,33,4,1,6,,1,1,1,2,3,1600,
4131,,,,1,1,2,1,1,2,2,2,2,2,2,20140818,8,6,1,3,,2,2,2,1,2,34,4,1,4,3,5,5,3,4,3,1231,
4132,,,,2,2,2,2,2,2,2,2,2,2,2,20150329,3,2,1,1,2,1,,3,1,0,33,4,1,,1,1,1,1,5,1,2439,
4133,,,,2,2,2,2,2,2,2,2,2,2,2,20150328,3,3,2,1,2,3,1,5,1,3,34,4,1,,,,,,,1,671,
4134,1,2,1,2,2,2,2,2,2,2,2,2,2,2,20150316,3,8,1,3,,2,,2,1,2,33,4,1,5,2,2,5,1,2,3,1873,80+
4135,,,,1,2,2,2,1,1,2,2,2,2,2,20140820,8,2,1,1,2,2,,4,1,2,34,4,1,,3,1,1,1,5,1,647,
4136,,,,2,2,2,2,2,2,2,2,2,2,2,20140818,8,1,1,1,2,2,,4,1,2,33,4,2,,4,1,,,,1,1084,
4137,,,,2,2,2,2,2,2,2,2,2,2,2,20140816,8,8,1,3,,3,1,3,1,1,33,4,1,2,3,5,4,2,3,2,4213,
4138,,,,2,2,2,2,2,2,2,2,2,2,2,20150330,3,2,1,1,2,2,,4,1,1,33,4,1,,,1,1,1,5,1,1626,
4139,,,,2,2,2,2,2,2,2,2,2,2,2,20140821,8,1,2,1,5,2,2,6,1,0,34,4,1,,1,1,1,4,5,1,2940,
4140,,,,1,1,2,1,2,1,2,2,2,2,1,20140816,8,7,2,3,,2,2,2,1,1,34,4,1,4,4,3,2,2,3,3,1026,
4141,,,,2,2,2,2,2,2,2,2,2,2,2,20140817,8,7,2,3,,3,,3,1,1,33,4,1,4,2,,3,,,3,2966,
4142,,,,2,1,1,2,1,2,2,2,2,2,2,20140821,8,10,2,3,,1,,1,2,1,33,4,1,4,1,2,2,1,2,3,267,
4143,,,,2,2,2,2,2,2,2,2,2,2,2,20140812,8,10,2,3,,1,,1,1,0,33,4,1,4,1,2,2,1,2,3,800,
4144,,,,1,2,2,1,2,2,2,2,2,2,2,20140816,8,1,2,1,2,2,,4,1,1,34,4,1,,3,1,,,,1,840,
4145,1,2,1,2,2,2,2,2,2,2,2,2,2,2,20150314,3,8,2,3,,2,,2,1,1,34,4,1,2,2,2,1,1,2,3,1026,
4146,1,2,1,1,2,2,1,1,2,2,2,2,2,2,20150323,3,9,2,3,,3,1,3,1,3,34,4,1,2,2,5,2,3,4,3,513,80+
4147,,,,2,2,2,2,2,2,2,2,2,2,2,20150406,4,4,2,1,1,1,,2,2,2,34,4,1,,2,2,3,1,5,,269,
4148,,,,1,2,1,2,2,2,2,2,2,2,2,20140814,8,9,2,3,,1,,1,1,0,33,4,1,2,1,3,2,2,3,3,800,
4149,,,,1,2,2,2,1,2,2,2,2,2,2,20140905,9,4,2,1,1,2,,3,2,2,34,4,1,,,3,2,2,5,,322,
4150,,,,1,2,1,2,2,2,2,2,1,2,2,20150408,4,3,1,1,3,2,,5,1,3,34,4,1,,4,2,4,1,5,1,644,
4151,3,1,,1,1,1,2,2,2,2,2,2,2,2,20150320,3,6,2,3,,1,,1,1,1,33,4,1,2,,3,1,2,3,3,989,80+
4152,,,,1,2,2,2,2,2,2,2,2,2,2,20140819,8,6,2,2,2,2,,4,1,3,34,4,1,4,4,1,2,1,2,3,3021,
4153,,,,2,2,2,2,2,2,2,2,2,2,2,20140819,8,2,1,1,2,2,,4,1,2,34,4,1,,4,1,1,1,5,1,647,
4154,,,,2,2,2,2,2,2,2,2,2,2,2,20140823,8,8,1,3,,1,,1,2,1,33,4,1,,,5,5,3,4,3,702,
4155,1,2,1,1,2,2,1,1,2,2,2,2,2,2,20150321,3,9,2,3,,2,,2,1,1,34,4,1,2,2,4,1,3,4,3,684,60+
4156,,,,2,2,2,2,2,2,2,2,2,2,2,20140813,8,10,1,3,,2,,2,1,1,34,4,1,2,1,2,4,1,2,3,698,
4157,1,1,1,1,2,2,1,2,2,2,2,2,2,2,20150323,3,8,1,3,,2,,2,2,2,34,4,1,4,2,5,4,3,4,3,923,60+
4158,,,,1,2,1,,1,2,2,1,1,2,2,20140821,8,4,2,2,3,3,2,6,1,3,34,4,1,,,2,3,1,2,3,1488,
4159,,,,2,2,2,2,2,2,2,2,2,2,2,20140816,8,3,2,1,2,3,1,5,1,3,33,4,1,,2,,1,,,1,705,
4160,,,,2,2,2,2,2,2,2,2,2,2,2,20140817,8,9,2,3,,2,,2,1,0,33,4,1,1,2,2,1,2,3,3,1600,
4161,,,,2,2,2,2,2,2,2,2,2,2,2,20140812,8,10,2,3,,1,,1,2,0,33,4,1,6,3,3,4,1,2,3,200,
4162,,,,1,2,2,2,2,2,2,2,2,2,2,20140816,8,7,2,3,,3,3,3,1,2,34,4,1,6,2,4,2,3,4,3,1026,
4163,,,,2,2,2,2,2,2,2,2,2,2,2,20140816,8,7,2,3,,2,,2,1,0,33,4,1,3,,5,3,3,4,3,3955,
4164,,,,2,2,2,2,2,2,2,2,2,2,2,20140819,8,10,1,3,,2,,2,1,1,34,4,1,7,4,3,3,1,2,3,698,
4165,,,,2,2,2,2,2,2,2,2,2,2,2,20150327,3,2,2,1,4,2,,6,1,2,33,4,1,,4,1,,,,1,997,
4166,1,2,1,1,2,2,2,1,2,2,2,2,2,2,20150322,3,8,2,3,,2,,2,1,1,33,4,1,4,2,2,3,1,2,3,1977,"Pas d’âge, santé implicite"
4167,,,,1,2,2,2,1,2,2,2,2,2,2,20150408,4,3,2,1,3,2,,5,1,3,33,4,1,,4,1,2,1,5,1,587,
4168,,,,1,2,2,2,1,2,2,2,2,2,2,20140830,8,4,1,1,2,2,,4,1,3,34,4,1,,2,3,5,1,5,,516,
4169,,,,2,2,2,2,2,2,2,2,2,2,2,20140814,8,10,1,3,,2,,2,1,2,34,4,1,1,2,5,5,3,4,3,466,
4170,1,,1,1,2,2,2,2,2,1,2,2,2,2,20150318,3,8,2,3,,3,,3,1,0,34,4,1,2,,3,3,2,3,3,3078,55+
4171,3,1,1,2,2,2,2,2,2,2,2,2,2,2,20150316,3,9,2,3,,1,,1,1,1,34,4,1,2,3,3,1,2,3,3,342,90+
4172,,,,2,2,2,2,2,2,2,2,2,2,2,20150327,3,3,1,1,2,2,,4,1,2,34,4,1,,2,2,5,1,5,1,687,
4173,,,,2,2,2,2,2,2,2,2,2,2,2,20140830,8,2,2,1,3,2,,5,1,3,33,4,1,,4,1,1,1,5,1,623,
4174,,,,2,2,2,2,2,2,2,2,2,2,2,20140826,8,4,1,1,1,3,2,5,1,2,34,4,1,,1,3,4,1,5,,859,
4175,,,,2,2,2,2,2,2,2,2,2,2,2,20140818,8,9,2,3,,1,,1,1,0,33,4,1,2,,2,2,1,2,3,800,
4176,,,,2,2,2,2,2,2,2,2,2,2,2,20140818,8,10,2,3,,1,,1,1,1,34,4,1,2,1,2,1,1,2,3,342,
4177,3,2,1,1,2,2,2,2,2,1,2,1,2,2,20150322,3,9,1,3,,2,,2,1,1,34,4,1,1,4,5,5,2,3,3,698,
4178,,,,1,2,1,2,1,2,1,2,2,2,2,20140816,8,7,2,3,,2,,2,1,1,34,4,1,5,4,1,3,1,2,3,1026,
4179,,,,1,2,2,2,2,2,2,2,2,2,2,20140819,8,8,2,3,,3,1,3,1,3,34,4,1,4,4,4,3,2,3,3,769,
4180,,,,1,1,2,2,2,2,2,2,2,2,2,20140814,8,4,1,1,1,3,2,5,1,3,34,4,1,,2,5,5,3,4,3,644,
4181,,,,1,2,2,2,2,2,2,2,2,2,2,20150320,3,1,1,1,5,2,,6,1,2,34,4,1,,3,1,1,3,5,1,1133,
4182,,,,1,2,2,2,2,2,2,2,2,2,2,20141211,12,3,2,1,2,1,,3,1,2,34,4,1,,1,1,3,1,5,1,537,
4183,,,,2,2,2,2,2,2,2,2,2,2,2,20140818,8,10,1,3,,2,,2,1,2,33,4,1,4,,5,5,2,3,2,998,
4184,,,,2,2,2,2,2,2,2,2,2,2,2,20140818,8,9,2,3,,1,,1,1,1,33,4,1,6,,2,1,1,2,3,400,
4185,1,1,,1,2,1,2,1,2,2,2,2,2,2,20150322,3,8,2,3,,2,,2,1,2,34,4,1,2,4,,3,,,3,684,70+
4186,,,,1,2,2,2,1,2,2,2,2,2,2,20140814,8,7,1,3,,3,,3,2,3,34,4,1,4,4,5,5,3,4,3,923,
4187,,,,1,2,2,1,1,1,1,2,1,2,2,20140817,8,4,1,1,2,2,,4,1,3,34,4,1,,4,3,5,1,5,,412,
4188,,,,1,2,2,2,2,2,2,2,2,2,2,20150320,3,2,2,1,2,2,,4,1,1,33,4,1,,4,1,1,1,5,1,997,
4189,,,,2,2,2,2,2,2,2,2,1,2,2,20140907,9,2,1,1,3,2,2,5,1,2,34,4,1,,2,1,1,2,5,1,809,
4190,,,,2,2,2,2,2,2,2,2,2,2,2,20140814,8,10,2,3,,2,,2,1,0,34,4,1,2,4,1,1,1,2,3,1369,
4191,,,,1,2,2,2,1,2,2,2,2,2,2,20150329,3,2,2,1,3,2,,5,1,2,34,4,1,,4,1,1,1,5,1,700,
4192,,,,2,2,2,2,2,2,2,2,2,2,2,20140819,8,9,2,3,,2,,2,1,1,34,4,1,1,2,3,3,2,3,3,684,
4193,,,,2,2,2,2,2,2,2,2,2,2,2,20140814,8,8,2,3,,2,,2,2,2,33,4,1,6,4,2,3,1,2,3,989,
4194,,,,2,2,2,2,2,2,2,2,2,2,2,20150323,3,2,2,1,3,2,,5,1,2,34,4,1,,4,1,1,1,5,1,700,
4195,,,,2,2,2,2,2,2,2,2,2,2,2,20140817,8,7,1,3,,2,1,2,1,2,33,4,1,4,1,3,3,2,3,3,1873,
4196,,,,1,1,2,2,2,2,2,2,2,2,1,20140815,8,10,1,3,,2,2,2,1,1,33,4,1,6,2,5,4,2,3,3,1497,
4197,,,,2,2,2,2,2,2,2,2,2,2,2,20140820,8,10,2,3,,1,,1,1,0,34,4,1,1,1,2,1,2,3,3,684,
4198,,,,2,2,2,2,2,2,2,2,2,2,2,20150310,3,4,1,2,1,3,1,4,1,1,33,4,1,,3,,3,,,,3446,
4199,,,,1,2,2,2,2,2,2,2,2,2,2,20150329,3,1,2,1,2,2,,4,1,2,33,4,1,,4,1,1,2,5,1,665,
4200,,,,1,1,2,1,1,2,2,2,2,2,2,20140812,8,6,1,3,,2,,2,1,2,33,4,1,4,4,5,4,3,4,3,1873,
4201,,,,2,2,2,2,2,2,2,2,2,2,2,20150330,3,3,2,1,1,1,,2,1,1,34,4,1,,1,1,1,1,5,1,537,
4202,1,2,1,1,2,2,2,2,2,2,2,2,2,2,20150320,3,8,2,3,,2,,2,1,0,34,4,1,2,2,3,2,2,3,3,2052,80+
4203,,,,1,2,2,2,2,2,2,2,2,2,2,20140815,8,2,2,1,1,2,,3,1,1,33,4,2,,4,1,1,2,5,1,748,
4204,,,,1,1,1,2,1,2,2,2,2,2,2,20150329,3,4,1,1,2,2,2,4,1,3,33,4,1,,2,2,3,1,5,,956,
4205,,,,1,2,1,2,1,2,2,2,2,2,2,20150408,4,4,1,1,2,2,,4,1,2,34,4,1,,3,3,3,2,5,,687,
4206,,,,1,2,2,2,2,2,2,2,1,2,2,20140820,8,2,1,1,1,2,1,3,1,2,34,4,1,,3,1,1,2,5,1,485,
4207,1,2,1,1,1,1,2,1,2,2,2,2,2,2,20150321,3,8,2,3,,1,,1,1,0,33,4,1,4,1,3,3,2,3,3,1977,75+
4208,,,,2,2,2,2,2,2,2,2,2,2,2,20150322,3,2,2,1,1,2,,3,1,1,34,4,1,,2,,1,,,1,630,
4209,,,,1,2,2,2,2,2,2,2,2,2,2,20150330,3,3,1,1,1,3,2,4,1,3,33,4,1,,3,,1,,,1,765,
4210,,,,1,2,2,2,1,2,2,2,2,2,2,20140628,6,4,1,1,1,3,1,4,1,3,28,5,1,,4,2,3,1,5,,4526,
4211,,,,2,2,2,2,2,2,2,2,2,2,2,20140610,6,1,1,1,1,2,2,3,,1,34,5,1,,2,1,1,4,5,1,4578,
4212,,,,1,2,2,1,1,2,2,2,2,2,2,20140424,4,3,2,4,,,,4,1,2,28,5,,,4,1,1,1,5,1,5976,
4213,,,,1,2,2,2,2,2,2,2,2,2,2,20140506,5,8,2,3,,3,1,3,1,0,34,5,,2,1,1,1,1,2,3,13758,
4214,,,,1,2,2,2,2,2,2,2,2,2,1,20140505,5,9,2,3,,2,,2,1,2,28,5,,4,2,4,4,2,3,3,3737,
4215,,,,2,2,2,2,2,2,2,2,2,2,2,20140624,6,7,2,2,3,2,,5,1,3,17,5,1,6,4,2,2,1,2,3,50069,
4216,,,,2,2,2,2,2,2,2,2,2,2,2,20140629,6,4,1,1,1,3,,4,1,2,12,5,1,,4,2,5,1,5,,3994,
4217,,,,1,2,2,2,1,2,2,2,2,2,2,20140506,5,8,2,3,,2,,2,1,1,3,5,,2,2,3,4,1,2,3,12657,
4218,,,,2,2,2,2,2,2,2,2,2,2,2,20140505,5,10,1,3,,2,,2,1,1,17,5,,1,4,3,3,1,2,3,2949,
4219,,,,2,2,2,2,2,2,2,2,2,2,2,20140702,7,9,2,3,,2,,2,1,1,12,5,1,2,,,3,,,3,3649,
4220,,,,1,1,2,2,1,2,2,2,2,2,2,20140709,7,7,1,3,,1,,1,1,0,34,5,1,5,,,2,,,3,10268,
4221,,,,1,1,2,1,1,2,2,2,2,2,2,20140709,7,8,2,3,,2,,2,1,3,28,5,1,2,4,2,1,1,2,3,6366,
4222,,,,2,2,2,2,2,2,2,2,2,2,2,20140623,6,9,2,3,,1,,1,1,1,34,5,1,6,1,2,1,1,2,3,1225,
4223,,,,2,2,2,2,2,2,2,2,2,2,2,20140613,6,10,2,3,,1,,1,1,0,34,5,1,1,1,2,2,1,2,3,2450,
4224,,,,2,2,2,2,2,2,2,2,2,2,2,20140506,5,8,2,3,,2,,2,1,2,34,5,,7,1,2,2,1,2,3,3057,
4225,,,,2,2,2,2,2,2,2,2,2,2,2,20140703,7,1,1,1,3,2,,5,1,3,28,5,1,,4,1,1,4,5,1,4173,
4226,,,,1,2,1,2,2,2,2,2,1,2,2,20140424,4,1,1,4,,,,4,1,3,34,5,,,1,1,1,4,5,1,1526,
4227,,,,2,2,2,2,2,2,2,2,2,2,2,20140707,7,2,2,1,2,2,,4,1,2,2,5,1,,4,1,1,1,5,1,1783,
4228,,,,2,2,2,2,2,2,2,2,2,2,2,20140417,4,2,2,4,,,,4,1,2,28,5,,,4,1,1,2,5,1,5329,
4229,,,,2,2,2,2,2,2,2,2,2,2,2,20140612,6,10,1,3,,1,,1,1,0,34,5,1,3,1,4,3,2,3,3,4041,
4230,,,,2,2,2,2,2,2,2,2,2,2,2,20140414,4,8,2,4,,,,1,1,1,13,5,,7,4,3,2,2,3,3,5288,
4231,,,,2,2,2,1,2,2,2,2,2,2,2,20140506,5,10,2,3,,1,1,1,1,1,28,5,,2,1,3,2,2,3,3,2803,
4232,,,,1,2,2,2,1,2,2,2,1,2,2,20140708,7,4,1,1,1,2,,3,1,3,3,5,1,,4,3,5,1,5,,2530,
4233,,,,1,2,2,2,1,2,2,2,2,2,2,20140612,6,8,2,3,,2,,2,1,2,34,5,1,4,,3,1,3,4,3,3057,
4234,,,,1,2,2,1,2,2,2,2,2,2,1,20140622,6,9,1,3,,1,,1,1,1,25,5,1,7,2,5,5,3,4,3,2067,
4235,,,,2,2,1,1,2,2,2,2,2,2,2,20140502,5,8,2,3,,3,,3,1,3,34,5,,6,4,4,1,3,4,3,3439,
4236,,,,1,2,2,2,2,2,2,2,2,2,1,20140508,5,2,1,1,1,2,2,3,1,1,34,5,,,,1,1,3,5,1,2289,
4237,,,,1,2,2,2,1,2,2,2,2,2,2,20140626,6,7,2,3,,2,,2,1,3,3,5,1,4,4,1,3,1,2,3,6329,
4238,,,,1,1,2,2,1,2,2,2,2,2,1,20140623,6,7,2,3,,3,3,3,1,3,34,5,1,4,4,3,2,2,3,3,3439,
4239,,,,1,1,2,2,1,2,1,2,2,2,2,20140619,6,7,1,3,,1,1,1,1,1,34,5,1,2,1,3,3,2,3,3,5134,
4240,,,,2,2,2,2,2,2,2,2,2,2,2,20140623,6,10,2,3,,1,,1,1,1,17,5,1,7,3,2,3,1,2,3,1475,
4241,,,,1,2,2,2,1,2,2,2,2,2,2,20140709,7,3,1,1,1,2,,3,1,2,28,5,1,,,1,1,1,5,1,5658,
4242,,,,1,2,2,2,2,2,2,2,2,2,2,20140622,6,9,1,3,,2,,2,1,2,34,5,1,6,4,4,5,2,3,3,2694,
4243,,,,1,2,2,2,1,2,2,2,2,2,2,20140414,4,4,2,4,,,,5,2,3,16,5,,,4,,3,,,3,3287,
4244,,,,2,2,2,2,2,2,2,2,2,2,2,20140624,6,2,1,1,1,1,1,2,1,1,28,5,1,,2,1,1,1,5,1,3339,
4245,,,,2,2,2,2,2,2,2,2,2,2,2,20140621,6,9,2,3,,3,1,3,1,3,28,5,1,2,4,3,4,1,2,3,4204,
4246,,,,2,2,2,2,1,2,2,2,2,2,2,20140611,6,6,2,3,,3,2,4,1,3,34,5,1,7,,1,2,1,1,3,3669,
4247,,,,2,2,2,2,2,2,2,2,2,2,2,20140614,6,10,2,3,,1,,1,1,1,34,5,1,2,2,1,1,1,2,3,1225,
4248,,,,2,2,2,2,2,2,2,2,2,2,2,20140614,6,10,1,3,,2,,2,1,2,28,5,1,7,4,4,3,2,3,3,1806,
4249,,,,2,2,2,2,2,2,2,2,2,2,2,20140507,5,1,2,1,2,2,,4,1,2,25,5,,,4,1,1,4,5,1,4770,
4250,,,,2,2,2,2,2,2,2,2,2,2,2,20140414,4,8,2,4,,,,2,1,1,34,5,,1,2,3,2,2,3,3,4586,
4251,,,,2,2,2,2,2,2,2,2,2,2,2,20140508,5,2,1,1,2,2,2,4,1,2,28,5,,,4,1,1,1,5,1,4452,
4252,,,,1,1,2,2,2,2,2,2,1,2,2,20140612,6,10,2,2,1,2,2,3,1,2,28,5,1,6,4,5,3,3,4,3,28577,
4253,,,,1,1,2,2,1,2,2,2,2,2,2,20140619,6,9,2,3,,2,,2,1,1,17,5,1,6,2,1,3,1,1,3,2951,
4254,,,,2,2,2,2,2,2,2,2,2,2,2,20140610,6,9,2,3,,1,,1,1,1,34,5,1,2,2,3,2,2,3,3,1225,
4255,,,,2,2,2,2,2,2,2,2,2,2,2,20140906,9,4,2,1,1,3,2,5,1,3,28,5,1,,3,1,2,1,5,,3735,
4256,,,,2,2,2,2,2,2,2,2,2,2,2,20140709,7,2,1,1,1,3,1,4,1,3,28,5,1,,,1,1,1,5,1,3339,
4257,,,,2,2,2,2,2,2,2,2,2,2,2,20140508,5,1,1,1,1,3,3,4,1,2,28,5,,,1,1,,,,1,4452,
4258,,,,1,2,2,2,1,2,2,2,2,2,2,20140503,5,8,2,3,,2,,2,1,2,17,5,,7,4,1,2,1,2,3,6745,
4259,,,,1,2,2,2,1,2,2,2,2,2,2,20140506,5,8,2,2,1,2,,3,1,3,25,5,,6,,,3,,,3,55341,
4260,,,,1,2,2,1,1,2,2,2,2,2,2,20140506,5,4,1,2,1,3,2,5,1,3,28,5,,,4,3,5,1,2,3,8620,
4261,,,,1,2,2,2,2,2,2,2,1,2,2,20140506,5,2,1,1,3,2,,5,1,1,34,5,,,,1,1,1,5,1,3815,
4262,,,,2,2,2,2,2,2,2,2,2,2,2,20140506,5,9,2,3,,2,2,2,1,1,34,5,,4,2,2,1,2,3,3,2450,
4263,,,,2,2,2,2,2,2,2,2,2,2,2,20140508,5,1,1,1,2,2,,4,1,0,34,5,,,1,1,,,,1,6104,
4264,,,,2,2,2,2,2,2,2,2,2,2,2,20140617,6,9,1,3,,2,,2,1,0,25,5,1,4,1,5,4,3,4,3,8269,
4265,,,,2,2,2,2,2,2,2,2,2,2,2,20140618,6,10,1,3,,2,,2,1,2,17,5,1,4,4,2,3,1,2,3,1966,
4266,,,,1,1,2,2,2,2,2,2,2,2,2,20140506,5,6,1,2,,2,,3,1,1,34,5,,6,3,4,5,1,2,3,39708,
4267,,,,1,1,2,1,1,2,2,2,2,2,2,20140506,5,8,1,3,,3,1,3,1,3,34,5,,2,4,5,5,2,3,3,7701,
4268,,,,1,2,2,2,2,2,1,2,1,2,2,20140616,6,3,1,1,5,2,,6,2,2,34,5,1,,3,,1,,,1,4062,
4269,,,,2,2,2,2,2,2,1,1,2,2,2,20140702,7,1,2,1,2,2,,4,1,2,11,5,1,,2,1,,,,1,3202,
4270,,,,2,2,2,2,2,2,2,2,2,2,2,20140709,7,1,2,1,1,3,,4,1,3,25,5,1,,4,1,,,,1,3578,
4271,,,,1,1,2,2,2,2,2,2,2,2,2,20140906,9,4,1,1,1,2,2,3,2,3,17,5,1,,,2,5,1,5,,959,
4272,,,,2,2,2,2,2,2,2,2,2,2,2,20140415,4,8,2,4,,,,2,1,1,34,5,,5,2,3,3,1,2,3,4586,
4273,,,,1,2,2,2,2,2,2,2,2,2,2,20140703,7,3,1,1,3,2,,5,1,3,12,5,1,,3,2,5,1,5,1,3744,
4274,,,,2,2,2,2,2,2,2,2,2,2,2,20140626,6,2,2,1,2,2,,4,1,3,28,5,1,,4,,1,,,1,3997,
4275,,,,1,1,1,2,1,2,2,2,2,2,2,20140625,6,8,1,3,,2,1,2,1,1,16,5,1,2,3,5,5,2,3,3,12470,
4276,,,,1,2,1,2,1,2,2,2,2,2,2,20140625,6,6,1,2,3,2,,5,1,0,34,5,1,5,2,3,5,1,2,3,148210,
4277,,,,1,2,2,2,2,1,2,2,2,2,1,20140624,6,7,2,2,1,3,1,4,1,2,9,5,1,4,3,3,2,2,3,3,67278,
4278,,,,1,2,2,2,2,2,2,2,2,2,2,20140613,6,9,2,3,,2,,2,1,1,17,5,1,7,4,2,3,1,2,3,2951,
4279,,,,1,1,2,1,1,2,2,2,2,2,2,20140506,5,10,1,3,,2,,2,1,1,25,5,,1,1,4,3,2,3,3,4134,
4280,,,,2,2,2,2,2,2,2,2,2,2,2,20140703,7,10,2,3,,1,1,1,1,0,12,5,1,1,1,2,1,2,3,3,3649,
4281,,,,2,2,2,2,2,2,2,2,2,2,2,20140612,6,10,2,3,,1,,1,1,,28,5,1,2,1,2,1,1,2,3,5605,
4282,,,,2,2,2,2,2,2,2,2,2,2,2,20140613,6,9,2,3,,1,,1,1,1,13,5,1,2,2,3,3,2,3,3,2820,
4283,,,,2,2,2,2,2,2,2,2,2,2,2,20140707,7,3,1,1,2,3,4,6,1,3,28,5,1,,4,1,1,2,5,1,6789,
4284,,,,2,2,2,2,2,2,2,2,2,2,2,20140528,5,3,1,2,4,2,,6,1,2,28,5,1,,4,2,1,2,5,1,20687,
4285,,,,2,2,2,2,2,2,2,2,2,2,2,20140708,7,4,2,2,1,3,1,4,1,3,12,5,1,,3,1,2,1,1,3,1787,
4286,,,,2,2,2,2,2,2,2,2,2,2,2,20140624,6,9,2,3,,2,,2,1,1,34,5,1,6,3,3,2,2,3,3,2450,
4287,,,,1,2,2,2,2,2,2,2,2,2,2,20140618,6,9,2,3,,1,,1,1,0,34,5,1,2,1,1,2,1,2,3,2450,
4288,,,,1,1,2,2,1,2,2,2,2,2,2,20140508,5,1,2,1,3,2,,5,1,2,12,5,,,2,1,1,4,5,1,3482,
4289,,,,1,2,2,2,1,2,1,2,1,2,2,20140611,6,10,2,3,,1,,1,1,0,32,5,1,4,1,3,1,2,3,3,4670,
4290,,,,1,1,2,2,1,2,2,2,2,2,2,20140620,6,8,2,3,,3,1,3,1,2,17,5,1,4,4,2,2,1,2,3,10118,
4291,,,,1,1,2,2,1,2,2,2,2,2,1,20140614,6,9,1,3,,1,,1,1,2,28,5,1,3,2,4,3,2,3,3,903,
4292,,,,1,1,2,2,1,2,2,2,2,2,2,20140623,6,9,2,3,,1,,1,1,0,13,5,1,1,1,4,2,3,4,3,5640,
4293,,,,1,2,2,2,1,2,2,2,2,2,2,20140507,5,3,1,1,4,2,2,6,1,3,32,5,,,4,1,1,1,5,1,9567,
4294,,,,1,2,2,2,2,2,2,2,2,2,2,20140508,5,2,2,1,2,2,,4,1,2,28,5,,,4,1,1,2,5,1,5329,
4295,,,,2,2,2,2,2,2,2,2,2,2,2,20140616,6,3,1,1,2,1,,3,1,3,34,5,1,,4,1,2,1,5,1,1523,
4296,,,,1,2,1,1,1,2,2,2,2,2,2,20140512,5,4,1,3,,3,,5,1,3,28,5,,,4,4,5,1,2,3,1691,
4297,,,,2,2,2,2,2,2,2,2,2,2,1,20140708,7,2,1,1,1,2,,3,1,2,25,5,1,,2,1,1,1,5,1,5292,
4298,,,,2,2,2,2,2,2,2,2,2,2,2,20140506,5,10,2,3,,1,,1,1,0,6,5,,1,1,5,1,3,4,3,2500,
4299,,,,2,2,2,2,2,2,2,2,1,2,2,20140415,4,1,2,4,,,,3,1,2,34,5,,,4,1,1,4,5,1,1701,
4300,,,,1,2,2,2,1,2,2,2,2,2,2,20140415,4,4,1,4,,,,5,2,3,34,5,,,4,5,4,3,4,3,1269,
4301,,,,2,2,2,2,2,2,2,2,2,2,2,20140709,7,4,1,3,,2,1,2,1,1,7,5,1,,4,5,5,2,3,3,7419,
4302,,,,2,2,2,2,2,2,2,2,2,2,2,20140707,7,4,2,1,2,2,,4,2,3,17,5,1,,4,2,3,1,5,,1402,
4303,,,,2,2,2,2,2,2,2,2,2,2,2,20140704,7,7,2,2,2,2,,4,1,3,28,5,1,7,4,1,2,1,2,3,64911,
4304,,,,1,1,1,2,1,2,2,2,2,2,1,20140506,5,9,2,3,,1,,1,1,1,17,5,,4,3,4,3,3,4,3,1475,
4305,,,,2,2,2,2,2,2,2,2,2,2,2,20140704,7,8,2,3,,1,,1,1,1,17,5,1,2,1,5,3,3,4,3,5059,
4306,,,,1,2,2,1,2,2,2,2,2,2,1,20140704,7,8,1,3,,3,2,4,1,3,17,5,1,4,4,5,3,3,4,3,6803,
4307,,,,2,2,2,2,2,2,2,2,2,2,2,20140506,5,9,1,3,,1,,1,1,1,28,5,,7,,2,4,1,2,3,1355,
4308,,,,2,2,2,2,2,2,2,2,2,2,2,20140623,6,8,1,3,,1,,1,1,1,28,5,1,7,,3,4,1,2,3,10894,
4309,,,,1,2,2,2,2,2,2,2,2,2,2,20140619,6,8,2,2,1,2,2,3,1,2,34,5,1,7,1,3,2,2,3,3,13239,
4310,,,,2,2,2,2,2,2,2,2,2,2,2,20140413,4,8,2,4,,,,6,1,3,17,5,,6,4,1,1,1,2,3,14165,
4311,,,,2,2,2,2,2,2,2,2,2,2,2,20140414,4,9,2,4,,,,1,1,1,13,5,,4,2,4,3,2,3,3,2820,
4312,,,,1,2,2,2,2,2,2,2,2,2,2,20140617,6,7,1,3,,2,,2,1,2,34,5,1,2,2,4,4,2,3,3,6845,
4313,,,,2,2,2,2,2,2,2,2,2,2,2,20140613,6,5,1,2,1,2,,3,1,2,13,5,1,7,,3,4,1,2,3,39853,
4314,,,,1,2,2,2,1,2,1,1,2,2,2,20140625,6,7,2,3,,2,1,2,1,2,28,5,1,4,3,4,1,3,4,3,8487,
4315,,,,2,2,2,2,2,2,2,2,2,2,2,20140709,7,4,1,1,1,3,2,5,1,3,28,5,1,,,4,5,1,5,,5658,
4316,,,,2,2,2,2,2,2,2,2,2,2,2,20140624,6,8,1,3,,2,2,2,1,1,34,5,1,2,1,5,4,3,4,3,10268,
4317,,,,1,1,2,2,2,2,2,2,2,2,2,20140425,4,2,1,4,,,,3,1,2,34,5,,,4,1,1,1,5,1,1526,
4318,,,,1,2,2,1,,2,2,2,1,2,2,20140506,5,9,2,3,,2,,2,1,2,28,5,,6,3,2,2,1,2,3,3737,
4319,,,,1,2,2,2,2,2,2,2,2,2,2,20140508,5,3,1,1,2,2,2,4,1,3,34,5,,,2,2,1,2,5,1,2031,
4320,,,,1,1,2,,1,2,2,2,2,2,2,20140618,6,10,2,3,,1,,1,1,1,28,5,1,1,4,2,2,1,2,3,2803,
4321,,,,1,2,2,2,1,,,2,2,2,2,20140507,5,4,2,2,1,3,1,4,1,3,16,5,,,4,2,4,1,2,3,3717,
4322,,,,2,2,2,2,2,2,2,2,2,2,2,20140623,6,8,2,3,,2,,2,1,2,34,5,1,4,3,5,2,3,4,3,3057,
4323,,,,2,2,2,2,2,2,2,2,2,2,2,20140507,5,4,1,1,4,2,,6,1,3,16,5,,,4,2,3,1,5,,9163,
4324,,,,2,2,2,2,2,2,2,2,2,2,2,20140506,5,2,1,1,1,2,2,3,1,2,34,5,,,4,1,,,,1,1526,
4325,,,,2,2,2,2,2,2,2,2,2,2,2,20140703,7,9,2,3,,2,,2,2,1,34,5,1,1,4,1,1,1,2,3,1634,
4326,,,,2,2,2,2,2,2,2,2,2,2,2,20140506,5,10,2,3,,2,,2,1,1,28,5,,4,2,2,2,1,2,3,5605,
4327,,,,2,2,2,2,2,2,2,2,2,2,2,20140505,5,5,2,3,,3,4,4,1,3,16,5,,6,,1,2,1,2,3,17578,
4328,,,,2,2,2,2,2,2,2,2,2,2,2,20140617,6,10,2,3,,2,,2,2,1,34,5,1,4,,2,1,1,2,3,1634,
4329,,,,2,2,2,2,2,2,2,2,2,2,2,20140709,7,4,1,3,,3,2,4,1,3,28,5,1,,4,3,3,1,2,3,1623,
4330,,,,2,2,2,2,2,2,2,2,2,2,2,20140509,5,9,2,3,,2,,2,1,0,34,5,,2,2,3,3,1,2,3,4901,
4331,,,,1,1,2,2,1,2,2,2,2,2,2,20140506,5,9,2,3,,2,,2,1,1,34,5,,7,2,5,2,3,4,3,2450,
4332,,,,1,2,2,2,1,2,1,2,1,2,2,20140415,4,2,1,4,,,,5,2,3,34,5,,,4,1,1,2,5,1,1272,
4333,,,,2,2,2,2,2,2,2,2,2,2,2,20140611,6,9,2,3,,2,,2,2,1,28,5,1,3,2,2,1,1,2,3,3737,
4334,,,,1,2,2,2,1,2,2,2,2,2,2,20140611,6,4,1,1,1,3,2,5,1,3,18,5,1,,4,2,4,1,5,,12236,
4335,,,,1,2,2,2,1,2,2,2,1,2,2,20140704,7,4,2,1,1,2,1,3,1,3,12,5,1,,3,2,4,1,5,,3252,
4336,,,,2,2,2,2,2,2,2,2,2,2,2,20140610,6,5,2,3,,2,,2,1,2,34,5,1,6,4,2,2,1,2,3,3057,
4337,,,,1,1,2,2,1,2,2,2,2,2,2,20140613,6,8,2,3,,2,2,2,2,2,12,5,1,7,,2,1,2,3,3,12082,
4338,,,,1,2,2,2,1,2,2,2,2,2,2,20140709,7,3,2,1,2,2,2,4,2,3,34,5,1,,4,2,3,1,5,1,2383,
4339,,,,2,2,1,2,1,2,2,2,2,2,2,20140626,6,3,1,1,1,2,,3,1,3,34,5,1,,4,1,2,1,5,1,1523,
4340,,,,2,2,2,2,2,2,2,2,2,2,2,20140614,6,9,1,3,,2,,2,1,0,34,5,1,2,1,4,4,2,3,3,8081,
4341,,,,1,2,2,2,2,2,1,1,2,2,2,20140706,7,1,2,1,2,2,,4,1,2,28,5,1,,4,1,1,1,5,1,5329,
4342,,,,2,2,2,2,2,2,2,2,2,2,2,20140611,6,2,2,1,3,2,,5,1,2,28,5,1,,1,1,1,1,5,1,6661,
4343,,,,2,2,2,2,2,2,2,2,2,2,2,20140709,7,2,1,1,2,3,,6,1,2,28,5,1,,2,1,1,2,5,1,6677,
4344,,,,2,2,2,2,2,2,2,2,2,2,2,20140520,5,4,1,2,1,3,2,5,1,3,7,5,1,,3,2,5,1,1,3,1424,
4345,,,,2,2,2,2,2,2,2,2,2,2,2,20140518,5,1,1,1,1,2,2,3,1,2,28,5,,,1,1,,,,1,3339,
4346,,,,1,2,2,2,1,2,2,2,2,2,2,20140609,6,4,2,3,,3,2,3,0,3,9,5,1,,3,3,4,1,2,3,1327,
4347,,,,2,2,2,2,2,2,2,2,2,2,2,20140628,6,1,2,1,1,2,,3,0,2,28,5,1,,1,1,1,1,5,1,5995,
4348,,,,1,2,2,2,2,2,2,2,2,2,2,20140624,6,8,1,3,,1,,1,0,1,28,5,1,1,1,4,5,2,3,3,21788,
4349,,,,1,2,2,1,2,2,2,2,2,2,2,20140615,6,8,1,3,,1,,1,0,1,28,5,1,4,2,4,5,1,2,3,21788,
4350,,,,1,2,2,1,2,2,2,2,2,2,2,20140515,5,2,2,1,2,2,2,4,1,2,28,5,1,,2,1,1,1,5,1,5329,
4351,,,,1,2,1,2,2,2,2,2,2,2,2,20140508,5,3,2,1,2,2,,4,1,1,34,5,,,2,1,1,1,5,1,7148,
4352,,,,1,2,2,2,1,2,2,2,2,2,1,20140417,4,8,1,4,,,,2,1,2,17,5,,1,4,5,4,2,3,3,5669,
4353,,,,1,2,2,2,2,2,2,2,2,2,2,20140417,4,3,1,4,,,,4,1,1,34,5,,,4,1,,,,1,4062,
4354,,,,1,2,2,2,2,2,1,2,2,2,2,20140424,4,4,2,4,,,,5,1,3,17,5,,,4,1,3,1,5,,1752,
4355,,,,1,1,2,1,1,2,1,2,1,2,2,20140622,6,3,1,1,2,2,2,4,1,3,34,5,1,,4,2,1,2,5,1,2031,
4356,,,,1,2,2,1,1,2,2,2,2,2,1,20140506,5,4,2,1,1,3,4,6,1,3,34,5,,,,1,3,1,5,,4289,
4357,,,,2,2,2,2,2,2,2,2,2,2,2,20140508,5,2,2,1,2,3,,5,1,3,28,5,,,2,1,1,1,5,1,4996,
4358,,,,2,2,2,2,2,2,2,2,2,2,2,20140508,5,2,1,1,2,2,,4,1,2,34,5,,,2,1,1,1,5,1,2035,
4359,,,,1,2,2,2,1,2,2,2,2,2,2,20140616,6,1,2,1,2,2,,4,,2,17,5,2,,4,1,1,1,5,1,3924,
4360,,,,2,2,2,2,2,2,2,2,2,2,2,20140626,6,2,1,1,2,2,2,4,1,2,28,5,1,,3,1,,,,1,4452,
4361,,,,2,2,2,2,2,2,2,2,2,2,2,20140422,4,2,1,4,,,,4,1,2,28,5,,,4,1,1,3,5,1,4452,
4362,,,,2,2,2,2,2,2,2,2,2,2,2,20140421,4,10,1,4,,,,2,1,1,28,5,,7,4,3,3,2,3,3,2709,
4363,,,,1,2,1,2,2,2,2,2,1,2,1,20140623,6,2,2,1,3,2,,5,2,1,34,5,1,,4,1,1,1,5,1,2614,
4364,,,,2,2,2,2,2,2,2,2,2,2,2,20140618,6,9,1,3,,2,,2,1,1,34,5,1,7,3,1,5,1,1,3,4041,
4365,,,,1,2,2,2,2,2,2,2,2,2,1,20140507,5,3,1,1,2,2,2,4,1,2,17,5,,,4,1,1,1,5,1,2557,
4366,,,,2,2,2,2,2,2,2,2,2,2,2,20140506,5,5,2,3,,2,,4,1,3,2,5,,4,2,2,4,1,2,3,6720,
4367,,,,2,2,2,2,2,2,2,2,2,2,2,20140626,6,3,2,1,1,2,,3,1,2,34,5,1,,,1,1,1,5,1,3574,
4368,,,,2,2,2,2,2,2,2,2,2,2,2,20140708,7,1,2,1,2,2,2,4,1,2,28,5,1,,4,1,1,2,5,1,5329,
4369,,,,2,2,2,2,2,2,2,2,2,2,2,20140508,5,4,2,3,,3,2,4,1,3,17,5,,,,2,3,1,2,3,1246,
4370,,,,2,2,2,2,2,2,2,2,2,2,2,20140422,4,4,1,4,,,,4,1,3,28,5,,,4,1,1,1,5,,4526,
4371,,,,1,1,2,,1,2,2,2,2,2,2,20140416,4,10,2,4,,,,1,1,1,28,5,,5,3,2,4,1,2,3,2803,
4372,,,,2,2,2,2,2,2,2,2,2,2,2,20140507,5,2,1,1,2,2,,4,1,2,16,5,,,,1,1,1,5,1,4921,
4373,,,,1,2,2,2,1,2,2,2,2,2,2,20140505,5,6,2,3,,2,,2,1,2,34,5,,4,2,3,2,2,3,3,3057,
4374,,,,1,2,2,1,2,2,2,2,2,2,2,20140423,4,10,1,4,,,,2,1,2,28,5,,7,4,4,4,2,3,3,1806,
4375,,,,1,1,2,2,2,2,2,2,2,2,2,20140419,4,2,1,4,,,,4,1,1,28,5,,,4,1,1,1,5,1,6677,
4376,,,,1,1,2,2,1,2,2,2,2,2,2,20140506,5,8,2,3,,2,,2,1,0,9,5,,2,,5,3,3,4,3,16493,
4377,,,,2,2,2,2,2,2,2,2,2,2,2,20140506,5,10,2,3,,1,,1,1,1,34,5,,2,2,4,3,2,3,3,1225,
4378,,,,2,2,2,2,2,2,2,2,2,2,2,20140507,5,1,2,1,1,3,,4,1,2,28,5,,,4,1,1,3,5,1,5329,
4379,,,,1,2,2,2,1,2,2,2,2,2,2,20140507,5,4,2,1,1,2,2,3,1,3,28,5,,,4,1,1,1,5,,2689,
4380,,,,1,1,2,2,1,2,2,2,1,2,1,20140506,5,9,2,3,,1,,1,1,0,17,5,,6,2,1,3,1,1,3,2951,
4381,,,,1,2,2,2,2,2,2,2,2,2,2,20140508,5,4,2,3,,3,3,3,1,3,34,5,,,4,4,4,2,3,3,1484,
4382,,,,1,2,2,1,1,2,2,2,2,2,2,20140509,5,8,2,3,,2,,2,1,1,28,5,,1,2,4,1,3,4,3,12731,
4383,,,,1,2,2,1,2,2,2,2,1,2,2,20140423,4,3,1,4,,,,3,1,3,34,5,,,4,1,1,2,5,1,1523,
4384,,,,2,2,2,2,2,2,2,2,2,2,2,20140611,6,9,2,3,,1,,1,1,0,34,5,1,2,1,2,1,1,2,3,2450,
4385,,,,2,2,2,2,2,2,2,2,2,2,2,20140505,5,6,1,3,,1,,1,1,0,17,5,,4,4,2,4,1,2,3,8503,
4386,,,,1,1,2,2,2,2,2,2,2,2,2,20140508,5,1,1,1,2,2,2,4,2,3,9,5,,,2,1,1,3,5,1,3749,
4387,,,,1,2,2,2,1,2,2,2,2,2,2,20140415,4,9,2,4,,,,3,1,3,9,5,,6,2,2,2,1,2,3,3858,
4388,,,,2,2,2,2,2,2,2,2,2,2,2,20140507,5,1,1,1,2,1,,4,1,0,34,5,,,4,1,1,4,5,1,6104,
4389,,,,1,2,2,2,1,2,2,2,2,2,2,20140515,5,4,1,3,,3,,4,1,3,28,5,1,,4,4,5,1,2,3,2029,
4390,,,,2,2,2,2,2,2,2,2,2,2,2,20140709,7,2,2,1,2,3,,5,2,3,28,5,1,,4,1,1,3,5,1,3997,
4391,,,,1,1,2,1,1,,,2,2,2,1,20140506,5,9,1,3,,2,,2,1,1,9,5,,3,2,4,5,2,3,3,5679,
4392,,,,2,2,2,2,2,2,2,2,2,2,2,20140506,5,4,1,1,2,3,3,5,2,2,9,5,,,4,,,,,,3671,
4393,,,,2,2,2,2,2,2,2,2,2,2,2,20140414,4,9,2,4,,,,3,1,3,12,5,,6,2,4,1,3,4,3,2737,
4394,,,,2,2,2,2,2,2,2,2,2,2,2,20140506,5,2,2,1,1,2,,4,1,3,28,5,,,4,1,1,1,5,1,2664,
4395,,,,1,2,2,2,1,2,2,2,1,2,2,20140423,4,4,1,4,,,,4,1,2,25,5,,,4,3,5,1,5,,10590,
4396,,,,1,1,1,2,1,2,2,2,2,2,2,20140507,5,4,2,1,2,2,2,4,1,3,7,5,,,,2,3,1,5,,1971,
4397,,,,2,2,2,2,2,2,2,2,2,2,2,20140508,5,1,2,1,3,3,,6,1,3,28,5,,,4,1,,,,1,5995,
4398,,,,2,2,2,2,2,2,2,2,2,2,2,20140506,5,9,2,3,,2,,2,1,1,32,5,,1,2,4,1,3,4,3,4670,
4399,,,,1,1,2,2,1,2,2,2,2,2,2,20140508,5,6,2,3,,2,,2,1,2,28,5,,7,,2,1,2,3,3,8487,
4400,,,,1,2,2,2,1,2,2,2,2,2,2,20140416,4,8,2,4,,,,2,1,1,28,5,,2,3,3,,,,3,12731,
4401,,,,1,1,2,1,1,2,2,2,2,2,2,20140507,5,4,2,4,,,,2,1,2,34,5,,,3,1,1,1,2,3,3057,
4402,,,,1,2,2,2,2,2,2,2,2,2,2,20140415,4,10,2,4,,,,1,1,0,34,5,,1,1,1,1,1,1,3,2450,
4403,,,,2,2,2,2,2,2,2,2,2,2,2,20140506,5,9,2,3,,2,,2,1,1,28,5,,4,3,2,2,1,2,3,5605,
4404,,,,2,2,2,2,2,2,2,2,2,2,2,20140527,5,4,2,1,3,2,,5,2,3,28,5,1,,4,2,4,1,5,,3735,
4405,,,,1,2,2,2,1,2,2,2,2,2,2,20140528,5,4,1,1,1,3,,5,1,2,34,5,1,,3,5,4,2,5,,3385,
4406,,,,2,2,2,2,2,2,2,2,2,2,2,20140507,5,2,2,1,2,2,,4,1,2,28,5,,,4,1,1,1,5,1,5329,
4407,,,,1,1,2,2,2,2,2,2,2,2,2,20140514,5,9,1,3,,2,,2,1,2,28,5,1,6,,4,4,2,3,2,1806,
4408,,,,2,2,2,2,2,2,2,2,2,2,2,20140513,5,7,2,3,,3,1,3,1,2,12,5,1,6,4,2,1,1,2,3,24164,
4409,,,,2,2,2,2,2,2,2,2,2,2,2,20140416,4,6,2,4,,,,4,1,2,13,5,,7,4,3,5,1,2,3,14102,
4410,,,,1,2,2,2,1,2,2,2,2,2,2,20140513,5,3,2,1,2,2,,4,1,2,32,5,1,,4,1,1,1,5,1,2658,
4411,,,,2,2,2,2,2,2,2,2,2,2,2,20140421,4,9,1,4,,,,1,1,0,28,5,,2,1,4,1,3,4,3,2709,
4412,,,,1,2,2,1,2,2,2,2,1,2,2,20140513,5,6,2,2,1,2,,3,1,2,9,5,1,4,2,4,3,2,3,3,50458,
4413,,,,2,2,2,2,2,2,2,2,2,2,2,20140514,5,9,2,3,,2,,2,1,1,34,5,1,4,1,2,2,1,2,3,2450,
4414,,,,1,2,1,2,2,2,2,2,2,2,2,20140514,5,10,2,3,,2,,2,1,1,34,5,1,2,1,3,4,2,3,3,2450,
4415,,,,2,2,2,2,2,2,2,2,2,2,2,20140513,5,8,2,3,,1,,1,1,0,18,5,1,4,2,,3,,,3,12167,
4416,,,,1,2,1,2,1,2,2,2,2,2,2,20140513,5,5,2,3,,2,1,2,1,2,17,5,1,7,3,3,3,1,2,3,6745,
4417,,,,1,2,2,2,2,2,2,2,2,2,2,20140514,5,3,1,1,2,2,,4,1,2,3,5,1,,4,1,1,1,5,1,5622,
4418,,,,2,2,2,2,2,2,2,2,2,2,2,20140506,5,10,2,3,,1,,1,1,0,16,5,,1,1,4,2,3,4,3,6086,
4419,,,,1,2,2,2,1,1,2,2,2,2,2,20140608,6,2,1,1,2,2,2,4,1,3,34,5,1,,3,1,1,1,5,1,1526,
4420,,,,1,2,2,2,1,2,2,2,2,2,2,20140607,6,2,2,1,1,3,1,4,1,2,34,5,1,,4,1,,,,1,2269,
4421,,,,2,2,2,2,2,2,2,2,2,2,2,20140525,5,1,2,1,2,2,2,4,1,2,25,5,1,,1,1,1,1,5,1,4770,
4422,,,,2,2,2,2,2,2,2,2,2,2,2,20140514,5,9,2,3,,2,2,2,1,1,2,5,1,2,2,2,1,2,3,3,2476,
4423,,,,2,2,2,2,2,2,2,2,2,2,2,20140514,5,10,1,3,,1,,1,1,1,6,5,1,2,1,4,4,2,3,3,3377,
4424,,,,1,2,2,2,1,2,2,2,2,2,2,20140513,5,8,1,3,,3,1,3,1,3,2,5,1,2,4,5,4,2,3,3,9665,
4425,,,,2,2,2,2,2,2,2,2,2,2,2,20140417,4,9,2,4,,,,5,1,3,9,5,,5,4,3,2,2,3,3,6430,
4426,,,,1,2,2,2,1,2,2,2,2,2,2,20140531,5,4,2,2,1,3,1,4,1,3,25,5,1,,4,2,4,1,2,3,4542,
4427,,,,2,2,2,1,1,2,2,2,2,2,2,20140412,4,8,1,4,,,,2,1,2,9,5,,5,4,4,5,1,2,3,8019,
4428,,,,1,2,2,2,2,2,2,2,2,2,2,20140524,5,1,1,1,3,2,,5,1,2,34,5,1,,4,1,1,4,5,1,2543,
4429,,,,2,2,2,2,2,2,2,2,2,2,2,20140513,5,9,2,3,,1,,1,2,0,32,5,1,2,1,,1,,,3,2335,
4430,,,,1,2,2,1,2,2,2,2,2,2,2,20140514,5,3,1,1,1,3,2,5,2,3,2,5,1,,,2,1,3,5,1,2861,
4431,,,,2,2,2,2,2,2,2,2,2,2,2,20140514,5,1,1,1,2,2,,4,1,2,6,5,1,,4,1,,,,1,3340,
4432,,,,1,1,2,2,2,2,2,2,2,2,2,20140513,5,9,2,3,,2,,2,1,2,28,5,1,4,,2,1,2,3,3,3737,
4433,,,,1,1,2,2,1,2,2,2,2,2,2,20140513,5,8,2,3,,2,,2,2,1,28,5,1,7,4,5,5,3,4,3,8487,
4434,,,,2,2,2,2,2,2,2,2,2,2,2,20140606,6,3,2,1,1,3,4,5,1,3,17,5,2,,,1,2,1,5,1,2102,
4435,,,,1,2,2,,1,2,2,2,2,2,2,20140412,4,8,2,4,,,,2,1,2,34,5,,4,2,5,3,3,4,2,3057,
4436,,,,1,1,2,2,1,2,2,2,2,2,2,20140506,5,9,2,3,,1,,1,1,1,34,5,,6,4,2,1,1,2,3,1225,
4437,,,,2,2,2,2,2,2,2,2,2,2,2,20140425,4,1,1,4,,,,4,1,2,34,5,,,4,1,1,1,5,1,2035,
4438,,,,1,2,2,2,2,2,2,2,2,2,2,20140604,6,2,2,1,2,2,2,4,2,2,34,5,1,,4,1,1,1,5,1,1701,
4439,,,,2,2,2,2,1,2,2,2,2,2,2,20140505,5,2,1,1,2,2,2,4,1,2,34,5,,,4,1,1,1,5,1,2035,
4440,,,,1,2,2,2,1,2,2,2,2,2,2,20140526,5,1,1,1,3,2,,5,1,2,28,5,1,,4,1,,,,1,5565,
4441,,,,1,1,1,2,1,2,2,2,2,2,2,20140514,5,10,1,3,,2,2,2,1,1,17,5,1,7,4,3,3,1,2,3,2949,
4442,,,,2,2,2,2,2,2,2,2,2,2,2,20140513,5,10,2,3,,1,,1,1,1,34,5,1,1,,3,3,1,2,3,1225,
4443,,,,2,2,2,2,2,2,2,2,2,2,2,20140514,5,10,1,3,,1,,1,1,0,12,5,1,5,3,3,4,1,2,3,6837,
4444,,,,2,2,2,2,2,2,2,2,2,2,2,20140507,5,4,1,1,4,2,,6,1,3,34,5,,,4,3,4,1,5,,3047,
4445,,,,2,2,2,2,2,2,2,2,2,2,2,20140514,5,5,1,3,,2,,2,,2,34,5,1,6,2,3,4,1,2,3,10,
4446,,,,2,2,2,2,2,2,2,2,2,2,2,20140609,6,1,1,1,3,2,,5,1,2,12,5,1,,4,1,1,1,5,1,6772,
4447,,,,2,2,2,2,2,2,2,2,2,2,2,20140417,4,9,2,4,,,,1,1,1,28,5,,1,1,1,1,1,2,3,2803,
4448,,,,2,2,2,2,2,2,2,2,2,2,2,20140517,5,1,2,1,4,2,,6,1,2,28,5,1,,3,1,1,3,5,1,7993,
4449,,,,1,2,2,1,1,2,2,2,2,2,2,20140419,4,3,1,4,,,,3,2,2,34,5,,,4,1,1,1,5,1,1523,
4450,,,,2,2,2,2,2,2,2,2,2,2,2,20140514,5,2,2,1,2,2,,4,1,2,7,5,1,,4,,1,,,1,9780,
4451,,,,2,2,2,2,2,2,2,2,2,2,2,20140514,5,9,1,3,,2,,2,1,0,34,5,1,2,,4,4,2,3,3,8081,
4452,,,,1,2,2,2,2,2,,2,1,2,2,20140526,5,2,1,1,3,2,,5,1,2,34,5,1,,4,1,1,3,5,1,2543,
4453,,,,2,2,2,2,2,2,2,2,2,2,2,20140513,5,9,1,3,,2,2,2,1,2,28,5,1,4,2,2,1,1,2,3,1806,
4454,,,,2,2,1,2,2,2,2,2,2,2,2,20140505,5,8,2,3,,2,,2,1,2,34,5,,4,,4,3,3,4,3,3057,
4455,,,,2,2,2,2,2,2,2,2,2,2,2,20140513,5,10,1,3,,2,,2,1,0,34,5,1,1,1,4,4,2,3,3,8081,
4456,,,,2,2,2,2,2,2,2,2,2,2,2,20140602,6,3,1,1,1,2,,3,1,3,34,5,1,,3,1,2,1,5,1,1523,
4457,,,,1,1,2,2,1,2,2,2,2,2,1,20140514,5,9,2,3,,2,,2,1,1,34,5,1,1,1,5,3,3,4,3,2450,
4458,,,,1,1,2,2,2,2,2,2,2,2,1,20140513,5,8,2,3,,3,4,5,1,3,28,5,1,6,,3,3,2,3,3,12731,
4459,,,,1,1,2,2,1,2,2,2,2,2,1,20140417,4,6,2,4,,,,3,2,3,34,5,,4,4,2,2,1,2,3,2752,
4460,,,,2,2,2,2,2,2,2,2,2,2,2,20140513,5,5,2,2,4,2,,6,2,3,28,5,1,4,,2,3,1,2,3,38947,
4461,,,,2,2,2,2,2,2,2,2,2,2,2,20140513,5,7,2,3,,2,,2,1,2,17,5,1,7,4,5,3,3,4,3,6745,
4462,,,,1,2,2,1,2,2,2,2,2,2,1,20140417,4,8,2,4,,,,4,1,3,28,5,,4,4,2,3,1,2,3,10185,
4463,,,,2,2,2,2,2,2,2,2,2,2,2,20140513,5,7,2,3,,1,,1,1,1,25,5,1,5,2,3,4,1,2,3,7154,
4464,,,,2,2,2,2,2,2,2,2,2,2,2,20140514,5,4,2,2,3,3,3,5,2,3,28,5,1,,,,2,,,3,6828,
4465,,,,2,2,2,2,2,2,2,2,2,2,2,20140524,5,2,2,1,2,2,,4,1,1,28,5,1,,4,1,1,1,5,1,7993,
4466,,,,1,2,2,1,1,2,2,2,2,2,2,20140507,5,1,2,1,3,2,,5,1,2,34,5,,,4,1,,,,1,2836,
4467,,,,1,2,1,2,1,2,2,2,2,2,1,20140513,5,7,1,3,,2,,2,1,2,17,5,1,7,4,3,5,1,2,3,5669,
4468,,,,1,2,2,2,,2,2,2,2,2,2,20140513,5,9,2,2,1,3,2,3,1,3,17,5,1,2,4,3,2,2,3,3,8762,
4469,,,,2,2,2,2,2,2,2,2,2,2,2,20140514,5,10,1,3,,2,,2,1,1,9,5,1,1,2,3,3,2,3,3,5679,
4470,,,,2,2,2,2,2,2,2,2,1,2,2,20140513,5,6,2,2,2,2,,3,2,3,7,5,1,7,4,2,1,2,3,3,2814,
4471,,,,1,2,2,1,1,2,2,2,2,2,2,20140528,5,3,2,1,1,2,,3,1,3,34,5,1,,4,2,3,1,5,1,2681,
4472,,,,1,1,2,2,2,2,2,2,2,2,2,20140513,5,8,1,3,,3,2,3,2,0,34,5,1,4,,3,3,2,3,3,15402,
4473,,,,2,2,2,2,2,2,2,2,2,2,2,20140514,5,10,2,3,,1,,1,2,0,34,5,1,2,1,,2,,,3,1225,
4474,,,,2,2,2,2,2,2,2,2,2,2,2,20140514,5,9,2,3,,1,,1,1,1,16,5,1,2,,,4,,,3,3043,
4475,,,,2,2,2,2,2,2,2,2,2,2,2,20140530,5,3,1,1,1,2,1,3,1,2,28,5,1,,2,4,4,2,5,1,5658,
4476,,,,1,2,2,2,1,2,2,2,2,2,2,20140609,6,4,2,1,2,3,1,5,1,3,28,5,1,,4,1,2,1,5,,4482,
4477,,,,2,2,2,2,2,2,2,2,2,2,2,20140515,5,1,1,1,1,2,2,3,1,2,9,5,1,,4,1,1,4,5,1,4686,
4478,,,,1,2,2,2,2,2,2,2,2,2,2,20140521,5,2,1,1,1,2,2,3,1,2,34,5,1,,,1,1,1,5,1,1526,
4479,,,,1,2,2,2,1,2,2,2,2,2,2,20140514,5,9,2,3,,2,,2,1,2,28,5,1,2,2,3,3,2,3,3,3737,
4480,,,,2,2,2,2,2,2,2,2,2,2,2,20140708,7,1,2,1,1,2,,3,1,2,28,5,1,,3,1,1,1,5,1,3997,
4481,,,,1,2,2,2,1,2,2,2,2,2,2,20140611,6,4,2,3,,3,1,3,1,3,34,5,1,,3,2,1,2,3,3,1484,
4482,,,,1,2,2,2,1,2,2,2,2,2,2,20140707,7,3,1,1,3,2,,5,1,2,34,5,1,,2,1,1,1,5,1,3385,
4483,,,,2,2,2,2,2,2,2,2,2,2,2,20140513,5,9,1,3,,2,2,2,2,1,16,5,1,4,,5,5,3,4,3,6588,
4484,,,,2,2,2,2,2,2,2,2,2,2,2,20140513,5,7,2,3,,3,4,5,1,3,28,5,1,7,4,3,3,1,2,3,10609,
4485,,,,1,1,2,2,2,2,2,2,2,2,2,20140514,5,3,2,1,2,3,4,6,2,1,17,5,1,,3,1,1,1,5,1,4205,
4486,,,,2,2,2,2,2,2,2,2,2,2,2,20140415,4,10,2,4,,,,1,1,1,34,5,,2,4,,,,,3,1225,
4487,,,,1,2,2,1,2,2,2,2,2,2,2,20140704,7,2,2,1,3,2,,5,1,2,34,5,1,,4,1,1,1,5,1,2836,
4488,,,,1,2,2,2,2,2,2,2,1,2,2,20140707,7,4,1,2,1,3,1,4,1,3,34,5,1,,2,2,5,1,5,,3247,
4489,,,,1,1,2,2,2,2,2,2,2,2,2,20140514,5,9,2,2,1,3,3,6,1,3,18,5,1,5,3,5,3,3,4,3,38855,
4490,,,,1,2,2,2,2,1,2,2,2,2,1,20140528,5,3,2,1,2,2,,4,1,3,17,5,1,,4,1,2,1,5,1,2102,
4491,,,,2,2,2,2,2,2,2,2,2,2,2,20140609,6,2,1,1,3,2,,5,1,2,28,5,1,,4,1,1,1,5,1,5565,
4492,,,,2,2,2,2,2,2,2,2,2,2,2,20140520,5,1,1,1,1,1,,2,1,1,28,5,1,,4,1,1,1,5,1,3339,
4493,,,,2,2,2,2,2,2,2,2,2,2,2,20140625,6,8,2,3,,2,,2,1,1,34,5,1,4,3,4,1,3,4,3,4586,
4494,,,,2,2,2,2,2,2,2,2,2,2,2,20140614,6,6,2,2,2,1,,3,1,3,28,5,1,6,,3,3,1,2,3,48683,
4495,,,,2,2,2,2,2,2,2,2,2,2,2,20140905,9,3,2,1,1,3,1,4,1,3,28,5,1,,4,1,1,1,5,1,3586,
4496,,,,1,2,2,2,2,2,2,2,2,2,2,20140507,5,4,2,3,,2,2,2,1,2,9,5,,,2,2,2,1,2,3,885,
4497,,,,2,2,2,2,2,2,2,2,2,2,2,20140513,5,10,2,3,,1,,1,1,0,12,5,1,1,,3,3,2,3,3,3649,
4498,,,,1,1,2,2,1,2,2,2,2,2,2,20140415,4,9,2,4,,,,1,2,1,34,5,,6,2,3,3,2,3,3,490,
4499,,,,2,2,2,2,2,2,2,2,2,2,2,20140703,7,8,1,3,,2,,2,1,2,34,5,1,4,4,5,5,2,3,3,6845,
4500,,,,1,2,2,2,1,1,2,2,2,1,1,20140708,7,4,1,2,1,3,3,5,2,3,28,5,1,,4,5,5,3,4,3,5746,
4501,,,,2,2,2,2,2,2,2,2,2,2,2,20140522,5,4,1,2,1,3,1,4,1,3,34,5,1,,,5,5,2,3,3,2597,
4502,,,,2,2,2,2,2,2,2,2,2,2,2,20140515,5,2,2,1,3,2,2,5,1,2,28,5,1,,4,1,1,2,5,1,6661,
4503,,,,2,2,2,2,2,2,2,2,2,2,2,20140529,5,1,1,1,3,2,,5,1,2,11,5,1,,2,1,1,3,5,1,4380,
4504,,,,1,2,2,2,1,2,2,2,2,2,2,20140528,5,3,2,1,1,2,,3,1,3,28,5,1,,4,2,3,2,5,1,3362,
4505,,,,2,2,2,2,2,2,2,2,2,2,2,20140709,7,1,2,1,4,3,,6,2,3,34,5,1,,,1,1,1,5,1,1701,
4506,,,,1,2,2,2,1,2,2,2,2,2,2,20140625,6,7,2,3,,3,1,3,1,3,17,5,1,2,4,2,1,2,3,3,7588,
4507,,,,1,2,2,2,1,2,2,2,2,2,2,20140703,7,8,2,3,,2,,2,1,2,9,5,1,2,1,3,1,3,4,3,5498,
4508,,,,2,2,2,2,2,2,2,2,2,2,2,20140609,6,2,2,1,2,2,,4,1,2,34,5,1,,,1,1,1,5,1,2269,
4509,,,,2,2,2,2,1,2,2,2,2,2,2,20140513,5,4,1,1,2,2,2,4,1,2,17,5,1,,2,4,5,2,5,,2557,
4510,,,,1,1,2,2,2,2,2,2,2,2,2,20140616,6,9,1,3,,2,,2,1,2,16,5,1,2,1,4,4,2,3,3,6588,
4511,,,,1,2,2,2,2,2,2,1,2,2,1,20140708,7,2,1,1,2,2,,4,1,2,34,5,1,,3,1,1,1,5,1,2035,
4512,,,,2,2,2,2,2,2,2,2,2,2,2,20140417,4,1,2,4,,,,4,1,2,34,5,,,3,1,,,,1,2269,
4513,,,,1,1,2,2,1,2,2,2,2,2,2,20140513,5,10,2,3,,1,,1,1,1,34,5,1,2,2,3,2,2,3,3,1225,
4514,,,,2,2,2,2,2,2,2,2,2,2,2,20140421,4,4,1,4,,,,3,1,3,28,5,,,2,2,3,1,5,,4243,
4515,,,,2,2,2,2,2,2,2,2,2,2,2,20140412,4,2,1,4,,,,4,1,1,17,5,,,2,1,1,1,5,1,3660,
4516,,,,1,1,2,2,2,2,2,2,2,2,1,20140422,4,7,1,4,,,,1,1,0,12,5,,2,1,4,4,2,3,3,16148,
4517,,,,2,2,2,2,2,2,2,2,2,2,2,20140703,7,9,2,3,,2,,2,1,1,25,5,1,4,3,5,3,3,4,3,9749,
4518,,,,2,2,2,2,2,2,2,2,2,2,2,20140514,5,7,1,3,,2,2,2,1,1,9,5,1,1,,5,4,2,3,3,12029,
4519,,,,2,2,2,2,2,2,2,2,2,2,2,20140502,5,9,1,3,,1,1,1,1,1,17,5,,2,2,5,3,3,4,3,1474,
4520,,,,2,2,2,2,2,2,2,2,2,2,2,20140513,5,8,2,3,,3,2,4,1,3,25,5,2,6,3,5,3,3,4,3,11446,
4521,,,,2,2,2,2,2,2,2,2,2,2,2,20140513,5,9,1,3,,1,,1,1,0,32,5,1,1,1,5,5,3,4,3,7124,
4522,,,,2,2,2,2,2,2,2,2,2,2,2,20140624,6,5,2,3,,3,,3,1,0,34,5,1,1,1,1,4,1,1,3,13758,
4523,,,,1,2,2,2,2,2,1,2,1,2,2,20140513,5,5,1,2,2,2,,4,1,2,34,5,1,4,4,5,4,2,3,3,39523,
4524,,,,1,2,2,2,2,2,1,2,1,2,2,20140531,5,4,2,1,2,2,1,4,1,3,32,5,1,,2,1,3,1,5,,1595,
4525,,,,1,2,2,2,2,2,2,2,2,2,2,20140513,5,6,2,2,3,2,1,5,1,3,17,5,1,4,4,3,3,1,2,3,50069,
4526,,,,1,2,2,1,2,2,2,2,2,2,2,20140524,5,2,2,1,2,2,,4,1,2,16,5,1,,4,1,1,1,5,1,8465,
4527,,,,2,2,2,2,2,2,2,1,1,2,2,20140531,5,1,1,1,1,2,,3,1,2,32,5,,,3,1,1,2,5,1,1465,
4528,,,,2,2,2,2,2,2,2,2,2,2,2,20140614,6,9,1,3,,2,2,2,1,1,34,5,1,2,,5,4,3,4,3,4041,
4529,,,,2,2,2,2,2,2,2,2,2,2,2,20140513,5,7,2,3,,3,1,3,1,2,28,5,1,2,2,2,1,1,2,3,12731,
4530,,,,1,2,2,2,2,2,2,2,2,2,2,20140514,5,3,2,1,1,1,,3,2,2,28,5,1,,4,1,1,1,5,1,3362,
4531,,,,,1,2,2,2,2,2,2,2,2,2,20140526,5,1,2,1,2,2,,4,1,2,17,5,1,,,1,,,,1,2616,
4532,,,,2,2,2,2,2,2,2,2,2,2,2,20140513,5,7,2,3,,2,,2,1,2,34,5,1,2,,4,3,2,3,3,3057,
4533,,,,2,2,2,2,2,2,2,2,2,2,2,20140513,5,10,2,3,,1,,1,1,3,28,5,1,2,1,3,2,2,3,3,1401,
4534,,,,1,2,2,2,1,2,2,2,2,2,2,20140624,6,10,2,3,,2,2,2,1,1,16,5,1,2,,3,4,1,2,3,6086,
4535,,,,2,1,2,2,2,2,2,2,2,2,2,20140617,6,9,2,3,,2,,2,1,0,28,5,1,1,,,4,,,3,11210,
4536,,,,1,1,2,2,1,2,2,2,2,2,1,20140624,6,10,2,3,,1,,1,1,0,32,5,1,4,1,3,1,2,3,3,4670,
4537,,,,2,2,2,2,2,2,2,2,2,2,2,20140626,6,2,1,1,1,3,,5,1,,28,5,1,,3,1,,,,1,16694,
4538,,,,1,2,2,2,1,2,2,2,2,2,2,20140614,6,7,1,3,,1,1,1,1,0,34,5,,4,1,2,2,1,2,3,10268,
4539,,,,2,2,2,2,2,2,2,2,2,2,2,20140623,6,2,1,1,1,2,2,3,1,2,34,5,2,,,1,,,,1,1526,
4540,,,,1,2,2,2,2,2,2,2,2,2,2,20140422,4,10,2,4,,,,1,1,1,28,5,,6,,2,4,1,2,3,2803,
4541,,,,1,2,2,2,2,2,2,2,2,2,2,20140709,7,1,1,1,1,2,2,3,2,2,34,5,1,,,1,1,4,5,1,763,
4542,,,,2,2,2,2,2,2,2,2,2,2,2,20140513,5,6,2,3,,3,,3,1,0,34,5,,1,,,,,,3,13758,
4543,,,,1,2,2,2,2,2,2,2,2,2,2,20141009,10,4,1,1,2,3,2,6,1,3,16,5,1,,4,3,4,1,5,,6545,
4544,,,,2,2,2,2,2,2,2,2,2,2,2,20140609,6,4,2,3,,3,2,4,1,3,34,5,1,,3,1,2,1,2,3,1583,
4545,,,,1,2,2,2,2,2,2,2,2,2,2,20140415,4,3,1,4,,,,3,1,3,28,5,,,1,2,3,1,5,1,4243,
4546,,,,1,2,2,1,2,2,2,2,2,2,2,20140514,5,9,2,3,,1,,1,1,1,25,5,1,3,2,4,3,3,4,3,4875,
4547,,,,1,1,2,1,1,2,2,2,2,2,1,20140521,5,8,1,3,,2,,2,2,0,32,5,1,2,2,4,4,2,3,3,21276,
4548,,,,2,2,2,2,2,2,2,2,2,2,2,20140720,7,1,1,1,3,2,,5,1,2,16,5,1,,4,1,1,4,5,1,6151,
4549,,,,1,1,2,2,1,2,2,2,1,2,1,20140718,7,8,2,3,,2,,2,1,2,34,5,1,4,1,4,2,3,4,3,3057,
4550,,,,2,2,2,2,2,2,2,2,2,2,2,20140721,7,9,2,3,,1,,1,1,0,34,5,1,4,2,,2,,,3,2450,
4551,,,,2,2,2,2,2,2,2,2,1,2,2,20140513,5,7,1,2,3,1,1,4,1,3,34,5,1,2,1,2,3,1,2,3,29642,
4552,,,,2,2,2,2,2,2,2,2,2,2,2,20140417,4,2,2,4,,,,6,2,3,34,5,,,,1,1,2,5,1,1323,
4553,,,,2,1,1,2,2,2,2,2,2,2,2,20140717,7,8,2,3,,3,1,3,1,2,28,5,1,7,4,2,3,1,2,3,12731,
4554,,,,1,2,2,2,1,2,2,2,2,2,2,20140505,5,8,2,3,,2,2,2,1,1,34,5,,2,2,2,3,1,2,3,4586,
4555,,,,1,2,2,2,2,2,2,2,2,2,2,20140513,5,3,1,1,2,2,,4,1,2,9,5,1,,4,1,1,1,5,1,5874,
4556,,,,1,2,2,2,2,2,2,2,2,2,1,20140720,7,8,2,3,,2,1,2,1,0,28,5,1,2,1,2,1,1,2,3,25462,
4557,,,,1,2,2,1,1,2,2,2,2,2,2,20140720,7,8,2,3,,1,,1,1,1,13,5,1,5,2,3,3,2,3,3,5288,
4558,,,,2,2,2,2,2,2,2,2,2,2,2,20140721,7,9,1,3,,1,,1,1,1,32,5,1,4,2,5,5,2,3,3,3562,
4559,,,,2,2,2,2,2,2,2,2,2,2,2,20140710,7,9,1,3,,2,,2,1,0,34,5,1,4,3,5,5,3,4,3,8081,
4560,,,,2,2,2,2,2,2,2,2,1,2,2,20140513,5,3,1,1,2,1,1,3,1,2,34,5,1,,2,3,3,2,5,1,2031,
4561,,,,2,2,2,2,2,2,2,2,2,2,2,20140426,4,4,1,4,,,,3,1,3,34,5,,,4,2,4,1,2,3,1219,
4562,,,,2,2,2,2,2,2,2,2,2,2,2,20140719,7,10,2,3,,1,,1,1,0,28,5,1,1,,5,3,3,4,3,5605,
4563,,,,2,2,2,2,2,2,2,2,2,2,2,20140514,5,9,1,3,,2,,2,2,1,34,5,1,6,2,4,4,2,3,3,2694,
4564,,,,1,2,2,2,2,2,2,2,2,2,2,20140805,8,3,1,1,2,2,,4,1,3,34,5,1,,4,2,4,1,5,1,2031,
4565,,,,2,2,2,2,2,2,2,2,2,2,2,20140721,7,8,1,3,,3,2,4,1,3,28,5,1,4,4,4,5,1,2,3,17430,
4566,,,,2,2,2,2,2,2,2,2,2,2,2,20140716,7,10,2,3,,1,,1,2,0,28,5,1,1,2,3,2,2,3,3,1121,
4567,,,,2,2,2,2,2,2,2,2,2,2,2,20140727,7,2,1,1,1,2,,3,2,2,9,5,1,,1,1,1,1,5,1,3514,
4568,,,,2,2,2,2,2,2,2,2,2,2,2,20140720,7,7,2,2,2,2,2,4,1,2,28,5,1,4,4,3,2,2,3,3,86548,
4569,,,,2,2,2,2,2,2,2,2,2,2,2,20140720,7,9,2,3,,2,,2,2,1,34,5,1,6,3,5,3,3,4,3,817,
4570,,,,2,2,2,2,2,2,2,2,2,2,2,20140715,7,10,1,3,,2,,2,1,1,9,5,1,7,2,5,4,3,4,3,5679,
4571,,,,2,2,2,2,2,2,2,,,,,20140514,5,10,1,3,,1,,1,,,9,5,1,2,1,3,4,1,2,3,5679,
4572,,,,1,2,2,1,1,2,2,2,2,2,2,20140513,5,9,2,3,,2,,2,1,2,28,5,1,2,3,5,2,3,4,3,3737,
4573,,,,2,2,2,2,2,2,2,2,2,2,2,20140725,7,3,1,1,1,3,1,4,1,3,17,5,1,,2,1,3,1,5,1,1534,
4574,,,,1,2,2,2,1,2,2,2,2,2,2,20140531,5,2,2,1,1,3,2,4,1,3,13,5,1,,2,1,1,1,5,1,2613,
4575,,,,1,2,2,2,2,2,2,2,2,2,2,20140723,7,7,2,2,1,3,1,4,1,1,34,5,1,4,3,4,2,3,4,3,26478,
4576,,,,1,1,2,2,2,2,2,2,2,2,2,20140722,7,8,2,3,,2,,2,1,1,34,5,1,4,,3,1,3,4,3,4586,
4577,,,,2,2,2,2,2,2,2,2,2,2,2,20140514,5,8,2,3,,1,,1,2,1,34,5,1,1,1,1,1,1,2,3,1147,
4578,,,,2,2,2,2,2,2,2,2,2,2,2,20140513,5,7,2,3,,2,,2,2,0,34,5,1,1,3,4,2,2,3,3,3057,
4579,,,,1,1,2,2,1,2,2,2,2,2,2,20140513,5,8,2,3,,2,,2,1,2,34,5,1,4,3,2,3,1,2,3,3057,
4580,,,,2,2,2,2,2,2,2,2,2,2,2,20140513,5,9,2,3,,1,,1,1,1,28,5,1,6,1,4,2,3,4,3,2803,
4581,,,,2,2,2,2,2,2,2,2,2,2,2,20140514,5,10,1,3,,2,,2,1,1,17,5,1,7,3,4,4,2,3,3,2949,
4582,,,,2,2,2,2,2,2,2,2,2,2,2,20140722,7,9,1,3,,1,,1,1,1,28,5,1,5,4,5,3,3,4,3,1355,
4583,,,,2,2,2,2,2,2,2,2,2,2,2,20140721,7,9,1,3,,1,,1,1,0,28,5,1,4,,5,5,3,4,3,2709,
4584,,,,2,2,2,2,2,2,2,2,2,2,2,20140719,7,8,1,3,,2,,2,1,2,34,5,1,2,2,5,5,3,4,3,6845,
4585,,,,1,2,2,2,1,2,2,2,2,2,2,20140422,4,7,1,4,,,,2,1,2,25,5,,,,5,5,2,3,3,8894,
4586,,,,1,2,2,1,1,2,2,2,1,2,2,20140722,7,9,2,3,,2,,2,1,2,34,5,1,4,3,2,1,1,2,3,1634,
4587,,,,2,2,2,2,2,2,2,2,2,2,2,20140707,7,1,1,1,1,2,2,3,1,2,17,5,1,,4,1,1,4,5,1,1830,
4588,,,,1,2,2,1,1,2,2,2,2,2,2,20140625,6,6,2,3,,3,1,3,0,3,34,5,1,2,3,2,2,1,2,3,4586,
4589,,,,1,2,2,2,2,1,2,2,2,2,2,20140621,6,2,2,1,2,2,,4,1,3,2,5,1,,3,1,1,1,5,1,1337,
4590,,,,2,2,2,2,2,2,2,2,2,2,2,20140612,6,8,2,3,,2,,2,0,2,11,5,1,6,4,2,3,1,2,3,13050,
4591,,,,2,2,2,2,2,2,2,2,2,2,2,20140702,7,3,1,1,2,1,,3,0,3,28,5,1,,1,3,5,2,5,1,5658,
4592,,,,2,2,2,2,2,2,2,2,2,2,2,20140709,7,2,1,1,3,2,2,5,2,2,12,5,1,,3,1,1,1,5,1,4063,
4593,,,,2,2,2,2,1,2,2,2,2,2,2,20140623,6,3,2,1,1,1,,2,1,1,17,5,2,,,,,,,1,2102,
4594,,,,2,2,2,2,2,2,2,2,2,2,2,20140614,6,7,1,3,,3,1,3,2,3,12,5,1,2,2,5,5,3,4,3,9689,
4595,,,,1,2,2,2,2,2,2,2,2,2,2,20140612,6,6,2,2,1,2,2,3,1,2,28,5,1,4,4,2,3,1,2,3,64911,
4596,,,,1,2,2,2,1,2,2,2,2,2,2,20140514,5,8,2,3,,2,,2,1,0,34,5,1,4,2,3,3,1,2,3,9172,
4597,,,,2,2,2,2,2,2,2,2,2,2,2,20140721,7,10,2,3,,1,,1,1,1,17,5,1,6,3,2,1,1,2,3,1475,
4598,,,,2,2,2,2,2,2,2,2,2,2,2,20140807,8,1,1,1,2,2,,4,1,2,28,5,1,,4,1,,,,1,4452,
4599,,,,1,2,2,1,1,2,2,2,1,2,2,20140506,5,7,1,3,,3,,6,1,3,28,5,,7,4,3,2,2,3,3,24511,
4600,,,,1,1,2,2,2,2,2,2,1,2,2,20140506,5,5,2,2,2,2,2,4,1,2,34,5,,4,,2,4,1,2,3,17652,
4601,,,,2,2,2,2,2,2,2,2,2,2,2,20140506,5,10,2,3,,1,,1,1,1,34,5,,1,1,3,1,3,4,3,1225,
4602,,,,1,2,2,2,1,2,2,2,2,2,2,20140808,8,2,1,1,2,2,,4,1,3,28,5,1,,4,1,1,1,5,1,3339,
4603,,,,1,2,2,2,1,2,2,2,2,2,2,20140712,7,9,2,3,,1,,1,1,2,9,5,1,1,2,5,1,3,4,3,1715,
4604,,,,2,2,2,2,2,2,2,2,2,2,2,20140507,5,1,1,1,1,3,,3,1,2,28,5,,,,1,1,2,5,1,3339,
4605,,,,1,1,1,2,2,2,2,2,2,2,2,20140513,5,9,2,3,,2,,2,1,3,28,5,1,6,3,3,2,2,3,3,2803,
4606,,,,2,2,2,2,2,2,2,2,2,2,2,20140721,7,10,2,3,,1,,1,1,0,34,5,1,,,2,1,2,3,3,2450,
4607,,,,1,2,2,2,2,2,2,2,2,2,2,20140505,5,8,2,3,,1,,1,1,1,34,5,,4,3,,2,,,3,2293,
4608,,,,1,2,2,2,1,2,2,2,2,2,2,20140505,5,8,2,3,,2,,2,2,3,28,5,,2,2,,2,,,3,4244,
4609,,,,2,2,2,2,,,,2,2,2,2,20140513,5,8,1,3,,2,2,2,1,1,34,5,1,2,2,4,4,2,3,3,10268,
4610,,,,1,2,2,2,1,2,2,2,2,2,2,20140513,5,7,2,2,1,2,1,3,1,2,12,5,1,4,1,3,3,2,3,3,79567,
4611,,,,2,2,2,2,2,2,2,2,2,2,2,20140723,7,10,2,3,,1,,1,1,1,28,5,1,2,1,,,,,3,2803,
4612,,,,2,2,2,2,2,2,2,2,2,2,2,20140804,8,1,2,1,2,2,,4,1,2,17,5,1,,4,1,,,,1,2616,
4613,,,,2,2,2,2,2,2,2,2,2,2,2,20140721,7,7,1,3,,2,,2,1,2,3,5,1,4,4,5,5,2,3,3,12098,
4614,,,,2,2,2,2,2,2,2,2,2,2,2,20140719,7,8,2,3,,2,1,2,1,2,17,5,1,6,4,4,3,2,3,3,6745,
4615,,,,2,2,2,2,2,2,2,2,2,2,2,20140729,7,4,2,1,2,1,,3,1,3,28,5,1,,2,2,3,1,5,,3362,
4616,,,,1,2,2,2,2,2,2,2,2,2,2,20140513,5,7,1,3,,3,3,5,1,3,9,5,1,4,4,4,5,2,3,3,10024,
4617,,,,2,2,2,2,2,2,2,2,2,2,2,20140415,4,8,1,4,,,,2,1,2,28,5,,4,2,5,4,3,4,3,14525,
4618,,,,1,2,2,2,2,2,2,2,1,2,2,20140513,5,2,1,1,3,2,,5,1,2,9,5,1,,4,1,1,2,5,1,7809,
4619,,,,1,2,2,2,1,2,2,1,2,2,1,20140721,7,5,2,2,2,2,,4,1,2,34,5,1,4,4,4,1,3,4,3,17652,
4620,,,,2,2,2,2,2,2,2,2,2,2,2,20140719,7,10,1,3,,2,,2,1,0,28,5,1,6,,2,3,1,2,3,5419,
4621,,,,2,2,2,2,2,2,2,2,2,2,2,20140514,5,10,1,3,,1,1,1,1,0,28,5,1,1,1,5,4,2,3,3,2709,
4622,,,,1,2,2,2,2,2,2,2,2,2,2,20140513,5,8,2,3,,1,,1,1,0,34,5,1,6,2,5,1,3,4,3,4586,
4623,,,,2,2,2,2,2,2,2,2,2,2,2,20140711,7,8,2,3,,1,,1,1,1,34,5,1,2,2,4,3,2,3,3,2293,
4624,,,,1,2,2,2,2,2,2,2,2,2,2,20140721,7,9,2,3,,1,,1,1,0,17,5,1,4,,1,2,1,2,3,2951,
4625,,,,2,2,2,2,2,2,2,2,2,2,2,20140718,7,10,2,3,,2,,2,1,0,28,5,1,4,,2,2,1,2,3,11210,
4626,,,,1,1,2,2,1,2,2,2,2,2,2,20140723,7,9,2,3,,2,,2,1,2,17,5,1,6,4,2,3,1,2,3,1967,
4627,,,,1,2,2,2,1,2,2,2,1,2,2,20140730,7,2,1,1,2,2,,4,1,2,28,5,1,,4,1,2,1,5,1,4452,
4628,,,,2,2,2,2,2,2,2,2,2,2,2,20140514,5,10,2,3,,1,,1,1,0,34,5,1,4,3,2,1,2,3,3,2450,
4629,,,,1,2,2,2,1,2,2,2,2,2,2,20140513,5,7,2,3,,3,2,4,1,3,6,5,1,4,4,2,1,2,3,3,22020,
4630,,,,1,1,2,1,1,2,2,2,2,2,2,20140513,5,8,2,3,,2,,2,1,1,34,5,1,6,2,4,2,3,4,3,4586,
4631,,,,1,1,2,2,1,2,2,2,2,2,1,20140806,8,9,2,3,,2,,2,1,1,34,5,1,4,,2,4,1,2,3,2450,
4632,,,,2,2,2,2,2,2,2,2,2,2,1,20140724,7,3,1,1,2,2,,4,1,2,28,5,1,,4,1,1,1,5,1,7544,
4633,,,,2,2,2,2,2,2,2,2,2,2,2,20140729,7,3,1,1,1,1,,2,1,1,34,5,1,,1,3,5,1,5,1,2031,
4634,,,,1,2,2,2,2,2,2,2,2,2,2,20140521,5,4,2,1,2,1,,3,1,3,34,5,1,,2,2,3,1,5,,2681,
4635,,,,2,2,2,2,2,2,2,2,2,2,2,20140424,4,7,1,4,,,,3,2,3,34,5,,4,1,4,5,1,2,3,6161,
4636,,,,2,2,2,2,2,2,2,2,2,2,2,20140514,5,1,1,1,2,2,,4,1,1,17,5,1,,4,1,1,4,5,1,3660,
4637,,,,2,2,2,2,2,2,2,1,2,2,2,20140729,7,2,1,1,2,3,,,1,2,34,5,1,,2,1,1,1,5,1,1526,
4638,,,,1,2,2,2,1,2,2,2,2,2,2,20140725,7,9,1,3,,2,,2,1,2,34,5,1,6,3,3,3,2,3,3,1440,
4639,,,,2,2,2,2,2,2,2,2,2,2,2,20140807,8,1,1,1,2,2,,4,1,2,28,5,1,,2,1,1,4,5,1,4452,
4640,,,,1,2,2,2,1,2,2,2,2,2,2,20140716,7,7,2,3,,2,,2,1,2,28,5,1,2,4,4,1,3,4,3,8487,
4641,,,,2,2,2,2,1,2,2,2,2,2,2,20140724,7,7,1,2,1,3,1,4,1,3,6,5,1,6,4,5,4,3,4,3,23981,
4642,,,,2,2,2,2,2,2,2,2,2,2,2,20140513,5,8,2,3,,1,,1,1,1,17,5,1,7,,3,3,2,3,3,5059,
4643,,,,2,2,2,2,2,2,2,2,2,2,2,20140515,5,9,2,3,,1,,1,1,1,34,5,1,2,1,2,1,2,3,3,1225,
4644,,,,1,2,1,2,2,2,2,2,1,2,2,20140807,8,2,2,1,4,2,,6,1,1,13,5,1,,2,1,1,2,5,1,7838,
4645,,,,2,2,2,2,2,2,2,2,2,2,2,20140529,5,3,1,1,1,2,,3,1,2,34,5,1,,2,4,3,3,5,1,2031,
4646,,,,1,1,2,2,1,2,2,2,2,2,2,20140513,5,7,1,2,2,2,,4,1,3,7,5,1,5,4,4,5,1,2,3,29365,
4647,,,,1,1,2,1,,2,2,2,2,2,2,20140724,7,7,2,3,,1,,1,1,0,34,5,1,1,1,3,2,2,3,3,4586,
4648,,,,1,1,2,2,2,2,2,2,2,2,2,20140412,4,10,2,4,,,,1,1,1,12,5,,4,1,2,2,1,2,3,1825,
4649,,,,2,2,2,2,2,2,2,2,2,2,2,20140807,8,1,2,1,3,2,2,5,1,2,9,5,1,,1,1,1,4,5,1,4266,
4650,,,,2,2,2,2,2,2,2,2,2,2,2,20140523,5,1,2,1,2,2,,4,1,2,34,5,1,,3,1,1,4,5,1,2269,
4651,,,,1,1,2,2,1,2,2,2,2,2,2,20140513,5,7,2,3,,2,,2,1,1,34,5,1,4,3,,3,,,3,4586,
4652,,,,2,2,2,2,2,2,2,2,2,2,2,20140513,5,9,1,3,,2,,2,1,0,34,5,1,2,2,4,4,2,3,3,8081,
4653,,,,2,2,2,2,2,2,2,2,2,2,2,20140806,8,4,1,3,,3,1,3,2,1,34,5,1,,2,2,4,1,2,3,1125,
4654,,,,2,2,2,2,2,2,2,2,2,2,2,20140506,5,8,1,3,,2,,2,1,0,28,5,,2,1,,5,,,2,43576,
4655,,,,1,2,2,1,2,2,2,2,2,2,2,20140522,5,4,2,3,,3,,3,1,2,28,5,1,,4,2,4,1,2,3,1607,
4656,,,,1,1,2,2,1,2,2,2,2,2,2,20140719,7,10,1,3,,2,,2,1,0,34,5,1,1,,5,4,2,3,2,8081,
4657,,,,1,2,2,2,1,2,2,2,2,2,2,20140807,8,1,2,1,2,2,,4,1,2,12,5,1,,4,1,,,,1,2786,
4658,,,,2,2,2,2,1,2,2,2,2,2,2,20140528,5,3,2,1,2,2,2,4,1,2,28,5,1,,,1,1,1,5,1,5976,
4659,,,,1,2,2,1,1,2,2,2,2,2,2,20140725,7,5,2,2,3,1,,4,1,1,28,5,1,4,2,3,3,2,3,3,129820,
4660,,,,2,2,2,2,2,2,2,2,2,2,2,20140716,7,9,2,3,,2,,2,2,1,34,5,1,1,2,2,1,2,3,3,1187,
4661,,,,2,2,2,2,2,2,2,2,2,2,2,20140513,5,9,1,3,,2,,2,1,0,28,5,1,4,1,3,5,1,2,3,5419,
4662,,,,1,2,2,2,2,2,2,2,2,2,2,20140506,5,1,1,1,3,2,,5,1,2,32,5,,,3,,,,,1,2441,
4663,,,,1,2,2,2,2,2,2,2,2,2,2,20140720,7,7,1,2,3,3,2,6,1,3,32,5,1,2,3,4,5,1,2,3,46043,
4664,,,,2,2,2,2,1,2,2,2,2,2,2,20140712,7,10,2,3,,2,,2,1,1,28,5,1,4,2,3,2,2,3,3,5605,
4665,,,,1,2,1,2,1,2,1,2,1,2,2,20140522,5,3,2,1,2,3,3,5,1,3,28,5,1,,,2,4,1,5,1,4482,
4666,,,,1,2,2,2,2,2,2,2,2,2,2,20140521,5,3,2,1,4,2,2,6,1,2,28,5,1,,,1,,,,1,8964,
4667,,,,2,2,2,2,2,2,2,2,2,2,2,20140513,5,8,1,3,,1,,1,1,0,28,5,1,,2,3,,,,3,21788,
4668,,,,1,2,2,2,2,2,2,2,2,2,2,20140715,7,9,2,3,,1,,1,1,0,34,5,1,2,1,2,3,1,2,3,2450,
4669,,,,2,2,2,2,2,2,2,2,2,2,2,20140717,7,8,2,3,,1,,1,1,1,13,5,1,6,4,3,1,2,3,3,5288,
4670,,,,2,1,2,2,2,2,2,2,2,2,2,20140713,7,10,1,3,,2,,2,1,1,34,5,1,1,,4,4,2,3,3,4041,
4671,,,,1,1,2,2,2,2,2,2,2,2,1,20140717,7,7,1,3,,3,,3,1,1,9,5,1,4,2,5,5,3,4,3,18043,
4672,,,,1,1,2,2,1,2,2,2,2,2,2,20140513,5,10,2,3,,1,,1,1,1,2,5,1,6,2,2,2,1,2,3,1238,
4673,,,,1,1,2,2,2,2,2,2,2,2,2,20140725,7,4,1,2,1,3,1,4,1,3,34,5,1,,4,5,5,2,3,3,2597,
4674,,,,1,2,2,1,1,2,2,2,2,2,2,20140714,7,8,2,3,,1,,1,1,1,34,5,1,4,3,1,1,1,2,3,2293,
4675,,,,1,2,2,1,2,2,2,2,2,2,2,20140727,7,3,2,1,2,1,1,3,1,1,34,5,1,,1,2,4,1,5,1,5361,
4676,,,,1,2,2,2,2,2,2,2,2,2,2,20140716,7,6,1,2,2,2,,4,1,2,16,5,1,4,4,3,5,1,2,3,43415,
4677,,,,2,1,1,1,2,2,2,2,2,2,2,20140807,8,9,2,3,,1,,1,1,1,28,5,1,4,1,1,3,1,1,3,2803,
4678,,,,2,2,2,2,2,2,2,2,2,2,2,20140713,7,8,2,3,,1,,1,1,0,13,5,1,4,1,2,2,1,2,3,10577,
4679,,,,1,2,2,1,1,2,2,1,2,1,2,20140717,7,1,1,1,3,2,,5,1,2,28,5,1,,,1,,,,1,5565,
4680,,,,2,2,2,2,2,2,2,2,2,2,2,20140508,5,8,2,3,,2,,2,1,1,17,5,,6,2,3,3,2,3,3,10118,
4681,,,,2,2,2,2,2,2,2,2,2,2,2,20140521,5,4,2,3,,3,1,3,1,3,28,5,1,,4,3,4,1,2,3,1205,
4682,,,,2,2,2,2,2,2,2,2,2,2,2,20140720,7,2,1,1,2,3,,5,1,2,28,5,1,,3,1,1,3,5,1,5565,
4683,,,,2,2,2,2,2,2,2,2,2,2,2,20140614,6,6,2,3,,1,,1,1,1,28,5,1,2,2,2,3,1,2,3,6366,
4684,,,,2,2,2,2,2,2,2,2,2,1,2,20140515,5,1,1,1,1,3,2,4,0,3,12,5,1,,2,1,,,,1,4063,
4685,,,,2,2,2,2,2,2,2,2,2,2,2,20140505,5,9,1,3,,1,,1,1,1,34,5,,1,2,3,2,2,3,3,2020,
4686,,,,1,1,2,2,1,2,2,2,2,2,2,20140413,4,10,1,4,,,,2,1,1,34,5,,1,2,3,3,2,3,3,4041,
4687,,,,1,1,2,1,1,2,2,2,2,2,2,20140716,7,8,2,3,,2,,2,1,1,34,5,1,4,2,5,2,3,4,3,4586,
4688,,,,1,2,2,2,1,2,2,2,2,2,2,20140807,8,3,1,1,2,2,,4,1,2,17,5,1,,4,1,1,1,5,1,2557,
4689,,,,2,2,2,2,2,2,2,2,2,2,2,20140807,8,3,1,1,2,2,,4,1,1,28,5,1,,1,1,1,1,5,1,11315,
4690,,,,2,2,2,2,2,2,2,2,1,2,2,20140731,7,2,1,1,2,2,,4,1,1,34,5,1,,3,1,1,2,5,1,3052,
4691,,,,1,1,2,2,2,2,2,2,2,2,2,20140522,5,3,1,1,2,1,,3,1,3,9,5,1,,4,5,5,2,5,1,3304,
4692,,,,2,2,2,2,2,2,2,2,2,2,2,20140808,8,2,2,1,3,2,2,5,1,2,9,5,1,,2,2,,,,1,4266,
4693,,,,2,2,2,2,2,2,2,2,2,2,2,20140517,5,1,1,1,2,2,,4,,2,28,5,1,,4,1,,,,1,6677,
4694,,,,2,2,2,2,2,2,2,2,2,2,2,20140415,4,9,1,4,,,,2,1,1,34,5,,4,4,3,4,1,2,3,4041,
4695,,,,2,2,2,2,2,2,2,2,2,2,2,20140724,7,9,1,3,,1,,1,1,1,28,5,1,4,2,4,5,1,2,3,1355,
4696,,,,2,2,2,2,2,2,2,2,2,2,2,20140805,8,3,2,1,2,2,,4,1,1,34,5,1,,,1,1,1,5,1,7148,
4697,,,,1,2,2,2,1,2,1,2,1,2,1,20140412,4,7,2,4,,,,3,1,3,34,5,,4,4,,,,,2,3439,
4698,,,,1,1,2,,1,2,2,2,2,2,2,20140423,4,8,1,4,,,,2,1,2,17,5,,4,4,5,4,3,4,3,5669,
4699,,,,1,1,2,2,1,2,2,2,2,2,2,20140724,7,10,2,3,,1,,1,1,1,28,5,1,5,3,2,1,1,2,3,2803,
4700,,,,1,2,2,2,1,2,2,2,2,2,2,20140807,8,2,2,1,3,2,2,5,1,3,34,5,1,,,,1,,,1,1701,
4701,,,,2,2,2,2,2,2,2,2,2,2,2,20140714,7,8,2,3,,2,,2,1,1,12,5,1,4,1,4,1,3,4,3,24164,
4702,,,,1,2,2,1,1,2,2,2,2,2,2,20140507,5,3,1,1,1,2,,3,1,3,28,5,,,4,2,4,1,5,1,4243,
4703,,,,1,2,2,2,1,1,2,2,2,2,1,20140729,7,2,1,1,2,1,,3,1,3,34,5,1,,,1,,,,1,1145,
4704,,,,2,2,2,2,2,2,2,2,2,2,2,20140807,8,7,2,3,,3,1,3,1,3,13,5,1,4,,3,3,2,3,3,7933,
4705,,,,2,2,2,2,2,2,2,2,2,2,2,20140713,7,10,1,3,,1,,1,1,0,28,5,1,2,,1,4,1,1,3,2709,
4706,,,,1,1,2,2,1,2,2,2,2,2,2,20140417,4,4,2,4,,,,4,1,3,17,5,,,3,2,3,1,5,,1682,
4707,,,,2,2,2,2,2,2,2,2,2,2,2,20140515,5,2,1,1,1,3,4,5,1,1,28,5,2,,,,1,,,1,8347,
4708,,,,2,2,2,2,2,2,2,2,2,2,2,20140713,7,9,2,3,,3,3,3,1,2,12,5,1,4,3,3,4,1,2,3,3649,
4709,,,,2,2,2,2,2,2,2,2,2,2,2,20140710,7,9,2,3,,1,,1,1,1,34,5,2,4,3,4,1,3,4,3,1225,
4710,,,,1,1,1,2,1,2,2,2,2,2,2,20140710,7,8,1,3,,2,,2,2,1,9,5,1,1,2,5,3,3,4,3,6014,
4711,,,,1,2,2,2,2,2,2,2,2,2,1,20140502,5,10,2,3,,1,1,1,1,0,17,5,,1,1,2,1,2,3,3,2951,
4712,,,,1,2,2,2,2,2,2,2,2,2,2,20140425,4,2,2,4,,,,4,1,2,34,5,,,3,1,1,1,5,1,2269,
4713,,,,2,2,2,2,2,2,2,2,2,2,2,20140905,9,1,1,1,2,3,1,5,1,3,34,5,1,,4,1,,,,1,1907,
4714,,,,2,2,2,2,2,2,2,2,2,2,2,20140722,7,9,2,3,,2,,2,1,1,34,5,1,6,4,2,1,2,3,3,2450,
4715,,,,1,2,2,2,2,2,2,2,2,2,1,20140720,7,8,2,3,,1,,1,1,1,34,5,1,4,1,5,2,3,4,3,2293,
4716,,,,1,2,2,2,1,2,2,2,2,2,1,20140507,5,2,1,1,3,2,,5,1,3,2,5,,,,1,,,,1,2626,
4717,,,,2,2,2,2,2,2,2,2,2,2,2,20140502,5,9,1,3,,2,,2,1,1,17,5,,2,2,5,4,3,4,3,2949,
4718,,,,2,2,2,2,2,2,2,2,2,2,2,20140529,5,2,1,1,2,2,,4,1,2,28,5,1,,,1,1,3,5,1,4452,
4719,,,,1,2,2,1,1,2,2,2,2,2,2,20140720,7,7,2,3,,3,1,3,1,3,13,5,1,7,4,3,1,2,3,3,7933,
4720,,,,2,2,2,2,2,2,2,2,2,2,2,20140528,5,1,2,1,2,3,4,6,1,3,28,5,1,,4,1,1,1,5,1,5138,
4721,,,,2,2,2,2,2,2,2,2,2,2,2,20140507,5,4,1,1,1,3,1,4,1,3,34,5,,,4,3,5,1,5,,2031,
4722,,,,1,2,2,2,2,2,2,2,2,2,2,20140720,7,10,1,3,,2,,2,1,1,7,5,1,4,4,5,5,3,4,2,2698,
4723,,,,1,1,,2,1,2,2,2,2,2,2,20140713,7,8,2,3,,2,,2,1,1,34,5,1,6,,1,1,1,2,3,4586,
4724,,,,2,1,2,2,1,2,2,2,2,2,2,20140724,7,9,1,3,,1,,1,1,0,34,5,1,1,2,4,3,2,3,3,4041,
4725,,,,2,2,2,2,2,2,2,2,2,2,2,20140717,7,10,2,3,,1,,1,1,0,34,5,1,6,,2,2,1,2,3,2450,
4726,,,,1,1,2,2,1,2,2,2,2,2,2,20140721,7,8,2,3,,2,,2,1,2,34,5,1,1,3,2,2,1,2,3,3057,
4727,,,,2,2,2,2,2,2,2,2,2,2,2,20140805,8,4,2,1,1,2,,3,1,3,28,5,1,,,,,,,,3362,
4728,,,,1,2,2,2,2,2,2,2,2,2,2,20140714,7,8,2,3,,2,,2,1,1,34,5,1,4,,3,3,2,3,3,4586,
4729,,,,2,2,2,2,2,2,2,2,2,2,2,20140722,7,8,2,3,,3,1,3,1,3,9,5,1,4,4,5,1,3,4,3,6185,
4730,,,,1,2,2,2,2,2,2,2,2,2,2,20140715,7,4,2,1,2,2,,4,1,3,28,5,1,,4,2,3,1,5,,3586,
4731,,,,2,2,2,2,1,2,2,2,2,2,2,20140730,7,1,2,1,2,2,,4,1,2,28,5,1,,2,1,,,,1,5329,
4732,,,,2,2,2,2,2,2,2,2,2,2,2,20140715,7,7,2,2,2,3,,5,1,3,28,5,1,4,2,2,1,2,3,3,54093,
4733,,,,2,2,2,2,2,2,2,2,2,2,2,20140721,7,9,2,3,,2,,2,1,0,3,5,1,2,1,3,1,2,3,3,4743,
4734,,,,2,2,2,2,2,2,2,2,2,2,2,20140717,7,9,1,3,,1,,1,1,1,12,5,1,7,2,5,5,2,3,3,3418,
4735,,,,1,1,2,2,2,2,2,2,2,2,2,20140720,7,4,,1,2,2,,4,,,9,5,1,,2,2,4,1,5,,6435,
4736,,,,2,2,2,2,2,2,2,2,2,2,2,20140806,8,2,2,1,2,2,,4,1,2,34,5,1,,4,1,1,2,5,1,2269,
4737,,,,2,2,2,2,2,2,2,2,2,2,2,20140508,5,3,2,1,2,3,2,4,2,3,28,5,,,4,2,2,1,5,1,2988,
4738,,,,2,2,2,2,2,2,2,2,2,2,2,20140720,7,9,2,3,,1,,1,1,1,34,5,1,2,1,,3,,,3,1225,
4739,,,,1,2,2,1,2,2,2,2,2,2,2,20140807,8,2,1,1,3,2,,5,1,2,6,5,1,,3,1,1,1,5,1,4176,
4740,,,,1,1,2,2,2,2,2,2,2,2,2,20140806,8,4,1,3,,1,,1,1,0,34,5,1,,1,5,5,2,3,3,10268,
4741,,,,2,2,2,2,2,2,2,2,2,2,2,20140415,4,3,2,4,,,,6,1,3,17,5,,,1,,,,,1,2523,
4742,,,,2,2,2,2,1,2,2,2,2,2,2,20140808,8,3,2,1,1,3,1,4,1,3,34,5,1,,3,2,2,1,5,1,2859,
4743,,,,1,1,2,2,1,2,2,2,2,2,2,20140720,7,10,2,3,,2,,2,1,2,28,5,1,6,,2,2,1,2,3,3737,
4744,,,,1,2,2,2,1,2,2,2,2,2,2,20140506,5,8,2,3,,2,,2,1,1,34,5,,2,2,2,2,1,2,3,4586,
4745,,,,1,2,2,2,2,2,2,2,2,2,2,20140907,9,4,2,1,1,2,2,3,2,3,2,5,1,,4,2,4,1,5,,4571,
4746,,,,1,2,2,2,2,2,2,2,2,2,2,20140728,7,3,1,1,2,3,1,5,1,3,28,5,1,,,1,1,1,5,1,5658,
4747,,,,1,2,2,2,2,2,2,2,2,2,2,20140414,4,3,1,4,,,,2,1,2,28,5,,,2,1,3,1,5,1,3772,
4748,,,,1,2,2,2,1,2,2,2,2,2,2,20140807,8,3,2,1,2,1,,3,1,2,34,5,1,,3,1,2,1,5,1,3574,
4749,,,,2,2,2,2,2,2,1,2,1,2,2,20140911,9,4,1,2,1,3,3,4,1,3,34,5,1,,4,2,5,1,5,,2597,
4750,,,,1,2,2,2,2,2,2,2,2,1,1,20141009,10,2,2,1,1,2,,3,1,2,3,5,1,,,1,1,2,5,1,6994,
4751,,,,1,1,2,2,2,2,2,2,2,2,2,20140918,9,7,1,2,1,2,,3,1,3,16,5,1,4,2,3,3,1,2,3,24421,
4752,,,,1,1,2,2,1,2,2,2,2,2,2,20140915,9,9,1,3,,2,,2,1,2,34,5,1,2,,3,4,1,2,3,2694,
4753,,,,1,2,2,2,2,2,2,2,1,2,2,20140921,9,6,2,2,3,2,,5,1,3,34,5,1,6,4,2,1,1,2,3,16549,
4754,,,,2,2,2,2,2,2,2,2,2,2,2,20140925,9,4,1,1,2,2,2,4,2,3,28,5,1,,4,1,3,1,5,,3772,
4755,,,,2,2,2,2,2,2,2,2,2,2,2,20140910,9,4,2,1,1,3,1,4,2,3,28,5,1,,,2,2,1,5,,3586,
4756,1,2,1,1,2,1,1,1,2,2,2,2,2,2,20141206,12,4,1,3,,1,2,5,2,3,9,5,1,,3,2,2,1,2,3,359,75+
4757,,,,1,2,2,2,2,2,2,2,1,2,2,20140920,9,2,1,1,2,2,,4,1,0,34,5,1,,4,1,1,2,5,1,6104,
4758,,,,2,1,2,2,2,2,2,2,2,2,2,20140919,9,9,2,3,,2,,2,1,2,34,5,1,1,1,1,1,1,2,2,1634,
4759,,,,1,1,1,1,1,2,2,2,1,1,2,20140913,9,9,2,3,,1,,1,1,1,13,5,1,7,2,4,3,2,3,3,2820,
4760,,,,1,2,2,2,1,2,2,2,2,2,2,20140912,9,8,2,3,,2,,2,1,,17,5,1,6,2,,2,,,3,20236,
4761,,,,1,1,2,2,1,2,2,2,2,2,2,20140911,9,9,2,3,,2,,2,1,0,34,5,1,2,1,5,2,3,4,3,4901,
4762,,,,1,2,2,2,1,2,2,2,2,2,2,20140914,9,3,2,1,2,2,,4,1,0,28,5,1,,2,1,1,3,5,1,17928,
4763,,,,2,2,2,2,2,2,2,2,2,2,2,20140910,9,10,2,3,,2,,2,1,1,34,5,1,6,3,3,3,2,3,3,2450,
4764,,,,2,2,2,2,2,2,2,2,2,2,2,20140919,9,6,2,2,2,3,1,5,1,1,34,5,1,2,3,4,3,2,3,3,33098,
4765,,,,2,2,2,2,2,2,2,2,2,2,2,20140911,9,10,2,3,,1,,1,1,1,34,5,1,5,2,4,2,3,4,3,1225,
4766,,,,2,2,2,2,2,2,2,2,2,2,2,20140921,9,7,1,3,,2,,2,2,0,34,5,1,3,3,3,3,2,3,3,10268,
4767,,,,1,1,2,2,1,2,2,2,2,2,2,20140915,9,9,2,3,,3,2,3,1,3,28,5,1,7,4,5,1,3,4,3,4204,
4768,,,,2,2,2,2,2,2,2,2,2,2,2,20140912,9,1,2,1,2,2,,4,1,2,9,5,1,,4,1,1,1,5,1,3413,
4769,,,,1,2,1,2,1,2,2,2,2,2,2,20140925,9,3,2,1,1,3,3,4,1,3,17,5,1,,,1,1,2,5,1,2102,
4770,,,,1,2,2,2,2,2,1,2,1,1,2,20140807,8,2,2,1,2,3,,5,2,2,34,5,1,,4,1,1,1,5,1,2127,
4771,,,,1,1,2,1,1,2,2,2,2,2,2,20140918,9,7,1,3,,3,2,4,1,3,34,5,1,4,4,4,3,2,3,3,8214,
4772,,,,1,2,1,2,2,2,1,2,1,2,2,20140913,9,2,2,1,2,2,,4,1,1,34,5,1,,3,1,1,1,5,1,3403,
4773,,,,1,2,2,2,2,2,2,2,2,2,2,20140803,8,1,1,1,2,2,,4,1,2,32,5,1,,4,1,,,,1,1953,
4774,,,,1,2,1,2,2,2,2,2,2,2,2,20140912,9,10,1,3,,2,,2,1,1,34,5,1,2,2,5,5,2,3,3,4041,
4775,,,,1,2,2,2,2,2,2,1,2,2,2,20140805,8,3,1,1,3,3,,6,1,3,34,5,1,,3,5,3,3,5,1,2437,
4776,,,,2,2,2,2,2,2,2,2,2,2,2,20140920,9,10,2,3,,2,,2,1,2,34,5,1,1,,3,1,2,3,3,1634,
4777,,,,1,2,2,2,1,2,2,1,2,2,1,20141104,11,1,2,1,1,2,,3,1,2,34,5,1,,4,1,,,,1,1701,
4778,,,,1,2,2,2,2,2,2,2,1,2,2,20141003,10,3,1,1,2,2,,4,1,2,34,5,1,,4,1,1,3,5,1,2708,
4779,,,,2,2,2,2,2,2,2,2,2,2,2,20140917,9,7,2,2,1,2,1,2,1,2,13,5,1,4,2,1,3,1,1,3,13571,
4780,,,,2,2,2,2,2,2,2,2,2,2,2,20140922,9,10,1,3,,1,,1,2,0,34,5,1,6,3,5,5,2,3,3,2020,
4781,,,,1,1,2,1,2,2,2,2,2,2,2,20140930,9,4,2,3,,3,3,3,1,3,16,5,1,,4,2,3,1,2,3,1335,
4782,,,,1,2,2,1,1,2,2,2,2,2,2,20141001,10,2,2,1,2,2,2,4,1,2,34,5,2,,,1,1,1,5,1,2269,
4783,,,,2,2,2,2,2,2,2,2,2,2,2,20140920,9,6,1,3,,2,,2,1,2,28,5,1,6,4,3,3,1,2,3,14525,
4784,,,,2,2,2,2,2,2,2,2,2,2,2,20140917,9,8,1,3,,1,,1,1,1,11,5,1,1,1,4,5,1,2,3,29884,
4785,,,,2,2,2,2,2,2,2,2,2,2,2,20140803,8,1,1,1,2,2,,4,1,2,17,5,1,,4,1,1,4,5,1,2440,
4786,,,,2,2,2,2,2,2,2,2,2,2,2,20140915,9,9,2,3,,2,,2,1,2,34,5,1,2,2,2,3,1,2,3,1634,
4787,,,,2,2,2,2,2,2,2,2,2,2,2,20140801,8,1,1,1,1,2,,3,,2,28,5,1,,4,1,1,2,5,1,5008,
4788,,,,2,2,2,2,2,2,2,2,2,2,2,20140803,8,1,2,1,1,2,,3,1,2,34,5,1,,4,1,1,4,5,1,1701,
4789,,,,1,2,2,1,1,2,1,2,1,2,2,20140929,9,2,2,1,2,2,,4,1,2,34,5,1,,4,1,1,1,5,1,2269,
4790,,,,2,2,2,2,2,2,2,2,2,2,2,20140917,9,7,2,3,,2,,2,1,2,34,5,1,4,4,4,3,2,3,3,3057,
4791,,,,2,2,2,2,2,2,2,2,2,2,2,20140917,9,9,2,3,,2,,2,2,1,34,5,1,5,3,3,2,2,3,3,1634,
4792,,,,1,2,2,2,2,2,2,2,2,2,2,20140927,9,4,2,1,3,2,,5,1,1,3,5,1,,4,1,1,1,5,,7942,
4793,,,,2,2,2,2,2,2,2,2,2,2,2,20140930,9,3,2,1,2,3,3,5,1,3,34,5,1,,4,1,1,1,5,1,2978,
4794,,,,2,2,2,2,2,2,2,2,2,2,2,20140910,9,9,1,3,,1,,1,1,1,34,5,1,6,2,5,4,3,4,3,2020,
4795,,,,2,2,2,2,2,2,2,2,2,2,2,20140914,9,9,2,3,,2,,2,1,1,17,5,1,7,4,2,3,1,2,3,2951,
4796,,,,1,2,2,2,2,2,2,2,2,2,2,20140929,9,2,1,1,2,1,1,4,1,2,13,5,1,,,1,,,,1,9774,
4797,,,,1,2,2,,1,2,2,2,2,2,2,20140915,9,9,2,3,,2,,2,1,0,34,5,1,2,2,2,1,1,2,3,4901,
4798,,,,2,2,2,2,2,2,2,2,2,2,2,20140916,9,2,2,1,4,2,,6,1,3,34,5,1,,4,1,1,1,5,1,2042,
4799,,,,1,2,2,1,2,2,2,2,2,2,1,20140912,9,8,2,3,,2,1,2,1,3,9,5,1,6,4,3,2,2,3,3,4123,
4800,,,,2,2,2,2,2,2,2,2,2,2,2,20140919,9,8,1,3,,1,,1,2,2,34,5,1,2,4,4,4,2,3,3,2567,
4801,,,,2,2,2,2,2,2,2,2,2,2,2,20141008,10,2,1,1,2,2,,4,1,2,28,5,1,,4,1,1,1,5,1,4452,
4802,,,,2,1,2,2,1,2,2,2,2,2,2,20140915,9,9,2,3,,1,,1,1,0,34,5,1,2,2,2,2,1,2,3,2450,
4803,,,,2,2,2,2,2,2,2,2,2,2,2,20140921,9,8,2,3,,2,,2,1,2,34,5,1,4,4,5,1,3,4,3,8031,
4804,,,,1,2,2,2,2,2,2,2,2,2,2,20140919,9,2,1,1,2,2,,4,2,2,6,5,1,,3,1,1,1,5,1,2505,
4805,,,,1,2,2,2,1,2,2,2,2,2,2,20140920,9,7,2,3,,2,2,2,1,0,34,5,1,2,1,5,3,3,4,3,9172,
4806,,,,1,1,2,1,1,2,2,2,2,2,2,20140917,9,9,2,3,,1,,1,1,1,34,5,1,4,2,4,3,2,3,3,1225,
4807,,,,1,2,2,2,2,2,2,2,2,2,2,20140919,9,9,1,3,,2,,2,1,2,13,5,1,2,3,5,5,2,3,3,9947,
4808,,,,2,2,2,2,2,2,2,2,2,2,2,20140914,9,10,2,3,,2,,2,2,2,13,5,1,4,2,3,1,2,3,3,2256,
4809,,,,1,1,1,1,1,2,2,2,2,2,2,20140920,9,10,2,3,,1,,1,1,1,6,5,1,4,,5,1,3,4,3,1250,
4810,,,,2,2,2,2,2,2,2,2,2,2,2,20140915,9,4,2,1,2,3,1,5,2,3,7,5,1,,4,2,3,1,5,,1760,
4811,,,,1,2,2,2,2,2,2,2,2,2,2,20140914,9,8,2,3,,2,2,2,1,1,28,5,1,4,4,2,3,1,2,3,12731,
4812,,,,1,,2,2,1,2,2,2,1,2,1,20140929,9,4,1,1,1,3,1,4,1,3,34,5,1,,4,3,2,2,5,,1625,
4813,,,,2,2,2,2,2,2,2,2,2,2,2,20140802,8,3,1,1,2,2,,4,1,3,34,5,1,,4,3,4,1,5,1,1625,
4814,,,,2,2,2,2,2,2,2,2,2,2,2,20141002,10,4,1,1,1,3,2,4,1,3,32,5,,,,,3,,,,6378,
4815,,,,1,2,1,2,2,2,2,2,2,2,2,20140910,9,8,2,3,,2,2,2,1,2,13,5,1,7,4,4,1,3,4,3,7051,
4816,,,,2,2,2,2,2,2,2,2,2,2,2,20140920,9,7,1,2,1,2,,3,1,3,17,5,1,7,4,3,4,1,2,3,25248,
4817,,,,1,2,2,2,,2,2,2,2,2,2,20141006,10,4,2,3,,3,2,5,2,3,12,5,1,,,1,3,1,1,3,485,
4818,,,,1,2,2,1,1,2,2,2,2,2,2,20140915,9,4,1,3,,3,1,3,1,2,9,5,1,,,5,,,,3,12029,
4819,,,,1,1,1,2,1,2,2,2,2,2,1,20140910,9,8,2,3,,3,,4,1,3,28,5,1,1,4,4,4,2,3,3,12731,
4820,,,,2,2,2,2,2,2,2,2,2,2,2,20140910,9,2,2,1,3,2,,5,1,2,28,5,1,,2,1,1,1,5,1,6661,
4821,,,,2,2,2,2,2,2,2,2,2,2,2,20140915,9,10,1,3,,1,,1,1,0,17,5,1,6,3,3,4,1,2,3,2949,
4822,,,,2,2,2,2,2,2,2,2,2,2,1,20140914,9,2,2,1,1,3,2,5,1,3,34,5,1,,,1,1,2,5,1,1701,
4823,,,,1,2,2,1,1,2,2,2,2,2,2,20140921,9,8,2,3,,2,,2,1,1,9,5,1,4,,2,1,1,2,3,8246,
4824,,,,1,2,2,2,1,2,2,2,1,2,2,20140911,9,1,2,1,1,2,,3,1,1,11,5,1,,3,1,1,4,5,1,3603,
4825,,,,2,2,2,2,2,2,2,2,2,2,2,20140911,9,1,2,1,1,2,,3,1,3,17,5,1,,3,1,1,4,5,1,1471,
4826,,,,1,1,2,2,2,2,1,2,2,2,2,20140804,8,3,2,2,1,3,,4,1,2,34,5,1,,4,1,1,1,5,1,7617,
4827,,,,2,2,2,2,2,2,2,2,2,2,2,20141002,10,4,2,1,1,2,,3,1,3,28,5,1,,4,2,3,1,5,,3362,
4828,,,,2,2,2,2,2,2,2,2,2,2,2,20140921,9,8,2,3,,2,,2,1,1,28,5,1,6,,5,3,3,4,3,12731,
4829,,,,1,2,2,2,2,2,2,2,2,2,2,20140917,9,7,1,3,,2,,2,1,1,34,5,1,7,3,,,,,3,10268,
4830,,,,1,1,2,2,1,2,2,2,2,2,2,20140911,9,10,2,3,,3,2,6,2,3,28,5,1,6,,1,2,1,2,3,4204,
4831,,,,2,2,2,2,2,2,2,2,2,2,2,20141002,10,3,2,1,2,2,,4,1,1,7,5,1,,4,1,1,1,5,1,4927,
4832,,,,2,2,2,2,2,2,2,2,2,2,2,20140928,9,4,2,1,2,2,,4,1,3,34,5,1,,4,2,2,1,5,,2859,
4833,,,,1,2,2,2,1,2,2,2,2,2,2,20141003,10,1,2,1,2,2,,4,1,2,34,5,1,,4,1,1,1,5,1,2091,
4834,,,,2,2,2,2,1,2,2,2,2,2,2,20140912,9,9,2,3,,2,,2,1,1,13,5,1,1,,4,3,2,3,3,5640,
4835,,,,1,1,2,2,2,2,2,2,2,2,2,20140910,9,9,1,3,,1,,1,1,0,17,5,1,2,1,5,5,2,3,3,2949,
4836,,,,2,2,2,2,2,2,2,2,2,2,2,20140911,9,10,2,3,,1,,1,1,2,34,5,1,1,2,2,1,2,3,3,817,
4837,,,,2,2,2,2,2,2,2,2,2,2,2,20140801,8,4,1,1,1,2,,3,1,2,28,5,1,,4,2,4,1,5,,5658,
4838,,,,2,2,2,2,2,2,2,2,2,2,2,20140917,9,9,1,3,,2,,2,1,2,9,5,1,6,3,4,4,2,3,3,3786,
4839,,,,2,2,2,,1,2,2,2,2,2,2,20140921,9,4,1,3,,3,1,3,1,2,34,5,1,,2,5,5,2,3,3,10268,
4840,,,,2,2,2,2,2,2,2,2,2,2,2,20140927,9,2,1,1,1,2,,3,1,2,28,5,1,,3,1,1,2,5,1,3339,
4841,,,,1,1,2,2,2,2,2,2,2,2,2,20140910,9,6,1,3,,2,,2,1,3,17,5,1,6,4,5,5,2,3,3,3401,
4842,,,,1,2,2,2,2,2,2,2,2,2,2,20140914,9,3,1,1,2,2,,4,1,1,9,5,1,,2,1,1,2,5,1,8810,
4843,,,,1,,2,2,2,2,2,2,2,2,2,20140912,9,10,1,3,,2,,2,1,1,11,5,1,3,2,4,5,1,2,3,3496,
4844,,,,1,2,2,2,1,2,1,2,1,2,2,20140925,9,3,2,1,3,2,,5,2,3,12,5,1,,4,2,4,1,5,1,3614,
4845,,,,2,2,2,2,2,2,2,2,2,2,2,20150128,1,1,1,1,2,2,,4,1,2,17,5,1,,2,1,1,2,5,1,2440,
4846,1,1,1,2,2,2,1,1,2,2,2,2,2,2,20150108,1,4,2,3,,3,1,3,1,3,6,5,1,,4,2,3,1,2,3,8503,70+
4847,,,,2,2,2,2,2,2,2,1,1,2,2,20140916,9,7,1,3,,1,,1,1,1,12,5,1,7,4,4,5,1,2,3,8074,
4848,,,,1,1,1,2,1,2,2,2,2,2,1,20140913,9,9,2,3,,1,,1,1,1,11,5,1,2,4,2,3,1,2,3,1762,
4849,,,,1,2,2,2,2,2,2,2,2,2,2,20140914,9,7,2,3,,3,2,5,1,3,6,5,1,4,3,5,2,3,4,3,22937,
4850,,,,1,2,2,2,2,2,2,2,2,2,2,20141009,10,3,1,1,2,2,2,4,1,2,17,5,1,,4,2,5,1,5,1,2557,
4851,,,,2,2,2,2,2,2,2,2,2,2,2,20140910,9,8,2,3,,2,1,2,1,2,13,5,1,4,1,5,1,3,4,3,7051,
4852,,,,1,2,1,1,1,2,2,2,2,2,2,20140915,9,8,1,3,,2,,2,1,3,28,5,1,6,4,3,3,1,2,3,10894,
4853,,,,2,2,2,2,2,2,2,2,2,2,2,20140731,7,2,1,1,2,2,,4,1,3,34,5,1,,,1,1,1,5,1,1526,
4854,,,,1,2,2,2,2,2,2,2,2,2,2,20141009,10,3,2,1,2,1,,3,1,2,34,5,1,,1,1,1,1,5,1,3574,
4855,,,,2,2,2,2,2,2,2,2,2,2,2,20140919,9,10,2,3,,1,,1,1,1,28,5,1,2,,2,2,1,2,3,2803,
4856,,,,2,2,2,2,2,2,2,2,2,2,2,20140915,9,7,1,2,1,2,2,3,1,2,28,5,1,4,4,4,5,1,2,3,111090,
4857,,,,2,2,2,2,2,2,2,2,2,2,2,20141009,10,2,2,1,2,2,,4,1,2,17,5,1,,4,1,1,1,5,1,2616,
4858,,,,2,2,2,2,2,2,2,2,2,2,2,20141005,10,3,2,1,1,2,,3,1,3,28,5,1,,4,1,1,1,5,1,3362,
4859,,,,1,2,2,1,,1,2,1,2,1,2,20140924,9,2,1,1,3,2,2,5,1,3,34,5,1,,4,1,1,1,5,1,1907,
4860,,,,1,2,2,2,2,2,2,2,2,2,2,20141005,10,4,1,2,1,3,1,4,1,3,17,5,1,,4,2,4,1,2,2,5626,
4861,,,,1,2,2,2,2,2,2,2,1,2,2,20140922,9,1,2,1,2,2,,4,1,3,34,5,1,,,1,1,3,5,1,1701,
4862,,,,2,2,2,2,2,2,2,2,2,2,2,20141001,10,3,1,1,2,2,,4,1,3,34,5,1,,4,1,1,1,5,1,1625,
4863,,,,1,2,2,2,1,2,2,2,2,2,2,20140914,9,10,2,3,,1,,1,1,0,34,5,1,2,1,2,3,1,2,3,2450,
4864,,,,2,2,2,2,2,2,2,2,2,2,2,20140928,9,2,1,1,2,3,3,6,1,3,28,5,1,,,,1,,,1,3895,
4865,,,,1,1,2,2,1,2,2,2,2,2,2,20140927,9,2,2,1,2,2,2,4,1,2,12,5,1,,,,,,,1,2786,
4866,,,,1,1,2,2,1,2,2,2,2,2,2,20140918,9,8,2,3,,2,,2,1,1,34,5,1,2,,3,2,2,3,3,4586,
4867,,,,2,2,2,2,2,2,2,2,2,2,2,20140914,9,7,2,3,,2,,2,1,1,34,5,1,4,4,2,2,1,2,3,4586,
4868,,,,2,2,2,2,2,2,2,2,2,2,2,20140912,9,9,1,3,,1,,1,1,0,28,5,1,1,1,4,4,2,3,3,2709,
4869,,,,1,1,2,2,2,2,2,2,2,2,2,20140911,9,10,2,3,,1,,1,2,1,32,5,1,2,2,3,3,2,3,3,1557,
4870,,,,1,2,2,2,1,2,2,2,2,2,2,20141008,10,4,2,1,1,3,1,4,2,3,34,5,1,,4,3,4,1,5,,1787,
4871,,,,1,2,2,2,1,2,2,2,1,2,2,20140916,9,6,1,2,2,2,,4,1,3,28,5,1,6,,4,5,1,2,3,88871,
4872,,,,1,2,2,2,1,2,2,2,2,2,2,20140915,9,9,2,3,,2,,2,1,0,34,5,1,4,2,3,3,2,3,3,4901,
4873,,,,2,2,2,2,2,2,2,2,2,2,2,20140920,9,8,1,3,,2,,2,2,1,32,5,1,4,2,4,4,2,3,2,7092,
4874,,,,2,2,2,2,2,2,2,2,2,2,2,20140804,8,1,2,1,2,2,,4,1,2,34,5,1,,4,1,,,,1,2269,
4875,,,,2,2,2,2,2,2,2,2,2,2,2,20140910,9,2,1,1,3,3,1,6,1,3,28,5,1,,4,1,1,1,5,1,5843,
4876,,,,2,2,2,2,2,2,2,2,2,2,2,20141002,10,2,1,1,2,2,,4,1,3,28,5,1,,4,1,,,,1,3339,
4877,,,,,2,2,1,1,2,2,2,2,2,2,20140910,9,10,2,3,,1,,1,1,1,34,5,1,2,1,3,1,3,4,3,1225,
4878,1,1,1,2,2,2,2,2,2,2,2,2,2,2,20150317,3,9,1,3,,2,,2,1,0,34,5,1,2,2,5,5,2,3,3,8081,
4879,,,,2,2,2,2,2,2,2,2,2,2,2,20140912,9,9,2,3,,2,,2,1,2,34,5,,1,1,5,1,3,4,3,1634,
4880,,,,2,2,2,2,2,2,2,2,2,2,2,20141001,10,7,1,2,3,2,,5,1,2,13,5,1,5,4,3,5,1,2,3,66422,
4881,,,,1,2,2,2,1,2,2,2,2,2,2,20141002,10,4,1,1,1,2,,3,1,3,34,5,1,,4,1,3,1,5,,1523,
4882,,,,1,1,2,2,2,2,2,2,1,2,2,20140912,9,8,1,3,,2,,2,1,1,32,5,1,4,2,5,5,3,4,3,21276,
4883,1,1,2,1,1,2,2,1,2,2,2,2,2,2,20141206,12,,,3,,,2,3,1,1,34,5,1,,1,1,3,1,1,,2737,"Pas d’âge, santé implicite"
4884,,,,1,1,2,2,2,2,2,2,2,2,2,20140917,9,6,2,2,1,2,1,3,1,0,32,5,1,2,1,5,3,3,4,3,37072,
4885,,,,2,2,2,2,2,2,2,2,2,2,2,20150331,3,1,2,1,1,2,2,3,0,3,28,5,1,,4,1,,,,1,3997,
4886,,,,2,2,2,2,2,2,2,2,2,2,2,20150203,2,2,1,1,1,3,2,5,1,3,34,5,1,,4,,1,,,1,1526,
4887,,,,2,2,2,2,2,2,2,2,2,2,2,20150331,3,2,2,1,3,2,,5,1,2,13,5,2,,2,,1,,,1,4355,
4888,,,,2,2,2,2,2,2,2,2,2,2,2,20150325,3,2,1,1,2,2,,4,1,2,28,5,1,,4,1,1,3,5,1,4452,
4889,1,2,2,2,2,2,2,2,2,2,2,2,2,2,20150214,2,8,2,3,,2,,2,1,2,34,5,1,2,,,1,,,3,3057,70+
4890,,,,2,2,2,2,2,2,2,2,2,2,2,20150325,3,2,1,1,2,2,2,4,1,1,16,5,1,,4,,,,,1,7381,
4891,,,,1,2,2,2,2,2,2,2,2,2,2,20150223,2,2,1,1,1,2,,3,1,2,28,5,1,,3,1,1,2,5,1,3339,
4892,,,,2,2,2,2,2,2,2,2,2,2,2,20150205,2,3,2,1,3,2,,5,1,2,32,5,1,,2,1,1,1,5,1,3323,
4893,1,1,1,2,2,2,2,2,2,2,2,2,2,2,20150213,2,7,1,3,,2,,2,1,2,28,5,1,7,4,3,5,1,2,3,14525,
4894,,,,1,2,2,2,2,2,2,2,2,2,2,20150131,1,4,2,1,2,2,,4,0,3,17,5,1,,,4,1,3,5,,2102,
4895,1,1,1,2,2,2,2,1,2,2,2,2,2,2,20150319,3,10,1,3,,2,,2,1,0,34,5,1,7,3,3,4,1,2,3,8081,70+
4896,1,1,1,2,2,2,2,2,2,2,2,2,2,2,20150212,2,10,2,3,,1,,1,1,1,28,5,1,5,2,3,2,2,3,3,2803,60+
4897,,,,1,2,2,1,2,2,2,2,2,2,2,20150328,3,2,2,1,1,3,3,4,2,3,16,5,1,,3,1,1,3,5,1,4233,
4898,1,2,1,2,2,2,2,2,2,2,2,2,2,2,20150210,2,10,2,3,,2,,2,1,2,28,5,1,5,,2,2,1,2,3,3737,Mon âge
4899,1,2,1,1,2,2,2,1,2,2,2,2,2,2,20150214,2,9,2,3,,2,,2,1,2,28,5,1,7,4,2,1,1,2,3,3737,80+
4900,,,,1,2,2,2,1,2,2,2,2,2,2,20150215,2,3,2,1,2,3,1,5,1,1,28,5,1,,2,1,1,1,5,1,11205,
4901,1,1,1,2,2,2,2,2,2,2,2,2,2,2,20150313,3,9,2,3,,3,1,3,1,3,28,5,1,1,2,3,1,3,4,3,4204,65+
4902,,,,1,2,2,1,1,2,2,2,2,2,2,20150330,3,1,2,1,2,2,,4,1,2,28,5,1,,2,1,,,,1,5329,
4903,,,,2,2,2,2,2,2,2,2,2,2,2,20150322,3,2,1,1,2,2,,4,1,2,28,5,1,,4,1,,,,1,4452,
4904,1,1,1,2,2,2,2,2,2,2,2,2,2,2,20150214,2,10,2,3,,1,,1,1,0,34,5,1,1,,3,1,2,3,3,2450,75+
4905,,,,2,2,2,2,2,2,2,2,2,2,2,20150225,2,3,1,1,2,2,,4,1,3,28,5,1,,2,2,4,1,5,1,4526,
4906,1,1,1,1,1,2,1,1,2,2,2,2,2,2,20150323,3,9,2,3,,2,,2,2,3,9,5,1,5,2,3,2,2,3,3,2058,60+
4907,1,1,1,2,2,2,2,2,2,2,2,2,2,2,20150212,2,7,1,2,1,2,,3,1,1,28,5,1,6,2,5,5,2,3,3,166630,70+
4908,1,1,1,1,1,2,2,2,2,2,2,2,2,1,20150322,3,9,2,3,,1,1,1,2,1,34,5,1,1,3,3,1,2,3,3,613,"Pas d’âge, santé implicite"
4909,1,1,1,2,2,2,2,2,2,2,2,2,2,2,20150316,3,8,2,3,,3,3,3,1,3,9,5,1,6,4,2,1,1,2,3,6185,80+
4910,1,1,1,1,1,2,2,1,2,2,2,2,2,2,20150318,3,9,1,3,,2,,2,2,2,34,5,1,7,4,5,5,2,3,3,2020,75+
4911,,,,1,2,2,1,1,2,2,2,2,2,1,20150326,3,3,1,1,2,3,3,5,1,3,34,5,1,,4,2,3,2,5,1,2031,
4912,1,2,2,2,2,2,2,2,2,2,2,2,2,2,20150211,2,6,1,2,1,2,,3,1,3,28,5,1,6,4,5,,,,3,83317,65+
4913,1,,1,2,2,2,2,2,2,2,2,2,2,2,20150315,3,10,2,3,,2,,2,1,0,34,5,1,4,2,2,2,1,2,3,4901,"Pas d’âge, santé implicite"
4914,,,,2,2,2,2,2,2,2,2,2,2,2,20150228,2,4,2,1,1,3,2,5,2,3,28,5,1,,4,1,3,1,5,,3201,
4915,1,1,1,1,2,2,2,2,2,2,2,2,2,2,20150314,3,7,2,3,,1,,1,1,3,28,5,1,6,2,5,3,3,4,3,2546,70+
4916,,,,2,2,2,2,2,2,2,2,2,2,2,20150215,2,8,2,3,,2,,2,1,0,28,5,1,2,4,2,4,1,2,2,25462,
4917,,,,1,2,2,2,1,2,2,2,2,2,2,20150203,2,2,2,1,2,2,,4,1,2,12,5,1,,2,1,1,3,5,1,2786,
4918,1,,1,2,2,2,2,2,2,2,2,2,2,2,20150317,3,9,2,3,,2,,2,1,0,17,5,1,6,3,1,2,1,1,3,5902,65+
4919,1,1,1,2,2,2,2,2,2,2,2,2,2,2,20150319,3,8,1,3,,2,2,2,1,1,34,5,1,4,2,3,4,1,2,3,10268,65+
4920,1,1,2,1,2,2,2,1,2,2,2,2,2,2,20150214,2,7,1,3,,2,,2,1,1,34,5,1,2,2,5,3,3,4,3,10268,"Pas d’âge, santé implicite"
4921,1,1,1,2,2,2,2,2,2,2,2,2,2,2,20150214,2,9,2,3,,2,,2,1,1,34,5,1,1,,2,1,2,3,3,2450,
4922,,,,1,2,2,2,2,2,2,2,2,2,2,20150205,2,4,2,1,1,3,2,5,1,3,17,5,1,,4,1,3,1,5,,1752,
4923,1,2,1,2,2,2,2,2,2,2,2,2,2,2,20150323,3,9,1,3,,2,,2,1,2,34,5,1,1,1,4,4,2,3,3,2694,65+
4924,,,,2,2,2,2,2,2,2,2,2,2,2,20150225,2,2,2,1,2,2,,4,1,3,28,5,1,,3,1,1,2,5,1,3997,
4925,1,1,,2,2,2,2,2,2,2,2,2,2,2,20150215,2,9,2,3,,2,,2,,,17,5,1,,,,,,,3,2951,
4926,1,2,1,2,2,2,2,2,2,2,2,2,2,2,20150310,3,10,1,3,,2,,2,1,0,34,5,1,7,2,2,1,1,2,3,8081,60+
4927,,,,2,2,2,2,2,2,2,2,2,2,2,20150222,2,6,1,3,,2,,2,1,1,28,5,1,2,4,5,5,3,4,2,21788,
4928,1,1,1,1,1,2,2,1,2,2,2,2,2,1,20150214,2,7,2,3,,2,,2,1,2,17,5,1,5,4,2,4,1,2,3,6745,65+
4929,,,,1,2,2,2,2,2,2,2,2,2,2,20150221,2,4,1,1,2,2,,4,1,3,28,5,1,,,4,5,2,5,,5658,
4930,1,1,1,2,2,2,2,2,2,2,2,2,2,2,20150210,2,9,1,3,,1,,1,1,0,28,5,1,1,1,4,3,2,3,3,2709,50+
4931,,,,1,2,2,2,1,2,2,2,2,2,2,20150131,1,3,1,1,2,2,,4,1,2,34,5,1,,4,1,1,1,5,1,2708,
4932,,,,2,2,2,2,2,2,2,2,2,2,2,20150324,3,3,2,1,1,2,,3,1,1,28,5,1,,4,1,1,2,5,1,6723,
4933,1,1,1,2,2,2,2,2,2,2,2,2,2,2,20150214,2,9,2,3,,1,,1,1,1,12,5,1,7,1,4,2,3,4,3,1825,70+
4934,1,1,2,2,2,2,2,2,2,2,2,2,2,2,20150321,3,4,2,3,,3,,,0,3,17,5,2,,1,,,,,3,10118,65+
4935,,,,2,2,2,2,2,2,2,2,2,2,2,20150201,2,2,1,1,1,2,,3,2,2,17,5,1,,4,1,1,1,5,1,1098,
4936,1,1,1,1,1,2,1,1,2,2,2,2,2,2,20150214,2,9,2,3,,2,,2,1,0,34,5,1,2,,2,2,1,2,3,4901,
4937,1,1,1,2,2,2,2,2,2,2,2,2,2,2,20150215,2,10,2,3,,2,,2,1,1,34,5,1,4,2,5,1,3,4,3,2450,
4938,,,,2,2,2,2,1,2,2,2,2,2,2,20150324,3,2,1,1,1,2,2,3,1,2,34,5,1,,2,1,1,3,5,1,1526,
4939,,,,2,2,2,2,2,2,2,2,2,2,2,20150221,2,9,2,3,,2,,2,1,1,28,5,1,4,,1,3,1,1,2,5605,
4940,,,,1,1,2,2,2,2,2,2,2,2,2,20150226,2,4,1,1,2,2,,4,1,2,28,5,1,,3,3,4,1,5,,7544,
4941,,,,2,2,2,2,2,2,2,2,2,2,2,20150222,2,2,1,1,1,2,,3,1,2,13,5,1,,2,,,,,1,7331,
4942,1,1,1,2,2,2,2,2,2,2,2,2,2,2,20150215,2,9,2,3,,1,,1,1,1,17,5,1,6,4,4,2,2,3,3,1475,80+
4943,,,,1,2,2,2,1,2,2,2,2,2,2,20150401,4,2,2,1,3,2,,5,1,3,34,5,1,,4,1,1,2,5,1,2127,
4944,1,2,1,1,2,2,2,1,2,2,2,2,2,2,20150214,2,8,2,3,,2,,2,1,1,32,5,1,2,,2,3,1,2,3,7994,"Pas d’âge, santé implicite"
4945,1,1,1,2,2,2,2,2,2,2,2,2,2,2,20150212,2,8,1,3,,2,,2,1,2,28,5,1,7,4,5,5,2,3,3,14525,70+
4946,,,,2,2,2,2,2,2,2,2,2,2,2,20150331,3,4,1,3,,3,,4,1,3,34,5,1,,4,3,3,2,5,,900,
4947,2,2,1,2,2,2,2,2,2,2,2,2,2,2,20150215,2,9,2,3,,2,,2,1,2,17,5,1,2,2,4,3,2,3,3,1967,
4948,,,,1,2,2,,1,2,2,2,2,2,2,20150220,2,3,1,1,2,2,,4,1,3,28,5,1,,4,2,2,1,5,1,4526,
4949,,,,2,2,2,2,2,2,2,2,2,2,2,20150203,2,1,2,1,2,2,,4,1,2,32,5,1,,4,1,1,4,5,1,8884,
4950,,,,2,2,2,2,2,2,2,2,2,2,2,20150203,2,1,1,1,1,2,2,3,1,2,11,5,1,,4,1,1,4,5,1,2628,
4951,1,1,1,1,1,2,1,1,2,2,2,2,2,2,20150318,3,10,2,3,,1,,1,1,0,34,5,1,6,3,2,3,1,2,3,2450,75+
4952,,,,2,2,2,2,2,2,2,2,2,2,2,20150301,3,2,1,1,2,3,,5,1,3,28,5,1,,3,1,1,2,5,1,3339,
4953,,,,2,2,2,2,2,2,2,2,2,2,2,20150303,3,2,1,1,1,3,,5,1,3,28,5,1,,2,1,1,2,5,1,4173,
4954,,,,2,2,2,2,2,2,2,2,2,2,2,20150226,2,1,2,1,2,3,4,6,1,3,28,5,1,,4,1,1,4,5,1,4796,
4955,1,2,1,2,2,2,2,2,2,2,2,2,2,2,20150211,2,9,1,3,,2,2,2,1,1,28,5,1,7,4,4,4,2,3,3,2709,70+
4956,1,2,2,1,1,2,2,2,2,1,2,1,2,2,20150214,2,9,1,3,,1,,1,1,1,34,5,1,2,2,4,4,1,2,3,2020,65+
4957,1,,1,1,2,2,2,2,2,2,2,2,2,2,20150214,2,9,2,3,,2,,2,1,2,28,5,1,2,4,5,4,2,3,3,3737,70+
4958,,,,2,2,2,2,2,2,2,2,2,2,2,20150227,2,1,2,1,2,2,2,4,1,2,28,5,1,,4,1,,,,1,5329,
4959,1,2,1,1,2,2,2,1,2,2,2,2,2,2,20150215,2,8,1,3,,2,,2,2,2,34,5,1,4,2,4,4,2,3,3,5134,
4960,1,2,,1,2,2,2,1,2,2,2,2,2,1,20150201,2,4,1,3,,3,1,3,1,3,34,5,1,,,4,5,1,2,3,843,70+
4961,1,2,1,2,2,2,2,2,2,2,2,2,2,2,20150217,2,10,2,3,,1,,1,1,0,34,5,1,2,1,5,2,3,4,3,2450,65+
4962,1,2,1,1,2,2,2,2,2,2,2,2,2,2,20150319,3,7,2,3,,1,,1,1,1,34,5,1,2,1,3,1,3,4,3,2293,70+
4963,1,1,1,2,2,2,2,2,2,2,2,2,2,2,20150214,2,9,1,3,,2,,2,1,1,34,5,1,7,3,,,,,3,4041,75+
4964,,,,2,2,2,2,2,2,2,2,2,2,2,20150218,2,3,2,1,2,2,,4,1,3,28,5,1,,4,2,4,1,5,1,3586,
4965,,,,2,2,2,2,2,2,2,2,2,2,2,20150215,2,3,1,1,1,3,1,4,1,2,28,5,1,,,4,2,3,5,1,7544,
4966,,,,1,2,2,2,1,2,2,2,2,2,2,20150203,2,3,2,1,2,2,,4,1,1,17,5,1,,4,1,,,,1,4205,
4967,1,1,1,2,2,2,2,2,2,2,2,2,2,2,20150311,3,10,1,3,,2,,2,2,2,34,5,1,2,4,4,4,1,2,3,1616,
4968,,,,1,2,2,2,2,2,2,2,2,2,2,20150204,2,4,1,1,2,1,,3,2,3,17,5,1,,3,1,4,1,5,,822,
4969,1,2,1,2,2,2,2,2,2,2,2,2,2,2,20150215,2,9,2,3,,2,,2,1,1,32,5,1,2,3,5,3,3,4,3,4670,80+
4970,,,,2,2,2,2,2,2,2,2,2,2,2,20150201,2,3,2,1,2,2,,4,1,3,28,5,1,,4,1,4,1,5,1,4482,
4971,1,1,1,1,1,2,2,2,2,2,2,1,2,1,20150214,2,8,2,3,,2,2,2,1,2,17,5,1,5,3,4,1,3,4,3,6745,70+
4972,,,,2,2,2,2,2,2,2,2,2,2,2,20150214,2,10,1,3,,2,,2,2,0,11,5,1,2,1,4,4,2,3,2,3496,
4973,1,2,1,2,2,2,2,2,2,2,2,2,2,2,20150312,3,9,2,3,,2,,2,1,1,34,5,1,2,,2,1,1,2,3,2450,80+
4974,1,1,1,1,2,2,1,2,2,2,2,2,2,2,20150321,3,10,2,3,,1,,1,1,1,34,5,1,2,2,4,3,2,3,3,1225,
4975,,,,1,2,2,2,1,2,2,2,2,2,2,20150401,4,2,2,1,2,2,,4,1,2,34,5,1,,3,1,1,2,5,1,2091,
4976,1,1,1,1,2,2,2,2,2,2,2,2,2,2,20150214,2,5,1,3,,2,2,2,1,1,17,5,1,4,1,4,4,2,3,3,8503,65+
4977,,,,1,1,2,1,1,1,2,2,2,2,2,20150325,3,3,1,1,2,2,,4,1,3,9,5,1,,4,3,5,1,5,1,4405,
4978,1,1,1,2,2,2,2,2,2,2,2,2,2,2,20150214,2,9,2,3,,1,,1,1,1,17,5,1,5,2,2,1,1,2,3,1475,"Pas d’âge, santé implicite"
4979,1,1,1,1,2,1,2,1,2,2,2,2,2,2,20150214,2,10,2,3,,1,,1,2,1,34,5,1,1,,2,1,1,2,3,817,"Pas d’âge, santé implicite"
4980,,,,2,2,2,2,2,2,2,2,2,2,2,20150401,4,4,1,1,2,2,,4,1,3,28,5,1,,4,2,1,2,5,,4526,
4981,,,,1,2,2,2,2,2,2,2,2,2,2,20150401,4,3,2,1,5,3,2,6,1,3,34,5,1,,2,2,3,1,5,1,5361,
4982,1,2,2,1,1,2,1,2,2,2,2,2,2,2,20150314,3,7,2,3,,1,,1,1,1,28,5,1,2,2,4,1,3,4,3,6366,75+
4983,,,,1,1,2,2,1,2,2,2,2,2,2,20150203,2,3,1,1,2,2,,4,1,2,17,5,1,,4,2,1,2,5,1,2557,
4984,1,1,1,2,2,2,2,2,2,2,2,2,2,2,20150214,2,10,2,3,,2,,2,1,2,28,5,1,6,4,2,1,1,2,3,3737,
4985,1,1,1,2,2,2,1,2,2,2,2,2,2,2,20150215,2,8,2,3,,2,,2,1,0,34,5,1,2,4,2,1,1,2,3,9172,75+
4986,1,,1,1,1,2,2,1,2,2,2,2,2,2,20150211,2,8,2,3,,2,,2,1,2,28,5,1,2,,4,4,2,3,3,8487,70+
4987,2,2,,1,2,2,2,1,2,2,2,2,2,2,20150323,3,10,2,3,,2,,2,1,1,34,5,1,2,,3,1,2,3,3,2450,
4988,,,,2,2,2,2,2,2,2,2,2,2,2,20150201,2,3,1,1,1,2,,3,1,0,34,5,1,,4,1,1,1,5,1,6093,
4989,1,,1,2,2,2,2,2,2,2,2,2,2,2,20150214,2,8,2,3,,2,,2,1,2,34,5,1,2,3,4,2,3,4,3,3057,
4990,,,,2,2,2,2,2,2,2,2,2,2,2,20150318,3,4,1,1,2,2,,4,1,3,28,5,1,,2,,3,,,,4526,
4991,1,1,1,2,2,2,2,2,2,2,2,2,2,2,20150218,2,10,2,3,,1,,1,1,1,28,5,1,4,4,2,2,1,2,3,2803,75+
4992,1,2,1,1,1,2,2,2,2,2,2,2,2,2,20150218,2,8,1,3,,2,,2,1,3,28,5,1,6,4,5,5,3,4,3,10894,70+
4993,,,,2,2,2,2,2,2,2,2,2,2,2,20150323,3,1,1,1,1,2,2,3,1,2,28,5,1,,3,1,1,1,5,1,3339,
4994,1,1,1,1,1,2,2,2,2,2,2,2,2,1,20150311,3,9,2,3,,1,,1,1,1,34,5,1,4,2,4,2,3,4,3,1225,60+
4995,,,,2,2,2,2,2,2,2,2,2,2,2,20150305,3,4,2,1,1,2,,3,1,2,28,5,1,,4,1,3,1,5,,4482,
4996,,,,2,2,2,2,2,2,2,2,2,2,2,20150201,2,2,1,1,4,2,,6,1,3,17,5,1,,3,1,1,1,5,1,2745,
4997,,,,2,2,2,2,2,2,2,2,2,2,2,20150303,3,2,1,1,1,2,,3,1,2,34,5,1,,4,1,1,1,5,1,1526,
4998,,,,1,2,2,2,1,2,2,2,2,2,1,20150329,3,1,1,1,2,2,,4,1,2,7,5,1,,4,1,1,4,5,1,10195,
4999,1,2,1,2,2,2,2,2,2,2,2,2,2,2,20150214,2,10,2,3,,2,,2,2,2,28,5,1,2,,4,1,3,4,3,2803,
5000,1,1,1,2,2,2,2,2,2,2,2,2,2,2,20150214,2,10,2,3,,1,,1,1,0,11,5,1,4,2,3,1,3,4,3,3524,80+
5001,1,,2,2,2,2,2,2,2,2,2,2,2,2,20150224,2,8,2,3,,2,,2,1,2,34,5,1,4,2,3,2,2,3,3,3057,
5002,2,1,1,2,2,2,2,1,2,2,2,2,2,2,20150312,3,4,2,2,1,3,3,4,1,3,28,5,1,,3,1,1,1,2,3,6555,"Pas d’âge, santé implicite"
5003,,,,2,2,2,2,2,2,2,2,2,2,2,20150206,2,2,2,1,2,2,,4,1,2,34,5,1,,4,1,1,2,5,1,2269,
5004,1,2,1,1,2,2,2,1,2,2,2,2,2,2,20150315,3,6,1,2,1,3,1,4,1,3,34,5,1,4,4,4,4,2,3,3,23714,65+
5005,,,,2,2,2,2,2,2,2,2,2,2,2,20150203,2,4,1,1,3,1,1,4,2,3,17,5,1,,,2,3,1,5,,1534,
5006,,,,1,2,2,2,1,2,2,2,1,2,2,20150202,2,1,2,1,5,3,4,6,0,3,34,5,1,,3,1,1,4,5,1,2674,
5007,,,,1,2,2,2,1,2,2,2,2,2,2,20150204,2,4,2,3,,3,2,4,2,3,32,5,1,,2,2,3,1,2,2,8713,
5008,,,,2,2,2,2,2,2,2,2,2,2,2,20150226,2,3,2,1,2,2,,4,1,3,28,5,1,,4,2,2,1,5,1,3586,
5009,1,2,1,2,2,2,2,2,2,2,2,2,2,2,20150215,2,8,2,3,,2,,2,2,2,28,5,1,5,4,3,3,2,3,3,5092,80+
5010,1,2,1,2,2,2,2,2,2,2,2,2,2,2,20150317,3,8,1,3,,1,,1,1,2,17,5,1,6,3,4,4,2,3,3,2834,65+
5011,1,,2,2,2,2,2,2,2,2,2,2,2,2,20150313,3,8,2,3,,2,,2,1,2,34,5,1,4,,3,3,2,3,3,3057,80+
5012,,,,2,2,2,2,2,2,2,2,2,2,2,20150201,2,4,1,1,2,2,,4,1,2,17,5,1,,3,,5,,,,2557,
5013,1,2,1,1,2,2,2,1,2,2,2,2,2,2,20150312,3,10,2,3,,2,,2,1,0,34,5,1,4,,4,1,3,4,3,4901,55+
5014,1,2,1,1,2,2,2,2,1,2,2,2,2,2,20150215,2,8,2,3,,2,,2,2,2,34,5,1,4,2,5,2,3,4,3,2293,70+
5015,,,,2,2,2,2,2,2,2,2,2,2,2,20150302,3,2,1,1,1,2,,3,1,2,28,5,1,,4,1,1,2,5,1,3339,
5016,,,,1,2,2,2,1,2,2,2,2,2,2,20150206,2,4,2,1,2,2,,4,1,2,34,5,1,,1,1,3,1,5,,4765,
5017,2,,1,1,2,2,2,1,2,2,2,2,2,2,20150326,3,4,1,3,,3,1,4,1,3,25,5,1,,4,5,5,1,2,3,906,
5018,1,1,1,2,2,2,2,2,2,2,2,2,2,2,20150214,2,10,1,3,,2,,2,1,1,34,5,1,5,4,3,4,1,2,3,4041,60+
5019,1,1,1,1,2,2,2,2,2,1,2,1,2,2,20150320,3,10,1,3,,2,,2,1,2,34,5,1,4,2,4,4,2,3,3,2694,
5020,1,1,1,1,1,2,2,1,2,2,2,2,2,2,20150214,2,7,2,3,,2,,2,1,2,34,5,1,4,3,3,3,2,3,3,3057,65+
5021,,,,2,2,2,2,2,2,2,2,2,2,2,20150201,2,2,1,1,2,2,,4,1,2,34,5,1,,4,1,1,3,5,1,2035,
5022,,,,2,2,2,2,2,2,2,2,2,2,2,20150329,3,2,2,1,2,2,2,4,1,2,28,5,1,,4,1,1,1,5,1,5329,
5023,1,2,1,1,2,2,2,1,2,2,2,2,2,2,20150214,2,9,2,3,,1,1,1,1,0,34,5,1,4,3,4,2,3,4,3,2450,75+
5024,1,2,1,1,2,2,2,2,2,2,2,2,2,2,20150318,3,5,1,3,,3,1,3,1,2,13,5,1,4,4,5,5,2,3,3,20707,70+
5025,,,,2,2,2,2,2,2,2,2,2,2,2,20150312,3,3,2,1,2,2,,4,1,3,28,5,1,,4,1,1,1,5,1,3586,
5026,,,,1,2,2,2,1,2,2,2,2,2,2,20150225,2,2,1,1,1,2,,3,1,2,28,5,1,,4,1,1,1,5,1,3339,
5027,,,,2,2,2,2,2,2,2,2,1,2,2,20150330,3,4,1,3,,3,2,5,1,3,34,5,1,,4,3,4,1,2,2,1125,
5028,,,,2,2,2,2,1,2,2,2,1,2,2,20150201,2,2,2,1,1,2,,3,1,2,17,5,1,,4,1,,,,1,1962,
5029,,,,2,2,2,2,2,2,2,2,2,2,2,20150203,2,2,2,1,4,2,,6,1,3,17,5,1,,4,1,1,1,5,1,2943,
5030,1,2,1,2,2,2,2,2,2,2,2,2,2,2,20150224,2,7,1,2,1,2,,3,2,3,28,5,1,6,2,2,4,1,2,3,66653,"Pas d’âge, santé implicite"
5031,1,2,1,1,2,2,2,1,2,2,2,2,2,1,20150220,2,4,2,3,,3,2,5,1,3,28,5,1,,4,1,1,1,1,3,1607,75+
5032,1,1,1,1,1,1,1,1,2,2,2,2,2,2,20150316,3,6,2,2,1,2,2,3,1,2,7,5,1,4,4,2,4,1,1,3,6566,
5033,,,,2,2,2,2,2,2,2,2,2,2,2,20150202,2,2,2,1,2,2,,4,1,3,17,5,1,,4,1,,,,1,1962,
5034,1,1,1,2,2,2,2,2,2,2,2,2,2,2,20150214,2,10,2,3,,2,,2,1,2,34,5,1,4,2,2,2,2,3,3,1634,80+
5035,1,2,1,1,2,2,2,1,2,2,2,2,2,2,20150310,3,8,2,3,,2,,2,1,2,9,5,1,7,4,3,2,2,3,3,5498,65+
5036,,,,2,2,2,2,2,2,2,2,2,2,2,20150203,2,1,2,1,3,2,,5,1,2,34,5,1,,4,1,,,,1,2836,
5037,2,1,1,2,2,2,2,2,2,2,2,2,2,2,20150221,2,10,2,3,,1,1,2,2,1,28,5,1,2,,2,3,1,2,3,3737,Intervention peu claire
5038,1,1,1,1,2,2,1,1,2,2,2,2,2,2,20150313,3,10,2,3,,1,,1,2,1,28,5,1,5,3,2,2,1,2,3,1121,65+
5039,1,1,1,2,2,2,2,2,2,2,2,2,2,2,20150212,2,7,2,3,,1,,1,1,1,28,5,1,4,3,4,4,2,3,3,6366,75+
5040,1,2,1,2,2,2,2,2,2,2,2,2,2,2,20150214,2,6,2,2,1,2,,3,1,3,28,5,1,5,2,2,1,2,3,3,48683,
5041,1,1,1,1,2,2,2,1,2,2,2,2,2,2,20150215,2,9,2,3,,2,,2,1,2,28,5,1,7,,2,1,1,2,3,3737,"Pas d’âge, santé implicite"
5042,,,,2,2,2,2,2,2,2,2,2,2,2,20150201,2,1,1,1,3,2,,5,1,2,17,5,1,,,1,1,3,5,1,3050,
5043,,,,2,2,2,2,2,2,2,2,2,2,2,20150302,3,2,1,1,4,2,,6,1,2,28,5,1,,,,1,,,1,6677,
5044,1,1,1,1,2,2,2,1,2,2,2,2,2,2,20150214,2,7,2,2,1,3,2,5,1,3,28,5,1,2,4,3,1,2,3,3,64911,60+
5045,1,2,1,2,2,2,2,2,2,2,2,2,2,2,20150214,2,7,1,3,,3,4,4,1,2,28,5,1,5,2,3,2,2,3,3,29050,70+
5046,,,,1,2,2,2,2,2,2,2,2,2,2,20150205,2,2,1,1,3,2,,5,1,3,17,5,1,,4,1,1,1,5,1,2288,
5047,,,,2,2,2,2,1,2,2,2,2,2,2,20150310,3,9,1,3,,2,,2,1,1,13,5,1,5,2,3,4,1,2,2,14920,
5048,1,2,1,1,2,2,2,1,2,2,2,2,2,2,20150319,3,7,2,2,1,2,,3,1,0,34,5,1,4,2,3,4,1,2,3,39717,75+
5049,1,2,1,2,2,2,2,2,2,2,2,2,2,2,20150310,3,7,2,3,,1,,1,1,0,34,5,1,4,2,2,1,1,2,3,4586,80+
5050,,,,1,2,2,1,1,2,2,2,2,2,2,20150204,2,4,1,1,2,2,,4,1,3,17,5,1,,4,2,4,1,5,,1534,
5051,,,,2,2,2,2,2,2,2,2,2,2,2,20150325,3,3,2,1,1,2,,3,1,3,28,5,1,,4,1,,,,1,3362,
5052,1,1,2,2,2,2,2,2,2,2,2,2,2,2,20150214,2,7,1,3,,1,,1,1,0,34,5,1,4,1,5,5,3,4,3,10268,60+
5053,,,,2,2,2,2,2,2,2,2,2,2,2,20150323,3,4,1,2,2,2,1,4,1,2,9,5,1,,4,2,5,1,5,,4686,
5054,,,,2,2,2,2,2,2,2,2,2,2,2,20150224,2,3,1,1,2,2,,4,1,3,28,5,1,,3,1,1,1,5,1,5658,
5055,,,,2,2,2,2,2,2,1,2,1,2,2,20150321,3,3,1,1,3,2,2,5,1,2,34,5,1,,2,1,2,1,5,1,3385,
5056,1,1,1,2,2,2,2,2,2,2,2,2,2,2,20150314,3,10,2,3,,1,,1,1,1,34,5,1,2,2,2,3,1,2,3,1225,Mon âge
5057,,,,1,2,2,2,2,2,2,2,2,2,2,20150401,4,2,2,1,1,2,2,3,1,2,34,5,1,,4,1,,,,1,1701,
5058,,,,2,2,2,2,2,2,2,2,2,2,2,20150328,3,1,2,1,4,2,,6,2,2,9,5,1,,3,,1,,,1,3072,
5059,,,,1,2,2,1,1,2,2,1,2,1,1,20140725,7,4,2,1,2,1,1,3,2,3,25,5,1,,1,2,3,1,5,,3311,
5060,,,,2,2,2,2,2,2,2,2,2,2,2,20140728,7,4,1,1,2,3,1,5,1,3,13,5,1,,3,5,3,3,4,3,16716,
5061,,,,1,2,2,2,1,2,2,2,2,2,1,20140711,7,6,2,3,,2,,2,0,2,32,5,1,4,2,5,3,3,4,3,7994,
5062,,,,2,2,2,2,2,2,2,2,2,2,2,20140806,8,1,1,1,1,2,,3,0,2,28,5,1,,4,1,1,1,5,1,5008,
5063,,,,1,1,2,2,2,2,2,2,2,2,2,20140722,7,8,2,3,,1,,1,0,1,17,5,1,1,1,4,1,3,4,3,10118,
5064,,,,2,2,2,2,2,2,2,2,2,2,2,20140725,7,1,2,1,2,2,,4,0,2,28,5,1,,4,1,,,,1,7993,
5065,,,,2,2,2,2,2,2,2,2,2,2,2,20140714,7,4,2,3,,2,2,2,0,2,28,5,1,,1,2,3,1,2,3,12731,
5066,,,,1,1,2,1,2,2,2,2,2,2,1,20140807,8,3,2,1,1,2,,3,1,3,28,5,1,,,2,1,2,5,1,3362,
5067,,,,1,2,2,2,2,2,1,2,1,2,2,20140729,7,2,1,1,2,2,,4,0,2,34,5,1,,,1,1,3,5,1,3052,
5068,,,,1,2,2,2,2,2,2,2,2,2,2,20140723,7,1,1,1,3,2,,5,0,2,34,5,1,,,1,,,,1,3815,
5069,,,,2,2,2,2,2,2,2,2,2,2,2,20140807,8,4,1,1,3,3,3,6,1,3,28,5,1,,3,3,4,1,2,3,8487,
5070,,,,2,2,2,2,2,2,2,2,2,2,2,20141026,10,4,1,1,1,2,2,3,1,3,28,5,1,,,2,4,1,5,,4243,
5071,,,,2,2,2,2,2,2,2,2,2,2,2,20141105,11,2,1,1,2,2,2,4,1,2,34,5,1,,4,1,1,1,5,1,2035,
5072,1,2,1,1,2,2,2,2,2,2,2,2,2,2,20141114,11,7,1,3,,3,1,3,1,3,16,5,1,4,,5,5,2,3,3,9352,"Pas d’âge, santé implicite"
5073,,,,1,1,1,2,2,,,2,2,2,2,20141022,10,9,2,3,,1,,1,1,1,34,5,1,1,1,5,2,3,4,3,1225,
5074,1,,1,1,1,2,2,2,2,2,2,2,2,2,20150119,1,6,2,2,4,3,1,6,1,3,28,5,1,2,1,2,1,2,3,3,75730,
5075,,,,2,2,2,2,2,2,2,2,2,2,2,20141019,10,6,2,2,2,2,,4,1,2,34,5,1,4,,2,3,1,2,3,17652,
5076,,,,2,2,2,2,2,2,2,2,2,2,2,20150118,1,9,1,3,,2,,2,1,2,28,5,1,2,3,5,4,3,4,2,1806,
5077,,,,1,1,2,2,1,2,2,2,2,2,2,20141015,10,9,2,3,,1,,1,1,1,9,5,1,2,1,4,4,2,3,3,2572,
5078,1,2,1,1,2,2,2,1,2,2,2,2,2,2,20150318,3,8,2,3,,3,2,4,1,3,25,5,1,4,4,4,4,1,2,3,14307,75+
5079,,,,2,2,2,2,2,2,2,2,2,2,2,20141016,10,6,2,2,3,2,,5,1,2,28,5,1,7,4,2,3,1,2,3,108190,
5080,2,1,1,2,2,2,2,2,2,1,2,2,2,2,20150116,1,8,1,3,,3,,3,2,0,34,5,1,2,,3,5,1,2,3,15402,
5081,,,,2,2,2,2,2,2,2,2,2,2,2,20141010,10,10,2,3,,1,1,1,1,1,34,5,1,1,2,4,2,2,3,3,1225,
5082,,,,2,2,2,2,2,2,2,2,2,2,2,20141010,10,9,1,3,,1,,1,1,0,9,5,1,5,1,3,4,1,2,3,5679,
5083,,,,1,2,2,2,1,2,2,2,2,2,2,20141025,10,4,2,3,,3,1,4,1,3,12,5,1,,4,5,3,3,4,2,543,
5084,1,2,1,2,2,2,2,1,2,2,2,2,2,2,20150215,2,9,2,2,2,2,,4,2,3,28,5,1,2,1,5,1,3,4,3,16330,80+
5085,,,,1,2,2,2,1,2,2,2,2,2,2,20141022,10,4,2,3,,3,1,3,1,3,34,5,1,,2,5,3,3,4,3,3439,
5086,1,1,1,2,2,2,2,2,2,2,2,2,2,2,20150213,2,10,2,3,,1,,1,1,1,28,5,1,7,2,4,3,2,3,3,2803,85+
5087,,,,1,2,2,2,2,2,2,2,1,2,2,20150214,2,1,1,1,1,2,,3,1,0,34,5,1,,4,1,1,4,5,1,4578,
5088,,,,1,1,2,2,1,2,2,2,2,2,2,20141011,10,8,2,3,,1,1,1,2,0,34,5,1,7,,,1,,,3,2409,
5089,,,,2,2,2,2,2,2,2,2,2,2,2,20141107,11,1,2,1,2,2,,4,1,2,28,5,1,,4,1,1,1,5,1,5329,
5090,,,,2,2,2,2,2,2,2,2,2,2,2,20150226,2,2,1,1,2,2,,4,1,2,28,5,1,,4,1,1,2,5,1,4452,
5091,1,2,1,2,2,2,2,2,2,2,2,2,2,2,20150319,3,8,2,3,,2,,2,1,2,34,5,1,4,4,2,2,1,2,3,3057,70+
5092,1,,1,1,2,2,2,1,2,2,2,2,2,2,20150109,1,4,1,2,1,2,1,3,0,2,11,5,1,,2,4,4,2,3,3,51508,70+
5093,,,,2,2,2,2,2,2,2,2,2,2,2,20150212,2,3,1,1,2,2,2,4,1,2,28,5,1,,2,1,1,1,5,1,7544,
5094,,,,2,2,2,2,2,2,2,2,2,2,2,20150212,2,1,2,1,2,2,,4,0,2,28,5,1,,4,1,,,,1,7993,
5095,,,,1,2,2,1,2,2,2,2,2,2,1,20141219,12,2,2,1,1,3,,3,1,3,34,5,1,,4,1,1,2,5,1,1276,
5096,,,,2,2,2,2,2,2,2,2,2,2,2,20141206,12,3,1,1,2,2,,4,0,3,28,5,1,,3,1,1,1,5,1,7544,
5097,,,,1,2,2,2,1,2,2,2,2,2,2,20141207,12,3,1,1,2,2,,4,1,3,17,5,1,,4,1,1,1,5,1,1534,
5098,2,2,1,2,2,2,2,2,2,2,2,2,2,2,20150215,2,5,1,3,,2,,2,0,2,28,5,1,6,2,2,3,1,2,3,21788,
5099,,,,2,2,2,2,2,2,2,2,2,2,2,20141228,12,4,2,1,1,2,,3,1,3,28,5,1,,,3,3,2,5,,3362,
5100,,,,2,2,2,2,2,2,2,2,2,2,2,20150126,1,2,2,1,2,3,,6,1,2,17,5,1,,4,1,1,1,5,1,3924,
5101,,,,1,2,2,2,2,2,2,2,2,2,2,20150303,3,2,2,1,2,2,,4,0,2,17,5,1,,4,1,1,1,5,1,3924,
5102,3,2,2,2,2,2,2,2,2,2,2,2,2,2,20150221,2,5,1,3,,3,4,5,0,3,28,5,1,6,2,,4,,,3,21788,20+
5103,,,,2,2,1,2,1,2,2,2,2,2,2,20141207,12,2,2,1,2,2,,4,1,2,34,5,1,,4,1,1,1,5,1,2269,
5104,,,,2,2,2,2,2,2,2,2,2,2,2,20150301,3,3,1,1,2,2,2,4,1,2,28,5,1,,1,3,1,3,5,1,7544,
5105,1,2,1,1,2,2,2,2,2,2,2,2,2,2,20141207,12,3,1,2,3,2,,5,0,2,12,5,1,,4,1,1,2,5,1,3857,65+
5106,,,,2,2,2,2,2,2,2,2,2,2,2,20140916,9,6,2,3,,3,2,4,1,3,34,5,1,3,,5,3,3,4,3,3669,
5107,,,,2,2,2,2,2,2,2,2,2,2,2,20140910,9,9,1,3,,1,1,1,1,0,12,5,1,3,1,5,5,3,4,3,6837,
5108,,,,2,1,2,2,2,2,2,2,2,2,2,20140911,9,10,2,3,,1,1,2,1,1,28,5,1,2,2,3,1,2,3,3,5605,
5109,,,,1,1,2,2,1,2,1,2,1,2,1,20140809,8,4,2,1,1,2,,3,1,3,28,5,1,,,3,5,1,5,,2689,
5110,,,,2,2,2,2,2,2,2,2,2,2,2,20141029,10,4,2,3,,3,2,4,1,3,34,5,1,,2,4,3,2,3,2,1583,
5111,,,,2,2,2,2,2,2,2,2,2,2,2,20140805,8,4,1,1,3,1,,4,1,1,34,5,1,,4,5,5,2,5,,4062,
5112,1,2,1,2,2,2,2,2,2,2,2,2,2,2,20141120,11,10,2,3,,2,,2,1,1,9,5,1,7,,2,2,1,2,3,5144,
5113,,,,2,2,2,2,2,2,2,2,2,2,2,20141028,10,4,2,1,1,2,,3,2,3,34,5,1,,,1,2,1,5,,1532,
5114,,,,1,2,1,2,2,2,2,2,2,2,2,20141203,12,4,2,1,2,1,,3,1,3,34,5,1,,2,5,3,3,5,,2144,
5115,,,,2,2,2,2,2,2,2,2,2,2,2,20140807,8,1,2,1,1,3,,6,1,3,28,5,1,,4,1,1,4,5,1,3997,
5116,1,2,1,1,2,2,2,2,2,2,2,2,2,2,20141120,11,7,2,3,,1,,1,1,1,28,5,1,7,3,2,3,1,2,3,6366,70+
5117,1,1,1,2,2,2,2,2,2,2,2,2,2,2,20141120,11,9,2,3,,1,,1,1,0,34,5,1,1,2,3,1,2,3,3,2450,
5118,,,,2,2,2,2,2,2,1,2,1,2,2,20141030,10,4,2,1,1,3,,,1,,34,5,1,,,4,5,1,5,,3574,
5119,,,,2,2,2,2,2,2,2,2,2,2,2,20141102,11,4,1,1,1,2,,3,1,3,34,5,1,,,5,5,3,5,,1523,
5120,,,,2,2,2,2,2,2,2,2,2,2,2,20141101,11,3,2,1,3,2,2,5,1,0,17,5,1,,2,1,1,1,5,1,10511,
5121,,,,1,2,2,2,2,2,2,2,2,2,2,20141120,11,10,1,3,,1,,,,,9,5,1,,,,,,,3,5679,
5122,,,,2,2,2,2,2,2,2,2,2,2,2,20141031,10,4,2,1,1,2,2,3,1,0,28,5,1,,1,1,1,1,5,,13446,
5123,,,,2,2,2,2,2,2,2,2,2,2,2,20140819,8,4,1,3,,3,1,3,1,3,28,5,1,,4,3,4,1,2,3,16341,
5124,,,,2,2,2,2,2,2,2,2,2,2,2,20140814,8,8,1,3,,1,,1,1,1,28,5,1,4,2,3,2,2,3,3,10894,
5125,,,,1,2,2,2,2,2,2,2,1,2,2,20141029,10,8,1,3,,3,1,3,1,3,34,5,1,7,4,5,5,2,3,3,7701,
5126,1,1,1,1,1,2,2,1,2,1,2,1,2,2,20141120,11,9,2,3,,1,,1,1,1,13,5,1,7,4,,3,,,3,2820,65+
5127,,,,1,2,2,1,2,2,2,2,1,2,2,20140907,9,3,2,1,2,2,,4,0,3,28,5,1,,2,2,4,1,5,1,4482,
5128,,,,2,2,2,2,2,2,2,2,2,2,2,20141029,10,2,2,1,3,2,,5,1,0,2,5,1,,,1,1,1,5,1,6685,
5129,,,,1,2,2,2,1,2,2,2,2,2,2,20140814,8,6,2,3,,1,,1,1,1,3,5,1,4,2,4,2,3,4,3,6329,
5130,,,,1,2,2,2,2,2,2,1,2,2,2,20140828,8,2,2,1,2,3,3,5,0,3,34,5,1,,4,1,1,1,5,1,2836,
5131,,,,2,2,2,2,2,2,2,2,2,2,2,20141104,11,2,1,1,4,3,4,6,1,3,17,5,1,,4,1,,,,1,2440,
5132,,,,2,2,2,2,2,2,2,2,2,2,2,20140814,8,2,1,1,1,3,1,5,1,3,28,5,1,,4,,,,,1,2782,
5133,,,,1,1,2,2,2,2,2,2,2,2,2,20140904,9,4,1,1,2,3,2,6,1,3,16,5,1,,,,5,,,,7636,
5134,,,,1,1,2,2,2,2,2,2,2,2,2,20141029,10,4,1,3,,3,4,4,1,3,17,5,1,,,2,4,1,2,3,1137,
5135,,,,1,1,2,2,2,2,2,2,2,2,2,20141029,10,8,1,3,,2,,2,1,2,28,5,1,7,4,5,4,2,3,3,14525,
5136,,,,1,2,2,2,2,2,2,2,2,2,1,20141029,10,4,2,3,,3,2,4,1,3,34,5,1,,4,4,3,2,3,2,1583,
5137,,,,2,2,2,2,2,2,2,2,2,2,2,20141101,11,1,1,1,2,2,,4,1,2,17,5,1,,4,1,,,,1,2440,
5138,,,,2,2,2,2,2,2,1,2,1,2,2,20141103,11,3,1,1,3,2,1,5,1,2,34,5,1,,2,1,1,1,5,1,3385,
5139,,,,1,2,2,1,1,2,2,2,2,2,2,20141204,12,3,2,1,2,1,1,3,1,1,9,5,1,,2,1,1,2,5,1,15265,
5140,1,1,1,2,2,2,2,2,2,2,2,2,2,2,20141120,11,8,2,3,,2,,2,1,2,28,5,1,4,4,,1,,,3,8487,70+
5141,,,,2,2,2,2,2,2,2,2,2,2,2,20141030,10,6,2,2,1,1,,2,1,1,32,5,1,4,1,2,2,1,2,3,12357,
5142,,,,1,2,2,2,2,2,2,2,2,2,2,20150129,1,3,1,1,1,2,,3,1,2,28,5,1,,4,1,1,1,5,1,5658,
5143,,,,2,2,2,2,2,2,2,2,2,2,2,20140816,8,9,1,3,,1,,,0,1,28,5,1,1,1,2,3,1,2,3,2709,
5144,,,,2,2,2,2,2,2,2,2,2,2,2,20140903,9,1,2,1,1,3,2,5,1,3,28,5,1,,4,1,1,4,5,1,3997,
5145,,,,2,2,2,2,2,2,2,2,2,2,2,20140811,8,3,1,1,2,2,2,4,1,3,28,5,1,,1,,,,,1,5658,
5146,,,,2,2,2,2,2,2,2,2,2,2,2,20140817,8,1,1,1,1,2,,3,0,2,28,5,1,,,1,,,,1,5008,
5147,,,,1,2,2,2,1,2,2,2,2,2,2,20141102,11,4,2,1,1,3,,4,1,3,34,5,1,,4,2,1,1,2,3,2859,
5148,,,,2,2,2,2,2,2,2,2,2,2,2,20140830,8,1,2,1,1,3,,4,2,3,28,5,1,,4,1,1,4,5,1,2664,
5149,,,,1,1,2,1,1,2,2,2,2,2,1,20140904,9,4,2,2,1,3,4,6,2,3,16,5,1,,2,4,2,3,4,3,3098,
5150,,,,2,2,2,2,2,2,2,2,2,2,2,20140831,8,4,2,2,1,3,3,5,0,3,28,5,1,,1,2,3,1,2,3,10242,
5151,,,,2,2,2,2,2,2,2,2,2,2,2,20140819,8,8,2,3,,2,,2,1,2,34,5,1,4,,3,3,2,3,3,3057,
5152,,,,1,1,2,1,1,,,2,2,2,2,20141101,11,4,1,1,1,3,2,4,1,3,6,5,1,,4,2,5,1,5,,3912,
5153,,,,2,2,2,2,2,2,2,2,2,2,2,20141030,10,2,2,1,3,2,,5,1,2,12,5,1,,4,1,1,1,5,1,3482,
5154,,,,2,2,2,2,2,2,2,2,2,2,2,20140812,8,7,2,3,,2,,2,1,1,28,5,1,1,2,2,2,1,2,3,12731,
5155,,,,2,2,2,2,2,2,2,2,2,2,2,20140830,8,2,2,1,2,2,,4,1,2,28,5,1,,4,1,1,3,5,1,5329,
5156,,,,1,2,2,2,2,2,2,2,2,2,2,20141104,11,2,1,1,2,2,,4,1,2,34,5,1,,3,1,1,1,5,1,2035,
5157,,,,2,2,2,2,2,2,2,2,2,2,2,20140828,8,3,2,1,3,2,,5,1,3,28,5,1,,,,1,,,1,4482,
5158,1,2,1,1,2,2,2,2,2,2,2,2,2,2,20150314,3,9,2,3,,1,,1,1,1,34,5,1,5,3,1,2,1,2,3,1225,75+
5159,,,,1,2,2,2,2,2,2,2,2,2,2,20141101,11,4,1,1,1,3,4,6,1,3,28,5,1,,4,4,5,1,5,,4850,
5160,,,,1,2,2,2,1,2,2,1,2,1,2,20140904,9,2,2,1,1,1,,2,0,2,34,5,1,,2,1,1,1,5,1,1701,
5161,,,,1,1,2,2,1,2,2,2,2,2,2,20141101,11,3,2,1,1,2,1,3,1,2,32,5,1,,1,1,1,1,5,1,1994,
5162,,,,2,2,2,2,2,2,2,2,2,2,2,20141102,11,1,1,1,4,2,,6,1,0,32,5,1,,3,1,1,4,5,1,8789,
5163,,,,2,2,2,2,2,2,2,2,2,2,2,20141029,10,2,2,1,3,2,,5,1,3,28,5,1,,4,1,1,3,5,1,4996,
5164,,,,2,2,2,2,2,2,2,2,1,2,2,20140823,8,2,1,1,2,2,,4,0,2,17,5,1,,4,1,1,1,5,1,3660,
5165,,,,2,2,2,2,2,2,2,2,2,2,2,20141101,11,2,2,1,2,2,,4,1,3,28,5,1,,4,1,1,1,5,1,3997,
5166,,,,2,2,2,2,2,2,2,2,2,2,2,20141029,10,1,2,1,2,2,,4,1,2,28,5,1,,4,1,,,,1,5329,
5167,,,,2,2,2,2,2,2,2,2,2,2,2,20141102,11,4,1,2,2,3,1,5,1,1,12,5,1,,,,,,,3,3857,
5168,,,,2,2,2,2,2,2,2,2,2,2,2,20141029,10,1,2,1,3,3,,6,1,3,9,5,1,,1,1,,,,1,4480,
5169,,,,2,2,2,2,2,2,2,2,2,2,2,20141014,10,9,2,3,,2,2,2,1,2,28,5,1,4,,2,5,1,2,3,3737,
5170,,,,1,2,2,2,2,2,2,2,1,2,2,20141017,10,6,1,3,,2,,4,1,2,18,5,1,5,4,5,5,2,3,3,14055,
5171,,,,2,2,2,2,2,2,2,2,2,2,2,20141017,10,8,2,2,1,3,1,5,1,0,34,5,1,,3,3,2,2,3,3,66196,
5172,1,,1,2,2,2,2,2,2,2,2,2,2,2,20150317,3,10,2,3,,1,,1,1,0,28,5,1,1,,4,1,3,4,3,5605,
5173,,,,1,1,2,2,1,2,2,2,2,2,2,20141017,10,10,2,3,,1,,1,1,1,34,5,1,2,1,4,2,3,4,3,1225,
5174,,,,2,2,2,2,1,2,2,2,1,2,2,20141021,10,7,2,3,,2,,2,1,2,34,5,1,4,4,2,3,1,2,3,8031,
5175,,,,2,2,2,2,2,2,2,2,2,2,2,20141203,12,3,2,1,1,2,,3,1,2,28,5,1,,3,1,1,1,5,1,4482,
5176,,,,1,2,2,1,1,2,1,2,1,2,1,20141018,10,7,2,3,,2,2,2,2,2,34,5,1,2,2,3,3,1,2,3,1834,
5177,,,,2,2,2,2,2,2,2,2,2,2,2,20141020,10,10,1,3,,1,,1,1,,28,5,1,2,2,3,1,3,4,3,2709,
5178,,,,1,1,1,2,2,2,2,2,2,2,2,20141021,10,10,1,3,,2,2,2,1,0,7,5,1,4,2,3,4,1,2,3,5395,
5179,,,,1,1,2,2,1,2,2,2,2,2,2,20141010,10,8,1,3,,1,,1,1,0,34,5,1,4,3,5,5,2,3,3,10268,
5180,,,,1,1,2,1,1,2,2,2,2,2,2,20141015,10,8,2,3,,3,3,3,1,3,34,5,1,3,1,3,2,2,3,3,3439,
5181,,,,1,1,2,2,1,2,2,2,2,2,2,20141014,10,7,2,3,,2,3,3,1,3,34,5,1,,,4,3,2,3,3,3439,
5182,,,,2,2,2,2,2,1,2,2,2,2,2,20141207,12,3,1,1,2,2,,4,2,2,34,5,1,,4,1,3,1,5,1,8743,
5183,,,,2,2,2,2,2,2,2,2,2,2,2,20141020,10,7,2,3,,1,,1,1,1,34,5,1,1,,1,3,1,1,3,2293,
5184,,,,1,2,2,2,2,2,2,2,2,2,1,20141021,10,6,1,2,2,1,,1,1,2,7,5,1,6,4,5,5,2,3,3,12235,
5185,,,,2,2,2,2,2,2,2,2,2,2,2,20141030,10,4,1,2,1,2,1,3,1,3,9,5,1,,2,4,5,1,5,,2636,
5186,,,,2,2,2,2,2,2,2,2,2,2,2,20141015,10,9,2,3,,1,1,1,0,1,28,5,1,,,2,1,2,3,3,5605,
5187,,,,2,2,2,2,2,2,2,2,2,2,2,20141012,10,6,2,2,1,2,,3,1,2,28,5,1,7,,1,1,1,2,3,64911,
5188,,,,1,1,2,2,2,2,2,2,2,2,2,20141017,10,10,2,3,,1,,1,1,1,9,5,1,6,,2,1,1,2,3,2572,
5189,,,,2,2,2,2,2,2,2,2,2,2,2,20141014,10,10,2,3,,2,,2,1,2,28,5,1,2,,3,4,1,2,3,3737,
5190,,,,1,1,2,2,2,2,2,2,2,2,2,20141020,10,10,1,3,,1,1,1,1,1,32,5,1,1,,3,4,1,2,3,3562,
5191,,,,2,2,2,2,2,2,2,2,2,2,2,20141011,10,7,2,2,1,3,3,4,1,3,28,5,1,6,3,2,2,1,2,3,51929,
5192,,,,2,2,2,2,2,2,2,2,2,2,2,20141019,10,5,2,3,,3,,3,1,3,28,5,1,4,2,1,2,1,2,2,9548,
5193,,,,2,2,2,2,2,2,2,2,2,2,2,20141010,10,9,2,3,,1,1,1,1,0,34,5,1,2,1,4,2,3,4,3,2450,
5194,,,,2,2,2,2,2,2,2,2,2,2,2,20141017,10,10,2,3,,1,,1,1,1,34,5,1,4,1,2,1,2,3,3,1225,
5195,,,,1,1,2,1,2,2,2,2,2,1,2,20141011,10,8,1,3,,1,,1,1,1,12,5,1,3,1,4,4,2,3,3,8074,
5196,,,,1,2,2,2,2,2,2,2,2,2,2,20141021,10,8,2,3,,2,,2,1,2,18,5,1,4,2,4,3,2,3,3,8111,
5197,,,,2,2,2,2,2,2,2,2,2,2,2,20141024,10,1,2,1,3,2,,5,1,1,9,5,1,,2,1,,,,1,6399,
5198,,,,1,1,2,2,2,2,2,2,2,2,2,20141020,10,8,2,3,,1,,1,2,0,13,5,1,2,1,5,1,3,4,3,5288,
5199,,,,2,2,2,1,1,2,2,2,1,2,2,20141020,10,4,1,2,1,3,1,4,1,3,34,5,1,,4,5,4,3,4,3,3247,
5200,,,,1,2,2,2,1,2,2,2,2,2,2,20141024,10,7,2,2,2,3,2,5,1,3,34,5,1,7,4,3,1,3,4,3,13239,
5201,,,,2,2,2,2,2,2,1,2,1,2,2,20141011,10,9,1,3,,2,,2,1,1,34,5,1,2,2,5,3,3,4,3,4041,
5202,,,,2,2,2,2,2,2,2,2,2,2,2,20141015,10,7,2,2,1,2,2,3,2,2,32,5,1,1,4,4,1,3,4,3,7414,
5203,,,,2,2,2,2,2,2,2,2,2,2,2,20141016,10,8,1,3,,1,,1,1,,28,5,1,7,,,5,,,3,21788,
5204,,,,2,2,2,2,2,2,2,2,2,2,2,20141104,11,3,1,1,2,3,2,,1,3,28,5,1,,4,1,1,1,5,1,5658,
5205,,,,1,1,1,2,1,2,2,2,2,2,2,20141010,10,9,2,3,,1,,1,2,0,34,5,1,4,1,2,3,1,2,3,1225,
5206,,,,2,2,2,2,2,2,2,2,2,2,2,20141016,10,9,1,3,,3,,,2,,34,5,1,2,1,5,3,3,4,3,2160,
5207,,,,2,2,2,2,2,2,2,2,2,2,2,20141011,10,10,2,3,,2,,2,1,1,34,5,1,1,1,4,1,3,4,3,2450,
5208,,,,2,2,2,2,2,2,2,2,2,2,2,20141104,11,2,2,1,2,2,,4,1,3,28,5,1,,4,1,1,1,5,1,3997,
5209,,,,1,1,1,1,1,2,2,2,2,2,2,20141012,10,8,1,3,,2,,2,1,1,18,5,1,7,,5,5,2,3,3,10542,
5210,,,,2,2,2,2,2,2,2,2,2,2,2,20141017,10,5,1,2,1,3,,3,1,2,28,5,1,7,4,5,5,2,3,3,111090,
5211,,,,1,1,2,2,2,2,2,2,1,2,2,20141021,10,7,2,3,,3,1,3,1,1,34,5,1,4,4,5,1,3,4,3,6879,
5212,,,,2,2,2,2,2,2,2,2,2,2,2,20141021,10,9,1,3,,2,,2,1,2,25,5,1,6,4,3,4,1,2,3,2756,
5213,,,,2,2,2,2,2,2,2,2,2,2,2,20141103,11,4,2,1,1,2,1,3,1,2,17,5,1,,2,,1,,,,2102,
5214,,,,1,2,2,1,2,,1,1,1,2,2,20141024,10,6,2,2,3,2,2,5,1,2,34,5,1,4,4,1,2,1,2,3,22065,
5215,,,,2,2,2,2,2,2,2,2,2,2,1,20141104,11,2,2,1,3,2,,5,1,2,34,5,1,,4,1,1,1,5,1,2836,
5216,,,,2,2,2,2,1,2,2,2,2,2,2,20141011,10,4,1,3,,3,4,6,1,3,28,5,1,,4,3,1,2,3,2,26145,
5217,,,,2,2,2,2,2,2,2,2,2,2,2,20141022,10,9,2,3,,1,,1,1,0,34,5,1,7,2,5,3,3,4,3,2374,
5218,,,,1,1,2,2,1,2,2,2,2,2,2,20141012,10,8,2,3,,2,2,2,1,1,34,5,1,6,3,2,3,1,2,3,4586,
5219,,,,2,2,2,2,2,2,2,2,2,2,2,20141027,10,9,1,3,,3,,,1,1,6,5,1,4,2,4,5,1,2,3,6754,
5220,,,,1,2,2,2,1,2,2,2,2,2,2,20141021,10,8,2,3,,3,2,5,1,3,9,5,1,4,3,3,1,2,3,3,8246,
5221,,,,1,2,2,1,2,2,2,2,2,2,2,20141108,11,10,1,3,,2,,2,2,1,9,5,1,7,4,3,4,1,2,3,2839,
5222,,,,2,2,2,2,2,2,2,2,2,2,2,20141010,10,9,2,3,,2,,2,2,1,6,5,1,2,1,4,2,3,4,3,1250,
5223,,,,2,2,2,2,2,2,2,2,2,2,2,20141101,11,1,1,1,2,2,,4,1,2,28,5,1,,4,1,1,1,5,1,4452,
5224,,,,2,2,2,2,2,2,2,2,2,2,2,20141031,10,2,2,1,2,2,,4,1,2,34,5,1,,3,1,1,3,5,1,2269,
5225,,,,2,2,2,2,2,2,2,1,1,2,2,20141027,10,1,1,1,1,2,2,3,1,2,17,5,1,,4,1,1,4,5,1,1830,
5226,,,,1,1,1,1,1,2,1,2,1,2,2,20141030,10,4,2,1,1,2,,3,1,1,34,5,1,,,1,3,1,5,,5361,
5227,,,,2,2,2,2,2,2,2,2,2,2,2,20141011,10,9,2,3,,1,1,1,1,0,12,5,1,2,1,5,3,3,4,3,3649,
5228,,,,1,2,2,1,1,2,2,2,1,2,2,20141010,10,6,2,3,,3,3,5,1,3,34,5,1,2,2,4,2,3,4,3,3822,
5229,,,,1,1,2,2,1,2,2,2,2,2,2,20141011,10,9,2,3,,2,,2,1,1,28,5,1,2,1,5,3,2,3,3,5605,
5230,,,,2,2,2,2,2,2,2,2,2,2,2,20141022,10,9,2,3,,1,,1,1,1,28,5,1,7,1,5,2,3,4,3,2803,
5231,,,,2,2,2,2,2,2,2,2,2,2,2,20140809,8,4,1,2,1,3,4,6,1,3,28,5,1,,2,3,4,2,3,3,10344,
5232,,,,2,2,2,2,2,2,2,2,2,2,2,20141012,10,2,2,1,3,2,2,5,1,2,34,5,1,,,1,1,1,5,1,2836,
5233,,,,2,2,2,2,2,2,2,2,2,2,2,20141104,11,1,1,1,2,2,,4,1,2,28,5,1,,4,,1,,,1,4452,
5234,,,,1,2,2,2,1,2,2,2,2,2,1,20141010,10,7,2,3,,2,,2,1,1,34,5,1,3,3,4,1,3,4,3,12047,
5235,,,,2,2,2,2,2,2,2,2,2,2,2,20141022,10,9,2,3,,1,,1,1,0,34,5,1,1,1,4,3,2,3,3,2450,
5236,1,1,1,1,1,2,2,1,2,2,2,2,2,2,20150123,1,9,2,3,,2,1,2,1,1,11,5,1,2,1,2,1,1,2,3,3524,65+
5237,,,,2,2,2,2,2,2,2,2,2,2,2,20150123,1,2,1,1,1,3,3,6,1,3,3,5,1,,,1,1,1,5,1,2845,
5238,,,,2,2,2,2,2,2,2,2,2,2,2,20150215,2,9,1,3,,2,,2,2,2,25,5,1,6,4,3,3,1,2,2,2067,
5239,1,2,1,1,2,2,2,2,2,2,2,2,2,2,20150129,1,4,1,3,,3,2,4,1,3,28,5,1,,,4,5,1,2,3,1623,70+
5240,,,,2,2,2,2,2,2,2,2,2,2,2,20150131,1,3,2,1,3,2,,5,1,2,28,5,1,,1,1,1,2,5,1,7470,
5241,,,,2,2,2,2,2,2,2,2,2,2,2,20141024,10,10,2,3,,1,,1,1,1,34,5,1,1,,2,3,1,2,3,1225,
5242,,,,1,2,2,2,2,2,2,2,2,2,2,20141023,10,10,1,3,,2,,2,1,1,28,5,1,1,,2,1,2,3,2,2709,
5243,,,,2,2,2,2,2,2,2,2,2,2,2,20141104,11,2,2,1,2,2,2,4,1,3,28,5,1,,,1,1,1,5,1,3997,
5244,,,,2,2,2,2,2,2,2,2,2,2,2,20141024,10,9,1,3,,1,,1,1,0,34,5,1,4,1,2,4,1,2,3,4041,
5245,,,,2,2,2,2,2,2,2,2,2,2,2,20141023,10,9,2,3,,2,,2,1,1,34,5,1,5,3,3,1,2,3,3,2374,
5246,,,,1,2,2,2,2,2,2,2,2,2,2,20141031,10,3,1,2,3,2,,5,1,3,9,5,1,,4,2,3,1,5,1,4393,
5247,,,,1,2,2,2,2,2,2,2,2,2,2,20150115,1,2,1,1,2,3,,6,1,3,28,5,1,,4,1,,,,1,3895,
5248,,,,1,1,2,2,1,2,2,2,2,2,2,20141027,10,9,2,3,,2,,2,1,1,34,5,1,1,2,3,4,2,3,3,2450,
5249,,,,1,1,2,2,2,2,2,2,2,2,2,20141025,10,10,1,3,,2,,2,1,0,34,5,1,6,4,2,5,1,2,2,8081,
5250,,,,2,2,2,2,2,2,2,2,2,2,2,20141024,10,9,2,3,,2,,2,1,2,34,5,1,6,4,5,1,3,4,3,1634,
5251,3,2,1,1,1,1,2,1,2,2,2,2,2,2,20150121,1,10,1,3,,2,,2,1,1,34,5,1,1,2,2,4,1,2,3,4041,50+
5252,1,2,1,1,1,2,2,1,2,2,2,2,2,2,20150224,2,6,2,3,,1,,1,1,2,17,5,1,6,4,3,2,2,3,3,3373,80+
5253,,,,2,2,2,2,2,2,2,2,2,2,2,20141205,12,4,1,1,2,2,,4,1,3,34,5,1,,4,1,3,1,5,,1354,
5254,,,,1,1,2,2,2,2,2,2,2,2,2,20141025,10,9,2,3,,2,,2,1,2,28,5,1,4,2,2,3,1,2,3,3737,
5255,,,,1,2,2,2,2,2,2,2,2,2,2,20150214,2,7,1,3,,2,1,2,1,1,34,5,1,4,2,3,5,1,2,2,10268,
5256,,,,1,2,2,2,2,2,2,2,2,2,2,20141024,10,4,1,1,2,2,2,4,1,3,28,5,1,,4,2,5,1,5,,5658,
5257,1,1,1,1,2,2,2,1,2,2,2,2,2,2,20150112,1,8,2,3,,2,,2,1,2,28,5,1,6,4,4,3,2,3,3,8487,65+
5258,1,2,1,2,2,2,2,2,2,2,2,2,2,2,20150112,1,7,2,2,1,1,,2,1,2,13,5,1,4,3,4,2,3,4,3,13571,70+
5259,1,2,1,2,2,2,2,2,2,2,2,2,2,2,20150121,1,10,1,3,,2,,2,2,0,28,5,1,6,1,4,3,3,4,3,1355,"Pas d’âge, santé implicite"
5260,,,,2,2,2,2,2,2,2,2,2,2,2,20141026,10,2,2,1,2,2,,4,2,1,34,5,1,,3,1,1,3,5,1,1701,
5261,,,,2,2,2,2,2,2,2,2,2,2,2,20141027,10,10,2,3,,2,,2,1,2,16,5,1,2,2,3,1,3,4,3,4057,
5262,1,2,1,2,2,2,2,2,2,2,2,2,2,2,20150115,1,9,2,3,,2,,2,2,2,17,5,1,2,4,3,3,2,3,3,738,80+
5263,,,,2,2,2,2,2,2,2,2,2,2,2,20141023,10,9,1,3,,1,,1,1,0,34,5,1,2,2,3,3,2,3,3,2160,
5264,,,,1,2,2,2,1,2,2,2,2,2,2,20141026,10,4,1,2,1,3,1,5,1,3,34,5,1,,,2,3,1,5,,2706,
5265,1,,1,2,2,2,2,2,2,2,2,2,2,2,20150114,1,10,2,3,,1,1,1,1,0,28,5,1,4,3,3,3,2,3,3,5605,75+
5266,,,,2,2,2,2,1,2,2,2,2,2,2,20150112,1,2,1,1,1,3,2,5,1,3,28,5,1,,,1,1,1,5,1,3339,
5267,,,,1,1,2,2,1,2,1,1,1,2,2,20141023,10,1,1,1,1,2,,3,1,2,17,5,1,,,1,,,,1,1830,
5268,1,2,1,1,2,2,2,1,2,2,2,2,2,2,20150118,1,10,2,3,,2,,2,1,1,34,5,1,4,2,,1,,,3,2450,
5269,,,,1,2,2,1,1,2,2,1,1,1,2,20141029,10,4,2,1,1,3,3,4,1,2,9,5,1,,,1,1,1,5,,13569,
5270,,,,2,2,2,2,2,2,2,2,2,2,2,20141023,10,9,1,3,,1,,1,1,0,28,5,1,7,2,3,5,1,2,3,2709,
5271,1,2,1,1,2,2,2,2,2,1,2,1,2,2,20150115,1,7,1,3,,2,1,3,1,2,2,5,1,1,4,4,5,2,3,3,12887,75+
5272,,,,1,2,2,2,2,2,2,2,2,2,2,20150108,1,2,1,1,2,1,,4,1,3,34,5,1,,4,1,1,1,5,1,3467,
5273,1,,1,2,2,2,2,2,2,2,2,2,2,2,20150110,1,4,2,2,1,3,3,6,1,3,28,5,1,,2,2,4,1,2,3,9833,
5274,,,,2,2,2,2,2,2,2,2,2,2,2,20140809,8,4,2,1,4,2,,6,1,1,28,5,1,,2,1,3,1,5,,13446,
5275,,,,2,2,2,2,2,2,2,2,2,2,2,20141027,10,2,2,1,2,3,,6,1,2,28,5,1,,4,1,,,,1,7993,
5276,,,,1,1,2,2,2,2,2,2,2,2,2,20150202,2,4,2,1,1,3,3,4,2,3,25,5,1,,4,2,4,1,5,,5150,
5277,,,,2,2,2,2,2,2,2,2,2,2,2,20141104,11,1,1,1,1,2,,3,2,2,34,5,1,,4,1,1,3,5,1,1145,
5278,1,2,1,2,2,2,2,2,2,2,2,2,2,2,20150111,1,10,2,3,,1,,1,1,1,25,5,1,4,2,4,2,3,4,3,4875,"Pas d’âge, santé implicite"
5279,1,2,1,2,2,2,2,2,2,2,2,2,2,2,20150224,2,8,2,3,,1,,1,1,1,34,5,1,2,1,4,3,2,3,3,2293,60+
5280,1,1,1,2,2,2,2,2,2,2,2,2,2,2,20150110,1,8,1,3,,3,,3,1,2,25,5,1,6,4,5,5,2,3,3,13341,60+
5281,,,,1,2,2,2,1,2,2,2,2,2,2,20150131,1,4,1,2,1,3,1,4,1,3,25,5,1,,4,4,5,1,5,,4670,
5282,,,,1,2,2,1,1,2,2,2,2,2,1,20150129,1,4,2,1,1,3,2,5,1,3,16,5,1,,,3,4,1,5,,2876,
5283,1,1,1,1,2,2,2,1,2,2,2,2,2,2,20150111,1,10,2,3,,1,,1,1,1,34,5,1,3,1,2,2,1,2,3,1225,65+
5284,1,2,1,1,2,2,2,1,2,2,2,2,2,2,20150121,1,4,1,3,,3,2,3,1,3,34,5,1,,4,4,5,1,2,3,7701,"Pas d’âge, santé implicite"
5285,,,,1,2,2,2,2,2,2,2,2,2,2,20141025,10,10,1,3,,2,,2,1,1,32,5,1,1,4,4,4,2,3,2,7124,
5286,1,1,1,1,1,2,1,2,2,2,2,2,2,2,20150120,1,8,2,3,,1,,1,1,1,34,5,1,2,2,4,1,3,4,3,2293,65+
5287,1,2,1,1,2,2,2,1,2,2,2,2,2,2,20150119,1,9,1,3,,2,,2,1,1,17,5,1,7,3,4,3,2,3,3,2949,65+
5288,,,,2,2,2,2,2,2,2,2,2,2,2,20141029,10,3,2,1,2,3,1,5,1,3,28,5,1,,4,,1,,,1,5602,
5289,1,2,1,1,1,2,1,1,2,2,2,2,2,2,20150122,1,8,1,3,,2,,2,1,2,34,5,1,4,4,5,5,2,3,3,6845,65+
5290,1,2,1,2,2,2,2,2,2,2,2,2,2,2,20150119,1,4,1,3,,3,2,4,1,3,34,5,1,,2,3,5,1,2,3,8214,70+
5291,1,2,1,2,2,2,2,2,2,2,2,2,2,2,20150113,1,5,1,3,,1,,1,1,0,34,5,1,3,1,4,5,1,2,3,10268,60+
5292,,,,2,2,2,2,2,2,2,2,2,2,2,20150204,2,2,1,1,4,2,,6,1,2,28,5,1,,4,1,1,2,5,1,6677,
5293,1,2,1,1,2,2,2,2,2,2,2,2,2,2,20150215,2,8,1,3,,2,,2,1,2,28,5,1,5,2,3,5,1,2,3,14525,60+
5294,1,2,1,2,2,2,2,2,2,2,2,2,2,2,20150214,2,8,2,3,,2,1,2,1,1,16,5,1,7,4,2,1,2,3,3,26367,80+
5295,1,2,1,1,2,2,2,2,2,2,2,2,2,1,20150120,1,8,1,3,,1,,1,1,0,9,5,1,2,1,5,4,3,4,3,12029,"Pas d’âge, santé implicite"
5296,,,,2,2,2,2,2,2,2,2,2,2,2,20141029,10,3,1,1,3,2,,5,1,2,6,5,1,,1,1,1,3,5,1,8149,
5297,,,,1,2,2,2,2,2,2,2,2,2,2,20150215,2,7,2,3,,3,1,3,1,3,34,5,1,4,4,2,3,1,2,2,2293,
5298,1,1,2,1,1,2,2,2,2,2,2,2,2,2,20150118,1,7,1,3,,1,,1,1,0,17,5,1,4,3,5,4,3,4,3,8503,65+
5299,1,1,2,1,2,2,2,2,2,2,2,2,2,2,20150215,2,4,2,3,,3,3,5,1,3,28,5,1,,1,3,3,2,3,3,1339,"Pas d’âge, santé implicite"
5300,,,,1,2,2,1,1,2,2,2,2,2,2,20141025,10,10,2,3,,3,1,4,1,2,34,5,1,2,1,1,1,1,2,3,3267,
5301,,,,2,2,2,2,2,2,2,2,2,2,2,20141025,10,2,1,1,2,2,,4,1,2,17,5,1,,4,1,1,1,5,1,2440,
5302,,,,2,2,2,2,2,2,2,2,2,2,2,20150124,1,2,2,1,2,1,,3,1,0,13,5,1,,1,1,1,1,5,1,7838,
5303,,,,2,2,2,2,2,2,2,2,2,2,2,20150115,1,4,2,1,1,3,,4,1,3,2,5,1,,3,2,4,1,5,,7313,
5304,,,,1,2,2,1,2,2,2,2,2,2,2,20150112,1,5,1,2,1,2,,3,1,2,9,5,1,6,4,5,5,2,3,2,73602,
5305,,,,1,2,2,2,2,2,2,2,2,2,2,20140809,8,2,2,1,3,2,2,5,1,1,34,5,1,,4,1,1,3,5,1,4254,
5306,3,2,1,2,2,2,2,2,2,2,2,2,2,2,20150131,1,10,2,3,,1,,1,1,1,34,5,1,2,1,3,1,2,3,3,1225,
5307,1,,1,1,2,2,2,1,2,2,2,2,2,2,20150113,1,6,1,3,,2,,2,1,2,25,5,1,4,4,5,4,3,4,3,8894,70+
5308,,,,2,2,2,2,2,2,2,2,2,2,2,20150127,1,2,1,1,2,2,,4,1,2,34,5,1,,2,1,1,1,5,1,2035,
5309,1,2,1,1,2,2,2,2,2,2,2,2,2,2,20150126,1,5,2,3,,3,1,3,1,3,2,5,1,7,4,2,3,1,2,3,6300,65+
5310,1,2,1,1,2,2,2,2,1,2,2,2,2,2,20150131,1,4,1,3,,3,1,3,2,3,34,5,1,,2,5,4,3,4,3,675,70+
5311,1,,1,2,2,2,2,2,2,2,2,2,2,2,20150116,1,8,1,3,,2,,2,1,1,17,5,1,3,1,5,3,3,4,3,8503,
5312,1,,1,2,2,2,2,2,2,2,2,2,2,2,20150125,1,10,2,3,,1,,1,1,0,34,5,1,1,1,2,1,2,3,3,2450,65+
5313,1,,2,1,2,2,2,2,2,1,2,1,2,2,20150119,1,6,1,2,3,2,,5,1,2,12,5,1,1,4,4,4,2,3,3,88616,"Pas d’âge, santé implicite"
5314,,,,2,2,2,2,2,2,2,2,2,2,2,20141017,10,6,2,3,,2,2,3,1,2,28,5,1,6,4,2,2,1,2,3,12731,
5315,,,,1,2,1,2,2,2,1,2,2,2,2,20141024,10,3,2,1,3,2,,5,1,2,34,5,1,,4,1,1,1,5,1,5957,
5316,,,,1,2,2,,1,2,2,1,1,1,2,20140909,9,3,1,1,5,2,,6,1,2,17,5,1,,1,1,1,1,5,1,4475,
5317,,,,2,2,2,2,2,2,2,2,2,2,2,20141015,10,2,1,1,3,3,1,6,1,3,28,5,1,,3,1,1,2,5,1,4006,
5318,,,,1,2,2,1,1,2,2,2,2,2,2,20141015,10,9,1,3,,2,,2,1,2,16,5,1,1,2,4,3,2,3,3,6588,
5319,,,,1,2,2,2,1,2,2,2,2,2,2,20140909,9,3,2,1,1,2,,3,1,3,9,5,1,,4,1,2,1,5,1,7632,
5320,1,1,1,2,2,2,2,2,2,2,2,2,2,2,20141116,11,9,2,3,,2,,2,2,2,34,5,1,4,4,5,2,3,4,3,1225,65+
5321,1,1,1,1,2,2,2,2,2,2,2,2,2,2,20141122,11,10,2,3,,2,1,2,2,0,17,5,1,1,1,2,1,1,2,3,2951,65+
5322,,,,1,2,2,2,2,2,2,2,2,2,2,20141128,11,2,1,1,4,2,2,4,1,2,34,5,1,,4,,1,,,1,2035,
5323,1,2,2,1,2,2,2,2,1,2,2,2,2,1,20141116,11,8,1,3,,3,,3,1,3,28,5,1,2,3,4,3,2,3,3,16341,Mon âge
5324,2,,,2,2,2,2,2,2,2,2,2,2,2,20141114,11,8,1,3,,2,2,2,1,,28,5,1,,,,,,,3,43576,
5325,1,2,1,,2,2,2,1,2,2,2,2,2,2,20141114,11,8,2,3,,2,,2,1,1,9,5,1,4,3,4,3,2,3,3,8246,"Pas d’âge, santé implicite"
5326,,,,1,2,2,2,2,2,2,2,2,2,2,20141201,12,2,1,1,1,3,,3,1,2,17,5,1,,4,1,1,1,5,1,1830,
5327,,,,2,2,2,2,2,2,2,2,2,2,2,20141114,11,2,1,1,1,2,,3,1,2,28,5,1,,4,1,1,1,5,1,3339,
5328,,,,1,2,1,2,2,2,2,1,2,2,1,20141121,11,4,1,1,1,1,,2,1,1,34,5,1,,2,3,4,2,5,,2031,
5329,,,,2,2,2,2,2,2,2,2,2,2,2,20140809,8,3,2,1,2,3,,6,1,3,28,5,1,,,1,1,2,5,1,6723,
5330,1,1,1,2,2,2,2,2,2,2,2,2,2,2,20141116,11,10,2,3,,1,,1,1,1,28,5,1,5,4,1,1,1,2,3,2803,80+
5331,1,2,2,1,1,1,2,1,2,2,2,2,2,2,20141121,11,9,2,3,,3,,5,2,3,34,5,1,1,2,5,2,3,4,3,2450,65+
5332,1,1,1,2,2,2,2,2,2,2,2,2,2,2,20141116,11,9,2,3,,1,,1,1,1,17,5,1,2,1,2,3,1,2,3,1475,80+
5333,1,2,1,2,2,2,2,2,2,2,2,2,2,2,20141201,12,4,2,2,2,3,2,5,2,3,28,5,1,,,3,2,2,3,3,4552,65+
5334,,,,1,2,2,2,1,2,2,2,2,2,2,20141112,11,8,2,3,,2,,2,1,2,28,5,1,4,4,3,1,2,3,3,8487,
5335,3,2,2,2,2,2,2,2,2,2,2,2,2,2,20141117,11,10,1,3,,2,,2,2,0,34,5,1,1,2,4,3,2,3,3,1440,
5336,,,,1,2,2,2,1,2,2,2,2,2,2,20150131,1,1,1,1,1,3,,4,1,2,34,5,1,,1,1,1,4,5,1,2035,
5337,,,,2,2,2,2,2,2,2,2,2,2,2,20141116,11,2,2,1,2,2,,4,1,2,34,5,1,,4,1,1,2,5,1,2269,
5338,1,1,1,2,2,2,2,2,2,2,2,2,2,2,20141114,11,8,2,3,,2,1,2,1,1,34,5,1,3,3,2,3,1,2,3,4586,"Pas d’âge, santé implicite"
5339,1,2,1,1,2,2,2,1,2,2,2,2,2,1,20141115,11,9,2,3,,1,,1,2,1,25,5,1,4,2,3,3,1,2,3,3250,65+
5340,,,,1,1,2,1,1,2,2,2,1,1,2,20141117,11,3,2,1,1,2,,3,1,1,12,5,1,,1,1,1,1,5,1,6505,
5341,1,1,1,2,2,2,2,2,2,2,2,2,2,2,20141116,11,6,2,2,2,2,,4,1,2,34,5,1,7,,2,2,1,2,3,17652,65+
5342,,,,2,2,2,2,2,2,2,2,2,2,2,20141110,11,8,1,3,,1,,1,1,1,34,5,1,2,3,3,4,2,3,3,5134,
5343,1,1,1,2,2,2,2,2,2,2,2,2,2,2,20141117,11,10,2,3,,2,,2,2,1,6,5,1,4,2,2,1,1,2,3,1667,
5344,1,2,1,2,2,2,2,2,2,2,2,2,2,2,20141114,11,10,2,3,,1,,1,1,1,13,5,1,4,,1,2,1,2,3,2820,70+
5345,,,,1,1,2,1,1,2,2,2,2,2,2,20141130,11,2,1,1,2,2,,4,1,2,34,5,1,,4,1,1,1,5,1,2035,
5346,1,2,2,2,2,2,2,2,2,2,2,2,2,2,20141118,11,9,1,2,2,3,,6,1,3,34,5,1,1,4,4,4,2,3,3,13998,"Pas d’âge, santé implicite"
5347,,,,2,2,2,2,2,2,2,2,2,2,2,20141206,12,2,1,1,2,2,1,5,1,3,17,5,1,,4,1,1,1,5,1,1830,
5348,1,2,1,2,2,2,2,2,2,2,2,2,2,2,20141115,11,10,2,3,,2,,2,1,1,34,5,1,4,2,4,3,2,3,3,2450,65+
5349,1,1,1,1,2,2,2,1,2,2,2,2,2,2,20141114,11,9,2,3,,2,1,2,1,2,34,5,1,2,,2,1,2,3,3,1634,"Pas d’âge, santé implicite"
5350,1,2,1,2,2,2,2,2,2,2,2,2,2,2,20141115,11,8,1,3,,2,,2,1,2,12,5,1,4,4,3,5,1,2,3,10765,60+
5351,1,1,1,1,2,2,2,1,2,2,2,2,2,2,20141114,11,10,2,3,,2,,2,1,0,34,5,1,2,,2,4,1,2,3,4901,
5352,1,,1,1,2,2,2,1,2,2,2,2,2,2,20141114,11,10,2,3,,2,,2,1,0,9,5,1,1,,2,2,1,2,3,10288,70+
5353,1,1,1,2,2,2,2,2,2,2,2,2,2,2,20141116,11,8,2,3,,2,,2,1,2,9,5,1,5,4,2,3,1,2,3,5498,75+
5354,1,2,1,1,1,2,1,1,2,2,2,2,2,2,20150318,3,9,2,3,,1,,1,1,1,34,5,1,2,1,4,1,3,4,3,1225,70+
5355,1,1,1,2,2,2,2,2,2,2,2,2,2,2,20141114,11,7,2,3,,2,2,2,1,1,7,5,1,7,2,2,4,1,2,3,34200,65+
5356,2,1,1,2,2,2,2,2,2,2,2,2,2,2,20141114,11,8,1,3,,1,,1,2,1,28,5,1,5,3,5,5,3,4,3,2724,80+
5357,1,1,1,2,2,2,2,2,2,2,2,2,2,2,20141118,11,7,1,3,,3,1,3,1,3,28,5,1,2,,5,5,3,4,2,16341,75+
5358,1,1,1,2,2,2,2,2,2,2,2,2,2,2,20141118,11,8,1,3,,3,2,4,2,3,28,5,1,6,3,3,3,1,2,3,12450,75+
5359,1,1,1,2,2,2,2,2,2,2,2,2,2,2,20141119,11,7,2,3,,2,,6,1,3,28,5,1,5,,4,2,2,3,3,15277,70+
5360,1,2,1,2,2,2,2,2,2,2,2,2,2,2,20141121,11,9,2,3,,3,,3,2,2,17,5,1,2,4,2,1,2,3,3,1475,65+
5361,1,1,1,2,1,,2,1,2,2,2,2,2,2,20141119,11,8,1,3,,2,,2,1,2,3,5,1,2,2,5,4,3,4,3,12098,70+
5362,1,2,,2,2,2,2,2,2,2,2,2,2,2,20141120,11,10,1,3,,2,,2,1,0,17,5,1,1,,2,2,1,2,3,5898,70+
5363,,,,2,2,2,2,2,2,2,2,2,2,2,20141124,11,2,2,1,3,2,,5,1,3,13,5,1,,4,1,1,1,5,1,3266,
5364,1,2,1,2,2,2,2,2,2,2,2,2,2,2,20141119,11,8,2,3,,2,,2,1,2,28,5,1,4,4,,1,,,3,8487,70+
5365,,,,2,2,2,2,2,2,2,2,2,2,2,20150105,1,1,1,1,1,2,,3,1,0,34,5,1,,,1,,,,1,4578,
5366,1,1,1,1,1,2,2,2,2,2,2,2,2,2,20141119,11,8,2,3,,2,1,2,1,1,28,5,1,2,1,5,3,3,4,3,12731,"Pas d’âge, santé implicite"
5367,1,1,1,2,2,2,2,2,2,2,2,2,2,2,20141122,11,10,2,3,,1,,1,1,1,16,5,1,1,1,2,1,2,3,3,3043,70+
5368,,,,2,2,2,2,2,2,2,2,2,2,2,20141122,11,1,2,1,3,3,2,6,1,3,28,5,1,,,1,,,,1,5595,
5369,1,1,1,1,2,2,1,2,2,2,2,2,2,2,20141118,11,9,1,3,,2,,2,1,2,12,5,1,6,,3,3,2,3,3,4558,70+
5370,1,2,1,1,2,2,2,2,2,2,2,2,2,2,20141118,11,6,1,2,3,2,,5,1,2,17,5,1,2,,,4,,,2,56106,50+
5371,1,2,1,1,2,2,2,1,2,2,2,2,2,2,20141119,11,7,1,3,,2,,2,1,1,28,5,1,6,,5,5,2,3,3,21788,75+
5372,1,2,2,1,2,2,2,1,2,2,2,2,2,2,20141119,11,8,1,3,,2,,2,1,2,34,5,1,,,4,4,2,3,3,6845,70+
5373,1,2,1,1,1,1,2,2,2,2,2,2,2,2,20141118,11,8,2,3,,1,,1,0,1,28,5,1,6,1,4,1,3,4,3,12731,75+
5374,1,1,1,1,1,2,2,1,1,2,2,2,2,2,20141118,11,9,2,2,1,3,1,4,1,3,28,5,1,2,2,1,1,1,2,3,22862,60+
5375,1,2,1,2,2,2,2,2,2,2,2,2,2,2,20141119,11,9,1,3,,1,,1,2,3,34,5,1,1,1,5,5,2,3,3,808,
5376,1,2,1,2,2,2,2,2,2,2,2,2,2,2,20141118,11,8,2,3,,1,,1,1,0,34,5,1,2,1,,,,,3,4586,70+
5377,1,1,1,1,1,2,2,2,2,2,2,2,2,2,20141121,11,9,1,3,,1,,1,1,1,18,5,1,2,1,5,5,2,3,3,2428,80+
5378,1,2,1,1,2,2,2,1,2,2,2,2,2,2,20141118,11,7,2,3,,3,2,4,1,3,34,5,1,4,3,3,3,2,3,3,3669,70+
5379,,,,1,1,2,2,2,2,2,2,2,2,2,20141124,11,3,1,1,2,1,,3,1,0,12,5,1,,1,2,5,1,5,1,8985,
5380,,,,2,2,2,2,2,2,2,2,2,2,2,20141128,11,3,2,1,1,3,1,6,2,0,28,5,1,,,1,1,1,5,1,13446,
5381,,,,2,2,2,2,2,2,2,2,2,2,2,20141125,11,4,1,1,3,2,2,5,1,3,34,5,1,,3,2,3,1,5,,2031,
5382,1,2,1,2,2,2,2,2,2,2,2,2,2,2,20141121,11,10,2,3,,1,,1,1,0,34,5,1,1,1,3,1,2,3,3,2450,75+
5383,1,2,1,1,1,2,2,1,2,2,2,2,1,2,20141120,11,8,1,3,,2,,2,1,2,28,5,1,4,4,4,4,2,3,3,14525,75+
5384,1,2,1,2,2,2,2,2,2,2,2,2,2,2,20141120,11,10,1,3,,2,,2,1,0,34,5,1,2,,3,5,1,1,2,8081,
5385,2,2,1,2,2,2,2,2,2,2,2,2,2,2,20141119,11,7,2,3,,2,2,2,1,2,13,5,1,2,2,3,2,2,3,3,7051,"Pas d’âge, santé implicite"
5386,,,,2,2,2,2,2,2,2,2,2,2,2,20141110,11,3,1,1,3,3,,6,1,3,34,5,1,,4,1,1,2,5,1,2844,
5387,,,,1,2,2,1,2,2,1,2,1,1,2,20141121,11,1,2,1,4,2,,6,0,2,34,5,1,,2,1,1,1,5,1,5104,
5388,1,2,1,1,1,2,2,1,2,2,2,2,2,2,20141118,11,7,2,2,1,1,,2,1,1,16,5,1,6,4,2,3,1,2,3,68849,70+
5389,1,1,1,2,2,2,2,2,2,2,2,2,2,2,20141121,11,10,2,3,,2,,2,1,0,9,5,1,4,2,2,1,1,2,3,10288,
5390,,,,1,2,2,2,1,2,2,2,2,2,2,20141125,11,3,1,1,2,2,,4,1,3,17,5,1,,4,1,1,1,5,1,1918,
5391,1,1,1,1,1,1,2,1,2,2,2,2,2,2,20141120,11,9,2,3,,1,,1,1,0,13,5,1,2,1,2,1,1,2,3,5640,65+
5392,3,2,1,1,1,2,2,2,2,2,2,2,2,2,20141123,11,9,2,3,,3,,3,1,2,28,5,1,1,,2,1,1,2,3,5605,
5393,1,1,1,2,2,2,2,2,2,2,2,2,2,2,20141118,11,9,1,3,,1,,1,1,1,34,5,1,1,2,5,4,3,4,3,2020,65+
5394,1,1,2,2,2,2,2,2,2,2,2,2,2,2,20141122,11,10,2,3,,2,2,3,2,1,28,5,1,1,,2,1,1,2,3,4204,65+
5395,1,1,1,1,2,2,2,2,2,2,2,2,2,2,20141117,11,8,2,3,,1,,1,1,1,34,5,1,5,2,2,4,1,2,3,2293,Pensionnés/Âge de la retraite
5396,3,2,1,2,2,2,2,2,2,2,2,2,2,2,20141118,11,8,2,3,,2,,2,1,1,2,5,1,6,,5,3,3,4,3,8400,
5397,1,1,1,2,1,2,2,1,2,2,2,2,2,2,20141117,11,7,2,2,1,3,4,5,1,2,28,5,1,5,2,4,3,2,3,3,108190,65+
5398,1,1,1,2,2,2,2,2,2,2,2,2,2,2,20141117,11,10,2,3,,1,,1,1,0,17,5,1,2,,3,1,2,3,3,2951,75+
5399,,,,1,1,2,2,1,2,2,2,2,2,2,20141110,11,7,2,3,,2,,2,0,2,34,5,1,4,2,5,2,3,4,3,4586,
5400,1,1,1,1,1,2,2,1,2,2,2,2,2,2,20141117,11,5,2,3,,2,1,2,1,2,25,5,1,4,3,2,4,1,2,2,9538,80+
5401,1,1,1,2,2,2,2,2,2,2,2,2,2,2,20141117,11,8,1,3,,2,,2,1,1,28,5,1,5,4,4,4,2,3,3,21788,70+
5402,,,,1,2,2,2,1,1,2,2,2,2,2,20141114,11,3,2,1,3,2,,5,1,3,32,5,1,,3,2,3,1,5,1,2492,
5403,1,1,1,2,2,2,2,2,2,2,2,2,2,2,20141114,11,10,2,3,,2,1,2,1,1,34,5,1,2,2,5,4,2,3,3,2450,60+
5404,2,2,1,1,1,2,2,1,2,2,2,2,2,2,20141215,12,9,2,3,,1,,1,1,0,34,5,1,3,1,5,3,3,4,3,2450,
5405,,,,2,2,2,2,2,2,2,2,2,2,2,20150116,1,2,2,1,2,2,,4,1,1,28,5,1,,,,1,,,1,7993,
5406,1,2,1,1,2,2,2,2,2,2,2,2,2,2,20150115,1,5,2,2,3,2,,5,1,2,34,5,1,6,4,3,3,2,3,3,22065,65+
5407,,,,2,2,2,1,1,2,2,2,2,2,2,20150121,1,10,2,3,,3,,3,1,2,28,5,1,,2,1,1,1,2,2,5605,
5408,,,,2,2,2,2,2,2,2,2,2,2,2,20150202,2,4,1,1,4,2,,6,1,3,34,5,1,,3,3,5,1,5,,3047,
5409,,,,2,2,2,2,2,2,2,2,2,2,2,20150125,1,2,1,1,1,1,,2,1,1,3,5,1,,1,1,1,3,5,1,1897,
5410,1,1,2,1,2,2,2,1,2,2,2,2,2,2,20150122,1,7,1,2,5,2,,6,2,3,9,5,1,5,4,4,4,2,3,3,51521,65+
5411,1,2,1,1,2,2,1,1,2,2,2,2,2,2,20150120,1,8,2,3,,2,,2,1,2,28,5,1,2,4,,2,,,3,8487,70+
5412,2,2,1,2,2,2,2,2,2,2,2,2,2,2,20150125,1,10,2,3,,2,,2,1,1,28,5,1,4,1,2,2,1,2,3,5605,
5413,,,,2,2,2,2,2,2,2,2,2,2,2,20150120,1,4,1,2,1,3,2,5,0,3,17,5,1,,4,5,4,3,4,2,33664,
5414,1,2,1,1,2,2,2,1,2,2,2,2,2,2,20141119,11,7,2,3,,3,1,3,,,9,5,1,7,,2,1,1,2,3,8246,80+
5415,,,,2,2,2,2,2,2,2,2,2,2,2,20150103,1,2,1,1,2,3,,5,1,2,34,5,1,,4,,,,,1,2543,
5416,,,,1,2,2,1,1,2,2,2,1,2,2,20141127,11,3,1,1,1,2,2,3,1,2,28,5,1,,2,1,1,1,5,1,5658,
5417,1,1,1,1,2,2,2,1,2,2,2,2,2,2,20141119,11,9,2,3,,1,,1,1,,34,5,1,6,4,5,3,3,4,3,2450,
5418,,,,2,2,2,2,2,2,2,2,2,2,2,20141129,11,2,1,1,3,2,,5,1,3,12,5,1,,3,1,1,1,5,1,5079,
5419,1,1,1,2,2,2,2,2,2,2,2,2,2,2,20141120,11,4,1,3,,3,3,3,1,3,28,5,1,,4,3,4,1,2,3,16341,65+
5420,,,,2,2,2,2,2,2,2,2,2,2,2,20140809,8,3,2,1,2,2,,4,1,2,28,5,1,,2,3,3,2,5,1,5976,
5421,1,,1,2,2,2,2,2,2,2,2,2,2,2,20141119,11,10,2,3,,1,,1,1,0,28,5,1,4,1,4,4,2,3,3,5605,80+
5422,,,,2,2,2,2,2,2,2,2,2,2,2,20141204,12,3,1,1,2,2,2,4,1,2,17,5,1,,4,1,1,1,5,1,2557,
5423,1,2,1,1,1,2,2,1,2,2,2,2,2,2,20150122,1,9,1,3,,2,,2,2,1,34,5,1,4,2,4,4,2,3,3,2694,
5424,1,2,2,1,1,2,2,2,2,2,2,2,2,2,20150120,1,10,1,3,,1,,1,1,0,17,5,1,1,1,4,2,3,4,3,2949,"Pas d’âge, santé implicite"
5425,1,1,1,1,1,2,2,1,2,2,2,2,2,2,20150122,1,6,1,3,,2,,2,1,3,9,5,1,2,3,3,5,1,2,3,6014,65+
5426,1,1,1,2,2,2,2,2,2,2,2,2,2,2,20150215,2,8,2,3,,1,,1,1,1,18,5,1,4,3,4,3,2,3,3,6083,75+
5427,,,,2,2,2,2,2,1,2,2,2,2,2,20150131,1,4,1,1,2,2,2,4,2,3,34,5,1,,4,2,4,1,5,,903,
5428,1,1,2,2,2,2,2,1,2,2,2,2,2,2,20150122,1,8,2,3,,3,2,5,1,3,28,5,1,4,4,3,2,2,3,3,12731,
5429,1,1,2,2,2,2,2,2,2,2,2,2,2,2,20150214,2,8,1,3,,2,,2,,,25,5,1,3,,5,5,2,3,3,13342,70+
5430,,,,2,2,2,2,2,2,2,2,2,2,2,20150215,2,10,2,3,,2,,2,1,1,28,5,1,6,1,3,1,2,3,2,5605,
5431,1,,1,2,2,2,2,2,2,2,2,2,2,2,20150121,1,10,2,3,,2,,2,1,0,28,5,1,4,1,2,2,1,2,3,11210,
5432,,,,2,2,2,2,2,2,2,2,2,2,2,20150126,1,4,1,2,1,3,1,4,1,3,28,5,1,,4,2,4,1,2,2,10344,
5433,,,,1,2,2,2,1,2,2,2,2,2,2,20150206,2,3,1,1,1,2,,3,1,3,34,5,1,,3,1,1,1,5,1,1523,
5434,1,2,1,2,2,2,2,2,2,2,2,2,2,2,20150123,1,8,2,3,,2,,2,1,1,13,5,1,2,2,2,1,1,2,3,10577,80+
5435,,,,1,2,2,2,1,2,2,2,2,2,2,20150126,1,10,1,3,,2,,2,1,1,28,5,1,7,3,5,4,2,3,2,2709,
5436,,,,1,2,2,2,2,2,2,2,2,2,2,20150127,1,3,2,1,2,2,,4,1,3,28,5,1,,4,1,1,1,5,1,4482,
5437,,,,1,2,2,2,1,2,1,2,1,2,2,20150128,1,4,1,1,3,2,,5,1,2,34,5,1,,4,3,5,1,5,,3385,
5438,1,1,1,2,2,2,2,2,2,2,2,2,2,2,20150122,1,10,2,3,,1,,1,1,0,6,5,1,1,1,2,1,2,3,3,2500,"Pas d’âge, santé implicite"
5439,1,2,2,2,2,2,2,2,2,2,2,2,2,2,20150119,1,7,2,3,,1,,1,1,2,28,5,1,6,3,2,2,1,2,3,4244,65+
5440,1,2,1,1,1,2,2,2,2,2,2,2,2,2,20150126,1,4,1,3,,3,1,3,1,2,34,5,1,,,2,3,1,2,3,19,70+
5441,1,1,1,2,2,2,2,2,2,2,2,2,2,2,20150120,1,8,2,3,,3,,3,1,2,17,5,1,6,4,2,3,1,2,3,10118,"Pas d’âge, santé implicite"
5442,,,,2,2,2,2,2,2,2,2,2,2,2,20150116,1,1,2,1,3,2,,5,1,2,17,5,1,,4,1,,,,1,3270,
5443,1,,1,1,2,2,2,2,2,2,2,2,2,2,20150117,1,9,1,3,,1,,1,1,0,17,5,1,7,3,3,5,1,2,3,2949,65+
5444,1,2,1,2,2,2,2,2,2,2,2,2,2,2,20150119,1,10,2,3,,1,,1,1,0,28,5,1,1,1,3,1,3,4,3,5605,75+
5445,,,,2,2,2,2,2,2,2,2,2,2,2,20150131,1,2,2,1,2,2,,4,1,3,34,5,1,,4,1,1,3,5,1,1701,
5446,1,2,1,1,1,2,2,1,2,2,2,2,2,1,20150119,1,7,2,3,,2,,2,1,3,32,5,1,4,4,2,2,1,2,3,3997,"Pas d’âge, santé implicite"
5447,,,,2,2,2,2,,2,2,2,2,2,2,20141229,12,2,2,1,4,2,,6,1,3,34,5,1,,,,,,,1,1701,
5448,1,1,1,1,2,2,2,1,2,1,2,1,2,2,20141211,12,9,2,3,,2,,2,1,1,34,5,1,1,2,4,2,2,3,3,2450,
5449,1,1,2,1,2,2,1,1,2,2,2,2,2,2,20141212,12,8,1,3,,3,1,3,1,2,28,5,1,7,,5,5,2,3,3,21788,80+
5450,,,,2,2,2,2,2,2,2,2,2,2,2,20141031,10,4,2,2,1,3,3,4,1,3,17,5,1,,,3,3,1,2,3,6168,
5451,,,,2,2,2,2,2,2,2,2,2,2,2,20141210,12,3,1,1,2,1,,3,1,2,28,5,1,,4,1,,,,1,5658,
5452,1,1,1,1,2,2,2,2,2,2,2,2,2,2,20141211,12,7,2,3,,3,1,3,1,3,28,5,1,3,,1,1,1,2,3,9548,70+
5453,1,1,1,1,2,2,2,1,2,2,2,2,2,2,20141213,12,7,2,3,,3,2,4,1,3,34,5,1,2,3,3,3,2,3,3,3669,80+
5454,1,2,1,2,2,2,2,2,2,2,2,2,2,2,20141212,12,10,2,3,,1,,1,1,0,34,5,1,1,1,2,2,1,2,3,2450,70+
5455,1,1,1,2,2,2,2,2,2,2,2,2,2,2,20141210,12,6,2,2,1,1,,2,1,1,28,5,1,5,1,,3,,,3,64911,70+
5456,3,1,1,2,2,2,2,2,2,2,2,2,2,2,20141215,12,10,1,3,,1,,1,1,0,17,5,1,7,4,3,3,1,2,3,2949,60+
5457,1,2,1,2,2,2,2,2,2,2,2,2,2,2,20141213,12,9,2,3,,1,,1,1,1,34,5,1,6,2,3,4,1,2,3,1187,70+
5458,1,1,,1,2,2,1,1,2,2,2,2,2,2,20141211,12,7,1,3,,3,4,4,1,3,17,5,1,6,4,5,4,2,3,3,6803,70+
5459,,,,2,2,2,2,2,2,2,2,2,2,2,20140809,8,3,2,1,2,2,,4,1,1,28,5,1,,,,1,,,1,8964,
5460,,,,2,2,2,2,2,2,2,2,2,2,2,20141211,12,2,1,1,2,2,,4,1,2,12,5,1,,3,1,1,1,5,1,5417,
5461,1,1,1,2,2,2,2,2,2,2,2,2,2,2,20141213,12,9,2,3,,2,,2,2,,32,5,1,4,2,3,2,2,3,3,1868,65+
5462,1,1,,2,2,2,2,2,2,2,2,2,2,2,20141212,12,7,1,2,2,3,1,5,1,3,28,5,1,6,2,4,2,2,3,3,111090,75+
5463,,,,2,2,2,2,2,2,2,2,2,2,2,20141211,12,4,2,3,,3,2,4,1,3,2,5,1,,2,4,3,2,3,2,6720,
5464,1,1,1,2,2,2,2,2,2,2,2,2,2,2,20141212,12,4,1,3,,3,2,6,2,3,16,5,1,,3,5,5,3,4,3,2531,75+
5465,1,1,1,2,2,2,2,2,2,2,2,2,2,2,20141211,12,8,2,3,,1,,1,1,1,28,5,1,6,4,2,4,1,2,3,6366,80+
5466,1,2,1,1,1,2,2,1,2,2,2,2,2,2,20141213,12,7,1,3,,2,,2,1,2,2,5,1,4,4,5,5,2,3,3,8591,70+
5467,1,1,1,1,1,2,2,1,2,2,2,2,2,1,20141212,12,8,1,3,,2,,2,1,3,17,5,1,6,4,4,5,1,2,3,3401,65+
5468,,,,1,1,1,2,2,2,2,2,2,2,2,20141212,12,8,1,3,,2,2,2,1,2,17,5,1,7,4,5,5,2,3,2,5669,
5469,,,,1,2,2,1,1,2,2,2,2,2,1,20141031,10,1,2,1,2,2,,4,1,2,34,5,1,,3,1,1,2,5,1,2269,
5470,1,2,1,1,1,2,2,1,2,2,2,2,2,2,20141211,12,7,2,3,,3,1,3,1,3,34,5,1,2,2,3,2,2,3,3,3439,65+
5471,1,2,1,1,2,2,2,2,2,2,2,2,2,2,20141211,12,9,1,3,,3,2,4,1,3,28,5,1,6,,4,4,2,3,3,2709,80+
5472,,,,2,2,2,2,2,2,2,2,2,2,2,20141212,12,2,1,1,2,2,,4,1,2,34,5,1,,4,1,1,1,5,1,2035,
5473,1,2,1,2,2,2,2,2,2,2,2,2,2,2,20141215,12,9,2,3,,1,,1,1,1,28,5,1,4,,2,2,2,3,3,2803,80+
5474,1,1,2,1,2,2,1,2,2,2,2,2,2,1,20141213,12,9,1,3,,2,,2,1,1,18,5,1,4,2,4,5,1,2,3,4855,75+
5475,,,,2,2,2,2,2,2,2,2,2,2,2,20141211,12,1,1,1,2,2,,4,1,2,17,5,1,,3,1,1,4,5,1,2440,
5476,1,2,1,2,2,2,2,2,2,2,2,1,2,2,20141212,12,6,2,2,2,2,,4,1,2,34,5,1,4,,2,2,1,2,3,17652,
5477,1,2,1,2,2,2,2,2,2,2,2,2,2,2,20141213,12,9,1,3,,2,,2,1,2,9,5,1,3,3,4,4,1,2,3,3786,80+
5478,1,2,1,1,2,2,2,2,2,2,2,2,2,2,20141211,12,8,1,3,,2,,2,1,2,34,5,1,4,4,4,5,1,2,3,6845,"Pas d’âge, santé implicite"
5479,,,,2,2,2,2,2,2,2,2,2,2,2,20150108,1,4,2,1,2,1,,3,1,3,28,5,1,,3,1,2,1,5,,3362,
5480,1,1,1,2,2,2,2,2,2,2,2,2,2,2,20141213,12,9,1,3,,2,,2,1,0,17,5,1,7,4,4,4,2,3,3,5898,80+
5481,1,1,1,2,2,2,2,2,2,2,2,2,2,2,20141211,12,8,2,3,,2,,2,1,1,34,5,1,4,,4,3,2,3,3,4586,70+
5482,1,2,1,1,2,2,2,1,2,2,2,2,2,1,20141211,12,9,1,3,,2,,2,1,1,25,5,1,5,3,5,5,3,4,3,4134,80+
5483,1,1,1,2,2,2,2,2,2,2,2,2,2,2,20141213,12,10,2,3,,1,,1,1,1,12,5,1,2,1,4,3,2,3,3,1825,75+
5484,1,2,1,2,2,2,2,2,2,2,2,2,2,2,20141212,12,7,2,3,,3,1,3,1,1,25,5,1,2,3,1,1,1,2,3,21461,70+
5485,,,,2,2,2,2,1,2,2,2,2,1,2,20141213,12,2,1,1,2,3,3,5,1,3,17,5,1,,3,1,1,1,5,1,2288,
5486,1,2,1,1,1,2,2,2,2,2,2,2,2,1,20141212,12,9,1,3,,1,,1,2,0,34,5,1,2,1,4,5,2,3,3,808,75+
5487,1,1,1,2,2,2,2,2,2,2,2,2,2,2,20141213,12,9,2,3,,2,,2,1,0,34,5,1,1,,5,1,3,4,3,4901,
5488,1,1,,2,2,2,2,2,2,2,2,2,2,2,20141213,12,10,1,3,,3,4,6,1,3,17,5,1,4,4,3,2,2,3,3,4423,"Pas d’âge, santé implicite"
5489,,,,2,2,2,2,2,2,2,2,2,2,2,20150104,1,1,2,1,3,2,,5,1,2,28,5,1,,,,,,,1,6661,
5490,,,,2,2,2,2,2,2,1,2,1,2,2,20141211,12,3,1,1,3,3,,6,2,3,34,5,1,,4,2,3,2,5,1,1741,
5491,1,1,2,2,2,2,2,2,2,2,2,2,2,2,20141211,12,9,1,3,,3,1,3,1,3,28,5,1,2,2,5,3,3,4,3,2032,70+
5492,,,,1,1,2,2,2,2,2,2,2,2,2,20141216,12,4,2,2,1,2,2,3,1,3,28,5,1,,3,2,2,1,5,,6146,
5493,1,2,1,2,2,2,2,2,2,2,2,2,2,2,20141215,12,9,1,3,,2,,2,1,2,25,5,1,7,4,3,4,1,2,3,2756,75+
5494,,,,2,2,2,2,2,2,2,2,2,2,2,20141217,12,1,1,1,2,2,,4,1,2,28,5,1,,4,1,1,4,5,1,4452,
5495,1,1,1,2,2,2,2,2,2,2,2,2,2,2,20141210,12,9,2,3,,2,,2,1,1,17,5,1,6,3,2,1,1,2,3,2951,70+
5496,1,2,1,2,2,2,2,2,2,2,2,2,2,2,20141213,12,9,2,3,,2,1,2,2,2,9,5,1,2,2,1,1,1,2,3,2058,75+
5497,1,2,1,2,2,2,2,2,2,2,2,2,2,2,20141211,12,10,1,3,,1,,1,1,0,9,5,1,1,2,4,4,2,3,3,5679,65+
5498,,,,2,2,2,2,2,2,2,2,2,2,2,20141213,12,2,2,1,1,2,,3,1,0,17,5,1,,4,1,1,2,5,1,5885,
5499,,,,2,2,2,2,2,2,2,2,2,2,2,20141021,10,5,2,3,,3,3,3,0,3,28,5,1,3,2,2,3,1,2,2,12731,
5500,1,2,1,2,2,2,2,2,2,2,2,2,2,2,20141211,12,7,2,2,1,2,,,1,3,28,5,1,,,,,,,3,64911,50+
5501,,,,1,2,2,1,1,2,2,2,2,2,2,20150106,1,2,2,1,2,2,,4,2,2,12,5,1,,,1,1,2,5,1,2089,
5502,,,,2,2,2,2,2,2,2,2,2,2,2,20141212,12,9,1,3,,2,,2,1,2,25,5,1,1,2,4,4,2,3,2,2756,
5503,,,,1,2,2,2,2,2,2,2,2,2,2,20150131,1,2,1,1,1,2,,3,1,2,34,5,1,,3,1,1,3,5,1,3467,
5504,1,2,1,2,2,2,2,2,2,2,2,2,2,2,20141211,12,7,1,3,,1,,1,1,1,28,5,1,2,1,3,3,2,3,3,10894,65+
5505,1,1,1,2,2,2,2,2,2,2,2,2,2,2,20141213,12,7,2,3,,2,,2,1,3,12,5,1,6,4,4,3,2,3,3,12082,70+
5506,1,2,1,2,2,2,2,2,2,1,2,1,2,2,20141211,12,8,1,3,,1,,1,1,1,34,5,1,3,2,4,4,2,3,3,5134,
5507,1,2,2,2,2,2,2,2,2,2,2,2,2,2,20141211,12,7,1,3,,3,3,4,1,2,28,5,1,2,2,2,5,1,2,3,29050,60+
5508,,,,2,2,2,1,2,2,2,2,2,2,2,20141212,12,9,1,3,,2,,2,1,2,12,5,1,1,2,3,3,2,3,2,4558,
5509,1,2,1,1,1,2,1,1,2,2,2,2,2,2,20141211,12,9,2,3,,1,,1,1,1,34,5,1,5,1,,3,,,3,1225,70+
5510,,,,2,2,2,2,2,2,2,2,2,2,2,20141212,12,1,1,1,2,2,,4,1,2,25,5,1,,2,1,,,,1,7055,
5511,1,2,1,1,2,2,1,1,2,2,2,2,2,1,20141211,12,9,1,3,,2,,2,1,1,28,5,1,6,3,5,4,3,4,3,2709,65+
5512,,,,2,2,2,2,2,2,2,2,2,2,2,20150105,1,1,2,1,3,3,,6,1,3,17,5,1,,4,1,1,1,5,1,2943,
5513,1,2,1,2,2,2,2,2,2,2,2,2,2,2,20141211,12,9,2,3,,2,,2,1,2,7,5,1,2,2,2,1,1,2,3,10291,
5514,,,,2,2,2,2,2,2,2,2,2,2,2,20141212,12,2,1,1,1,3,1,4,1,3,28,5,1,,2,1,1,2,5,1,3339,
5515,1,2,1,2,2,2,2,2,2,2,2,2,2,2,20141211,12,7,1,3,,1,,1,1,1,13,5,1,2,1,5,4,3,4,3,10353,65+
5516,1,2,1,2,2,2,2,2,2,2,2,2,2,2,20141214,12,10,1,3,,2,,2,1,1,34,5,1,1,2,3,3,2,3,3,2160,"Pas d’âge, santé implicite"
5517,1,2,1,2,2,2,2,2,2,2,2,2,2,2,20141213,12,8,1,3,,2,,2,1,1,34,5,1,6,2,4,4,2,3,3,10268,
5518,1,2,1,1,2,2,2,2,2,2,2,2,2,1,20141211,12,5,2,3,,2,,2,1,2,11,5,1,6,3,2,2,1,2,3,8700,80+
5519,1,2,1,2,2,2,1,2,2,2,2,2,2,2,20141210,12,5,2,2,2,2,,4,2,3,17,5,1,4,4,2,3,1,2,3,32044,55+
5520,,,,2,2,2,2,2,2,2,2,2,2,2,20141011,10,6,2,2,2,2,,4,1,2,28,5,1,6,4,3,4,1,2,3,86548,
5521,1,1,1,2,2,2,2,2,2,2,2,2,2,2,20141211,12,8,1,3,,2,,2,1,1,17,5,1,6,4,4,5,2,3,3,8503,"Pas d’âge, santé implicite"
5522,1,2,1,1,2,2,2,1,2,2,2,2,2,2,20141215,12,4,2,3,,3,4,4,1,3,17,5,1,,4,2,3,1,2,3,1246,65+
5523,1,1,1,2,2,2,2,2,2,2,2,2,2,2,20141211,12,10,2,3,,2,,2,1,0,28,5,1,7,2,2,1,2,3,3,11210,65+
5524,1,1,1,2,2,2,2,2,2,2,2,2,2,2,20141212,12,9,2,3,,1,,1,1,1,34,5,1,2,2,3,3,1,2,3,1225,75+
5525,1,2,1,2,2,2,2,2,2,2,2,2,2,2,20141213,12,9,2,3,,2,,2,1,1,34,5,1,7,2,1,1,1,2,3,2450,65+
5526,1,2,1,1,1,2,2,2,2,2,2,2,2,1,20141210,12,8,2,3,,1,,1,1,1,28,5,1,7,4,2,1,2,3,3,6366,
5527,1,1,1,1,1,2,1,1,2,2,2,2,2,1,20141212,12,8,1,3,,1,,1,1,1,28,5,1,6,3,4,5,2,3,3,10894,65+
5528,1,1,1,1,2,2,2,2,2,2,2,2,2,2,20141212,12,8,2,3,,2,,2,1,1,13,5,1,6,2,1,2,1,2,3,10577,65+
5529,1,2,1,2,2,2,2,2,2,2,2,2,2,2,20141213,12,9,2,3,,2,2,2,1,1,6,5,1,2,2,1,1,1,2,3,2500,"Pas d’âge, santé implicite"
5530,,,,2,2,2,2,2,2,2,2,2,2,2,20150104,1,2,2,1,4,2,2,6,1,2,34,5,1,,3,1,1,2,5,1,3403,
5531,1,1,2,2,2,2,2,2,2,2,2,2,2,2,20141213,12,8,2,3,,2,,2,2,2,32,5,1,6,3,3,1,3,4,3,2665,"Pas d’âge, santé implicite"
5532,1,2,1,2,2,2,2,2,2,2,2,2,2,2,20141212,12,10,2,3,,1,,1,2,0,28,5,1,2,2,2,2,1,2,3,1868,
5533,,,,1,2,1,2,1,2,2,2,2,2,2,20141227,12,3,2,1,1,2,,3,1,3,34,5,1,,4,,,,,1,2681,
5534,1,2,1,1,1,2,2,2,2,2,1,1,2,2,20141212,12,8,2,2,1,2,2,3,1,2,32,5,1,4,2,3,2,2,3,3,12357,"Pas d’âge, santé implicite"
5535,1,,1,1,2,2,2,1,2,2,2,2,2,2,20141212,12,10,1,3,,3,1,3,1,1,34,5,1,2,2,3,3,2,3,3,6061,
5536,,,,1,2,2,1,2,2,2,2,2,2,2,20141214,12,4,1,2,1,3,2,5,1,3,34,5,1,,4,3,5,1,2,2,2706,
5537,1,2,1,2,2,2,2,2,2,2,2,2,2,2,20141213,12,5,1,3,,2,2,2,1,2,34,5,1,4,4,4,4,2,3,3,6845,65+
5538,1,2,1,1,1,2,2,2,2,2,2,2,2,2,20141212,12,6,2,3,,2,2,2,2,1,28,5,1,7,4,,3,,,3,6366,
5539,1,2,1,2,2,2,2,2,2,2,2,2,2,2,20141214,12,9,2,3,,1,,1,1,1,12,5,1,4,1,3,1,2,3,3,1825,60+
5540,1,1,1,2,2,2,2,2,2,2,2,2,2,2,20141212,12,8,2,3,,2,2,2,1,2,17,5,1,4,4,4,3,2,3,3,6745,70+
5541,,,,1,2,2,1,1,2,2,2,2,2,2,20141212,12,7,2,3,,3,1,3,1,3,34,5,1,5,4,1,1,1,2,2,3439,
5542,,,,2,2,2,2,2,2,2,2,2,2,2,20141213,12,2,1,1,2,2,,4,1,2,28,5,1,,2,,1,,,1,4452,
5543,1,2,1,2,2,2,2,2,2,2,2,2,2,2,20150119,1,10,2,3,,1,,1,1,0,2,5,1,4,2,2,1,1,2,3,2476,60+
5544,,,,2,2,2,2,2,2,2,2,2,2,2,20150118,1,6,2,3,,3,1,3,1,2,28,5,1,2,,3,4,1,2,2,12731,
5545,,,,2,2,2,2,2,2,2,2,2,2,2,20141014,10,8,1,3,,3,4,4,1,3,17,5,1,4,4,5,4,3,4,3,6803,
5546,,,,1,2,2,2,2,2,2,2,1,2,2,20150108,1,4,2,1,2,2,2,4,1,3,34,5,1,,4,1,3,1,5,,2859,
5547,,,,2,2,2,2,2,2,2,2,2,2,2,20150109,1,4,2,1,1,3,1,4,2,3,16,5,1,,4,2,2,1,5,,3068,
5548,1,,1,2,2,2,2,2,2,2,2,2,2,2,20150122,1,10,1,3,,1,,1,1,1,34,5,1,1,4,3,3,2,3,3,2020,
5549,,,,1,2,2,2,2,1,2,2,2,2,2,20150203,2,,,3,,,,4,1,2,34,5,,,4,1,1,1,1,,2433,
5550,1,2,1,1,2,2,2,1,2,2,2,2,2,2,20150119,1,10,1,3,,2,,2,1,2,17,5,1,5,,5,5,3,4,3,1966,
5551,,,,2,2,2,2,2,2,2,2,2,2,2,20141012,10,3,1,1,3,2,,5,1,3,2,5,1,,4,1,1,1,5,1,2384,
5552,,,,1,2,2,2,1,2,2,2,2,2,2,20150201,2,1,1,1,2,3,,5,1,2,34,5,1,,4,1,1,2,5,1,2543,
5553,,,,1,2,2,1,1,2,2,2,2,2,2,20150126,1,3,1,2,1,3,,4,1,2,12,5,1,,4,1,1,1,5,1,2057,
5554,,,,2,2,2,2,2,2,2,2,2,2,2,20150108,1,2,2,1,2,3,,5,1,3,28,5,1,,3,1,1,1,5,1,4996,
5555,,,,1,2,1,2,1,2,2,2,2,2,1,20141017,10,5,2,3,,2,,2,0,2,34,5,1,3,3,1,1,1,2,3,4586,
5556,,,,2,2,2,2,2,2,2,2,2,2,2,20150128,1,2,2,1,4,2,,6,1,3,17,5,1,,4,1,1,1,5,1,2943,
5557,,,,2,2,2,2,2,2,2,2,2,2,2,20150108,1,3,1,1,2,2,,4,2,2,28,5,1,,,1,1,3,5,1,5658,
5558,,,,2,2,2,2,2,2,2,2,2,2,2,20150131,1,1,2,1,1,2,,3,1,2,28,5,1,,3,1,,,,1,3997,
5559,,,,1,2,2,2,1,2,2,2,2,2,2,20150108,1,2,2,1,1,2,,3,1,2,11,5,1,,3,1,1,2,5,1,2402,
5560,1,1,1,2,2,2,2,2,2,2,2,2,2,2,20150115,1,10,2,3,,1,,1,1,0,28,5,1,4,1,2,1,2,3,3,5605,80+
5561,,,,2,2,2,2,2,2,2,,,,,20150131,1,1,1,1,3,2,,5,1,2,28,5,1,,4,1,1,1,5,1,5565,
5562,1,2,1,1,1,2,2,2,2,2,2,2,2,2,20150116,1,9,2,3,,1,,1,1,1,34,5,1,2,1,3,1,2,3,3,1225,Pensionnés/Âge de la retraite
5563,,,,1,2,2,2,2,2,2,2,2,2,2,20150108,1,3,2,1,3,2,,5,1,3,12,5,1,,4,1,3,1,5,1,5421,
5564,,,,2,2,2,2,2,2,2,2,2,2,2,20150117,1,8,1,3,,2,,2,1,1,28,5,1,2,,5,5,2,3,2,21788,
5565,1,2,,2,2,2,2,2,2,2,2,2,2,2,20150119,1,9,1,3,,2,,2,2,2,28,5,1,7,4,2,3,1,2,3,1355,65+
5566,,,,1,2,2,2,2,2,2,2,2,2,2,20150109,1,3,1,1,1,3,1,4,2,3,17,5,1,,2,1,2,1,5,1,1096,
5567,1,,2,1,1,2,2,1,2,2,2,2,2,2,20150314,3,8,1,3,,2,,2,1,2,34,5,1,3,4,5,4,3,4,3,6845,70+
5568,,,,2,2,2,2,2,2,2,2,2,2,2,20150301,3,4,1,1,1,3,1,4,1,3,28,5,1,,,,2,,,,4526,
5569,,,,2,2,2,2,2,2,2,2,2,2,2,20150303,3,3,1,1,2,2,,4,1,1,17,5,1,,2,,3,,,1,3835,
5570,,,,2,2,2,2,2,2,2,2,2,2,2,20150303,3,2,2,1,4,2,,6,1,2,28,5,1,,2,,1,,,1,7993,
5571,,,,2,2,2,2,2,2,2,2,2,2,2,20150304,3,4,1,1,4,1,,5,1,2,2,5,1,,1,2,2,1,5,,4769,
5572,,,,1,1,2,2,2,2,2,2,2,2,2,20150303,3,4,1,1,1,3,1,4,2,3,17,5,1,,4,5,5,3,5,,1278,
5573,,,,1,2,2,2,1,2,2,2,2,2,2,20150304,3,2,2,1,2,2,,4,1,2,6,5,1,,4,1,1,1,5,1,9495,
5574,,,,2,2,2,2,2,2,2,2,2,2,2,20150303,3,2,1,1,2,2,,4,1,3,28,5,1,,2,1,,,,1,2671,
5575,1,,,2,2,2,2,2,2,2,2,2,2,2,20150304,3,4,1,2,3,3,1,6,1,3,28,5,1,,4,5,5,1,2,3,15515,
5576,,,,2,2,2,2,1,2,2,2,2,2,2,20150303,3,1,2,1,2,2,,4,1,2,12,5,1,,2,1,1,4,5,1,2786,
5577,1,1,1,1,2,2,2,1,2,2,2,2,2,2,20150314,3,10,2,3,,1,1,1,1,1,34,5,1,4,2,3,2,2,3,3,1225,70+
5578,,,,1,2,2,2,1,2,2,2,2,2,2,20150303,3,1,1,1,1,2,,3,1,2,12,5,1,,4,1,1,2,5,1,4063,
5579,,,,2,2,2,2,2,2,2,2,2,2,2,20150304,3,2,1,1,2,2,,4,1,3,28,5,1,,,1,1,2,5,1,3339,
5580,,,,1,1,2,2,1,2,2,2,2,2,2,20150301,3,4,1,1,1,3,1,4,1,3,9,5,1,,4,3,4,1,5,,3524,
5581,,,,2,2,2,2,2,2,2,2,2,2,2,20150305,3,1,1,1,2,2,,4,1,2,18,5,1,,4,1,1,1,5,1,9619,
5582,,,,1,2,2,2,2,2,2,2,2,2,2,20150302,3,1,1,1,2,2,,4,1,2,3,5,1,,4,1,,,,1,2529,
5583,,,,2,2,2,2,2,2,2,2,2,2,2,20150309,3,1,2,1,2,2,,4,1,2,34,5,1,,4,1,1,4,5,1,2269,
5584,,,,1,2,2,2,1,2,2,2,2,2,2,20150302,3,2,1,1,2,2,,4,1,1,13,5,1,,4,,1,,,1,14661,
5585,1,1,1,1,1,1,2,1,1,2,1,2,1,1,20150320,3,9,2,3,,1,,1,1,0,17,5,1,6,,2,3,1,2,3,2951,65+
5586,1,2,2,1,2,2,1,1,2,2,2,2,2,2,20150302,3,4,1,2,1,3,1,4,1,3,34,5,1,,3,4,3,2,3,3,3247,55+
5587,,,,2,2,2,2,2,2,2,2,2,2,2,20150228,2,1,1,1,2,2,,4,1,2,28,5,1,,4,1,1,1,5,1,4452,
5588,1,2,1,1,2,2,2,1,2,2,2,1,1,2,20150302,3,4,2,2,1,3,1,4,1,3,34,5,1,,4,2,1,1,2,3,4570,60+
5589,,,,2,2,2,2,2,2,2,2,2,2,2,20150302,3,3,2,1,2,2,2,4,1,3,7,5,1,,4,,3,,,1,1971,
5590,,,,2,2,2,2,2,2,2,2,2,2,2,20150304,3,2,1,1,2,2,,4,1,3,28,5,1,,4,1,,,,1,3339,
5591,1,1,1,1,2,2,1,1,2,2,2,2,2,2,20150318,3,7,1,3,,3,1,3,1,3,34,5,1,3,3,4,5,1,2,3,7701,60+
5592,1,1,1,1,1,2,2,2,2,2,2,2,2,2,20150320,3,10,2,3,,1,,1,2,0,16,5,1,1,2,2,3,1,2,3,3043,70+
5593,,,,1,2,2,1,1,2,1,2,1,2,2,20150227,2,1,2,1,4,2,,6,1,2,34,5,1,,3,1,1,4,5,1,3403,
5594,,,,1,2,2,1,1,2,2,2,2,2,2,20150304,3,3,1,1,2,2,,4,0,3,34,5,1,,4,2,1,2,5,1,2708,
5595,,,,2,2,2,2,2,2,2,2,2,2,2,20150305,3,3,1,1,4,3,1,6,1,3,34,5,1,,4,3,4,1,5,1,3554,
5596,1,2,1,1,2,2,2,2,2,2,2,2,2,2,20150228,2,4,2,2,1,3,1,4,2,3,9,5,1,,3,3,3,2,3,3,5413,65+
5597,,,,2,2,2,2,2,2,2,2,2,2,2,20150305,3,3,1,1,2,2,,4,2,2,28,5,1,,4,2,1,2,5,1,5658,
5598,,,,2,2,2,2,2,2,2,2,2,2,2,20150303,3,3,2,2,1,3,2,5,1,3,34,5,1,,4,1,2,1,5,1,5713,
5599,,,,1,2,2,2,1,2,2,2,2,2,1,20150304,3,4,2,1,3,2,,5,1,2,16,5,1,,2,1,2,1,5,,7669,
5600,,,,2,2,2,2,1,2,2,2,2,2,2,20150304,3,2,2,1,3,2,,5,1,3,28,5,1,,,1,1,1,5,1,4996,
5601,,,,2,2,2,2,2,2,2,2,2,2,2,20150401,4,4,1,1,2,2,1,4,1,3,34,5,1,,1,4,4,2,5,,2031,
5602,,,,2,2,2,2,2,2,2,2,2,2,2,20150303,3,3,2,1,2,2,,4,1,3,28,5,1,,4,1,3,1,5,1,4482,
5603,1,,1,1,1,2,2,1,2,2,2,2,2,2,20150303,3,4,2,2,1,2,1,3,0,3,28,5,1,,1,1,1,1,2,3,8194,70+
5604,,,,1,2,2,2,2,2,2,2,2,2,2,20150228,2,1,2,1,2,2,,4,1,2,32,5,1,,2,1,1,1,5,1,8884,
5605,,,,1,2,2,2,2,2,2,2,2,2,2,20150325,3,3,2,1,2,3,1,5,1,3,34,5,1,,4,1,1,1,5,1,4468,
5606,,,,2,2,2,2,2,2,2,2,2,2,2,20150304,3,1,2,1,2,2,,4,1,1,34,5,1,,4,1,1,4,5,1,3403,
5607,,,,1,2,2,1,1,2,2,2,2,2,2,20150301,3,3,1,1,2,3,1,5,1,3,12,5,1,,4,1,1,1,5,1,2496,
5608,,,,1,2,2,2,2,2,2,2,2,2,2,20150301,3,2,1,1,2,3,,5,1,3,2,5,1,,4,1,,,,1,3282,
5609,,,,2,2,2,2,2,2,2,2,2,2,2,20141025,10,3,2,1,1,3,,4,1,2,28,5,1,,4,1,,,,1,5976,
5610,,,,1,2,2,2,2,2,2,1,1,2,2,20140906,9,1,2,1,2,2,,4,1,3,9,5,1,,3,1,1,4,5,1,2560,
5611,,,,2,2,2,2,2,2,2,2,2,2,2,20140908,9,3,1,1,2,2,,4,2,2,34,5,1,,4,1,1,1,5,1,2031,
5612,,,,1,2,2,2,2,2,2,2,2,2,2,20140813,8,1,1,1,2,2,,4,1,2,34,5,1,,4,1,1,4,5,1,2035,
5613,,,,1,2,2,2,2,2,2,2,2,2,2,20140820,8,2,1,1,2,1,1,3,1,1,28,5,1,,4,1,1,3,5,1,5008,
5614,,,,2,2,2,2,2,2,2,2,2,2,2,20140907,9,3,1,1,2,2,,4,1,3,28,5,1,,3,1,2,1,5,1,5658,
5615,,,,1,2,2,2,2,2,1,2,1,2,2,20140816,8,9,1,3,,3,1,3,1,3,28,5,1,7,4,5,5,2,3,3,2032,
5616,,,,2,2,2,2,2,2,2,2,1,2,2,20140828,8,2,1,1,3,2,,5,1,2,34,5,1,,,,1,,,1,2543,
5617,1,,1,2,2,2,2,2,2,2,2,2,2,2,20150319,3,8,2,3,,1,,1,1,,28,5,1,4,1,2,2,1,2,3,12731,80+
5618,1,2,1,1,2,2,2,2,2,2,2,2,2,2,20150311,3,8,2,3,,1,,1,1,1,2,5,1,2,2,5,2,3,4,3,4200,"Pas d’âge, santé implicite"
5619,,,,1,2,2,2,1,1,2,2,2,2,2,20150327,3,3,1,1,3,2,2,5,1,3,34,5,1,,4,1,2,1,5,1,2539,
5620,,,,2,2,2,2,2,2,2,2,2,2,2,20140812,8,9,2,3,,2,,2,1,1,13,5,1,4,2,2,1,2,3,3,5640,
5621,,,,1,2,1,2,2,2,1,2,2,2,2,20150324,3,3,2,1,5,2,2,6,1,1,28,5,1,,4,1,3,1,5,1,17928,
5622,,,,1,2,2,2,1,2,2,2,2,2,2,20150331,3,4,1,1,1,2,2,3,2,2,32,5,1,,2,3,3,2,5,,5979,
5623,,,,2,2,2,2,2,2,2,2,2,2,2,20150323,3,1,1,1,2,2,,4,0,2,34,5,1,,4,1,,,,1,3052,
5624,,,,2,2,2,2,2,2,2,2,2,2,2,20140904,9,1,1,1,1,2,,3,1,2,28,5,1,,4,1,1,3,5,1,3339,
5625,,,,1,2,2,1,1,2,2,2,2,2,2,20140907,9,2,2,1,2,2,,4,1,2,17,5,1,,4,1,,,,1,2616,
5626,,,,1,1,2,2,1,2,2,2,2,2,2,20140813,8,10,2,3,,2,,2,1,0,34,5,1,2,,3,1,3,4,3,4748,
5627,,,,2,2,2,2,2,2,2,2,2,2,2,20141030,10,3,1,1,2,2,,4,2,3,34,5,1,,,1,2,1,5,1,1016,
5628,,,,2,2,2,2,2,2,2,2,2,2,2,20150302,3,2,2,1,3,2,,5,1,2,17,5,1,,4,1,1,1,5,1,3270,
5629,,,,2,2,2,2,2,2,2,2,2,2,2,20150321,3,1,1,1,1,3,2,5,1,3,16,5,1,,4,1,1,3,5,1,3691,
5630,,,,1,1,2,2,2,2,2,2,2,2,2,20140814,8,9,2,3,,1,,1,1,1,34,5,1,1,2,4,2,3,4,3,1225,
5631,3,,1,2,2,2,2,2,2,2,2,2,2,2,20150310,3,10,2,3,,1,,1,1,1,34,5,1,5,,2,2,1,2,3,1225,
5632,,,,1,2,2,2,2,2,2,2,2,2,2,20140815,8,8,2,3,,2,,2,1,2,34,5,1,4,4,,3,,,3,3057,
5633,,,,1,2,2,2,2,2,2,2,2,2,2,20140826,8,4,1,3,,3,1,4,1,3,28,5,1,,,5,5,3,4,3,2029,
5634,,,,1,2,2,2,2,2,2,2,2,2,2,20150331,3,2,1,1,2,2,,4,1,2,34,5,1,,4,1,1,1,5,1,2035,
5635,1,1,1,1,1,2,2,2,2,2,2,2,2,2,20150318,3,8,2,3,,1,,1,2,1,13,5,1,6,2,4,4,2,3,3,3526,80+
5636,,,,2,2,2,2,2,2,2,2,2,2,2,20140818,8,9,2,3,,2,,2,1,1,28,5,1,6,2,2,1,1,2,3,5605,
5637,1,1,,1,1,2,2,2,1,2,2,1,2,1,20150316,3,8,2,3,,2,,2,1,2,34,5,1,7,3,3,5,1,2,3,3057,75+
5638,,,,1,2,2,2,1,2,2,2,2,2,2,20150328,3,2,1,1,3,2,,5,1,3,28,5,1,,1,,1,,,1,3339,
5639,,,,2,2,2,2,2,2,2,2,2,2,2,20150327,3,3,1,1,1,1,,2,0,2,28,5,1,,1,2,4,1,5,1,5658,
5640,,,,2,2,2,2,2,2,2,2,2,2,2,20141128,11,2,1,1,1,3,2,5,1,3,28,5,1,,3,1,1,1,5,1,3339,
5641,,,,1,2,2,2,2,2,2,2,2,2,2,20140831,8,3,1,1,1,3,3,4,1,3,28,5,1,,4,1,3,1,5,1,5658,
5642,,,,1,2,2,1,1,,2,2,2,2,2,20150328,3,2,2,1,1,2,2,3,2,2,28,5,1,,2,1,1,1,5,1,2997,
5643,,,,2,2,2,2,2,2,2,2,2,2,2,20140817,8,9,2,3,,2,,2,2,2,28,5,1,6,4,1,1,1,2,3,2803,
5644,1,2,1,1,1,2,1,1,2,2,2,2,2,1,20150122,1,8,1,3,,2,,2,1,2,28,5,1,5,4,5,4,3,4,3,14525,80+
5645,,,,1,2,2,1,2,2,2,2,2,2,2,20150108,1,3,1,1,3,2,,5,1,1,34,5,1,,4,2,5,1,5,1,5078,
5646,1,2,1,2,2,2,2,2,2,2,2,2,2,2,20141217,12,9,2,3,,2,,2,1,2,17,5,1,4,,2,2,1,2,3,1967,70+
5647,,,,2,2,2,2,2,1,2,2,2,2,2,20141207,12,2,2,1,3,2,,5,1,2,34,5,1,,,1,1,1,5,1,2836,
5648,,,,1,2,2,2,1,2,2,2,2,2,2,20141204,12,2,1,1,2,2,,4,2,2,17,5,1,,4,1,1,2,5,1,1830,
5649,1,1,1,2,2,2,2,2,2,2,2,2,2,2,20150120,1,9,2,3,,2,,2,1,1,34,5,1,4,2,2,3,1,2,3,2450,75+
5650,,,,2,2,2,2,1,2,2,2,2,2,2,20141206,12,2,1,1,2,1,,3,1,1,32,5,1,,4,1,1,3,5,1,2197,
5651,,,,1,2,2,2,2,2,2,2,1,2,2,20140818,8,9,2,2,1,2,,3,1,1,34,5,1,2,1,4,3,2,3,3,10611,
5652,,,,2,2,2,2,2,2,2,2,2,2,2,20150109,1,2,2,1,2,3,,6,1,3,25,5,1,,4,1,1,1,5,1,5367,
5653,1,2,1,2,2,2,2,2,2,2,2,2,2,2,20150122,1,10,2,3,,3,1,3,1,0,28,5,1,4,,2,2,1,2,3,16815,
5654,,,,2,2,2,2,2,2,2,2,2,2,2,20141206,12,2,2,1,2,2,,4,1,2,12,5,1,,2,,1,,,1,2786,
5655,,,,2,2,2,2,2,2,2,2,2,2,2,20141204,12,3,1,1,1,2,,3,1,2,17,5,1,,4,1,1,1,5,1,1918,
5656,,,,2,2,2,2,2,2,2,2,2,2,2,20140906,9,4,2,1,1,1,1,2,1,1,34,5,1,,1,,3,,,,3574,
5657,,,,2,2,2,2,2,2,2,2,2,2,2,20141206,12,1,1,1,3,3,4,6,1,3,9,5,1,,4,1,,,,1,7809,
5658,,,,2,2,2,2,2,2,2,2,2,2,2,20150109,1,4,1,2,1,2,1,3,0,2,9,5,1,,1,2,2,1,2,2,5272,
5659,1,2,1,2,2,2,2,2,2,2,2,2,2,2,20150122,1,8,1,3,,3,2,4,1,3,34,5,1,4,4,5,5,3,4,3,10268,"Pas d’âge, santé implicite"
5660,3,1,2,2,2,2,2,2,2,2,2,2,2,2,20141217,12,9,2,3,,1,,1,1,1,9,5,1,4,2,2,2,1,2,3,2572,85+
5661,,,,1,2,2,2,1,2,2,2,2,2,2,20141207,12,4,2,1,2,2,,4,1,3,34,5,1,,2,4,3,2,5,,2859,
5662,,,,1,2,2,2,1,2,2,1,,2,2,20141204,12,2,1,1,1,2,,3,1,2,34,5,1,,2,1,,,,1,1526,
5663,,,,2,2,2,2,2,2,2,2,2,2,2,20150103,1,2,2,1,2,2,,4,1,3,9,5,1,,3,1,1,1,5,1,2560,
5664,,,,1,2,2,2,1,2,2,2,2,2,2,20141204,12,4,1,1,3,2,,5,1,3,2,5,1,,4,2,4,1,5,,2384,
5665,,,,2,2,2,2,2,2,2,2,2,2,2,20140822,8,4,1,1,1,3,,5,2,3,28,5,1,,4,4,4,2,5,,3536,
5666,1,,1,2,2,2,2,2,2,2,2,2,2,2,20150124,1,9,2,3,,1,,1,1,1,17,5,1,2,1,5,1,3,4,3,1475,65+
5667,3,2,1,2,2,2,2,2,2,2,2,2,2,2,20150123,1,10,2,3,,2,,2,2,0,3,5,1,1,,2,3,1,2,3,2371,
5668,,,,2,2,2,2,2,2,2,2,2,2,2,20140906,9,4,2,1,3,3,3,6,1,3,17,5,1,,1,2,3,1,5,,3153,
5669,1,2,2,1,2,2,1,1,2,2,2,2,2,2,20150122,1,10,1,3,,1,,1,1,1,34,5,1,,,3,5,1,2,3,2020,65+
5670,,,,2,2,2,2,2,2,2,2,2,2,2,20141204,12,3,1,1,1,1,,2,1,1,25,5,1,,,3,1,3,5,1,7943,
5671,1,2,1,2,2,2,2,2,2,2,2,2,2,2,20150122,1,9,2,3,,1,,1,1,0,9,5,1,4,1,2,1,2,3,3,5144,65+
5672,,,,1,2,2,2,1,2,2,2,2,2,2,20140820,8,7,2,3,,2,,2,1,2,34,5,1,2,4,5,3,3,4,3,3057,
5673,,,,2,2,2,2,2,2,2,2,2,2,2,20150106,1,4,1,1,1,2,,3,1,3,28,5,1,,3,2,3,1,5,,4243,
5674,,,,1,2,2,2,1,2,2,2,2,2,2,20141204,12,2,1,1,2,2,,4,1,2,25,5,1,,4,1,1,1,5,1,7055,
5675,,,,1,2,2,1,1,2,2,2,2,2,2,20140819,8,9,2,3,,1,,1,1,1,34,5,1,2,2,2,3,1,2,3,1225,
5676,,,,2,2,2,2,2,2,2,2,2,2,2,20140814,8,9,1,3,,1,,1,2,2,17,5,1,2,1,4,4,2,3,3,737,
5677,,,,1,1,2,1,1,2,2,2,2,2,2,20150107,1,4,2,2,1,2,,3,1,2,34,5,1,,3,1,1,1,5,,5713,
5678,,,,2,2,2,2,1,2,2,2,2,2,2,20141205,12,1,1,1,1,3,,4,2,2,9,5,1,,4,1,1,4,5,1,4686,
5679,,,,1,2,2,2,2,2,2,2,2,2,2,20141204,12,2,1,1,3,2,2,5,1,2,34,5,1,,4,1,,,,1,2543,
5680,,,,2,2,2,2,2,2,2,2,2,2,2,20140813,8,9,1,3,,2,,2,1,1,34,5,1,2,3,5,4,2,3,3,4041,
5681,3,,2,1,1,2,2,2,2,2,2,2,2,2,20141217,12,10,1,3,,1,,1,1,0,34,5,1,,,3,4,1,2,3,4041,
5682,,,,1,2,2,2,2,2,2,2,1,2,2,20141204,12,2,2,1,2,2,,4,1,1,34,5,1,,3,1,1,1,5,1,3403,
5683,,,,2,2,2,2,2,2,2,2,2,2,2,20140816,8,9,2,3,,2,,2,2,1,34,5,1,4,4,4,3,2,3,3,700,
5684,,,,1,2,2,2,2,2,2,2,2,2,2,20141204,12,2,2,1,3,2,,5,1,1,12,5,1,,2,1,1,1,5,1,5223,
5685,,,,1,2,2,2,2,2,2,2,2,2,2,20140814,8,8,1,2,1,2,,3,2,1,25,5,1,2,1,4,4,1,2,3,68806,
5686,1,2,1,2,2,2,2,2,2,2,2,2,2,2,20141216,12,10,2,3,,1,,1,1,1,34,5,1,2,2,1,1,1,1,3,1225,70+
5687,,,,1,2,2,2,1,2,2,2,2,2,2,20150109,1,3,1,1,2,2,,4,1,3,13,5,1,,4,1,1,1,5,1,20059,
5688,,,,1,2,2,2,2,2,2,2,2,2,2,20140903,9,3,1,1,3,2,,5,1,2,28,5,1,,4,1,1,1,5,1,9430,
5689,,,,1,2,2,2,2,2,2,2,2,2,2,20140819,8,6,2,2,5,2,,6,1,2,34,5,1,4,4,4,5,1,2,3,30891,
5690,1,2,1,1,1,2,2,2,2,2,2,2,2,2,20150122,1,8,1,3,,2,,2,1,2,16,5,1,7,4,3,4,1,2,3,8313,80+
5691,,,,1,2,2,2,2,2,2,2,2,2,2,20141221,12,4,1,1,2,2,2,4,1,3,34,5,1,,,3,5,1,5,,1625,
5692,,,,2,2,2,2,2,2,2,2,2,2,2,20140816,8,9,2,3,,1,,1,1,0,17,5,1,7,,2,2,1,2,3,2951,
5693,1,2,1,2,2,2,2,1,2,2,2,2,2,2,20150124,1,9,2,3,,1,,1,1,1,6,5,1,4,2,2,2,1,2,3,1250,"Pas d’âge, santé implicite"
5694,,,,2,2,2,2,2,2,2,2,2,2,2,20141206,12,3,1,1,2,2,,4,2,1,17,5,1,,,,5,,,1,2557,
5695,,,,2,2,2,2,2,2,2,2,2,2,2,20141207,12,3,1,1,1,2,,3,1,0,34,5,1,,2,1,1,1,5,1,6093,
5696,,,,2,2,2,2,2,2,1,2,1,2,2,20150109,1,4,1,1,1,3,3,6,1,3,34,5,1,,4,4,5,1,5,,2031,
5697,,,,2,2,2,2,2,2,2,2,2,2,2,20140819,8,10,1,3,,2,,2,1,2,28,5,1,7,4,3,4,1,2,3,1806,
5698,,,,1,2,2,2,1,2,2,2,2,2,2,20140817,8,8,1,3,,3,3,3,1,1,34,5,1,4,2,4,4,2,3,3,15402,
5699,,,,2,2,2,2,2,2,2,2,2,2,2,20140818,8,6,1,3,,1,1,1,1,1,28,5,1,4,2,5,5,2,3,3,10894,
5700,1,1,1,2,2,2,2,2,2,2,2,2,2,2,20150124,1,10,1,3,,2,,2,1,2,28,5,1,2,2,4,4,2,3,3,1806,65+
5701,,,,2,2,2,2,2,2,2,2,2,2,2,20140902,9,2,2,1,1,2,,3,1,2,28,5,1,,,1,,,,1,3997,
5702,,,,2,2,2,2,2,2,2,2,2,2,2,20141205,12,1,1,1,2,3,,5,1,3,28,5,1,,3,1,1,1,5,1,4173,
5703,,,,2,2,2,2,2,2,2,2,2,2,2,20141205,12,2,2,1,1,2,,3,1,2,28,5,1,,4,1,1,2,5,1,3997,
5704,,,,2,2,2,2,2,2,2,2,2,2,2,20141208,12,1,2,1,1,2,,3,1,2,17,5,1,,4,1,,,,1,1962,
5705,,,,2,2,2,2,2,2,2,2,2,2,2,20141208,12,1,2,1,3,2,,5,1,2,13,5,1,,4,1,,,,1,4355,
5706,,,,1,1,2,2,1,2,2,2,2,2,1,20140820,8,9,2,3,,1,,1,1,2,34,5,1,4,2,3,1,2,3,3,817,
5707,,,,2,2,2,2,1,2,2,2,2,2,1,20150104,1,2,1,1,2,2,2,4,1,2,28,5,1,,1,1,,,,1,4452,
5708,,,,2,2,2,2,2,2,2,2,2,2,2,20141207,12,3,2,1,1,2,,3,1,2,12,5,1,,4,,3,,,1,4336,
5709,,,,1,1,1,1,1,2,2,2,2,2,2,20140818,8,8,1,3,,2,,2,1,1,34,5,1,2,2,5,5,2,3,3,10268,
5710,,,,1,2,2,2,2,2,2,2,2,2,2,20140910,9,4,1,3,,3,2,4,1,3,12,5,1,,,1,4,1,1,3,375,
5711,,,,2,2,2,2,2,2,2,2,2,2,2,20150103,1,1,1,1,1,2,,3,0,2,28,5,1,,2,,1,,,1,5008,
5712,,,,2,2,2,2,2,2,2,2,2,2,2,20141217,12,10,2,3,,3,4,5,1,3,34,5,1,2,4,1,1,1,2,2,3063,
5713,,,,2,2,2,2,2,2,2,2,2,2,2,20140818,8,9,1,3,,2,,2,2,1,28,5,1,2,4,5,5,2,3,3,1806,
5714,1,2,1,1,1,2,2,2,2,2,2,2,2,2,20150224,2,8,2,3,,1,1,1,1,1,9,5,1,6,2,5,4,3,4,3,4123,65+
5715,,,,1,2,1,1,1,2,1,2,1,2,2,20141206,12,4,2,1,1,2,,3,1,2,34,5,1,,,2,3,1,5,,3574,
5716,,,,2,2,2,2,2,2,2,2,2,2,1,20141207,12,1,2,1,3,2,,5,1,2,34,5,1,,4,1,,,,1,2836,
5717,,,,1,2,2,2,1,2,2,2,2,2,2,20140815,8,9,2,3,,1,,1,1,1,34,5,1,2,3,4,3,2,3,3,1225,
5718,,,,1,2,2,2,1,2,2,2,2,2,2,20141207,12,2,2,1,2,2,,4,1,1,34,5,1,,2,1,1,1,5,1,3403,
5719,1,2,1,2,2,2,2,2,2,2,2,2,2,2,20141202,12,4,2,3,,1,1,1,0,1,28,5,1,,1,2,3,1,2,3,1607,65+
5720,,,,1,2,2,2,2,2,2,2,2,2,2,20141205,12,1,1,1,3,2,,5,1,2,2,5,1,,4,1,1,4,5,1,4376,
5721,,,,1,1,2,2,1,1,2,2,2,2,2,20141207,12,3,2,1,3,3,2,6,1,3,28,5,1,,3,1,1,1,5,1,6723,
5722,,,,2,2,2,2,1,2,2,2,2,2,2,20150108,1,3,1,1,1,3,,4,2,3,28,5,1,,,1,2,1,5,1,4526,
5723,,,,1,2,2,2,2,2,2,2,2,2,2,20141206,12,3,2,1,2,2,,4,2,2,34,5,1,,3,1,1,1,5,1,3574,
5724,,,,2,2,2,2,2,2,2,2,2,2,2,20141205,12,1,1,1,1,3,1,5,1,3,34,5,1,,4,1,,,,1,1907,
5725,1,1,1,1,2,2,2,2,2,2,2,2,2,2,20150120,1,8,2,3,,1,,1,1,1,17,5,1,2,1,3,1,3,4,3,5059,75+
5726,,,,2,2,2,2,2,2,2,2,2,2,2,20141205,12,4,1,3,,2,,,,,17,5,1,,,,,,,3,1421,
5727,1,1,1,2,2,2,2,2,2,2,2,2,2,2,20150123,1,9,2,3,,1,,1,1,0,9,5,1,6,2,2,1,1,2,3,5144,80+
5728,1,1,1,2,2,2,2,2,2,2,2,2,2,2,20141118,11,9,2,3,,3,,3,2,3,28,5,1,7,,2,1,1,2,3,3363,65+
5729,,,,2,2,2,2,2,2,2,2,2,2,2,20150104,1,1,1,1,1,2,,3,1,2,34,5,1,,3,1,1,1,5,1,1526,
5730,,,,2,2,2,2,2,2,2,2,2,2,2,20141207,12,1,2,1,1,3,4,5,1,3,28,5,1,,4,1,1,4,5,1,4996,
5731,,,,2,2,2,2,1,2,2,2,2,2,2,20150104,1,4,1,1,2,2,,4,1,3,12,5,1,,4,5,4,3,5,,2396,
5732,,,,1,2,2,2,1,2,2,2,2,2,2,20150106,1,1,2,1,1,2,,3,1,2,34,5,1,,,,,,,1,1701,
5733,,,,2,2,2,2,2,2,2,2,2,2,2,20141207,12,1,2,1,2,2,,4,1,2,34,5,1,,,1,,,,1,2269,
5734,1,2,1,1,2,2,2,1,2,2,2,2,2,2,20150109,1,4,2,2,1,3,2,5,1,3,13,5,1,,,2,3,1,2,3,28230,70+
5735,,,,2,2,2,2,2,2,2,2,2,2,2,20150104,1,1,2,1,2,2,2,4,1,2,28,5,1,,4,1,,,,1,5329,
5736,1,1,1,2,2,2,2,2,2,2,2,2,2,2,20150312,3,7,2,3,,1,,1,1,1,34,5,1,2,2,2,1,2,3,3,2293,70+
5737,1,1,1,2,2,2,2,2,2,2,2,2,2,2,20150312,3,10,2,3,,2,,2,2,0,28,5,1,2,2,2,2,1,2,3,3737,65+
5738,1,2,1,1,1,2,2,2,2,2,2,2,2,1,20150320,3,8,2,3,,3,2,4,1,3,34,5,1,7,4,2,1,1,2,3,3669,Plus vieux que moi
5739,1,2,1,2,2,2,2,2,2,2,2,2,2,2,20150318,3,6,1,3,,2,,2,1,0,28,5,1,6,4,3,4,1,2,3,43576,
5740,,,,1,2,2,2,2,2,2,2,2,2,2,20140820,8,1,2,1,2,2,2,4,1,3,34,5,1,,3,1,1,4,5,1,1701,
5741,,,,1,2,2,1,1,2,1,2,1,2,2,20140906,9,3,2,1,1,2,,3,1,3,34,5,1,,,5,2,3,5,1,2681,
5742,,,,1,2,1,2,2,2,2,2,2,2,2,20150331,3,1,1,1,1,2,,3,1,1,34,5,1,,1,1,,,,1,2289,
5743,,,,1,2,2,2,1,2,1,1,1,2,2,20150321,3,3,2,1,3,2,,5,1,2,34,5,1,,4,1,1,1,5,1,5957,
5744,,,,1,2,2,2,1,2,2,1,1,2,2,20140814,8,7,1,3,,3,,4,2,3,16,5,1,2,4,5,4,3,4,3,9976,
5745,,,,2,2,2,2,2,2,2,2,2,2,2,20140828,8,1,1,1,1,1,,2,1,1,28,5,1,,2,,1,,,1,3339,
5746,,,,1,2,2,2,2,2,2,2,2,2,2,20140816,8,9,2,3,,2,,2,2,0,25,5,1,4,3,2,2,1,2,3,9749,
5747,,,,1,2,1,2,1,2,2,2,1,2,2,20140825,8,2,2,1,2,1,,3,1,1,34,5,1,,1,1,,,,1,2552,
5748,,,,2,2,2,2,2,2,2,2,2,2,2,20140818,8,9,2,3,,1,,1,1,0,28,5,1,2,1,3,1,2,3,3,5605,
5749,,,,2,2,2,2,2,2,2,2,2,2,2,20140909,9,3,1,1,3,2,,5,1,3,28,5,1,,4,1,2,1,5,1,5658,
5750,,,,2,2,2,2,2,2,2,2,2,2,2,20150329,3,2,2,1,2,2,2,4,1,2,28,5,1,,4,1,1,1,5,1,5329,
5751,,,,2,2,2,2,2,2,2,2,2,2,2,20140819,8,9,1,3,,2,,2,1,1,34,5,1,2,2,4,4,2,3,3,4041,
5752,1,1,1,2,2,2,2,2,2,2,2,2,2,2,20150320,3,9,1,3,,1,,1,1,2,17,5,1,7,3,3,5,1,2,3,983,65+
5753,,,,2,2,2,2,2,2,1,2,1,2,2,20150328,3,3,1,1,2,2,,4,1,3,34,5,1,,2,2,1,2,5,1,2031,
5754,,,,2,2,2,2,2,2,2,2,2,2,2,20150328,3,1,2,1,1,2,2,3,1,2,28,5,1,,3,1,,,,1,3997,
5755,,,,2,2,2,2,2,2,2,1,1,2,2,20140818,8,5,2,2,2,2,,4,1,2,28,5,1,6,4,2,2,1,2,3,86548,
5756,,,,2,2,2,2,2,2,2,2,2,2,2,20140826,8,1,1,1,2,2,,4,1,2,28,5,1,,4,1,1,4,5,1,4452,
5757,,,,2,2,2,2,2,2,2,2,2,2,2,20140811,8,9,1,3,,2,,2,1,1,28,5,1,2,4,4,4,2,3,3,2709,
5758,,,,1,1,2,2,2,2,2,2,2,2,2,20140813,8,10,2,3,,1,,1,1,1,32,5,1,6,2,5,5,3,4,3,2335,
5759,1,,1,2,2,2,2,2,2,2,2,2,2,2,20150323,3,10,2,3,,1,,1,1,0,34,5,1,4,,,1,,,3,2450,70+
5760,,,,1,1,2,2,2,2,2,2,2,2,1,20140825,8,4,2,1,2,2,,2,1,1,34,5,1,,2,4,4,1,5,,3574,
5761,,,,1,2,2,1,1,2,2,2,2,2,2,20140825,8,2,1,1,1,2,,3,1,2,11,5,1,,4,1,1,1,5,1,2628,
5762,,,,2,2,2,2,2,2,2,2,2,2,2,20140816,8,8,2,3,,2,,2,1,2,34,5,1,2,2,2,3,1,2,3,8031,
5763,2,2,1,1,2,2,2,2,2,2,2,2,2,1,20150321,3,7,1,2,2,3,,6,1,3,6,5,1,7,4,4,4,2,3,3,29976,
5764,,,,2,2,2,2,1,2,2,2,2,2,2,20140906,9,4,2,1,1,2,2,3,1,3,28,5,1,,,3,3,2,5,,3362,
5765,,,,2,2,2,2,2,2,2,2,2,2,2,20140814,8,9,2,3,,2,,2,1,0,34,5,1,2,3,3,1,2,3,3,4901,
5766,,,,1,1,2,1,2,2,2,1,2,2,2,20140812,8,8,2,3,,1,,1,1,1,34,5,1,2,4,3,3,2,3,3,2293,
5767,,,,2,2,2,2,2,2,1,2,2,1,2,20140814,8,6,2,2,2,2,2,4,1,1,34,5,1,4,,2,3,1,2,3,26478,
5768,,,,1,1,2,2,2,2,2,2,2,2,2,20140826,8,2,1,1,2,3,3,5,1,2,9,5,2,,3,1,1,3,5,1,7809,
5769,,,,2,2,2,2,2,2,2,2,2,2,2,20150323,3,4,2,1,2,2,2,4,1,3,17,5,1,,4,2,,,,,2102,
5770,,,,1,2,2,2,1,2,2,2,2,2,2,20140813,8,10,2,3,,2,1,2,1,1,25,5,1,2,2,,1,,,3,9749,
5771,1,1,1,1,1,2,2,2,2,2,2,2,2,2,20150318,3,8,1,2,1,2,,3,1,1,17,5,1,4,3,5,3,3,4,3,50496,85+
5772,,,,2,2,2,2,2,2,2,2,2,2,2,20140815,8,10,2,3,,2,,2,2,1,34,5,1,6,4,2,2,1,2,3,1225,
5773,,,,1,2,2,2,2,2,2,2,2,2,1,20140907,9,1,1,1,1,3,2,4,1,2,28,5,1,,3,1,1,4,5,1,4452,
5774,,,,2,2,2,2,2,2,2,2,2,2,2,20140818,8,10,1,3,,3,3,,,3,13,5,1,4,,3,3,2,3,3,4973,
5775,,,,1,2,2,2,2,2,2,2,2,2,2,20140810,8,7,1,3,,3,1,3,2,3,9,5,1,6,4,3,4,2,3,3,3007,
5776,,,,2,2,2,2,2,2,2,2,2,2,2,20140825,8,2,2,1,2,2,,4,1,2,16,5,1,,4,1,,,,1,8465,
5777,,,,1,1,2,2,2,2,2,2,2,2,2,20140816,8,9,2,3,,1,,1,2,1,34,5,1,7,3,3,3,2,3,3,613,
5778,1,,1,2,2,2,2,2,2,2,2,2,2,2,20150322,3,10,2,3,,1,,1,2,0,34,5,1,6,2,4,2,3,4,3,817,75+
5779,,,,2,2,2,2,2,2,2,2,2,2,2,20140829,8,3,2,1,1,3,2,5,1,3,17,5,1,,3,2,3,1,5,1,2102,
5780,,,,1,2,2,2,2,2,1,2,1,2,2,20140813,8,3,1,1,2,3,,6,1,2,34,5,1,,1,1,2,1,5,1,4062,
5781,1,2,1,1,2,2,2,1,2,2,2,2,2,2,20150313,3,7,2,3,,3,2,4,1,3,9,5,1,2,4,2,2,1,2,3,8246,65+
5782,,,,1,1,2,2,1,2,2,2,2,2,2,20140811,8,8,2,3,,1,,1,2,0,34,5,1,2,1,3,2,2,3,3,1529,
5783,,,,1,2,2,2,2,2,2,2,1,2,2,20140815,8,9,2,3,,1,,1,1,1,28,5,1,2,2,2,2,1,2,3,2803,
5784,,,,2,2,2,2,2,2,2,2,1,2,2,20140816,8,10,2,3,,1,,1,1,1,34,5,1,1,2,2,1,1,2,3,1225,
5785,,,,2,2,2,2,2,2,2,2,2,2,2,20141215,12,4,2,1,2,2,,4,1,2,25,5,1,,,2,3,1,5,,10299,
5786,,,,2,2,2,2,2,2,2,2,2,2,2,20150325,3,1,2,1,2,2,,4,1,2,9,5,1,,4,1,1,4,5,1,3413,
5787,,,,2,2,2,2,2,2,2,2,2,2,2,20140818,8,7,1,3,,1,1,1,1,1,28,5,1,4,3,5,5,3,4,3,10894,
5788,1,1,1,2,2,2,2,2,2,2,2,2,2,2,20150323,3,9,2,2,1,3,,6,1,3,34,5,1,1,2,4,2,3,4,3,6063,Mon âge
5789,,,,1,2,,2,2,2,1,2,1,2,2,20140811,8,10,1,3,,3,2,4,1,1,34,5,1,2,4,3,5,1,2,3,8081,
5790,,,,1,2,2,1,2,2,2,1,1,1,1,20140813,8,2,2,1,2,1,,3,1,2,28,5,1,,2,1,1,3,5,1,3997,
5791,1,2,2,2,2,2,2,2,2,2,2,2,2,2,20150330,3,4,1,1,1,3,3,4,1,3,28,5,1,,3,2,2,1,2,3,4526,"Pas d’âge, santé implicite"
5792,,,,2,2,2,2,2,2,2,2,2,2,2,20140821,8,2,1,1,2,3,,5,1,1,28,5,1,,2,1,1,1,5,1,8347,
5793,,,,1,2,2,2,2,2,2,2,2,2,2,20140812,8,1,1,1,2,2,,4,1,2,34,5,1,,4,1,1,1,5,1,2035,
5794,,,,2,2,2,2,2,2,2,2,2,2,2,20140819,8,10,2,3,,1,,1,1,0,9,5,1,1,1,4,1,3,4,3,5144,
5795,,,,2,2,2,2,2,2,2,2,2,2,2,20150329,3,4,1,2,1,3,1,4,1,2,17,5,1,,4,2,5,1,2,2,7501,
5796,,,,1,2,2,2,2,2,2,2,2,1,2,20140813,8,7,1,3,,2,,2,1,1,34,5,1,4,,5,2,3,4,3,10268,
5797,,,,1,2,2,2,1,2,2,2,2,2,2,20140826,8,2,1,1,1,3,,5,1,3,17,5,1,,4,1,,,,1,2288,
5798,,,,1,2,2,2,2,2,2,2,2,2,1,20150327,3,2,1,1,1,2,,3,1,2,28,5,1,,4,1,1,1,5,1,3339,
5799,,,,2,2,2,2,2,2,2,2,2,2,2,20140828,8,2,1,1,2,2,2,4,1,,34,5,1,,,1,,,,1,6104,
5800,1,,,2,2,2,2,2,2,2,2,2,2,2,20150314,3,9,1,3,,2,,2,1,1,25,5,1,3,1,,,,,3,4134,"Pas d’âge, santé implicite"
5801,,,,2,2,2,2,2,2,2,2,2,2,2,20140814,8,9,2,3,,1,,1,1,1,12,5,1,2,2,4,3,2,3,3,1825,
5802,,,,2,2,2,2,2,2,2,2,2,2,2,20150330,3,1,2,1,3,2,,5,1,3,28,5,1,,2,1,,,,1,4996,
5803,,,,2,2,2,2,2,2,2,2,2,2,2,20140813,8,10,2,3,,1,,1,1,1,28,5,1,6,1,2,1,1,2,3,2803,
5804,,,,2,2,2,2,2,2,2,2,2,2,2,20140812,8,8,2,3,,2,,2,2,2,9,5,1,4,3,5,3,3,4,3,3299,
5805,,,,2,2,2,2,2,2,2,2,2,2,1,20150331,3,4,2,1,1,2,,,1,2,11,5,1,,2,5,4,3,5,,11091,
5806,3,2,,2,2,2,2,2,2,2,2,2,2,2,20150321,3,10,2,3,,1,,1,1,0,28,5,1,2,,2,,,,3,5605,Mon âge
5807,,,,2,2,2,2,2,2,2,2,2,2,2,20140827,8,4,2,1,2,2,,4,1,3,34,5,1,,,2,3,1,5,,2859,
5808,1,,1,1,1,2,2,2,2,2,2,2,2,2,20150312,3,8,2,3,,1,,1,1,0,28,5,1,2,1,5,1,3,4,3,12731,65+
5809,,,,1,2,2,2,2,2,1,2,2,2,2,20140820,8,6,1,2,2,2,,4,1,3,34,5,1,2,4,5,5,3,4,3,29642,
5810,,,,2,2,2,2,2,2,2,2,2,2,2,20150325,3,4,1,1,2,2,,4,2,3,28,5,1,,3,2,5,1,5,,3772,
5811,,,,1,2,2,2,2,2,2,,,,,20150401,4,2,2,1,2,2,,4,1,2,28,5,1,,3,1,,,,1,5329,
5812,,,,2,2,2,2,2,2,2,2,2,2,2,20150322,3,4,2,1,1,2,2,3,2,3,34,5,1,,1,2,1,1,5,,2144,
5813,,,,2,2,2,2,2,2,2,2,2,2,2,20140906,9,2,2,1,1,2,,3,1,2,28,5,1,,4,,1,,,1,3997,
5814,,,,1,2,2,1,1,2,2,2,2,2,2,20140815,8,3,2,1,2,2,,4,1,3,28,5,1,,4,1,1,1,5,1,4482,
5815,1,1,2,1,1,2,2,1,2,2,2,2,2,2,20150310,3,9,2,3,,1,,1,1,0,12,5,1,7,3,2,4,1,2,3,3649,
5816,,,,2,2,1,2,2,2,2,2,2,2,2,20141211,12,4,1,2,1,2,2,3,0,2,34,5,1,,3,4,5,1,2,2,44464,
5817,,,,1,2,2,2,1,2,2,2,2,2,2,20140812,8,7,2,2,2,2,,4,1,3,34,5,1,4,2,3,3,2,3,3,13239,
5818,,,,2,2,2,2,2,2,2,2,2,2,2,20140817,8,8,1,3,,2,,2,1,2,34,5,1,4,4,5,4,3,4,3,6845,
5819,,,,2,2,2,2,2,2,2,2,2,2,2,20140830,8,1,1,1,2,2,,4,1,2,32,5,1,,4,1,1,4,5,1,1953,
5820,1,1,1,1,2,2,2,1,2,2,2,2,2,2,20150310,3,7,1,2,1,3,1,4,1,3,34,5,1,4,4,5,5,3,4,3,23714,"Pas d’âge, santé implicite"
5821,,,,1,1,2,2,2,2,2,2,2,2,2,20140818,8,9,2,3,,1,,1,1,1,2,5,1,2,3,4,3,2,3,3,1238,
5822,1,1,1,2,2,2,2,2,2,2,2,2,2,2,20150312,3,8,2,3,,1,,1,1,1,28,5,1,4,1,5,2,3,4,3,6366,"Pas d’âge, santé implicite"
5823,1,2,1,1,2,2,2,2,2,2,2,2,2,2,20150313,3,5,2,3,,2,,2,1,2,28,5,1,6,4,3,4,1,2,3,8487,65+
5824,,,,2,2,2,2,2,2,2,2,2,2,2,20140813,8,8,1,3,,2,,2,1,1,34,5,1,3,2,5,3,3,4,3,10268,
5825,,,,1,2,1,2,1,2,2,2,2,2,2,20140816,8,7,1,3,,2,,2,,1,17,5,2,1,3,5,2,3,4,3,17007,
5826,,,,1,2,2,2,2,2,2,2,2,2,2,20150327,3,2,2,1,2,2,,4,2,2,28,5,1,,,1,,,,1,3997,
5827,1,1,1,1,1,2,1,2,2,2,2,2,2,2,20150311,3,9,1,3,,2,,2,1,1,28,5,1,7,4,4,5,1,2,3,2709,65+
5828,,,,2,2,2,2,2,2,2,2,2,2,2,20140831,8,1,2,1,3,2,,5,2,2,28,5,1,,4,1,1,4,5,1,3997,
5829,,,,2,2,2,2,2,2,2,2,2,2,2,20140818,8,8,1,3,,2,,2,1,0,34,5,1,3,3,5,5,3,4,3,20535,
5830,,,,2,2,2,2,2,2,2,2,2,2,2,20140820,8,7,1,2,2,2,2,4,1,3,28,5,1,4,4,5,3,3,4,3,111090,
5831,1,1,1,1,1,2,1,1,2,2,2,2,2,2,20150312,3,8,2,3,,2,1,2,1,2,11,5,1,4,4,3,3,2,3,3,8700,80+
5832,,,,1,2,2,2,2,2,2,2,2,2,2,20140810,8,5,1,3,,3,1,4,1,3,28,5,1,7,4,4,5,1,2,3,17430,
5833,,,,2,2,2,2,2,2,2,2,2,2,2,20150327,3,4,2,1,1,3,1,4,1,3,12,5,2,,,2,1,2,5,,4336,
5834,,,,2,2,2,2,2,2,2,2,2,2,2,20140817,8,6,2,3,,3,4,4,1,3,28,5,1,4,2,2,1,2,3,3,10185,
5835,,,,1,2,2,1,1,2,2,2,2,2,2,20140819,8,8,2,3,,2,,2,1,1,17,5,1,6,3,1,3,1,1,3,10118,
5836,,,,2,2,2,2,2,2,2,2,2,2,2,20140830,8,4,2,1,1,2,,3,1,3,28,5,1,,4,1,2,1,5,,3362,
5837,,,,2,2,2,2,2,2,2,2,2,2,2,20150330,3,1,1,1,2,1,,3,1,1,28,5,1,,1,1,,,,1,5008,
5838,,,,2,2,2,2,2,2,2,2,2,2,2,20140812,8,10,1,3,,3,,6,,0,28,5,1,1,1,4,5,1,2,3,230290,
5839,1,2,1,2,2,2,2,2,2,2,2,2,2,2,20141213,12,6,1,2,1,1,,2,1,3,34,5,1,1,4,5,5,3,4,3,14821,70+
5840,,,,1,2,2,2,2,2,2,2,2,2,2,20140812,8,7,2,3,,2,,2,1,1,32,5,1,4,4,2,1,1,2,3,7994,
5841,,,,1,1,2,2,1,2,2,2,2,2,2,20140812,8,9,2,3,,1,,1,2,1,28,5,1,6,2,5,3,3,4,3,1401,
5842,,,,2,2,2,2,2,2,2,2,2,2,2,20140820,8,7,1,3,,2,1,2,2,2,12,5,1,,,5,5,3,4,2,8074,
5843,,,,2,2,2,2,2,2,2,2,2,2,1,20140810,8,4,1,3,,3,2,4,1,3,17,5,1,,4,2,4,1,2,3,8503,
5844,,,,2,2,2,2,2,2,2,2,2,2,2,20140813,8,8,2,3,,2,2,2,2,2,28,5,1,7,4,2,3,1,2,3,5092,
5845,1,2,1,1,2,2,1,1,2,2,2,2,2,1,20150315,3,5,2,3,,2,,2,1,2,34,5,1,6,4,3,3,1,2,3,3057,65+
5846,,,,1,2,2,2,1,2,2,2,1,2,2,20150328,3,3,1,2,1,3,,4,1,3,28,5,1,,4,1,2,1,5,1,10344,
5847,,,,1,2,1,2,2,2,2,2,2,2,2,20140817,8,4,1,3,,3,3,5,1,2,34,5,1,,2,5,5,3,4,2,1874,
5848,,,,2,2,2,2,2,2,2,2,2,2,2,20140828,8,1,2,1,1,2,,3,1,2,28,5,1,,,,1,,,1,3997,
5849,,,,2,2,2,2,2,2,2,2,2,2,2,20140813,8,8,2,3,,2,,2,1,,34,5,1,3,2,2,1,2,3,3,9172,
5850,1,2,1,1,2,2,2,1,2,2,2,2,2,2,20150321,3,8,2,3,,3,1,3,1,3,28,5,1,7,,5,3,3,4,3,9548,80+
5851,1,2,1,1,1,2,2,1,2,2,2,2,2,2,20150320,3,6,2,3,,1,,1,1,0,13,5,1,2,1,2,2,1,2,3,10577,"Vieux, pas d'âge défini"
5852,,,,2,2,2,2,2,2,2,2,2,2,2,20150331,3,2,2,1,2,3,,5,1,3,9,5,1,,4,1,1,2,5,1,3200,
5853,,,,1,1,2,2,2,2,2,2,2,2,2,20150331,3,2,1,1,3,2,,5,1,2,28,5,1,,4,1,1,3,5,1,5565,
5854,,,,2,2,2,2,2,2,2,2,2,2,2,20140816,8,9,1,3,,2,,2,1,3,34,5,1,4,4,5,5,3,4,3,2020,
5855,1,2,1,2,2,2,2,2,2,2,2,2,2,2,20150319,3,8,2,3,,1,,1,1,1,28,5,1,2,3,4,3,2,3,3,6366,50+
5856,,,,2,2,2,2,2,2,2,2,2,2,2,20150327,3,4,1,1,1,1,,2,1,3,28,5,1,,3,5,4,3,5,,2829,
5857,,,,1,1,2,2,2,2,2,2,2,2,1,20140812,8,9,1,3,,2,,2,2,2,28,5,1,6,4,4,4,2,3,3,1355,
5858,,,,1,1,2,2,1,2,2,2,2,2,2,20140814,8,7,2,3,,3,2,4,1,3,9,5,1,4,4,2,2,1,2,3,6597,
5859,,,,2,2,2,2,2,2,2,2,2,2,2,20140822,8,4,1,2,2,3,1,5,1,2,34,5,1,,3,3,4,1,2,3,5411,
5860,,,,2,2,2,2,2,2,2,2,2,2,2,20150324,3,1,1,1,1,2,,3,1,2,17,5,1,,3,1,1,4,5,1,1830,
5861,,,,1,1,2,1,1,2,2,2,2,2,2,20140819,8,6,1,2,1,3,1,5,2,3,28,5,1,4,4,5,3,3,4,3,79349,
5862,,,,1,1,2,2,1,2,2,2,2,2,1,20140618,6,7,2,3,,2,1,2,1,2,34,6,1,4,2,2,1,1,2,3,2877,
5863,,,,2,2,2,2,2,2,2,2,2,2,2,20140613,6,8,2,3,,2,,2,1,1,19,6,2,2,,3,2,2,3,3,7120,
5864,,,,2,2,2,2,2,2,2,2,2,2,2,20140516,5,7,2,3,,1,,1,1,1,15,6,1,2,1,3,2,2,3,3,4934,
5865,,,,1,2,2,2,1,2,2,1,2,2,1,20140706,7,2,2,1,2,2,,4,1,2,15,6,2,,4,1,1,1,5,1,2181,
5866,,,,2,2,2,2,2,2,2,2,2,2,2,20140610,6,9,2,3,,1,,1,1,0,15,6,1,2,1,1,2,1,2,3,3910,
5867,,,,2,2,2,2,2,2,2,2,2,2,2,20140611,6,8,2,3,,2,,2,1,1,24,6,2,2,,2,1,2,3,3,1227,
5868,,,,2,2,2,2,2,2,2,2,2,2,2,20140708,7,1,2,1,2,2,,4,1,1,34,6,2,,3,1,,,,1,2051,
5869,,,,2,2,2,2,2,2,2,2,2,2,2,20140505,5,8,2,3,,3,4,4,1,3,15,6,,2,1,3,1,2,3,3,9868,
5870,,,,1,2,2,2,2,2,2,2,2,2,2,20140507,5,4,2,2,1,3,1,4,1,3,34,6,,,4,1,2,1,5,,2749,
5871,,,,1,1,2,2,2,2,2,2,2,2,2,20140611,6,10,1,3,,2,,2,1,1,15,6,2,6,4,3,2,2,3,3,7553,
5872,,,,2,2,2,2,2,2,2,2,2,2,2,20140512,5,1,1,1,1,2,1,3,1,2,15,6,,,4,1,,,,1,1565,
5873,,,,2,2,2,2,2,2,2,2,2,2,2,20140703,7,6,2,2,3,2,,5,1,3,34,6,2,2,3,2,1,2,3,3,9390,
5874,,,,2,2,2,2,2,2,1,2,1,2,2,20140626,6,2,1,1,3,2,,5,1,2,34,6,2,,1,1,,,,1,1674,
5875,,,,2,2,2,2,2,2,2,2,2,2,2,20140507,5,9,2,3,,2,,2,1,0,19,6,,4,2,1,1,1,2,3,4864,
5876,,,,1,2,2,2,2,2,2,2,2,2,2,20140709,7,2,1,1,2,2,,4,1,1,34,6,2,,4,1,1,2,5,1,2008,
5877,,,,1,2,2,2,2,2,2,2,2,2,2,20140428,4,7,1,4,,,,2,1,1,34,6,,2,3,5,5,2,3,3,7779,
5878,,,,2,2,2,2,2,2,2,2,2,2,2,20140509,5,8,1,3,,1,,1,1,0,15,6,,1,1,5,5,3,4,3,13664,
5879,,,,1,1,2,2,1,1,2,2,2,2,2,20140612,6,7,2,3,,3,1,3,1,2,34,6,2,4,1,3,2,2,3,3,4316,
5880,,,,1,2,2,2,1,2,2,2,2,2,2,20140709,7,4,1,3,,3,3,3,1,3,21,6,2,,,2,3,1,2,3,453,
5881,,,,1,1,2,2,1,2,2,2,2,2,2,20140618,6,7,2,3,,3,2,4,1,3,34,6,1,4,4,4,3,2,3,3,3453,
5882,,,,2,2,2,2,2,2,2,2,2,2,2,20140507,5,9,1,3,,2,,2,1,2,34,6,,2,4,3,4,1,2,3,1808,
5883,,,,2,2,2,2,2,2,2,2,2,2,2,20140616,6,6,2,3,,2,,2,1,2,34,6,2,2,2,1,1,1,2,3,2877,
5884,,,,1,2,2,1,1,2,2,2,2,2,2,20140707,7,2,1,1,2,2,,4,1,3,34,6,2,,4,1,1,1,5,1,1004,
5885,,,,2,2,2,2,2,2,2,2,2,2,2,20140619,6,10,1,3,,1,,1,2,1,15,6,1,6,4,5,5,3,4,3,2518,
5886,,,,1,1,2,2,1,2,2,2,2,2,2,20140616,6,9,2,3,,1,,1,1,0,15,6,2,4,1,4,3,2,3,3,3910,
5887,,,,1,1,2,2,1,2,2,2,2,2,2,20140628,6,2,1,1,3,2,,5,1,2,24,6,2,,4,1,,,,1,4135,
5888,,,,2,2,2,2,2,2,2,2,2,2,2,20140627,6,9,2,3,,1,,1,1,1,19,6,2,6,1,4,3,2,3,3,1216,
5889,,,,2,2,2,2,2,2,2,2,2,2,2,20140613,6,8,2,3,,3,3,3,1,0,15,6,1,4,2,3,1,2,3,3,29602,
5890,,,,2,2,2,2,2,2,2,2,2,2,2,20140704,7,9,1,3,,1,,1,1,0,34,6,2,6,2,5,4,3,4,3,2713,
5891,,,,1,2,2,2,2,2,2,2,2,2,2,20140507,5,3,2,1,2,1,1,4,1,3,34,6,,,4,1,1,2,5,1,1512,
5892,,,,2,2,2,2,1,2,2,2,2,2,2,20140612,6,4,1,3,,3,4,4,1,3,21,6,2,,4,2,3,1,2,3,484,
5893,,,,1,2,2,1,1,2,2,2,2,2,1,20140708,7,2,2,1,1,2,2,3,1,2,15,6,2,,4,1,1,1,5,1,1636,
5894,,,,2,2,2,2,2,2,2,2,2,2,2,20140512,5,3,1,2,2,1,,3,1,3,19,6,,,2,1,3,1,5,1,1855,
5895,,,,2,2,2,2,2,2,2,2,2,2,2,20140705,7,4,2,1,2,3,4,6,1,3,15,6,2,,3,2,2,2,5,,2101,
5896,,,,1,2,2,2,2,2,1,2,2,2,2,20140614,6,7,1,3,,3,2,4,1,3,34,6,2,6,4,4,5,1,2,3,7779,
5897,,,,2,2,2,2,2,2,2,2,2,2,2,20140626,6,4,1,1,2,3,3,5,1,2,15,6,2,,4,2,4,1,5,,4493,
5898,,,,2,2,2,2,2,2,2,2,2,2,2,20140506,5,4,1,1,2,2,2,4,1,3,34,6,,,4,2,2,1,5,,1141,
5899,,,,2,2,2,2,2,2,2,2,2,2,2,20140505,5,10,1,3,,1,,1,1,0,34,6,,7,,5,5,2,3,3,2713,
5900,,,,1,2,2,2,2,2,2,2,2,2,2,20140617,6,6,1,2,2,2,2,4,1,2,17,6,2,2,2,4,4,2,3,3,29295,
5901,,,,1,2,2,1,2,2,2,2,2,2,2,20140616,6,4,2,1,1,2,,3,1,2,34,6,2,,3,2,2,1,5,,1890,
5902,,,,2,2,2,2,2,2,2,2,2,2,2,20140508,5,2,1,2,2,2,,4,1,2,15,6,,,3,1,,,,1,4131,
5903,,,,1,2,2,2,2,2,2,2,2,2,2,20140507,5,1,2,1,3,2,,5,1,1,19,6,,,4,1,,,,1,2214,
5904,,,,1,2,2,2,2,2,2,2,2,2,2,20140708,7,2,2,1,2,3,2,6,1,3,15,6,2,,4,1,1,2,5,1,2453,
5905,,,,2,2,2,2,2,2,2,2,2,2,2,20140506,5,2,2,1,2,2,2,4,1,1,15,6,,,4,1,,,,1,3271,
5906,,,,2,2,2,2,2,2,2,2,2,2,2,20140627,6,1,1,1,2,2,,4,1,2,15,6,2,,4,1,1,3,5,1,2086,
5907,,,,2,2,2,2,2,2,2,2,2,2,2,20140614,6,10,1,3,,2,,2,1,1,34,6,2,3,1,3,3,2,3,3,2713,
5908,,,,2,2,2,2,2,2,2,2,2,2,2,20140709,7,4,2,1,1,3,1,4,1,3,19,6,2,,4,2,1,1,5,,1602,
5909,,,,1,2,2,2,2,2,2,2,2,2,2,20140612,6,1,1,1,1,2,,3,1,,34,6,2,,4,1,1,4,5,1,3013,
5910,,,,2,2,2,2,1,2,2,2,2,2,2,20140512,5,1,1,1,1,2,,3,1,2,34,6,,,2,1,,,,1,1004,
5911,,,,2,2,2,2,2,2,2,2,2,2,2,20140707,7,2,2,1,2,1,1,3,1,1,19,6,2,,2,1,,,,1,1328,
5912,,,,2,2,2,2,2,2,2,2,2,2,2,20140617,6,9,2,3,,1,,1,1,1,34,6,2,4,2,4,4,2,3,3,890,
5913,,,,1,2,2,,1,2,,2,2,2,2,20140624,6,3,1,1,1,3,4,5,1,3,15,6,2,,4,,,,,1,2696,
5914,,,,2,2,2,2,2,2,2,2,2,2,2,20140506,5,4,1,2,1,3,3,4,2,1,15,6,,,3,2,3,1,2,3,4271,
5915,,,,2,2,2,2,2,2,2,2,2,2,2,20140709,7,4,1,1,1,3,2,4,1,3,15,6,2,,1,2,4,1,5,,2696,
5916,,,,2,2,2,2,2,2,2,2,2,2,2,20140707,7,2,1,1,2,2,,4,1,1,15,6,2,,4,1,,,,1,3129,
5917,,,,1,1,2,1,1,2,2,2,2,2,2,20140610,6,8,2,3,,2,,2,1,1,19,6,2,6,3,3,1,3,4,3,7120,
5918,,,,1,2,2,1,1,2,2,2,2,2,1,20140617,6,7,2,2,1,1,,2,1,0,34,6,2,4,1,2,1,1,2,3,22536,
5919,,,,1,2,2,2,2,2,2,2,2,2,2,20140502,5,4,1,4,,3,4,6,1,3,34,6,,,4,3,4,1,2,3,1141,
5920,,,,1,2,2,2,1,2,2,2,2,2,2,20140611,6,9,1,3,,2,,2,1,3,34,6,2,1,,4,4,2,3,3,247,
5921,,,,2,2,2,2,2,2,2,2,2,2,2,20140704,7,9,2,3,,2,,2,1,0,15,6,2,5,3,3,2,2,3,3,7819,
5922,,,,2,2,2,2,2,2,2,2,2,2,2,20140619,6,2,1,1,2,2,,4,1,2,21,6,2,,4,1,1,2,5,1,1264,
5923,,,,2,2,2,2,2,2,2,2,2,2,2,20140627,6,1,1,1,1,2,2,3,1,2,34,6,1,,4,,1,,,1,1004,
5924,,,,2,2,2,2,2,2,2,2,2,2,2,20140616,6,7,1,3,,3,1,3,2,2,19,6,1,6,4,3,4,1,2,3,5443,
5925,,,,2,2,2,2,2,2,2,2,2,2,2,20140429,4,9,1,4,,,,2,1,2,15,6,,1,2,5,5,2,3,3,5036,
5926,,,,2,2,2,2,2,2,2,2,2,2,2,20140623,6,10,2,3,,2,,2,1,0,15,6,2,1,1,3,2,2,3,3,7819,
5927,,,,2,2,2,2,2,2,2,2,2,2,2,20140616,6,9,1,3,,2,,2,1,0,34,6,2,1,2,5,4,3,4,3,5425,
5928,,,,2,2,2,2,2,2,2,2,2,2,2,20140505,5,7,1,3,,1,,1,1,1,34,6,,3,2,4,5,2,3,3,3889,
5929,,,,1,2,2,2,1,2,2,2,2,2,2,20140612,6,8,2,3,,1,1,1,1,0,15,6,2,2,1,3,3,2,3,3,9868,
5930,,,,2,2,2,2,2,2,2,2,2,2,2,20140620,6,8,2,3,,1,,1,1,1,34,6,1,1,1,4,2,3,4,3,2158,
5931,,,,2,2,2,2,2,2,,2,1,2,2,20140625,6,3,2,1,2,2,,4,1,1,34,6,2,,3,1,3,1,5,1,3780,
5932,,,,1,2,2,2,2,2,1,2,1,2,2,20140616,6,8,2,3,,2,,2,2,1,34,6,2,6,4,5,4,3,4,3,2877,
5933,,,,2,2,2,2,2,2,2,2,2,2,2,20140510,5,1,1,1,2,2,,4,2,2,15,6,,,3,1,,,,1,1565,
5934,,,,2,2,2,2,2,2,2,2,2,2,2,20140617,6,10,1,3,,2,,2,1,1,34,6,1,7,4,2,3,1,2,3,2713,
5935,,,,2,2,2,2,2,2,2,2,2,2,2,20140611,6,7,2,2,2,2,2,4,1,2,17,6,,6,4,5,2,3,4,3,14932,
5936,,,,1,2,2,2,1,2,2,2,2,2,2,20140502,5,3,1,1,2,2,1,4,2,2,24,6,,,4,1,1,1,5,1,1013,
5937,,,,2,2,2,1,1,2,2,2,2,2,2,20140502,5,7,2,3,,2,2,4,1,2,15,6,,2,,,1,,,3,13157,
5938,,,,2,2,2,2,2,2,2,2,2,2,2,20140505,5,1,2,4,,,,3,1,2,34,6,,,3,1,1,4,5,1,1026,
5939,,,,1,1,2,2,2,2,1,2,1,1,1,20140708,7,4,2,3,,2,1,2,1,2,15,6,2,,2,2,2,1,2,3,1252,
5940,,,,2,2,2,2,2,2,2,2,2,2,2,20140610,6,8,1,3,,1,,1,1,1,15,6,2,2,2,4,3,2,3,3,6832,
5941,,,,2,2,2,2,2,2,2,2,2,2,2,20140628,6,2,2,1,2,2,,4,1,0,34,6,2,,3,1,,,,1,4102,
5942,,,,2,2,2,2,2,2,2,2,2,2,2,20140512,5,2,2,1,1,2,,3,1,2,15,6,,,4,1,1,1,5,1,1636,
5943,,,,1,2,2,2,2,2,2,2,2,2,2,20140512,5,3,2,1,1,2,1,3,1,2,34,6,,,4,2,2,1,5,1,1890,
5944,,,,1,2,2,1,1,2,2,2,2,2,1,20140509,5,4,1,1,1,1,1,2,1,0,34,6,,,2,2,2,2,5,,2282,
5945,,,,2,2,2,2,2,2,2,2,2,2,2,20140507,5,3,1,1,2,2,,4,1,1,19,6,,,4,1,1,1,5,1,2657,
5946,,,,2,2,2,2,2,2,2,2,2,2,2,20140704,7,10,2,3,,1,,1,1,0,15,6,1,2,,4,3,2,3,3,3910,
5947,,,,2,2,2,2,2,2,2,2,2,2,2,20140627,6,10,1,3,1,1,,1,1,1,15,6,1,5,2,3,3,2,3,3,3777,
5948,,,,1,2,2,2,1,2,2,2,2,2,2,20140708,7,1,1,1,1,3,2,4,1,1,19,6,2,,4,1,1,4,5,1,1597,
5949,,,,2,2,2,2,2,2,2,2,2,2,2,20140429,4,6,1,4,,,,4,0,2,15,6,,6,2,4,4,2,3,3,27328,
5950,,,,2,2,2,2,2,2,2,2,2,2,2,20140611,6,9,2,3,,1,,1,1,1,15,6,2,2,1,3,1,3,4,3,1955,
5951,,,,1,2,2,2,2,2,2,2,2,2,2,20140704,7,8,2,3,,1,,1,1,0,34,6,2,4,1,,,,,3,4316,
5952,,,,1,2,2,2,1,2,2,2,2,2,2,20140508,5,4,2,3,,3,2,4,1,3,15,6,,,3,2,3,1,2,3,1878,
5953,,,,1,2,2,2,1,2,2,2,2,2,2,20140623,6,4,2,1,1,2,,3,1,3,19,6,2,,4,1,3,1,5,,1202,
5954,,,,2,2,2,2,2,2,2,2,2,2,2,20140618,6,7,2,3,,3,1,3,1,3,15,6,2,1,4,3,2,2,3,3,7401,
5955,,,,1,2,2,2,1,2,2,2,2,2,2,20140708,7,1,1,1,1,2,,3,1,2,34,6,2,,,1,,,,1,1004,
5956,,,,2,2,2,2,2,2,2,2,2,2,2,20140617,6,10,2,3,,1,,1,1,1,15,6,1,1,1,3,1,2,3,3,1955,
5957,,,,2,2,2,2,2,2,2,2,2,2,2,20140509,5,1,1,1,1,2,,3,1,2,34,6,,,3,1,1,4,5,1,1004,
5958,,,,2,2,2,2,2,2,2,2,2,2,2,20140626,6,9,2,3,,2,,2,1,1,15,6,2,2,3,1,1,1,2,3,3910,
5959,,,,1,2,2,2,1,2,2,2,2,2,2,20140616,6,5,1,3,,2,,2,1,2,15,6,2,4,4,4,4,2,3,3,9109,
5960,,,,2,2,2,2,2,2,2,2,2,2,2,20140618,6,8,2,3,,2,,2,2,1,15,6,1,2,1,3,1,3,4,3,3947,
5961,,,,2,2,2,2,2,2,2,2,2,2,2,20140614,6,8,2,3,,1,,1,1,0,34,6,2,6,1,3,2,2,3,3,4316,
5962,,,,2,2,2,2,2,2,2,2,1,2,2,20140621,6,9,1,3,,1,,1,1,0,34,6,2,6,1,2,4,1,1,3,2713,
5963,,,,2,2,2,2,2,2,2,2,2,2,2,20140506,5,2,2,1,2,2,,4,1,1,15,6,,,3,1,1,2,5,1,3271,
5964,,,,2,2,2,2,2,2,2,2,2,2,2,20140506,5,2,1,1,1,2,2,3,2,1,34,6,,,,1,,,,1,753,
5965,,,,2,2,2,2,2,2,2,2,2,2,2,20140618,6,10,1,3,,1,,1,1,1,15,6,2,,,1,3,1,1,3,3777,
5966,,,,1,2,2,2,1,2,2,2,2,2,2,20140617,6,5,1,2,2,2,,4,1,2,15,6,2,4,4,5,5,2,3,3,40354,
5967,,,,1,1,2,1,1,2,2,2,2,2,1,20140619,6,8,2,3,,1,,1,1,0,15,6,2,7,1,5,2,3,4,3,9868,
5968,,,,1,2,2,2,1,2,2,2,2,2,1,20140705,7,4,2,1,3,2,,5,1,3,34,6,2,,4,2,2,1,5,,2362,
5969,,,,2,2,2,2,2,2,2,2,2,2,2,20140505,5,5,2,2,1,2,,3,1,2,15,6,,2,3,3,3,2,3,3,21856,
5970,,,,2,2,2,2,2,2,2,2,2,2,2,20140429,4,8,2,4,,,,2,2,2,34,6,,2,4,3,2,2,3,3,2158,
5971,,,,2,2,2,2,2,2,2,2,2,2,2,20140611,6,2,1,1,3,2,2,5,1,1,15,6,2,,4,1,,,,1,3912,
5972,,,,2,2,2,2,2,2,2,2,2,2,2,20140505,5,9,1,3,,1,,1,1,1,15,6,,6,3,4,3,2,3,3,3777,
5973,,,,1,2,2,2,2,1,2,2,2,2,2,20140512,5,3,1,1,3,3,4,6,1,3,15,6,,,3,3,4,1,5,1,2696,
5974,,,,2,2,2,2,2,2,2,2,2,2,2,20140613,6,9,2,3,,2,,2,1,2,24,6,2,3,3,2,2,1,2,3,1287,
5975,,,,2,2,2,2,2,2,2,2,2,2,2,20140623,6,10,2,3,,1,1,1,1,0,29,6,2,1,1,3,1,2,3,3,948,
5976,,,,1,2,2,2,1,2,2,2,2,2,2,20140427,4,10,2,4,,,,1,1,,15,6,,6,2,3,2,2,3,3,3910,
5977,,,,2,2,2,2,2,2,2,2,2,2,2,20140708,7,3,2,1,1,3,1,4,1,2,15,6,1,,1,,2,,,1,2801,
5978,,,,2,2,2,2,2,2,2,2,2,2,2,20140707,7,4,1,1,1,3,1,4,1,3,19,6,2,,4,3,5,1,5,,1329,
5979,,,,2,2,2,2,2,2,2,2,2,2,2,20140625,6,9,2,3,,1,,1,1,0,15,6,2,3,2,5,1,3,4,3,3910,
5980,,,,1,2,2,2,1,1,2,2,2,2,1,20140621,6,3,2,1,2,1,,3,1,1,19,6,2,,1,1,1,1,5,1,2403,
5981,,,,1,2,2,1,1,2,2,2,2,2,2,20140505,5,10,1,3,,2,,2,1,1,34,6,,7,4,4,5,1,2,3,2713,
5982,,,,2,2,2,2,2,2,2,2,2,2,2,20140507,5,9,2,3,,1,,1,1,0,15,6,,7,,3,4,1,2,3,3910,
5983,,,,2,2,2,2,2,2,2,2,2,2,2,20140612,6,10,2,3,,2,,2,1,0,24,6,2,2,2,3,3,2,3,3,3861,
5984,,,,2,2,2,2,2,2,2,2,2,2,2,20140708,7,3,1,1,1,2,,3,1,1,29,6,2,,4,2,3,1,5,1,3806,
5985,,,,1,1,2,2,2,2,2,2,2,2,2,20140625,6,10,2,3,,2,,2,1,0,34,6,2,4,2,1,1,1,2,3,3559,
5986,,,,1,2,2,2,2,2,2,2,2,2,1,20140626,6,9,1,3,,1,,1,1,1,34,6,2,1,1,2,2,1,2,3,1356,
5987,,,,1,2,2,2,2,2,2,2,2,2,2,20140508,5,4,2,3,,3,1,3,1,3,21,6,,,4,2,2,1,2,3,287,
5988,,,,1,2,2,2,2,2,1,2,1,2,2,20140620,6,9,1,3,,2,,2,1,1,34,6,1,2,2,5,5,3,4,3,2713,
5989,,,,1,2,2,2,1,2,2,2,2,2,2,20140527,5,4,1,3,,3,4,4,1,3,34,6,2,,2,3,3,2,3,3,795,
5990,,,,2,2,2,2,2,2,2,2,2,2,2,20140707,7,2,1,1,1,2,,3,0,1,15,6,1,,1,1,1,3,5,1,4694,
5991,,,,2,2,2,2,2,2,2,2,2,2,1,20140510,5,3,1,1,4,2,1,6,2,1,34,6,,,,3,4,2,5,1,1712,
5992,,,,2,2,2,2,2,2,2,2,2,2,2,20140502,5,8,2,3,,1,1,1,1,0,34,6,,5,3,2,5,1,1,3,4316,
5993,,,,2,2,2,2,2,2,2,2,2,2,2,20140429,4,10,2,4,,,,2,1,0,34,6,,1,1,2,2,1,2,3,3559,
5994,,,,2,2,2,2,2,2,2,2,2,2,2,20140611,6,8,1,3,,1,,1,1,1,19,6,2,4,2,5,5,3,4,3,1193,
5995,,,,2,2,2,2,2,2,2,2,2,2,2,20140614,6,8,1,3,,1,,1,1,1,34,6,2,4,3,2,4,1,2,3,3889,
5996,,,,2,2,2,2,2,2,2,2,2,2,2,20140507,5,10,2,3,,1,1,1,1,0,15,6,,6,,2,1,2,3,3,3910,
5997,,,,1,2,2,2,2,2,2,2,2,2,2,20140618,6,9,2,3,,2,,2,1,1,15,6,2,6,3,2,2,1,2,3,3910,
5998,,,,2,2,2,2,2,2,2,2,2,2,2,20140617,6,9,2,3,,2,,2,1,2,15,6,2,7,4,3,2,2,3,3,2606,
5999,,,,1,2,1,2,2,2,2,2,1,2,2,20140706,7,2,2,1,1,3,3,4,1,2,34,6,2,,4,1,1,1,5,1,1367,
6000,,,,1,2,2,1,1,2,2,2,2,2,2,20140617,6,7,1,3,,3,1,3,2,2,34,6,2,2,2,3,4,1,2,3,3889,
6001,,,,2,2,2,2,2,2,2,2,2,2,2,20140627,6,9,2,3,,2,,2,1,2,19,6,2,2,,4,4,2,3,3,1621,
6002,,,,1,2,2,2,2,2,2,2,1,2,2,20140709,7,2,2,1,1,2,,3,1,1,15,6,2,,4,1,1,1,5,1,2453,
6003,,,,2,2,2,2,2,2,2,2,2,2,2,20140709,7,4,2,1,1,3,1,4,1,3,34,6,2,,4,2,4,1,5,,1512,
6004,,,,2,2,2,2,2,2,2,2,2,2,2,20140614,6,9,2,3,,2,,2,1,2,21,6,2,7,3,2,1,2,3,3,1058,
6005,,,,1,2,2,2,1,2,2,2,2,2,2,20140610,6,7,1,2,1,2,2,3,1,3,15,6,1,2,4,3,3,1,2,3,22699,
6006,,,,2,2,2,2,2,2,2,2,2,2,2,20140702,7,1,2,1,3,2,,5,1,2,34,6,2,,4,1,,,,1,1709,
6007,,,,2,2,2,2,2,2,2,2,2,2,2,20140512,5,2,1,1,4,1,1,5,1,1,34,6,,,1,1,1,1,5,1,2511,
6008,,,,2,2,2,2,2,2,2,2,2,2,2,20140622,6,3,1,1,2,2,2,4,1,2,15,6,1,,3,1,1,2,5,1,3595,
6009,,,,2,2,2,2,2,2,2,2,2,2,2,20140505,5,4,1,3,,3,3,3,2,3,34,6,,,4,2,4,1,2,3,4667,
6010,,,,2,2,2,2,2,2,2,2,2,2,2,20140709,7,1,1,1,2,3,,6,1,3,15,6,2,,4,,,,,1,1878,
6011,,,,1,2,2,2,2,2,2,2,2,2,2,20140502,5,6,2,2,1,3,1,4,1,3,34,6,,5,4,3,4,1,2,3,11268,
6012,,,,2,2,2,2,1,2,2,2,1,2,2,20140509,5,2,1,1,1,2,,3,1,2,15,6,,,4,1,,,,1,1565,
6013,,,,1,2,2,1,2,2,2,2,1,2,2,20140505,5,7,2,3,,2,,2,1,1,34,6,,2,3,5,2,3,4,3,4316,
6014,,,,1,2,2,2,2,2,2,2,2,2,2,20140429,4,6,2,4,,,,4,1,3,34,6,,4,4,4,2,3,4,3,4316,
6015,,,,1,2,1,2,2,2,2,2,2,2,1,20140502,5,3,1,1,2,2,,4,1,1,34,6,,,4,1,3,1,5,1,2282,
6016,,,,1,2,2,2,1,2,2,2,2,2,2,20140509,5,2,2,1,2,2,,4,1,0,34,6,,,,1,,,,1,4102,
6017,,,,2,2,2,2,2,2,2,2,2,2,2,20140505,5,9,1,3,,1,,1,2,0,34,6,,6,4,4,5,2,3,3,1356,
6018,,,,2,2,2,2,2,2,2,2,2,2,2,20140429,4,9,1,4,,,,1,1,1,15,6,,4,2,4,5,1,2,3,3777,
6019,,,,2,2,2,2,2,2,2,2,2,2,2,20140505,5,4,1,4,,1,1,4,1,2,15,6,,,3,4,5,1,2,3,3595,
6020,,,,2,2,2,2,2,2,2,2,2,2,2,20140507,5,9,2,3,,3,2,4,,1,34,6,,6,,2,3,1,2,3,7118,
6021,,,,1,1,2,2,2,2,2,2,2,2,2,20140507,5,4,2,1,1,3,1,4,2,3,15,6,,,4,1,1,1,5,,1050,
6022,,,,2,2,2,2,2,2,2,2,2,2,2,20140512,5,1,1,2,2,2,,4,1,2,15,6,,,2,1,,,,1,4131,
6023,,,,2,2,2,2,2,2,2,2,2,2,2,20140625,6,9,1,3,,1,,1,0,1,34,6,2,5,2,4,3,2,3,3,2713,
6024,,,,2,2,2,2,2,2,2,2,2,2,2,20140628,6,1,1,1,2,2,,4,1,2,15,6,2,,2,1,,,,1,2086,
6025,,,,1,2,2,2,2,2,2,2,2,2,2,20140511,5,2,2,1,2,2,,4,1,2,15,6,,,3,,,,,1,2181,
6026,,,,1,2,2,2,2,2,2,2,2,2,2,20140505,5,8,1,3,,2,,2,1,2,15,6,,4,2,3,4,1,2,3,9109,
6027,,,,2,2,2,2,2,2,2,2,2,2,2,20140503,5,8,2,2,1,2,1,3,1,1,34,6,,2,2,5,4,3,4,3,16902,
6028,,,,2,2,2,2,2,2,2,2,2,2,2,20140505,5,8,1,3,,1,,1,2,1,29,6,,1,2,5,4,2,3,3,1234,
6029,,,,2,2,2,2,2,2,2,2,2,2,2,20140508,5,10,1,3,,1,1,1,1,0,15,6,,2,1,2,3,1,2,3,7553,
6030,,,,1,2,2,2,1,2,2,2,2,2,2,20140509,5,4,1,3,,2,,2,2,1,15,6,,,2,,5,,,3,1607,
6031,,,,2,2,2,2,2,2,2,1,2,2,1,20140506,5,3,1,1,1,2,,3,1,3,15,6,,,4,1,1,1,5,1,2022,
6032,,,,2,2,2,2,2,2,2,2,2,2,2,20140507,5,10,2,3,,2,,2,1,2,19,6,,6,3,2,2,1,2,3,1621,
6033,,,,2,2,2,2,2,2,2,2,2,2,2,20140427,4,7,2,4,,,,3,1,3,19,6,,2,2,2,3,1,2,3,5340,
6034,,,,1,2,2,1,2,2,2,2,2,2,2,20140510,5,2,1,1,2,2,2,4,1,2,15,6,,,4,1,1,1,5,1,2086,
6035,,,,1,2,2,2,1,2,2,2,2,2,2,20140512,5,2,1,1,2,2,,2,1,2,15,6,,,2,1,1,2,5,1,1043,
6036,,,,2,2,2,2,2,2,2,2,2,2,2,20140508,5,2,1,1,2,2,,4,1,2,15,6,,,4,1,1,1,5,1,2086,
6037,,,,1,2,2,2,1,2,2,2,2,2,2,20140429,4,9,2,4,,,,2,1,1,15,6,,2,4,3,5,1,2,3,3910,
6038,,,,2,2,2,2,2,2,2,2,2,2,2,20140505,5,10,2,3,,1,,1,1,0,17,6,,6,2,5,2,3,4,3,1662,
6039,,,,2,2,2,2,2,2,2,2,2,2,2,20140507,5,3,2,2,2,3,1,5,1,3,15,6,,,2,1,1,1,5,1,4159,
6040,,,,2,2,2,2,2,2,2,2,2,2,2,20140528,5,3,1,1,2,2,,3,1,2,19,6,2,,4,1,1,2,5,1,1329,
6041,,,,2,2,2,2,2,2,2,2,2,2,2,20140523,5,3,1,1,2,2,2,4,1,3,15,6,2,,4,1,1,1,5,1,2157,
6042,,,,1,2,2,2,1,2,2,2,2,2,2,20140522,5,6,2,3,,1,,2,1,2,24,6,2,4,4,4,3,2,3,3,818,
6043,,,,2,2,2,2,2,2,2,2,2,2,2,20140429,4,8,2,4,,,,4,1,3,15,6,,3,,2,4,1,2,3,7894,
6044,,,,1,1,2,2,2,2,2,2,2,2,2,20140531,5,4,2,1,2,1,,3,1,3,17,6,1,,2,1,2,1,5,,1683,
6045,,,,2,2,2,2,2,2,2,2,2,2,2,20140526,5,9,2,3,,2,,2,1,0,17,6,2,2,2,4,1,3,4,3,3324,
6046,,,,2,2,2,2,2,2,2,2,2,2,2,20140529,5,3,2,1,2,2,,4,1,2,19,6,2,,3,1,1,1,5,1,2136,
6047,,,,1,2,2,2,1,2,2,2,2,2,2,20140602,6,4,2,1,1,2,1,3,1,3,19,6,2,,3,2,3,1,5,,1202,
6048,,,,2,2,2,2,2,2,2,2,2,2,2,20140513,5,8,2,3,,1,,1,2,1,15,6,2,2,,4,1,3,4,3,3289,
6049,,,,2,2,2,2,2,2,2,2,2,2,2,20140524,5,9,1,3,,2,,2,1,1,17,6,2,5,1,3,3,2,3,3,5042,
6050,,,,1,2,2,1,2,2,2,2,2,2,2,20140522,5,2,2,1,2,2,2,4,1,2,15,6,2,,4,1,1,1,5,1,2181,
6051,,,,2,2,2,2,2,2,2,2,2,2,2,20140512,5,2,1,1,2,2,,4,1,2,19,6,,,,1,1,1,5,1,1065,
6052,,,,1,1,2,2,2,2,2,2,2,2,2,20140523,5,3,2,1,2,3,1,4,1,2,15,6,2,,2,1,,,,1,2801,
6053,,,,2,2,2,2,2,2,2,2,2,2,2,20140527,5,2,1,1,3,2,2,5,1,1,34,6,2,,3,1,1,1,5,1,2511,
6054,,,,2,2,2,2,2,2,2,2,2,2,2,20140530,5,4,1,3,,3,,3,1,1,19,6,2,,4,4,5,1,2,3,3092,
6055,,,,2,2,2,2,2,2,2,2,2,2,2,20140527,5,9,1,3,,2,2,2,1,1,34,6,2,7,3,3,4,2,3,3,2713,
6056,,,,2,2,2,2,2,2,2,2,2,2,2,20140513,5,3,2,1,1,3,3,4,2,3,34,6,2,,4,,1,,,1,1260,
6057,,,,2,2,2,2,2,2,2,2,2,2,2,20140502,5,8,2,3,,2,,2,1,2,17,6,,7,4,1,2,1,1,3,4796,
6058,,,,2,2,2,2,2,2,2,2,2,2,2,20140513,5,7,2,3,,2,,2,1,1,19,6,2,2,4,2,1,1,2,3,7120,
6059,,,,1,2,2,2,2,2,2,2,2,2,2,20140531,5,4,2,2,2,2,1,4,1,2,15,6,2,,,2,3,1,2,3,5546,
6060,,,,1,2,2,2,1,2,2,2,2,2,2,20140514,5,8,2,3,,3,3,3,1,0,15,6,1,2,2,1,1,1,2,3,29602,
6061,,,,2,2,2,2,2,2,2,2,2,2,2,20140508,5,1,2,1,2,2,2,4,1,2,19,6,,,2,1,,,,1,1181,
6062,,,,2,2,2,2,2,2,2,2,2,2,2,20140514,5,9,1,3,,2,,2,1,2,15,6,2,6,4,5,4,3,4,3,5036,
6063,,,,2,2,2,2,2,2,2,2,2,2,2,20140514,5,8,2,3,,1,,1,1,1,19,6,2,1,2,2,1,1,2,3,3560,
6064,,,,1,2,2,2,1,2,2,2,2,2,2,20140709,7,1,2,1,1,2,,3,0,2,34,6,2,,1,1,,,,1,1538,
6065,,,,2,2,2,2,2,2,2,2,1,2,2,20140520,5,9,2,3,,2,,2,1,1,34,6,2,2,1,2,3,1,2,3,1779,
6066,,,,2,2,2,2,2,2,2,2,2,2,2,20140621,6,1,1,1,2,2,,4,0,2,21,6,2,,2,1,,,,1,1896,
6067,,,,2,2,2,2,2,2,2,2,2,2,2,20140529,5,4,1,3,,3,4,6,1,3,19,6,2,,4,2,4,1,2,3,1767,
6068,,,,2,2,2,2,2,2,2,2,2,2,2,20140521,5,7,1,3,,3,1,3,1,3,15,6,2,6,4,4,5,2,3,3,10248,
6069,,,,1,2,1,2,2,2,2,2,2,2,2,20140502,5,10,2,3,,1,1,1,2,1,34,6,,1,1,4,4,2,3,3,445,
6070,,,,1,2,2,1,1,2,2,2,2,2,1,20140527,5,3,2,1,1,1,,3,1,2,34,6,2,,3,1,1,1,5,1,1890,
6071,,,,2,2,1,2,2,2,2,2,2,2,2,20140526,5,2,2,1,1,2,,3,1,1,15,6,2,,2,1,1,2,5,1,2453,
6072,,,,1,2,2,2,2,2,2,2,2,2,2,20140430,4,2,2,4,,,,5,1,2,34,6,,,2,1,1,2,5,1,1709,
6073,,,,1,2,2,2,1,2,2,2,1,2,2,20140905,9,4,1,3,,3,2,4,1,1,34,6,1,,2,2,4,1,2,2,1589,
6074,,,,1,2,1,1,1,2,2,2,2,2,2,20140514,5,7,2,2,2,3,3,5,1,3,17,6,2,6,4,2,3,1,2,3,9333,
6075,,,,2,2,2,2,2,2,2,2,1,2,2,20140531,5,2,1,1,2,2,,4,1,1,34,6,2,,4,1,1,1,5,1,2008,
6076,,,,1,2,2,2,2,2,2,2,1,2,2,20140601,6,3,2,1,2,2,,4,1,2,19,6,2,,4,1,1,1,5,1,2136,
6077,,,,1,2,2,2,2,2,2,2,2,2,2,20140527,5,3,2,1,2,2,2,4,1,2,34,6,2,,4,1,1,1,5,1,2520,
6078,,,,2,2,2,2,2,2,2,2,2,2,2,20140429,4,2,1,4,,,,3,1,1,15,6,,,,1,,,,1,2347,
6079,,,,2,2,2,2,2,2,2,2,2,2,2,20140514,5,8,2,3,,2,,2,1,2,15,6,1,7,4,2,3,1,2,3,6578,
6080,,,,1,2,2,2,1,2,2,2,2,2,1,20140527,5,1,1,1,1,1,1,2,1,1,15,6,2,,4,1,1,1,5,1,1565,
6081,,,,2,2,2,2,2,2,2,2,2,2,2,20140527,5,10,2,3,,1,,1,1,2,34,6,2,2,1,2,1,2,3,3,593,
6082,,,,2,2,2,2,2,2,2,2,2,2,2,20140507,5,1,2,1,2,2,2,4,1,2,15,6,,,4,1,,,,1,2181,
6083,,,,1,2,2,2,2,2,2,2,2,2,2,20140514,5,9,1,3,,2,,2,1,2,34,6,2,6,2,4,3,2,3,3,1808,
6084,,,,1,2,2,2,2,2,2,2,2,2,2,20140526,5,10,2,3,,2,,2,1,0,34,6,,2,1,1,1,1,2,3,3559,
6085,,,,1,2,2,2,2,2,2,2,2,2,2,20140601,6,4,2,1,1,3,2,6,1,3,15,6,2,,4,2,3,1,2,3,1801,
6086,,,,1,2,2,2,1,2,1,2,2,2,2,20140509,5,6,1,2,2,2,,4,1,1,34,6,,2,3,4,4,2,3,3,40615,
6087,,,,1,2,2,2,2,2,2,2,2,2,1,20140512,5,3,2,1,1,2,,2,1,2,19,6,,,,,,,,1,1068,
6088,,,,2,2,2,2,2,2,2,2,2,2,2,20140530,5,2,2,1,3,2,,5,1,3,15,6,2,,1,1,,,,1,2044,
6089,,,,2,2,2,2,2,2,2,2,2,2,2,20140428,4,3,2,4,,,,4,2,3,34,6,,,4,1,,,,1,1512,
6090,,,,2,2,2,2,2,2,2,2,2,2,2,20140525,5,10,2,3,,2,,2,1,2,29,6,2,6,3,2,1,2,3,3,632,
6091,,,,2,2,2,2,2,2,2,2,2,2,2,20140427,4,2,1,4,,,,4,1,0,15,6,,,4,1,1,2,5,1,6258,
6092,,,,1,2,1,2,2,2,2,2,2,2,2,20140521,5,4,1,2,2,3,3,5,2,1,34,6,2,,4,,3,,,,3458,
6093,,,,1,2,2,2,1,2,2,2,2,2,2,20140508,5,4,2,1,1,2,,3,1,3,15,6,,,4,2,1,2,5,,1575,
6094,,,,1,1,2,2,2,2,2,2,2,2,2,20140428,4,9,1,4,,,,2,1,1,34,6,,6,3,5,4,3,4,3,2713,
6095,,,,2,2,2,2,2,2,2,2,2,2,2,20140521,5,10,2,3,,1,,1,1,1,15,6,2,3,3,2,1,1,2,3,1955,
6096,,,,1,2,2,2,1,2,2,2,2,2,2,20140512,5,3,2,1,2,2,,4,1,2,17,6,,,4,1,1,3,5,1,2993,
6097,,,,2,2,2,2,2,2,2,2,2,2,2,20140505,5,8,2,3,,1,,1,1,0,29,6,,1,1,3,1,2,3,3,12481,
6098,,,,2,2,2,2,2,2,2,2,2,2,2,20140526,5,9,1,3,,2,,2,1,1,19,6,2,4,2,4,4,2,3,3,2387,
6099,,,,2,2,2,2,2,2,2,2,2,2,2,20140521,5,8,2,3,,2,,2,1,1,34,6,2,7,4,3,1,2,3,3,4316,
6100,,,,2,2,2,2,2,2,2,2,2,2,2,20140505,5,3,1,1,1,3,3,4,2,2,15,6,,,4,1,1,1,5,1,1797,
6101,,,,2,2,2,2,2,2,2,2,2,2,2,20140513,5,9,1,3,,2,,2,1,0,34,6,2,6,3,3,1,2,3,3,5425,
6102,,,,1,2,2,2,2,2,2,2,2,2,2,20140526,5,10,2,3,,1,,1,1,1,15,6,2,1,1,4,1,3,4,3,1955,
6103,,,,1,2,2,1,2,2,2,2,2,2,2,20140428,4,5,1,4,,,,4,1,2,19,6,,3,4,5,5,2,3,3,9676,
6104,,,,1,2,2,2,2,2,2,2,2,2,2,20140505,5,2,1,1,1,2,,3,1,1,15,6,,,3,1,1,1,5,1,2347,
6105,,,,2,2,2,2,2,2,2,2,2,2,2,20140523,5,10,2,3,,1,,1,1,0,19,6,2,2,,2,2,1,2,3,2432,
6106,,,,1,2,2,2,2,2,2,2,2,2,2,20140526,5,5,2,3,,2,,2,1,2,34,6,2,6,,1,1,1,2,3,2877,
6107,,,,1,2,2,,2,2,2,2,2,2,2,20140513,5,7,2,3,,3,2,4,1,2,15,6,2,1,,2,3,1,2,3,13157,
6108,,,,1,2,2,2,2,2,2,2,2,2,2,20140505,5,6,1,2,3,2,,5,1,0,19,6,,4,3,3,4,1,2,3,43546,
6109,,,,1,2,2,2,2,2,2,2,2,2,2,20140523,5,1,2,1,1,2,,3,1,1,34,6,2,,4,1,1,4,5,1,1538,
6110,,,,1,2,2,2,2,2,2,2,2,2,2,20140502,5,9,2,3,,1,1,1,1,0,34,6,,6,2,3,3,2,3,3,1779,
6111,,,,1,1,2,2,2,2,2,2,2,2,2,20140521,5,10,1,3,,2,,2,1,1,34,6,2,1,1,5,3,3,4,3,2713,
6112,,,,,,,,,,,1,1,2,2,20140528,5,1,1,1,1,2,,3,2,2,17,6,2,,,,,,,1,1182,
6113,,,,2,2,2,2,2,2,2,2,2,2,2,20140529,5,2,2,1,1,2,,3,1,2,34,6,2,,4,1,1,1,5,1,1026,
6114,,,,2,2,2,2,2,2,2,2,2,2,2,20140521,5,9,2,3,,2,,2,2,1,19,6,1,2,,1,1,1,2,3,1621,
6115,,,,1,2,2,2,1,2,2,2,2,2,2,20140505,5,10,1,3,,2,,2,1,0,15,6,,1,,4,2,2,3,3,15107,
6116,,,,2,2,2,2,2,2,2,2,2,2,2,20140513,5,8,1,3,,2,,2,1,1,19,6,2,6,4,5,3,3,4,3,7257,
6117,,,,1,1,2,2,1,2,2,2,2,2,2,20140427,4,8,2,4,,,,2,1,1,34,6,,1,1,2,2,1,2,3,4316,
6118,,,,2,2,2,2,2,2,2,2,2,2,2,20140429,4,2,1,4,,,,5,2,2,15,6,,,4,1,1,1,5,1,1565,
6119,,,,2,2,2,2,2,2,2,2,2,2,1,20140513,5,9,1,3,,2,,2,2,1,15,6,1,5,3,4,5,1,2,3,3777,
6120,,,,2,2,2,2,2,2,2,2,2,2,2,20140514,5,2,1,1,1,2,,3,1,2,34,6,1,,3,1,,,,1,1004,
6121,,,,2,2,2,2,2,2,2,2,2,2,2,20140507,5,10,2,3,,2,,2,2,0,34,6,,1,1,3,3,1,2,3,1186,
6122,,,,2,2,2,2,2,2,2,2,2,2,2,20140528,5,4,2,3,,3,4,5,2,3,19,6,2,,1,,3,,,3,1776,
6123,,,,1,2,1,1,1,2,2,2,2,2,2,20140514,5,9,2,3,,1,,2,1,0,29,6,2,3,4,1,1,2,3,3,1897,
6124,,,,2,2,2,2,2,2,2,2,2,2,2,20140521,5,8,2,3,,2,,2,1,1,15,6,2,3,,3,3,1,2,3,9868,
6125,,,,1,2,2,2,1,2,2,2,2,2,2,20140427,4,7,2,4,,,,2,1,1,15,6,,4,3,4,2,3,4,3,9868,
6126,,,,1,2,2,2,2,2,2,2,2,2,2,20140513,5,8,1,3,,1,,1,1,0,34,6,2,5,1,2,4,1,2,3,7779,
6127,,,,2,2,2,2,2,2,2,2,2,2,2,20140521,5,8,2,3,,1,,1,1,0,17,6,2,2,2,,2,,,3,7194,
6128,,,,1,2,2,2,2,2,1,2,1,2,2,20140429,4,9,1,4,,,,1,1,0,34,6,,1,1,5,4,3,4,3,2713,
6129,,,,2,2,2,2,2,2,2,2,2,2,2,20140427,4,8,2,4,,,,2,1,0,15,6,,3,3,2,2,1,2,3,19735,
6130,,,,1,2,1,2,2,2,2,2,2,2,2,20140703,7,9,2,3,,1,1,1,1,0,19,6,2,2,,,2,,,3,2432,
6131,,,,2,2,2,2,2,2,2,2,2,2,2,20140518,5,2,2,1,2,2,,4,0,2,15,6,2,,2,1,1,1,5,1,3271,
6132,,,,2,2,2,2,2,2,2,2,2,2,2,20140520,5,5,2,3,,2,,2,0,2,34,6,2,7,1,4,2,2,3,3,4316,
6133,,,,2,2,2,2,2,2,2,2,2,2,2,20140513,5,2,2,1,3,2,2,5,1,0,15,6,2,,2,1,1,1,5,1,8178,
6134,,,,1,2,2,2,2,2,2,2,2,2,2,20140513,5,2,2,1,2,2,2,4,1,2,15,6,2,,,1,1,1,5,1,2181,
6135,,,,2,2,2,2,2,2,2,2,2,2,2,20140527,5,10,2,3,,1,,1,1,0,15,6,1,6,2,2,2,1,2,3,3910,
6136,,,,2,2,2,2,2,2,2,2,2,2,2,20140708,7,1,1,1,2,2,,4,1,2,15,6,2,,4,1,,,,1,2086,
6137,,,,1,2,2,2,1,2,2,2,2,2,2,20140614,6,7,1,3,,3,2,4,1,3,17,6,2,2,3,4,5,2,3,3,14113,
6138,,,,1,2,2,2,1,2,2,2,2,2,2,20140601,6,2,2,1,2,2,,4,1,1,19,6,2,,3,1,,,,1,1771,
6139,,,,2,2,2,2,2,2,2,2,2,2,2,20140514,5,1,1,1,2,2,2,4,1,1,34,6,2,,4,1,,,,1,2008,
6140,,,,1,2,2,2,1,2,2,2,2,2,2,20140429,4,6,2,4,,,,4,1,3,15,6,,6,4,4,4,2,3,3,7894,
6141,,,,1,2,2,2,2,2,2,2,2,2,2,20140707,7,2,2,1,3,2,,5,1,2,34,6,2,,2,1,1,1,5,1,1709,
6142,,,,1,2,1,2,2,2,2,2,1,2,2,20140708,7,2,1,1,1,2,,3,1,1,34,6,2,,2,1,1,3,5,1,1506,
6143,,,,1,2,2,1,1,2,2,2,2,2,2,20140525,5,9,2,3,,3,,4,1,3,34,6,2,1,2,2,1,2,3,3,1779,
6144,,,,1,2,2,2,2,2,1,2,1,2,2,20140628,6,1,2,1,1,2,,3,1,3,34,6,2,,3,1,1,4,5,1,769,
6145,,,,2,2,2,2,1,2,2,2,2,2,2,20140707,7,2,2,1,3,2,2,5,2,0,34,6,2,,4,1,1,1,5,1,2564,
6146,,,,2,2,2,2,2,2,2,2,2,2,2,20140627,6,9,2,3,,1,,1,1,0,15,6,2,2,1,2,2,1,2,3,3910,
6147,,,,2,2,2,2,2,2,2,2,2,2,2,20140521,5,5,1,2,1,2,,3,1,2,34,6,2,6,4,2,4,1,2,3,20308,
6148,,,,2,2,2,2,2,2,2,2,2,2,2,20140627,6,4,2,2,1,3,1,4,1,3,34,6,2,,4,2,2,1,2,3,2749,
6149,,,,1,2,2,2,1,2,2,2,2,2,2,20140522,5,9,2,3,,2,,2,1,2,17,6,2,5,,2,1,2,3,3,1108,
6150,,,,2,2,2,2,2,2,2,2,2,2,2,20140708,7,6,2,3,,2,,2,1,2,15,6,2,2,1,2,3,1,2,3,6578,
6151,,,,1,1,2,1,2,2,2,2,2,2,2,20140523,5,9,2,3,,2,,2,1,1,29,6,2,6,2,2,3,1,2,3,948,
6152,,,,2,2,2,2,2,2,2,2,2,2,2,20140527,5,10,2,3,,2,,2,2,1,34,6,2,2,1,2,3,1,2,3,1186,
6153,,,,2,2,2,2,2,2,2,2,2,2,2,20140530,5,4,2,1,1,2,,3,1,3,15,6,2,,4,2,3,1,5,,1575,
6154,,,,2,2,2,2,2,2,2,2,2,2,2,20140526,5,10,1,3,,2,,2,1,1,34,6,1,7,2,5,5,2,3,3,2713,
6155,,,,1,2,2,2,2,2,2,2,2,2,2,20140617,6,4,2,3,,3,3,5,1,3,34,6,2,,3,2,1,1,2,3,1316,
6156,,,,2,2,2,2,2,2,2,2,2,2,2,20140625,6,9,2,3,,1,,1,1,0,34,6,2,7,2,4,1,3,4,3,1779,
6157,,,,1,1,1,2,1,2,2,2,2,2,2,20140506,5,10,2,3,,1,,1,1,1,15,6,,2,4,3,2,2,3,3,1955,
6158,,,,1,2,2,2,1,2,2,2,2,2,2,20140510,5,3,1,1,1,2,,3,1,0,34,6,,,4,1,1,2,5,1,3424,
6159,,,,2,2,2,2,2,2,2,2,2,2,2,20140705,7,8,1,3,,3,1,4,1,2,15,6,2,2,3,2,4,1,2,3,18219,
6160,,,,2,2,2,2,2,2,2,2,2,2,2,20140619,6,8,1,3,,1,1,1,1,1,15,6,2,1,1,5,5,2,3,3,6832,
6161,,,,2,2,2,2,2,2,2,2,2,2,2,20140708,7,1,2,1,3,2,,5,1,1,15,6,2,,2,1,1,4,5,1,4089,
6162,,,,2,2,2,2,2,2,2,2,2,2,2,20140526,5,4,1,3,,1,,1,1,1,34,6,2,,1,4,4,2,3,3,397,
6163,,,,2,2,2,2,2,2,2,2,2,2,1,20140626,6,9,1,3,,2,,2,2,2,19,6,2,7,4,4,5,1,2,3,955,
6164,,,,2,2,2,2,2,2,2,2,2,2,2,20140704,7,8,2,3,,2,,2,1,2,34,6,2,7,4,3,1,3,4,3,2877,
6165,,,,1,2,2,2,2,2,2,,,,,20140526,5,10,2,3,,1,,1,1,0,15,6,2,1,1,2,1,1,2,3,3910,
6166,,,,2,2,2,2,2,2,2,2,2,2,2,20140428,4,3,2,4,,,,5,1,1,15,6,,,,1,2,1,5,1,5252,
6167,,,,2,2,2,2,2,2,2,2,2,2,2,20140510,5,1,1,1,4,2,2,6,1,0,34,6,,,,1,,,,1,6025,
6168,,,,2,2,2,2,2,2,2,2,2,2,2,20140527,5,9,2,3,,2,1,2,1,0,21,6,2,1,1,2,2,1,2,3,3174,
6169,,,,1,2,2,2,1,2,2,2,2,2,2,20140514,5,5,1,2,2,2,,4,1,2,15,6,2,4,,5,4,2,3,3,40354,
6170,,,,1,2,2,2,2,2,1,2,1,2,2,20140530,5,3,2,1,4,2,,6,1,2,15,6,2,,,,,,,1,4201,
6171,,,,1,2,2,2,1,2,,2,2,2,1,20140527,5,1,2,1,2,2,2,3,1,2,34,6,2,,3,1,,,,1,1026,
6172,,,,1,2,1,1,1,1,2,2,2,2,1,20140505,5,5,2,2,2,2,2,4,1,2,19,6,,6,4,5,2,3,4,3,11394,
6173,,,,1,2,2,2,1,2,2,2,2,2,2,20140521,5,5,2,2,2,2,2,4,1,2,15,6,2,3,1,3,2,2,3,3,29142,
6174,,,,2,2,2,2,1,2,2,2,2,2,2,20140617,6,8,2,3,,2,,2,1,1,15,6,1,2,2,5,3,3,4,3,9868,
6175,,,,2,2,2,2,2,2,2,2,2,2,2,20140708,7,2,1,1,3,2,,5,1,2,19,6,2,,4,1,1,1,5,1,1331,
6176,,,,2,2,2,2,2,2,2,2,2,2,2,20140522,5,10,1,3,,1,1,1,1,1,34,6,2,4,2,4,4,2,3,3,1356,
6177,,,,2,2,2,2,2,2,2,2,2,2,2,20140513,5,7,1,3,,2,,2,2,1,34,6,2,1,2,4,3,2,3,3,3112,
6178,,,,2,1,2,2,2,2,2,2,2,2,2,20140505,5,10,2,3,,1,,1,1,,15,6,,4,1,5,2,3,4,3,3910,
6179,,,,2,2,2,2,2,2,2,2,2,2,2,20140615,6,7,1,3,,1,,1,1,1,34,6,1,2,2,5,5,3,4,3,3889,
6180,,,,2,2,2,2,2,2,2,2,2,1,2,20140623,6,4,2,3,,,2,,1,3,24,6,2,,2,2,,,,3,9,
6181,,,,2,2,2,2,2,2,2,2,2,2,2,20140625,6,4,1,1,2,2,,4,1,1,34,6,2,,4,2,5,1,5,,2282,
6182,,,,1,1,2,1,1,2,2,2,2,2,2,20140513,5,8,2,3,,2,1,2,1,2,15,6,2,3,4,4,3,2,3,3,6578,
6183,,,,2,2,2,2,2,2,2,2,2,2,2,20140710,7,7,1,3,,1,,1,1,0,15,6,2,1,1,3,5,1,2,3,13664,
6184,,,,1,1,2,2,2,2,2,2,2,2,2,20140716,7,4,1,3,,3,4,6,1,3,19,6,1,,3,4,5,1,2,3,1767,
6185,,,,2,2,2,2,2,2,2,2,2,2,2,20140712,7,10,2,3,,2,,2,1,1,34,6,2,2,,3,3,1,2,3,1779,
6186,,,,2,2,2,2,2,2,1,2,1,2,2,20140429,4,2,1,4,,,,5,1,1,34,6,,,4,1,,,,1,2511,
6187,,,,2,2,2,2,2,2,2,2,2,2,2,20140502,5,8,2,3,,1,1,1,1,0,34,6,,4,2,3,1,3,4,3,4316,
6188,,,,2,2,2,2,2,2,2,2,2,2,2,20140507,5,2,2,1,2,2,,4,1,2,29,6,,,3,1,1,2,5,1,2100,
6189,,,,2,2,2,2,2,2,2,2,2,2,2,20140715,7,1,1,1,1,2,,3,1,2,34,6,2,,4,1,,,,1,1004,
6190,,,,1,2,2,2,2,2,2,2,2,2,2,20140717,7,6,2,2,1,1,,2,1,1,24,6,2,3,,,3,,,3,52325,
6191,,,,1,1,2,2,1,2,2,2,2,2,2,20140728,7,9,2,3,,1,,1,1,0,34,6,1,6,1,3,2,2,3,3,1779,
6192,,,,2,2,2,2,2,2,2,2,2,2,2,20140729,7,4,1,3,,3,2,4,1,2,34,6,2,,2,2,3,1,2,3,1060,
6193,,,,2,2,2,2,2,2,2,2,2,2,2,20140522,5,10,1,3,,3,4,5,1,1,19,6,2,4,2,4,2,3,4,3,5967,
6194,,,,1,2,2,2,1,2,2,2,2,2,2,20140729,7,9,1,3,,1,,1,1,0,19,6,1,2,1,5,4,3,4,3,2387,
6195,,,,2,2,2,2,2,2,2,2,2,2,2,20140725,7,3,1,1,3,2,,5,1,1,19,6,2,,4,1,1,1,5,1,3321,
6196,,,,2,2,2,2,2,2,2,2,2,2,2,20140513,5,8,2,2,3,3,1,6,2,3,34,6,2,2,4,5,2,3,4,3,15775,
6197,,,,2,2,2,2,2,2,2,2,2,2,2,20140430,4,2,2,4,,,,4,1,2,17,6,,,4,1,1,1,5,1,2106,
6198,,,,2,2,2,2,2,2,2,2,2,2,2,20140514,5,7,1,3,,2,,2,1,1,34,6,2,2,1,2,1,1,2,3,7779,
6199,,,,2,2,2,2,2,2,2,2,2,2,2,20140716,7,2,1,1,1,2,,3,1,1,17,6,1,,4,1,1,1,5,1,2363,
6200,,,,2,2,2,2,2,2,2,2,2,2,2,20140731,7,1,2,1,2,2,2,4,1,1,15,6,2,,1,1,,,,1,3271,
6201,,,,2,2,2,2,2,2,2,2,2,2,2,20140523,5,1,1,1,2,2,2,4,1,2,19,6,2,,4,1,1,4,5,1,1065,
6202,,,,1,2,2,2,2,2,2,2,2,2,2,20140526,5,2,1,1,2,2,,4,1,0,29,6,2,,4,1,1,1,5,1,4620,
6203,,,,2,2,2,2,2,2,2,2,2,2,2,20140514,5,4,1,1,1,3,3,4,1,3,34,6,2,,4,5,5,3,5,,1141,
6204,,,,1,1,2,2,1,2,2,2,2,2,2,20140514,5,10,2,3,,1,,1,1,0,34,6,2,6,1,5,2,3,4,3,1779,
6205,,,,2,2,2,2,2,2,2,2,2,2,2,20140428,4,9,2,4,,,,2,1,1,15,6,,1,2,4,2,3,4,3,3910,
6206,,,,1,2,2,1,1,2,2,2,2,2,2,20140723,7,9,2,3,,1,,1,1,0,34,6,2,2,1,1,1,1,2,3,1779,
6207,,,,2,2,2,2,2,2,2,2,2,2,2,20140722,7,4,1,3,,3,1,3,1,3,15,6,2,,4,3,5,1,2,3,10248,
6208,,,,1,1,2,2,2,2,2,2,2,2,2,20140526,5,7,2,3,,2,1,2,1,1,15,6,2,1,1,4,3,2,3,3,9868,
6209,,,,1,2,2,2,1,2,2,2,2,2,2,20140523,5,3,2,1,1,2,1,3,1,2,34,6,2,,3,1,,,,1,1890,
6210,,,,2,2,2,2,2,2,2,2,2,2,2,20140530,5,2,1,1,2,3,2,5,1,0,15,6,2,,1,1,1,1,5,1,7823,
6211,,,,2,2,2,2,2,2,2,2,2,2,1,20140723,7,8,2,3,,2,,2,1,1,34,6,2,2,3,3,1,2,3,3,4316,
6212,,,,1,1,2,2,2,2,2,2,2,2,1,20140714,7,9,2,3,,1,,1,1,1,15,6,1,6,2,4,4,2,3,3,1955,
6213,,,,1,2,2,2,2,2,2,2,2,2,2,20140503,5,10,1,3,,1,1,1,1,0,34,6,,1,3,4,5,1,2,3,2713,
6214,,,,2,2,2,2,2,2,2,2,2,2,1,20140514,5,6,1,3,,2,1,2,1,0,34,6,2,3,1,4,5,1,2,3,15557,
6215,,,,1,2,2,2,1,2,2,2,2,2,2,20140505,5,4,1,1,1,2,2,3,1,0,34,6,,,1,5,4,3,5,,3424,
6216,,,,1,1,1,2,2,2,2,2,2,2,2,20140505,5,8,1,3,,2,,2,1,1,19,6,,7,4,3,5,1,2,3,7257,
6217,,,,2,2,2,2,2,2,2,2,2,2,2,20140730,7,2,1,1,1,2,,3,1,2,15,6,2,,4,1,1,1,5,1,1565,
6218,,,,2,2,2,2,2,2,2,2,2,2,2,20140730,7,9,1,3,,2,,2,1,2,17,6,2,6,4,4,4,2,3,3,3361,
6219,,,,2,2,2,2,2,2,2,2,2,2,2,20140730,7,4,2,1,1,2,2,3,1,2,15,6,2,,2,1,1,1,5,,2101,
6220,,,,2,2,2,2,2,2,2,2,2,2,2,20140513,5,6,2,2,2,2,,4,1,2,19,6,2,6,4,1,1,1,2,3,11394,
6221,,,,1,1,2,2,2,2,2,2,2,2,2,20140507,5,9,2,3,,1,,1,1,0,15,6,,1,1,4,2,3,4,3,3910,
6222,,,,1,2,2,2,2,2,2,2,2,2,1,20140723,7,5,2,2,1,2,,3,1,1,19,6,2,4,2,4,2,3,4,3,12818,
6223,,,,2,2,2,2,2,2,1,2,1,2,2,20140731,7,1,2,1,3,2,,5,1,1,34,6,2,,3,1,1,1,5,1,2564,
6224,,,,2,2,2,2,2,2,2,2,2,2,2,20140730,7,9,2,3,,2,2,2,1,2,34,6,2,7,4,4,2,3,4,3,1186,
6225,,,,2,2,2,2,2,2,2,2,2,2,2,20140729,7,9,2,3,,2,,2,1,1,34,6,2,1,1,3,2,2,3,3,1779,
6226,,,,1,2,2,1,1,2,2,2,2,2,2,20140723,7,5,2,3,,2,,2,1,2,15,6,2,4,3,1,1,1,1,3,6578,
6227,,,,2,2,2,2,2,2,2,2,2,2,2,20140729,7,9,1,3,,2,,2,1,0,34,6,2,1,2,5,5,2,3,3,5425,
6228,,,,1,1,2,2,1,2,2,2,1,2,2,20140528,5,4,2,1,1,2,2,3,1,1,15,6,2,,2,1,4,1,5,,3151,
6229,,,,1,2,2,2,2,2,2,2,2,2,2,20140527,5,1,2,1,2,2,,4,1,2,15,6,2,,4,1,1,2,5,1,2181,
6230,,,,2,2,2,2,2,2,2,2,1,1,2,20140801,8,4,2,3,,3,2,3,1,3,34,6,2,,4,2,1,2,3,3,658,
6231,,,,1,2,2,2,2,2,2,2,2,2,2,20140721,7,7,1,3,,1,1,1,1,1,15,6,1,1,,2,4,1,2,3,6832,
6232,,,,2,2,2,2,2,2,2,2,2,2,2,20140529,5,1,2,1,2,2,,4,1,1,15,6,2,,2,1,1,1,5,1,3271,
6233,,,,2,2,2,2,2,2,2,2,2,2,2,20140429,4,9,2,4,,,,1,1,,34,6,,2,1,3,1,3,4,3,1779,
6234,,,,2,2,2,2,2,2,2,2,2,2,2,20140723,7,8,2,3,,2,,2,1,1,34,6,2,4,,3,2,2,3,3,4316,
6235,,,,1,2,2,2,2,2,2,2,2,2,2,20140730,7,9,1,3,,1,,1,1,1,15,6,2,6,,4,5,1,2,3,3777,
6236,,,,2,2,2,2,2,2,2,2,2,2,2,20140520,5,5,2,3,,1,,1,1,1,15,6,2,4,2,1,1,1,2,3,4934,
6237,,,,1,2,2,2,1,2,2,2,2,2,2,20140616,6,4,2,3,,3,1,3,1,3,15,6,1,,2,2,3,1,2,3,7401,
6238,,,,2,2,2,2,2,2,2,2,2,2,2,20140429,4,10,1,4,,,,2,1,1,34,6,,1,2,3,1,2,3,3,2713,
6239,,,,2,2,2,2,2,2,2,2,2,2,2,20140429,4,9,2,4,,,,1,1,0,34,6,,2,2,3,4,1,2,3,1779,
6240,,,,2,2,2,2,2,2,1,2,2,2,2,20140530,5,1,2,1,2,2,,4,1,1,34,6,2,,2,1,,,,1,2051,
6241,,,,1,2,2,2,1,2,2,2,2,2,2,20140524,5,4,2,3,,3,2,4,1,3,17,6,2,,4,2,2,1,2,3,3871,
6242,,,,1,1,2,2,2,2,2,2,2,2,2,20140728,7,9,2,3,,2,,2,1,0,15,6,2,1,1,1,1,1,2,3,7819,
6243,,,,1,2,2,2,2,2,2,2,2,2,2,20140731,7,3,2,1,2,2,2,4,1,3,15,6,2,,4,2,4,1,5,1,2101,
6244,,,,2,2,2,2,2,2,2,2,2,2,2,20140716,7,1,1,1,1,2,,3,1,1,34,6,2,,2,1,,,,1,1506,
6245,,,,2,2,2,2,2,2,2,2,2,2,2,20140806,8,3,1,1,3,2,,5,2,3,34,6,2,,,,,,,1,951,
6246,,,,1,1,2,2,2,2,2,2,,2,2,20140527,5,9,2,3,,1,,1,1,1,19,6,2,1,1,1,1,1,1,3,1216,
6247,,,,2,2,2,2,2,2,2,2,2,2,2,20140513,5,2,1,1,3,2,,5,1,0,19,6,2,,3,1,,,,1,3993,
6248,,,,1,2,2,2,2,1,2,2,2,2,2,20140513,5,2,1,1,2,2,,4,1,1,34,6,2,,4,1,1,1,5,1,2008,
6249,,,,2,2,2,2,2,2,2,2,2,2,2,20140503,5,8,2,3,,2,1,2,1,0,34,6,,4,2,2,1,1,2,3,8632,
6250,,,,2,2,2,2,2,2,2,2,2,2,2,20140427,4,10,2,4,,,,2,1,1,19,6,,1,,1,1,1,2,3,2432,
6251,,,,2,2,1,2,2,2,2,2,2,2,1,20140728,7,9,1,3,,3,1,4,1,2,34,6,2,4,4,5,5,2,3,3,3617,
6252,,,,2,2,2,2,2,2,2,2,1,2,2,20140729,7,9,1,3,,2,,2,1,2,34,6,2,4,4,,4,,,3,1808,
6253,,,,1,2,2,2,2,2,2,2,2,2,2,20140716,7,5,1,3,,1,,1,1,1,19,6,2,2,3,4,4,2,3,3,3628,
6254,,,,2,2,2,2,2,2,2,2,2,2,2,20140429,4,5,2,4,,,,3,1,2,34,6,,6,3,2,1,2,3,3,4316,
6255,,,,2,2,2,2,2,2,2,2,2,2,2,20140528,5,1,1,1,1,2,,3,1,1,15,6,2,,,1,,,,1,2347,
6256,,,,2,2,2,2,2,2,2,2,2,2,2,20140714,7,8,1,3,,1,,1,1,0,34,6,1,2,2,4,4,2,3,3,7779,
6257,,,,2,2,2,2,2,2,2,2,2,2,2,20140507,5,9,1,3,,2,2,2,2,1,34,6,,1,1,4,4,2,3,3,1808,
6258,,,,2,2,2,2,2,2,2,2,2,2,2,20140713,7,6,2,2,2,2,,4,1,0,19,6,2,6,3,1,1,1,2,3,34182,
6259,,,,2,2,2,2,2,2,2,2,2,2,2,20140730,7,9,2,3,,2,,2,1,2,34,6,2,5,,2,1,2,3,3,1186,
6260,,,,2,2,2,2,2,2,2,2,2,2,2,20140513,5,8,2,3,,1,1,1,1,0,19,6,2,5,1,1,2,1,2,3,7120,
6261,,,,1,2,2,2,1,2,2,2,2,2,2,20140713,7,9,1,3,,1,,1,1,0,34,6,2,7,,3,5,1,2,3,2713,
6262,,,,1,2,2,2,2,2,2,2,2,2,2,20140710,7,8,1,3,,2,,2,1,2,34,6,2,2,2,2,3,1,2,3,5186,
6263,,,,2,2,2,2,2,2,2,2,2,2,2,20140530,5,3,2,1,1,3,1,4,1,3,34,6,2,,2,3,1,2,5,1,1512,
6264,,,,1,2,2,2,1,2,2,2,2,2,2,20140512,5,2,2,1,2,2,2,4,2,2,34,6,,,,1,1,3,5,1,1026,
6265,,,,2,2,2,2,2,2,2,2,2,2,2,20140723,7,9,2,3,,2,,2,1,1,21,6,2,2,4,2,3,1,2,3,1587,
6266,,,,1,2,2,2,2,2,2,2,2,2,1,20140808,8,3,1,1,3,2,,5,1,3,34,6,2,,4,2,2,1,5,1,1427,
6267,,,,2,2,2,2,2,2,2,2,2,2,2,20140427,4,8,1,4,,,,1,1,0,15,6,,2,1,3,4,1,2,3,13664,
6268,,,,2,2,2,2,1,2,2,2,2,2,2,20140430,4,9,1,4,,,,3,1,0,34,6,,4,2,4,3,2,3,3,8138,
6269,,,,2,2,2,2,2,2,2,2,2,2,2,20140527,5,3,1,1,2,2,2,4,1,0,15,6,2,,3,1,1,1,5,1,10784,
6270,,,,2,2,2,2,2,2,2,2,2,2,2,20140430,4,9,1,4,,,,2,2,1,34,6,,4,2,3,3,1,2,3,1356,
6271,,,,1,1,2,2,2,2,1,2,2,2,2,20140718,7,9,1,3,,2,,2,2,1,34,6,2,1,1,5,4,3,4,3,1808,
6272,,,,1,1,2,2,1,2,2,2,2,2,2,20140728,7,9,1,3,,2,,2,1,1,34,6,2,4,2,4,3,2,3,3,2713,
6273,,,,2,2,2,2,2,2,2,2,2,1,2,20140717,7,9,1,3,,2,,2,1,1,34,6,2,2,1,3,4,1,2,3,2713,
6274,,,,2,2,2,2,2,2,2,2,2,2,2,20140513,5,1,2,1,1,2,2,3,1,2,15,6,2,,2,1,1,3,5,1,1636,
6275,,,,1,2,2,2,2,2,2,2,2,2,2,20140806,8,3,2,1,2,2,,4,1,3,21,6,2,,4,2,3,1,5,1,743,
6276,,,,2,2,2,2,2,2,2,2,2,2,2,20140712,7,10,2,3,,1,,1,1,1,15,6,2,2,1,3,2,2,3,3,1955,
6277,,,,2,2,2,2,2,2,2,2,2,2,2,20140716,7,10,2,3,,2,,2,1,1,19,6,2,1,1,2,1,1,2,3,2432,
6278,,,,1,1,2,2,2,2,2,2,2,2,2,20140714,7,5,1,3,,3,1,3,2,2,19,6,2,5,,5,2,3,4,3,3628,
6279,,,,1,2,2,2,1,2,2,2,2,2,2,20140530,5,4,1,3,,3,4,6,1,3,15,6,2,,4,4,5,2,3,3,2066,
6280,,,,1,1,2,2,2,2,2,2,2,2,2,20140521,5,6,2,3,,1,,1,1,0,15,6,2,2,1,5,4,3,4,3,9868,
6281,,,,2,2,2,2,2,2,2,2,2,2,2,20140530,5,2,2,1,2,2,,4,1,1,15,6,1,,2,,,,,1,3271,
6282,,,,2,2,2,2,2,2,2,2,2,1,2,20140726,7,2,2,1,3,2,,5,2,2,34,6,2,,2,1,1,1,5,1,1282,
6283,,,,2,2,2,2,2,2,2,2,2,2,2,20140430,4,9,2,4,,,,2,1,0,19,6,,2,2,,1,,,3,4864,
6284,,,,2,2,2,2,2,2,2,2,2,2,2,20140715,7,9,1,3,,2,,2,1,,15,6,2,,,4,4,2,3,3,15107,
6285,,,,2,2,2,2,2,2,2,2,2,2,2,20140717,7,8,1,3,,2,,2,1,0,29,6,2,6,2,4,3,2,3,3,7403,
6286,,,,1,2,2,2,1,2,2,2,2,2,2,20140528,5,9,2,3,,1,,2,1,1,34,6,2,1,2,4,1,3,4,3,1779,
6287,,,,2,2,2,2,2,2,2,2,2,2,2,20140530,5,2,2,1,3,2,,5,1,2,19,6,2,,4,1,1,3,5,1,1476,
6288,,,,2,2,2,2,2,2,2,2,2,2,2,20140729,7,10,2,3,,1,1,1,1,0,34,6,2,1,1,2,1,1,2,3,1779,
6289,,,,2,2,2,2,1,2,2,2,2,2,2,20140726,7,9,2,3,,1,,1,1,0,24,6,2,7,1,2,3,1,1,3,1930,
6290,,,,2,2,2,2,2,2,2,2,2,2,2,20140729,7,1,1,1,1,2,2,3,1,2,34,6,2,,3,1,1,4,5,1,1004,
6291,,,,1,2,2,2,2,1,2,2,2,2,2,20140728,7,4,1,1,1,3,1,4,0,3,17,6,2,,2,1,2,1,5,,1485,
6292,,,,2,2,2,2,2,2,2,2,2,2,2,20140729,7,9,2,3,,2,,2,1,1,15,6,1,2,2,2,1,2,3,3,3910,
6293,,,,2,2,2,2,1,2,1,2,1,2,2,20140802,8,2,1,1,2,2,,4,1,2,17,6,1,,4,1,1,1,5,1,2101,
6294,,,,2,2,2,2,2,2,2,2,2,2,2,20140521,5,8,1,3,,2,,2,1,1,19,6,2,2,2,3,3,2,3,3,7257,
6295,,,,2,2,2,2,2,2,2,2,2,2,2,20140524,5,2,1,1,3,2,2,5,1,2,34,6,2,,4,1,,,,1,1674,
6296,,,,1,2,1,2,1,2,2,2,2,2,2,20140715,7,3,2,1,2,2,,4,1,3,19,6,2,,,1,3,1,5,1,1282,
6297,,,,2,2,2,2,2,2,2,2,2,2,2,20140514,5,9,1,3,,1,1,1,2,1,34,6,2,2,2,4,5,1,2,3,904,
6298,,,,1,2,2,2,1,2,2,2,2,2,2,20140525,5,1,1,1,1,2,2,3,1,2,34,6,2,,3,1,1,4,5,1,1004,
6299,,,,1,2,2,2,2,2,2,2,2,2,2,20140513,5,9,2,3,,2,,2,1,0,34,6,2,1,,2,1,2,3,3,3559,
6300,,,,1,2,2,2,2,2,2,2,2,2,2,20140512,5,3,2,1,2,2,,4,1,3,15,6,,,4,2,4,1,5,1,2101,
6301,,,,2,2,2,2,2,2,2,2,2,2,2,20140721,7,10,2,3,,1,,1,1,0,15,6,2,2,1,4,3,2,3,3,3910,
6302,,,,2,2,2,2,2,2,2,2,2,2,2,20140729,7,1,2,1,3,2,,5,1,1,15,6,2,,1,1,,,,1,4089,
6303,,,,2,2,2,2,2,2,2,2,1,2,2,20140429,4,7,2,4,,,,4,1,1,34,6,,6,,3,2,2,3,3,8632,
6304,,,,1,2,2,2,2,2,2,2,2,2,2,20140521,5,7,1,2,3,2,,5,1,3,19,6,2,4,,4,5,2,3,3,8709,
6305,,,,2,2,2,2,2,2,2,2,2,2,2,20140513,5,8,1,3,,2,,2,1,2,34,6,2,2,3,4,4,2,3,3,5186,
6306,,,,2,2,2,2,2,2,2,2,2,2,2,20140711,7,9,2,3,,1,,1,1,0,15,6,2,6,2,2,1,1,2,3,3910,
6307,,,,1,2,2,2,2,2,2,2,2,2,2,20140717,7,7,2,3,,2,,2,1,2,34,6,2,4,,1,1,1,2,3,2877,
6308,,,,1,2,2,2,2,2,2,2,2,2,2,20140506,5,10,1,3,,1,,1,1,0,34,6,,1,2,3,4,1,2,3,2713,
6309,,,,1,2,2,1,1,2,2,2,2,2,1,20140524,5,2,2,1,3,2,,5,1,2,15,6,2,,4,1,1,1,5,1,2726,
6310,,,,1,2,2,1,1,2,2,2,1,2,2,20140714,7,7,2,3,,3,1,3,1,3,24,6,2,4,2,3,3,2,3,3,921,
6311,,,,1,2,2,2,1,2,2,2,2,2,1,20140616,6,8,2,3,,2,,2,1,2,34,6,2,2,2,2,1,1,2,3,2877,
6312,,,,1,1,2,1,1,2,2,2,2,2,2,20140611,6,8,2,3,,2,,2,1,1,15,6,2,2,2,2,2,1,2,3,9868,
6313,,,,2,2,2,2,2,2,2,2,2,2,2,20140521,5,7,1,3,,3,,3,0,3,15,6,2,2,3,3,4,1,2,3,13664,
6314,,,,2,2,2,2,2,2,2,2,2,2,2,20140716,7,6,2,2,2,1,,3,1,1,15,6,2,6,1,3,1,3,4,3,32785,
6315,,,,1,2,2,2,1,2,2,2,2,2,2,20140804,8,4,2,3,,3,,5,1,3,34,6,2,,3,1,4,1,1,2,1097,
6316,,,,2,2,2,2,2,2,2,2,2,2,2,20140808,8,10,1,3,,1,,1,1,0,21,6,2,1,2,3,4,1,2,3,1129,
6317,,,,2,2,2,2,2,2,2,2,2,2,2,20140806,8,1,1,1,2,2,,4,1,2,34,6,2,,4,1,1,4,5,1,1339,
6318,,,,1,2,2,2,1,2,2,2,2,2,2,20140526,5,4,2,3,,3,2,4,0,3,34,6,2,,2,2,2,1,2,3,1316,
6319,,,,1,1,2,2,2,2,2,2,2,2,2,20140723,7,10,2,2,1,3,,4,1,0,17,6,2,1,,4,3,2,3,3,10348,
6320,,,,2,2,2,2,2,2,2,2,2,2,2,20140806,8,1,2,1,2,2,,4,1,2,19,6,2,,3,1,1,4,5,1,1181,
6321,,,,2,2,2,2,2,2,2,2,2,2,2,20140714,7,5,1,3,,2,,2,1,1,15,6,2,7,2,2,4,1,2,3,13664,
6322,,,,2,2,2,2,2,2,2,2,2,2,2,20140806,8,1,2,1,1,2,,3,1,2,15,6,2,,4,1,1,4,5,1,1636,
6323,,,,2,1,1,2,2,2,2,2,2,2,2,20140716,7,8,2,3,,2,,2,2,1,34,6,2,2,2,2,1,1,2,3,2877,
6324,,,,2,2,2,2,2,2,2,2,2,2,2,20140526,5,9,2,3,,2,,2,1,0,15,6,2,6,,2,3,1,2,3,7819,
6325,,,,1,2,2,2,1,2,2,2,2,2,2,20140524,5,4,1,1,1,2,1,3,1,1,34,6,2,,2,1,2,1,5,,1712,
6326,,,,1,1,1,1,1,2,2,2,2,2,2,20140719,7,6,2,3,,2,,2,1,2,15,6,2,2,4,3,4,1,2,3,6578,
6327,,,,1,2,2,2,2,2,2,2,2,2,2,20140521,5,3,2,1,2,2,,4,1,2,34,6,2,,3,1,1,1,5,1,2520,
6328,,,,2,2,2,1,1,2,2,2,2,2,2,20140802,8,2,1,1,1,1,,2,1,0,17,6,2,,1,1,1,1,5,1,3151,
6329,,,,2,2,2,2,2,2,2,2,2,2,2,20140804,8,2,1,1,3,2,,5,1,2,15,6,2,,1,1,1,3,5,1,2608,
6330,,,,2,2,2,2,2,2,2,2,2,2,2,20140712,7,6,2,3,,1,,1,1,1,15,6,2,5,3,1,1,1,2,3,4934,
6331,,,,2,2,2,2,2,2,2,2,2,2,2,20140720,7,7,2,3,,3,1,3,1,1,34,6,1,1,2,2,3,1,2,3,6474,
6332,,,,1,2,2,2,2,2,2,2,2,2,2,20140714,7,8,2,3,,1,,1,1,1,17,6,2,5,2,2,3,1,2,3,3597,
6333,,,,2,2,2,2,2,2,2,2,2,2,2,20140729,7,4,1,1,2,2,2,4,1,3,15,6,2,,1,1,2,1,5,,2696,
6334,,,,2,2,2,2,2,2,2,2,2,2,2,20140529,5,4,2,2,1,2,1,3,1,3,34,6,2,,3,,3,,,3,2577,
6335,,,,2,2,2,2,2,2,2,2,2,2,2,20140729,7,9,1,3,,2,2,2,1,1,21,6,2,1,2,5,5,2,3,3,1129,
6336,,,,1,1,2,2,1,2,2,2,2,2,2,20140725,7,7,2,3,,2,,2,1,2,34,6,1,6,4,2,3,1,2,3,2877,
6337,,,,1,1,2,2,1,2,2,2,2,2,2,20140805,8,4,2,2,1,3,3,4,1,3,34,6,2,,3,2,2,1,2,3,2749,
6338,,,,2,2,2,2,2,2,2,2,2,2,2,20140710,7,7,1,3,,2,,2,1,0,34,6,2,3,2,5,5,2,3,3,15557,
6339,,,,2,2,2,2,2,2,2,2,2,2,2,20140807,8,2,2,1,2,2,,4,1,1,15,6,2,,,,1,,,1,3271,
6340,,,,1,2,2,2,2,2,2,2,2,2,2,20140521,5,3,1,1,2,2,2,4,1,2,15,6,2,,2,3,3,2,5,1,3595,
6341,,,,2,2,2,2,2,2,2,2,2,2,2,20140521,5,6,2,2,3,2,,5,1,1,34,6,2,4,4,5,3,3,4,3,28170,
6342,,,,2,2,2,2,2,2,2,2,2,2,2,20140521,5,8,2,3,,1,,1,1,1,15,6,2,6,4,2,1,1,2,3,4934,
6343,,,,1,2,2,2,2,2,2,2,2,2,2,20140521,5,9,2,3,,1,,1,1,0,34,6,2,2,1,2,3,1,2,3,1779,
6344,,,,2,2,2,2,2,2,2,2,2,2,2,20140716,7,7,1,3,,2,,2,1,2,19,6,2,3,4,5,4,3,4,3,4838,
6345,,,,2,2,2,2,2,2,2,2,2,2,1,20140710,7,9,1,3,,1,,1,1,1,17,6,2,4,2,3,4,1,2,3,2521,
6346,,,,1,2,2,2,2,2,2,2,2,2,2,20140719,7,7,2,2,1,3,1,4,1,3,19,6,2,6,4,3,1,3,4,3,8546,
6347,,,,2,2,2,2,2,2,2,2,2,2,2,20140521,5,6,1,3,,2,,2,1,0,15,6,2,4,1,2,4,1,1,3,27328,
6348,,,,1,1,2,2,2,2,2,2,2,2,2,20140725,7,7,2,2,1,1,,2,1,2,19,6,2,7,3,3,4,1,2,3,5697,
6349,,,,2,2,2,2,2,2,2,2,2,2,2,20140710,7,7,2,3,,3,2,4,1,3,17,6,2,7,4,4,2,3,4,3,7194,
6350,,,,2,2,2,2,2,2,2,2,2,2,2,20140720,7,7,2,3,,2,,2,1,2,17,6,2,4,4,4,2,2,3,3,4796,
6351,,,,2,2,2,2,2,2,2,2,2,2,2,20140601,6,2,1,1,3,2,2,5,1,2,34,6,2,,,1,1,1,5,1,1674,
6352,,,,1,2,2,1,2,2,2,2,2,2,2,20140530,5,4,1,1,2,2,2,4,1,3,34,6,2,,3,4,5,1,5,,1141,
6353,,,,2,2,2,2,2,2,2,2,2,2,2,20140528,5,1,2,1,2,2,2,4,1,2,29,6,2,,2,1,,,,1,2100,
6354,,,,2,2,2,2,2,2,2,2,2,2,2,20140527,5,9,2,3,,2,1,2,1,1,15,6,2,4,1,3,1,2,3,3,3910,
6355,,,,1,2,2,2,1,2,2,2,2,2,1,20140502,5,6,2,3,,1,,1,1,1,15,6,,7,3,2,3,1,2,3,4934,
6356,,,,2,2,2,2,2,2,2,2,2,2,2,20140713,7,9,2,3,,2,,2,1,1,34,6,1,6,4,2,1,2,3,3,1779,
6357,,,,2,2,2,2,2,2,2,2,2,2,2,20140715,7,8,1,3,,1,,1,1,1,15,6,1,5,1,5,4,3,4,3,6832,
6358,,,,2,2,2,2,2,2,2,2,2,2,2,20140522,5,4,1,3,,3,4,5,1,3,21,6,2,,4,4,5,1,2,3,3076,
6359,,,,2,2,2,2,2,2,2,2,2,2,2,20140728,7,10,2,3,,2,,2,1,0,21,6,2,6,3,2,3,1,2,3,3174,
6360,,,,2,2,2,2,2,2,2,2,2,2,2,20140730,7,9,2,3,,1,,1,1,0,34,6,2,2,1,2,1,2,3,3,1779,
6361,,,,2,2,2,2,2,2,2,2,2,2,2,20140722,7,2,2,1,1,2,,3,1,1,15,6,2,,3,1,1,1,5,1,2453,
6362,,,,2,2,2,2,2,2,2,2,2,2,2,20140508,5,1,1,1,3,2,,5,1,1,15,6,,,,1,,,,1,3912,
6363,,,,2,2,2,2,2,2,2,2,2,2,2,20140728,7,9,2,3,,1,,1,1,1,15,6,1,7,3,2,3,1,2,3,1955,
6364,,,,1,2,2,2,1,2,2,2,2,2,2,20140719,7,9,2,3,,2,,2,1,2,34,6,2,2,,2,1,2,3,3,1186,
6365,,,,1,1,2,1,2,2,2,2,2,2,2,20140807,8,9,2,3,,1,,1,1,0,34,6,2,1,1,2,2,1,2,3,1779,
6366,,,,2,2,2,2,2,2,2,2,2,2,2,20140722,7,8,2,3,,1,,1,1,1,34,6,1,2,1,5,3,3,4,3,2158,
6367,,,,1,2,2,1,2,2,2,2,2,2,2,20140806,8,2,2,1,2,2,,4,1,2,34,6,2,,4,1,1,3,5,1,1367,
6368,,,,1,2,2,1,1,2,2,2,2,2,2,20140713,7,8,2,3,,2,,2,1,2,24,6,1,7,4,2,2,1,2,3,818,
6369,,,,2,2,2,2,2,2,2,2,2,2,2,20140428,4,5,1,4,,,,1,1,0,19,6,,1,1,,3,,,3,7257,
6370,,,,1,2,2,2,2,2,2,2,2,2,2,20140716,7,5,2,3,,2,,2,1,2,15,6,2,6,4,5,4,2,3,3,6578,
6371,,,,2,2,2,2,2,2,2,2,2,2,2,20140804,8,2,1,1,1,1,,2,1,1,19,6,2,,1,1,1,1,5,1,799,
6372,,,,2,2,2,2,2,2,2,2,2,2,2,20140715,7,4,2,1,2,3,3,5,1,3,15,6,1,,1,2,1,2,5,,2626,
6373,,,,1,2,2,,1,2,2,2,2,2,2,20140428,4,6,1,4,,,,4,1,2,15,6,,6,4,3,3,1,2,3,18219,
6374,,,,1,2,2,1,2,2,2,2,2,2,2,20140728,7,4,2,1,1,2,,3,1,1,34,6,2,,3,2,4,1,5,,2835,
6375,,,,1,1,2,2,2,2,1,2,2,2,2,20140729,7,2,1,1,3,2,,5,1,1,34,6,2,,4,1,1,3,5,1,2511,
6376,,,,2,2,2,2,2,2,2,2,2,2,2,20140724,7,8,2,3,,2,,2,1,1,34,6,2,6,3,4,3,2,3,3,4316,
6377,,,,1,2,2,2,1,2,2,2,2,2,2,20140427,4,9,2,4,,,,2,1,2,15,6,,1,2,4,3,2,3,3,2606,
6378,,,,2,2,2,2,2,2,2,2,2,2,2,20140922,9,7,2,3,,2,,2,1,0,15,6,2,2,2,1,1,1,2,3,19735,
6379,,,,2,2,2,2,2,2,2,2,2,2,2,20140922,9,2,1,1,2,2,,4,1,2,19,6,2,,4,1,1,1,5,1,1065,
6380,,,,2,2,2,2,2,2,2,2,2,2,2,20141009,10,1,2,1,1,2,,3,1,2,15,6,2,,1,1,1,1,5,1,1636,
6381,,,,2,2,2,2,2,2,2,1,2,2,2,20140920,9,7,2,2,3,2,,5,1,3,15,6,1,6,4,4,3,2,3,3,18214,
6382,,,,2,2,2,2,2,2,2,2,2,2,2,20141009,10,4,2,3,,2,1,2,1,2,15,6,2,,,2,2,1,2,3,1252,
6383,,,,2,2,2,2,2,2,2,2,2,2,2,20140919,9,8,1,3,,1,,1,1,1,34,6,2,2,1,5,3,3,4,3,3889,
6384,,,,2,2,2,2,2,2,2,2,2,2,2,20140922,9,3,1,1,3,2,,5,1,2,34,6,2,,4,1,1,1,5,1,1902,
6385,,,,2,2,2,2,2,2,2,2,2,2,2,20140910,9,7,1,3,,2,,2,1,1,19,6,2,4,3,5,5,2,3,3,7257,
6386,,,,1,2,2,2,2,2,2,2,2,2,2,20140911,9,8,2,3,,3,,3,1,0,34,6,2,2,,3,1,2,3,3,12948,
6387,,,,2,2,2,2,2,2,2,2,2,2,2,20141009,10,4,2,1,2,2,,4,1,2,17,6,2,,4,1,3,1,5,,2993,
6388,,,,1,1,2,2,1,2,2,2,2,2,2,20140923,9,9,2,3,,2,,2,1,1,15,6,2,6,,2,2,1,2,3,3910,
6389,,,,2,2,2,2,2,2,2,2,2,2,2,20140929,9,1,2,1,2,2,,4,1,2,34,6,2,,3,1,1,4,5,1,1367,
6390,,,,2,2,2,2,2,2,2,2,2,2,2,20140923,9,1,1,1,1,2,,3,1,0,15,6,2,,,1,1,4,5,1,4694,
6391,,,,1,2,2,2,1,2,1,2,2,2,2,20141103,11,8,1,3,,2,,2,2,2,34,6,1,7,3,4,3,2,3,3,3889,
6392,,,,1,2,2,2,2,2,2,2,2,2,2,20140929,9,2,2,1,4,2,,6,1,1,24,6,2,,3,1,,,,1,2969,
6393,,,,1,2,2,2,2,2,2,2,2,2,2,20140915,9,9,1,3,,2,,2,1,1,29,6,2,6,2,3,4,1,2,3,1654,
6394,,,,1,1,2,2,2,2,2,2,2,2,2,20140910,9,9,2,3,,1,,1,2,2,15,6,1,6,,2,1,2,3,3,782,
6395,,,,2,2,2,2,2,2,2,2,2,2,2,20140913,9,2,1,1,1,2,,3,1,2,15,6,2,,3,1,1,1,5,1,1565,
6396,,,,1,2,2,2,2,2,2,2,2,2,2,20140913,9,6,1,2,3,2,,5,1,2,19,6,2,4,4,4,5,1,2,3,14515,
6397,,,,2,2,2,2,2,2,2,2,2,2,2,20140916,9,8,1,3,,1,,1,1,1,24,6,2,4,2,3,5,1,2,3,10168,
6398,,,,2,2,2,2,2,2,2,2,2,2,2,20141007,10,4,1,3,,3,,,1,3,34,6,2,,4,3,5,1,2,2,795,
6399,,,,2,2,2,2,2,2,2,2,2,2,2,20140917,9,10,2,3,,1,,1,1,1,15,6,2,1,1,2,1,2,3,3,1955,
6400,,,,1,2,2,2,2,2,2,2,2,2,2,20140912,9,8,2,3,,1,,1,1,1,15,6,2,6,4,2,2,1,2,3,4934,
6401,,,,2,2,2,2,2,2,2,2,2,2,2,20141001,10,2,1,1,4,2,,6,1,2,15,6,2,,4,,,,,1,3129,
6402,,,,2,2,2,2,2,2,2,2,2,2,2,20141002,10,3,1,1,1,2,,3,1,1,34,6,2,,,1,1,1,5,1,1712,
6403,,,,2,2,2,2,2,2,2,2,2,2,2,20140923,9,10,2,3,,1,,1,1,0,15,6,2,1,,2,1,2,3,3,3910,
6404,,,,1,2,2,2,2,1,2,2,2,2,2,20140807,8,2,2,1,3,2,2,5,1,0,24,6,2,,2,1,,,,1,4948,
6405,,,,2,2,2,2,2,2,2,2,2,2,2,20140915,9,9,1,3,,2,,2,1,1,15,6,2,6,3,5,5,3,4,3,7553,
6406,,,,1,2,2,2,2,2,2,2,2,2,2,20140805,8,4,2,3,,3,3,5,1,3,15,6,1,,,3,3,1,2,3,1565,
6407,,,,1,2,2,2,2,2,2,2,2,2,2,20140924,9,4,1,3,,3,2,,1,3,34,6,2,,4,5,5,2,3,3,795,
6408,,,,2,2,2,2,2,2,2,2,2,2,2,20140913,9,10,2,3,,2,,2,1,2,15,6,2,6,2,2,3,1,2,3,2606,
6409,3,1,1,1,1,2,2,2,2,2,2,2,2,2,20141201,12,10,2,3,,1,,1,,,15,6,2,2,1,5,2,3,4,3,3910,"Pas d’âge, santé implicite"
6410,,,,2,2,2,2,2,2,2,2,2,2,2,20140916,9,8,1,3,,2,,2,1,2,21,6,2,2,3,5,5,3,4,3,2461,
6411,,,,2,2,2,2,2,2,2,2,2,2,2,20141009,10,4,1,1,1,3,1,4,1,2,21,6,2,,1,2,4,1,5,,1567,
6412,,,,2,2,2,2,2,2,2,2,2,2,2,20141007,10,2,2,1,1,2,,,2,2,15,6,2,,,1,,,,1,1636,
6413,,,,2,2,2,2,2,2,2,2,2,2,2,20140801,8,2,2,1,3,2,2,5,1,1,19,6,2,,3,1,1,1,5,1,2214,
6414,,,,2,2,2,2,2,2,2,2,2,2,2,20140917,9,9,2,3,,2,,2,1,1,34,6,2,2,2,5,3,3,4,2,1779,
6415,,,,1,2,2,2,1,2,2,2,2,2,2,20140922,9,2,2,1,1,1,,2,1,2,34,6,2,,3,,,,,1,684,
6416,,,,1,2,2,2,1,2,2,2,2,2,2,20141006,10,1,2,1,3,2,,5,1,2,34,6,2,,4,1,,,,1,1709,
6417,,,,2,2,2,2,2,2,2,2,2,2,2,20140911,9,3,1,1,2,2,,4,1,3,15,6,2,,4,2,3,1,5,1,2157,
6418,,,,2,2,2,2,2,2,2,2,2,2,2,20140930,9,4,1,1,2,2,,4,1,2,34,6,2,,4,2,4,1,5,,1522,
6419,,,,2,2,2,2,2,2,2,2,1,2,2,20141006,10,1,2,1,1,2,,3,1,1,34,6,1,,2,1,1,4,5,1,1538,
6420,,,,2,1,1,2,2,2,2,2,2,2,2,20141001,10,2,1,1,4,2,,6,1,3,15,6,1,,2,1,1,1,5,1,1878,
6421,,,,2,2,2,2,2,2,2,2,2,2,2,20140926,9,4,1,1,2,2,,4,1,3,15,6,2,,4,4,5,1,5,,2696,
6422,,,,2,2,2,2,2,2,2,2,2,2,2,20140914,9,10,2,3,,1,,1,1,0,34,6,2,4,1,5,4,3,4,3,1779,
6423,,,,1,2,2,2,1,2,2,2,2,2,2,20140915,9,8,2,3,,2,,2,1,2,15,6,1,1,2,3,1,3,4,3,6578,
6424,,,,2,2,2,2,2,2,2,2,2,2,2,20140917,9,9,2,3,,1,,1,1,,34,6,2,2,,4,1,3,4,3,1779,
6425,,,,2,2,2,2,2,2,2,2,2,2,2,20140805,8,2,1,1,1,2,2,3,1,1,34,6,2,,,1,1,3,5,1,1506,
6426,,,,1,1,2,2,2,2,2,2,2,2,2,20140805,8,4,2,1,2,2,,4,1,3,15,6,1,,4,1,3,1,5,,1681,
6427,,,,2,2,2,2,2,2,2,2,2,2,2,20140917,9,7,1,2,3,2,,5,0,2,34,6,2,7,4,4,5,1,2,3,50769,
6428,,,,2,2,1,2,2,2,2,2,2,2,2,20140924,9,3,2,1,1,3,2,5,1,2,15,6,2,,2,1,1,1,5,1,3501,
6429,,,,1,2,2,2,1,2,2,2,2,2,2,20140919,9,7,2,2,1,2,,3,1,1,34,6,2,4,2,2,3,1,2,3,16902,
6430,,,,2,2,2,2,2,2,2,2,2,2,2,20140910,9,6,2,3,,1,1,1,0,1,15,6,2,6,2,,2,,,3,9868,
6431,,,,2,2,2,2,2,2,2,2,2,2,2,20140923,9,10,2,3,,1,,1,1,0,19,6,2,1,,1,1,1,2,3,2432,
6432,,,,2,2,2,2,2,2,2,2,2,2,2,20141005,10,4,2,1,3,2,2,5,1,2,15,6,2,,4,2,3,1,5,,3501,
6433,,,,2,2,2,2,2,2,2,2,2,2,2,20140915,9,8,2,3,,2,,2,1,1,34,6,2,2,3,3,1,3,4,3,4316,
6434,,,,1,1,1,2,2,2,2,2,2,2,2,20140916,9,9,1,3,,1,,1,1,0,21,6,2,3,1,5,3,3,4,3,1129,
6435,,,,1,2,2,2,1,2,2,2,2,2,2,20140925,9,4,2,3,,3,1,3,1,0,34,6,2,,3,2,1,1,2,3,3948,
6436,,,,1,2,2,2,2,2,2,2,2,2,2,20140922,9,5,1,3,,2,,2,2,1,34,6,2,1,4,5,4,2,3,3,3112,
6437,,,,1,2,2,2,2,2,2,2,2,2,2,20140922,9,4,2,1,1,3,1,4,1,3,15,6,1,,3,2,3,1,5,,2101,
6438,,,,1,2,2,2,2,2,2,2,2,2,2,20140918,9,2,2,1,2,2,,4,1,2,34,6,2,,2,1,1,3,5,1,1367,
6439,,,,2,2,2,2,2,2,2,2,2,2,2,20140924,9,10,2,3,,1,,1,1,0,17,6,2,1,2,2,2,1,2,3,1662,
6440,,,,2,2,2,2,2,2,2,2,2,2,2,20140923,9,10,2,3,,1,,1,1,1,15,6,2,,2,3,1,2,3,3,1955,
6441,,,,1,2,2,1,1,2,2,2,1,2,2,20141102,11,8,1,3,,1,,1,2,1,34,6,1,7,4,4,4,2,3,3,2593,
6442,,,,1,1,2,2,2,2,2,2,2,2,2,20140921,9,7,1,3,,1,,1,1,1,34,6,1,6,2,4,4,1,2,3,3889,
6443,,,,1,2,2,2,2,2,2,2,2,2,2,20140915,9,7,2,3,,2,,2,1,1,17,6,2,6,3,2,2,1,2,3,7194,
6444,,,,2,2,2,2,2,2,2,2,2,2,2,20140924,9,9,1,3,,2,,2,1,2,34,6,2,7,4,3,4,1,2,3,1808,
6445,,,,2,2,2,2,2,2,2,2,2,2,2,20140910,9,6,1,3,,1,,1,1,1,15,6,,2,2,,5,,,3,6832,
6446,,,,2,2,2,2,2,2,2,2,2,2,2,20140912,9,5,1,3,,2,2,2,1,0,15,6,2,6,1,4,5,1,2,3,27328,
6447,,,,2,2,2,2,2,2,2,2,2,2,2,20141006,10,10,2,3,,1,,1,1,0,34,6,2,1,,1,1,1,2,3,1779,
6448,,,,1,2,2,2,1,2,2,2,2,2,2,20141008,10,4,1,1,1,3,1,4,1,3,15,6,2,,4,2,5,1,5,,2157,
6449,,,,2,2,2,2,2,2,2,2,2,2,2,20140731,7,2,2,1,1,2,,3,1,2,17,6,1,,,1,,,,1,1579,
6450,,,,1,2,2,2,2,2,2,2,2,2,2,20140918,9,5,2,2,1,2,,3,1,1,15,6,2,7,2,2,2,1,2,3,32785,
6451,,,,2,2,2,2,2,2,2,2,2,2,2,20140910,9,9,1,3,,1,,1,1,1,15,6,2,1,1,3,3,1,2,3,3777,
6452,,,,2,2,2,2,2,2,2,2,2,2,2,20141006,10,2,2,1,3,2,2,5,1,2,19,6,2,,4,1,,,,1,1476,
6453,,,,1,2,2,2,2,2,1,2,1,1,2,20141006,10,4,1,2,2,3,1,6,2,3,24,6,2,,2,4,4,1,2,3,2497,
6454,,,,2,2,2,2,2,2,2,2,2,2,2,20141005,10,6,2,2,2,2,2,4,2,2,17,6,2,7,3,3,4,1,2,3,11199,
6455,,,,1,1,2,2,2,2,2,2,2,2,2,20140916,9,10,2,3,,1,,1,1,0,34,6,2,2,1,5,2,3,4,3,1779,
6456,,,,2,2,2,2,2,2,2,2,2,2,2,20140911,9,10,2,3,,2,,2,1,1,34,6,2,1,1,1,2,1,2,2,1779,
6457,,,,2,2,2,2,2,2,2,2,2,2,2,20140917,9,2,2,1,3,2,,5,1,2,15,6,1,,4,1,,,,1,2726,
6458,,,,1,2,2,1,2,2,2,2,2,2,2,20140910,9,4,2,3,,2,,2,1,2,34,6,2,,4,2,2,1,2,3,2877,
6459,,,,2,2,2,2,1,2,2,2,2,2,2,20140922,9,9,1,3,,2,,2,1,1,34,6,2,1,1,2,4,1,2,3,2713,
6460,1,2,1,1,1,2,2,2,2,2,2,2,2,2,20141201,12,10,1,3,,1,,1,1,0,19,6,2,1,1,2,4,1,2,3,2387,65+
6461,,,,2,2,2,2,2,2,2,2,2,2,2,20141006,10,1,1,1,2,2,,4,2,1,34,6,2,,3,1,,,,1,1339,
6462,,,,2,2,2,2,2,2,2,2,2,2,2,20140922,9,10,1,3,,1,,1,1,1,15,6,1,2,1,1,4,1,1,3,3777,
6463,,,,2,2,2,2,2,2,1,2,1,2,2,20140807,8,1,1,1,2,2,,4,1,2,34,6,2,,4,1,,,,1,1339,
6464,,,,2,2,2,2,2,2,2,2,2,2,2,20140912,9,9,2,3,,1,,1,2,0,34,6,2,3,1,3,3,1,2,3,890,
6465,,,,2,2,2,2,2,2,2,2,2,2,2,20141006,10,3,1,1,2,1,,3,1,1,15,6,2,,1,1,1,1,5,1,4044,
6466,,,,1,1,1,2,1,2,2,2,2,2,2,20140926,9,9,2,3,,2,1,2,1,2,15,6,1,2,,2,3,1,2,3,2606,
6467,,,,2,2,2,2,2,2,2,2,2,2,2,20140919,9,6,1,3,,2,1,2,1,2,15,6,2,4,2,5,5,2,3,3,9109,
6468,,,,1,2,2,2,2,2,2,2,2,2,2,20140919,9,2,1,1,2,2,,4,1,2,34,6,2,,4,1,1,2,5,1,1339,
6469,,,,2,2,2,2,2,2,2,2,2,2,2,20140916,9,8,1,3,,2,,2,1,2,17,6,2,6,4,3,4,2,3,2,9409,
6470,,,,1,2,2,2,2,2,2,2,2,2,2,20140919,9,8,1,3,,2,,2,1,1,29,6,2,1,2,5,4,3,4,2,3702,
6471,,,,2,2,2,2,2,2,2,2,2,2,2,20140919,9,8,2,3,,2,,2,1,0,34,6,2,4,1,4,1,3,4,3,8632,
6472,,,,2,2,2,2,2,2,2,2,2,2,2,20140802,8,2,1,1,1,3,,4,1,2,34,6,2,,2,1,,,,1,1339,
6473,,,,2,2,2,2,2,2,2,2,2,2,2,20141009,10,2,1,1,2,2,,4,1,1,19,6,2,,3,1,1,1,5,1,1597,
6474,,,,2,2,2,2,2,2,2,2,2,2,2,20140930,9,1,1,1,2,2,,4,1,2,34,6,2,,4,1,1,2,5,1,1339,
6475,,,,2,2,2,2,2,2,2,2,2,2,2,20140930,9,2,1,1,3,2,,5,0,1,34,6,2,,3,1,1,3,5,1,5021,
6476,,,,2,2,2,2,2,2,2,2,2,2,2,20141003,10,1,1,1,2,2,,4,1,2,15,6,2,,4,1,,,,1,2086,
6477,,,,1,2,2,2,1,2,2,2,2,2,2,20140923,9,2,1,1,2,2,,4,1,2,29,6,2,,4,1,1,1,5,1,1540,
6478,,,,2,2,2,2,2,2,2,2,2,2,2,20140913,9,9,2,3,,2,,2,1,0,15,6,2,6,4,4,2,3,4,3,7819,
6479,2,1,,2,2,2,2,2,2,2,2,2,2,2,20141201,12,10,2,3,,1,,1,1,0,34,6,2,2,1,4,2,3,4,3,1779,
6480,,,,2,2,2,2,2,2,2,2,2,2,2,20141104,11,9,1,3,,3,1,3,1,2,15,6,2,6,3,5,4,3,4,3,7553,
6481,,,,1,2,2,2,2,2,2,2,2,2,2,20140930,9,4,2,1,2,2,,4,1,3,15,6,2,,,1,2,1,5,,2101,
6482,,,,1,2,2,2,2,2,2,2,2,2,2,20140918,9,9,2,3,,2,,2,,,15,6,2,3,,2,,,,3,3910,
6483,,,,2,2,2,2,2,2,2,2,2,2,2,20141003,10,4,1,1,1,3,1,4,1,3,15,6,2,,4,2,5,1,5,,2157,
6484,,,,2,2,2,2,2,2,2,2,2,2,2,20140910,9,2,1,1,3,2,2,5,1,2,15,6,2,,,1,,,,1,2608,
6485,,,,2,2,2,2,2,2,2,2,2,2,2,20140923,9,10,2,3,,1,,1,1,0,34,6,2,1,1,4,2,3,4,3,1779,
6486,,,,2,2,2,2,2,2,2,2,2,2,2,20140918,9,8,2,3,,1,,1,1,1,17,6,2,2,4,2,1,2,3,3,3597,
6487,,,,2,2,2,2,2,2,2,2,2,2,2,20140915,9,10,2,3,,1,,1,1,0,34,6,2,1,1,4,2,3,4,3,1779,
6488,,,,1,2,2,2,1,2,2,2,2,2,2,20140925,9,1,2,1,2,2,,4,1,2,34,6,2,,4,1,1,1,5,1,1367,
6489,,,,2,2,2,2,2,2,2,2,2,2,2,20140917,9,9,2,3,,2,,2,1,0,34,6,2,2,2,4,2,3,4,3,3559,
6490,,,,1,1,2,2,1,2,2,2,2,2,2,20141103,11,7,2,3,,2,2,2,1,0,34,6,1,4,3,2,1,2,3,3,8632,
6491,,,,2,2,2,2,2,2,2,2,2,2,2,20140923,9,2,2,1,3,2,,5,1,2,34,6,2,,4,1,1,1,5,1,1709,
6492,,,,2,2,2,2,2,2,2,2,2,2,2,20140918,9,4,1,2,1,3,1,4,1,3,34,6,2,,4,3,5,1,5,,2075,
6493,,,,2,2,2,2,2,2,2,2,2,2,2,20140914,9,8,2,3,,1,,1,1,0,34,6,2,1,1,2,1,1,2,3,4316,
6494,,,,2,2,2,2,2,2,2,2,2,2,2,20140923,9,10,1,3,,2,,2,1,1,19,6,2,7,3,3,4,1,2,3,2387,
6495,,,,2,2,2,2,2,2,2,2,2,2,2,20140925,9,3,1,1,1,1,,2,1,0,19,6,2,,2,1,,,,1,2657,
6496,,,,1,2,2,2,2,1,2,2,2,2,2,20140917,9,5,1,2,2,2,,4,1,1,15,6,2,3,4,5,5,2,3,3,60531,
6497,,,,1,2,1,1,2,2,2,2,2,2,2,20140912,9,7,1,3,,2,,2,1,1,15,6,1,2,1,3,2,2,3,3,13664,
6498,,,,2,2,2,2,2,2,2,2,2,2,2,20140916,9,8,2,3,,3,1,3,1,2,15,6,2,6,4,4,3,2,3,3,9868,
6499,,,,2,2,2,2,2,2,2,2,2,2,2,20141006,10,1,1,1,5,3,2,6,2,3,15,6,1,,2,1,,,,1,3129,
6500,,,,2,2,2,2,2,2,2,2,2,2,2,20140912,9,8,2,3,,1,,1,1,0,34,6,,2,1,2,1,1,2,3,4316,
6501,,,,2,2,2,2,2,2,2,2,2,2,2,20141102,11,8,2,3,,3,,,1,,15,6,1,2,,3,3,2,3,3,9868,
6502,,,,1,2,2,1,1,2,2,2,2,2,2,20141005,10,2,2,1,2,2,,4,1,2,24,6,2,,4,1,1,1,5,1,1320,
6503,,,,1,2,2,2,2,2,2,2,2,2,2,20140921,9,8,2,3,,2,,2,1,1,15,6,1,1,2,3,1,3,4,2,9868,
6504,,,,2,2,2,2,2,2,1,2,1,1,2,20140806,8,4,1,1,1,3,1,4,1,3,34,6,2,,4,4,4,2,3,3,913,
6505,,,,2,2,2,2,2,2,2,2,2,2,2,20141006,10,1,1,1,1,2,2,3,1,2,19,6,2,,,1,,,,1,799,
6506,,,,2,2,2,2,2,2,2,2,2,2,2,20141002,10,1,2,1,1,1,,2,1,1,17,6,2,,1,,,,,1,1579,
6507,,,,1,2,2,2,2,2,2,2,1,2,2,20141007,10,4,1,1,1,3,1,4,1,3,15,6,2,,4,2,4,1,2,3,2157,
6508,,,,1,2,2,2,2,2,2,2,2,2,2,20140917,9,9,1,3,,1,,1,1,0,34,6,2,1,,4,3,2,3,3,2713,
6509,,,,1,2,2,1,1,2,2,2,2,2,2,20140912,9,9,2,3,,2,,2,2,1,34,6,2,2,2,3,1,3,4,3,1186,
6510,,,,1,1,2,2,2,2,2,2,2,2,2,20140920,9,6,2,2,3,2,,5,2,2,34,6,2,2,2,2,2,1,2,3,14085,
6511,,,,2,2,2,2,2,2,2,2,2,2,2,20140919,9,10,2,3,,1,,1,1,1,15,6,2,1,1,2,1,1,2,3,1955,
6512,,,,2,2,2,2,2,2,2,2,2,2,2,20140922,9,1,1,1,2,2,,4,1,3,34,6,2,,3,1,1,1,5,1,1004,
6513,,,,2,2,2,2,2,2,2,2,2,2,2,20140922,9,7,2,3,,2,,2,1,2,15,6,2,2,4,4,3,2,3,3,6578,
6514,,,,2,2,2,2,2,2,2,2,2,2,2,20141102,11,9,2,3,,2,,2,2,1,29,6,1,4,2,3,1,2,3,3,632,
6515,,,,2,2,2,2,2,2,2,2,2,2,2,20140920,9,9,2,3,,2,,2,1,1,34,6,2,4,2,3,2,2,3,3,1779,
6516,,,,1,2,2,2,2,2,2,2,2,2,2,20140922,9,8,2,3,,1,,1,1,1,15,6,2,4,1,3,1,2,3,3,4934,
6517,,,,1,2,2,1,1,2,2,2,2,2,2,20140922,9,9,1,3,,1,,1,1,3,34,6,2,1,,4,4,2,3,3,678,
6518,,,,1,1,2,2,1,2,2,2,2,2,2,20140918,9,9,2,3,,1,,1,1,0,15,6,1,5,1,1,2,1,2,3,3910,
6519,,,,1,2,2,2,2,2,2,2,2,2,2,20141006,10,3,1,1,1,2,,3,1,1,15,6,2,,1,1,1,1,5,1,4044,
6520,,,,2,2,2,2,2,2,2,2,2,2,2,20140922,9,10,2,3,,1,,1,2,0,34,6,2,1,2,2,1,2,3,3,593,
6521,,,,1,2,2,2,2,2,2,2,2,2,2,20140805,8,2,1,1,1,2,,3,1,2,15,6,2,,4,1,,,,1,1565,
6522,,,,2,2,2,2,2,2,2,2,2,2,2,20140911,9,10,2,3,,2,,2,1,2,34,6,2,2,,2,3,1,2,3,1186,
6523,,,,1,2,2,2,2,2,2,2,2,2,2,20141006,10,6,2,2,1,2,,3,1,2,15,6,2,6,2,3,4,1,2,3,21856,
6524,,,,1,2,2,2,1,2,2,2,2,2,2,20140919,9,9,1,3,,1,,1,2,0,34,6,2,1,1,4,3,2,3,3,1356,
6525,,,,1,2,2,2,1,2,2,2,2,2,2,20141102,11,8,2,3,,1,,1,1,1,21,6,2,6,3,5,3,3,4,3,2434,
6526,,,,2,2,2,2,2,2,2,2,2,2,2,20141009,10,2,2,1,1,2,,3,1,2,15,6,2,,2,1,1,2,5,1,1636,
6527,2,2,2,2,2,2,2,2,2,2,2,2,2,2,20150312,3,4,1,3,,1,,1,1,1,17,6,2,,2,3,4,1,2,3,7057,
6528,1,2,1,2,2,2,2,2,2,2,1,2,2,2,20150311,3,5,2,3,,2,,2,1,2,34,6,2,4,3,4,1,3,4,3,2877,65+
6529,,,,2,2,2,2,2,2,2,2,2,2,2,20150312,3,7,1,3,,3,1,3,1,1,19,6,2,6,4,4,4,2,3,2,10885,
6530,1,2,1,1,2,2,2,2,2,1,2,1,2,2,20150313,3,7,1,2,1,2,,3,1,3,17,6,1,2,4,5,5,2,3,3,16479,60+
6531,,,,2,2,2,2,2,2,2,2,2,2,2,20150321,3,3,2,1,4,2,,6,1,3,15,6,1,,4,1,1,1,5,1,2101,
6532,2,1,1,1,2,2,2,2,2,2,2,2,2,2,20150211,2,8,1,3,,1,,1,1,0,19,6,2,4,1,5,4,2,3,3,7257,65+
6533,,,,1,2,2,2,2,2,2,2,2,2,2,20150215,2,1,1,1,3,2,,5,1,2,34,6,2,,4,1,,,,1,1674,
6534,1,2,1,1,2,2,2,2,2,2,2,2,2,2,20150228,2,4,2,2,1,3,1,4,2,3,15,6,2,,3,3,3,1,2,3,1849,75+
6535,1,1,1,2,2,2,2,2,2,2,2,2,2,2,20150313,3,9,2,3,,1,,1,1,3,15,6,2,4,1,2,1,1,2,3,782,
6536,,,,2,2,2,2,2,2,2,2,2,2,2,20150211,2,4,2,2,1,3,2,5,1,3,21,6,2,,1,2,4,1,5,,1828,
6537,1,1,1,2,2,2,2,2,2,2,2,2,2,2,20150210,2,10,2,3,,1,,1,1,0,34,6,2,2,1,5,1,3,4,3,1779,"Pas d’âge, santé implicite"
6538,2,1,1,1,1,2,2,2,2,2,2,2,1,2,20150311,3,7,2,3,,1,,1,1,1,34,6,2,7,4,2,2,1,2,3,2158,
6539,,,,2,2,2,2,2,2,2,2,2,2,2,20150212,2,1,1,1,2,2,,4,1,1,19,6,2,,2,1,,,,1,1597,
6540,,,,2,2,2,2,2,2,2,2,1,1,2,20150314,3,2,1,1,3,2,,5,1,1,34,6,2,,3,1,,,,1,2511,
6541,,,,1,2,2,2,2,2,2,2,2,2,2,20150219,2,2,2,1,2,2,2,4,1,1,19,6,2,,4,1,1,1,5,1,1771,
6542,1,2,1,2,2,2,2,2,2,2,2,2,2,2,20150311,3,6,1,2,2,2,,4,1,2,34,6,2,4,2,5,5,2,3,3,27077,65+
6543,,,,1,2,1,1,2,2,2,2,2,2,2,20150317,3,4,2,1,2,3,1,5,1,3,15,6,2,,4,2,3,1,5,,1751,
6544,,,,2,2,2,2,2,2,2,2,2,2,2,20150317,3,2,2,1,2,2,,4,1,0,17,6,2,,,1,,,,1,6317,
6545,2,2,1,2,2,2,2,2,2,2,2,2,2,2,20150218,2,10,2,3,,1,,1,1,0,34,6,2,1,1,2,1,1,2,3,1779,"Pas d’âge, santé implicite"
6546,,,,2,2,2,2,2,2,2,2,2,2,2,20150313,3,3,1,1,4,2,,6,1,1,19,6,2,,4,1,1,1,5,1,3986,
6547,1,1,1,1,2,2,2,2,2,2,2,2,2,2,20150216,2,8,1,3,,2,,2,1,1,34,6,2,3,2,4,3,2,3,3,7779,75+
6548,,,,2,2,2,2,2,2,2,2,2,2,2,20150217,2,2,2,1,2,2,,4,1,1,19,6,2,,3,1,,,,1,1771,
6549,,,,2,2,2,2,2,2,2,2,2,2,2,20150223,2,8,1,2,2,2,,4,1,1,34,6,2,3,2,3,1,3,4,2,40615,
6550,,,,2,2,2,2,2,2,2,2,2,2,2,20150317,3,2,2,1,1,2,,3,1,2,15,6,1,,4,1,1,3,5,1,1636,
6551,1,2,1,1,2,2,2,1,2,2,2,2,2,2,20150213,2,8,2,3,,2,,2,1,2,34,6,2,1,1,2,1,1,2,3,2877,"Pas d’âge, santé implicite"
6552,1,2,1,2,2,2,2,2,2,2,2,2,2,2,20150210,2,8,2,3,,2,,2,1,1,34,6,2,6,4,2,3,1,2,3,4316,85+
6553,3,1,1,2,2,2,2,2,2,2,2,2,2,2,20150218,2,10,1,3,,1,,1,1,1,21,6,2,6,2,4,3,2,3,3,564,"Pas d’âge, santé implicite"
6554,1,1,1,2,2,2,2,2,2,2,2,2,2,2,20150217,2,6,2,2,2,2,,4,1,3,19,6,2,3,4,3,2,2,3,3,6836,80+
6555,1,1,1,2,2,2,2,2,2,2,2,2,2,2,20150223,2,9,2,3,,1,,1,1,1,19,6,2,6,2,2,2,1,2,3,1216,65+
6556,1,,1,2,2,2,2,2,2,2,2,2,2,2,20150217,2,9,1,3,,2,,2,1,2,19,6,1,4,2,5,3,3,4,3,1591,60+
6557,,,,2,2,2,2,2,2,2,2,2,2,2,20150222,2,1,1,1,1,2,2,3,1,1,34,6,2,,1,1,,,,1,1506,
6558,,,,2,2,2,2,2,2,2,2,2,2,2,20150319,3,2,2,1,3,2,2,5,1,2,19,6,2,,3,1,1,1,5,1,1476,
6559,1,2,1,2,2,2,2,2,2,2,2,2,2,2,20150212,2,7,2,2,2,2,,4,1,2,19,6,2,7,3,4,2,3,4,3,11394,60+
6560,,,,2,2,2,2,2,2,2,2,2,2,2,20150218,2,2,1,1,2,2,,4,1,0,19,6,2,,3,1,,,,1,3194,
6561,,,,1,2,2,2,1,2,2,2,2,2,2,20150321,3,3,1,1,2,2,,4,1,3,17,6,2,,4,3,3,2,5,1,1188,
6562,1,,1,1,2,2,2,1,2,2,2,2,2,2,20150222,2,4,1,3,,3,4,4,2,3,21,6,2,,,3,5,1,2,3,345,70+
6563,,,,1,2,2,2,1,2,2,2,2,2,2,20150316,3,3,1,1,2,2,,4,1,1,34,6,2,,3,1,3,1,5,1,2282,
6564,,,,2,2,2,2,2,2,2,2,2,2,2,20150219,2,1,2,1,3,2,,5,1,2,21,6,2,,2,1,1,4,5,1,1493,
6565,1,1,2,2,2,2,2,2,2,2,2,2,2,2,20150212,2,9,2,3,,2,,2,1,0,34,6,2,6,1,3,1,3,4,3,3559,"Pas d’âge, santé implicite"
6566,1,2,1,1,2,2,2,1,2,2,2,2,2,2,20150219,2,7,2,3,,2,1,2,1,3,19,6,2,3,4,2,2,1,2,3,3560,75+
6567,,,,2,2,2,2,2,2,2,2,2,2,2,20150213,2,1,2,1,2,2,,4,1,2,34,6,2,,3,1,1,2,5,1,1367,
6568,,,,1,2,2,2,2,2,2,2,2,2,2,20150322,3,1,1,1,1,2,2,3,1,2,15,6,2,,3,1,1,4,5,1,1565,
6569,,,,2,2,2,2,2,2,2,2,2,2,2,20150212,2,9,2,3,,2,,2,1,1,34,6,2,1,3,1,1,1,2,2,1779,
6570,,,,1,1,2,2,1,2,2,2,2,2,2,20150317,3,2,1,1,3,2,,5,1,3,34,6,2,,4,1,1,2,5,1,1004,
6571,1,1,1,2,2,2,2,2,2,2,2,2,2,2,20150211,2,10,2,3,,1,,1,1,0,34,6,2,1,1,2,2,1,2,3,1779,"Pas d’âge, santé implicite"
6572,1,2,1,2,2,2,2,2,2,2,2,2,2,2,20150218,2,9,2,3,,2,,2,1,1,34,6,2,6,2,2,1,1,2,3,1779,80+
6573,1,1,1,2,2,2,2,2,2,2,2,2,2,2,20150218,2,9,2,3,,2,,2,1,0,34,6,2,2,1,2,1,1,2,3,3559,"Pas d’âge, santé implicite"
6574,,,,1,2,2,2,2,2,2,2,2,2,2,20150221,2,1,2,1,2,2,,4,1,2,19,6,2,,,1,1,1,5,1,1181,
6575,,,,2,2,2,2,2,2,2,2,2,2,2,20150212,2,1,2,1,3,2,,5,1,2,21,6,2,,4,1,,,,1,1493,
6576,,,,1,2,2,2,1,2,2,2,1,2,2,20150225,2,1,2,1,1,3,1,4,1,3,34,6,2,,3,1,1,1,5,1,1026,
6577,1,1,1,2,2,2,2,2,2,2,2,2,2,2,20150310,3,7,2,3,,2,,2,2,2,15,6,1,6,3,2,2,1,2,3,3947,75+
6578,,,,1,2,2,2,2,2,2,2,2,2,2,20150223,2,3,1,1,1,2,,3,1,2,34,6,2,,2,3,2,3,5,1,1141,
6579,,,,2,2,2,2,2,2,2,2,2,2,2,20150221,2,3,1,1,3,2,,5,1,2,19,6,2,,4,1,3,1,5,1,2214,
6580,1,1,2,2,2,2,2,2,2,2,2,2,2,2,20150212,2,8,1,3,,2,,2,1,0,34,6,2,1,2,4,3,2,3,3,15557,
6581,,,,2,2,2,2,2,2,2,2,2,2,2,20150317,3,3,1,1,1,3,1,5,2,1,34,6,2,,2,2,1,3,5,1,1902,
6582,1,2,1,2,2,2,2,2,2,2,2,2,2,2,20150213,2,6,2,2,1,3,1,4,1,3,21,6,2,5,4,2,2,1,2,3,23293,70+
6583,1,,2,2,2,2,2,2,2,2,2,2,2,2,20150210,2,10,2,3,,1,,1,1,0,19,6,2,1,1,2,1,1,2,3,2432,"Pas d’âge, santé implicite"
6584,,,,2,1,2,2,2,2,2,2,2,2,2,20150223,2,2,2,1,2,2,,4,1,2,19,6,2,,2,1,1,1,5,1,1181,
6585,2,1,1,2,2,2,2,2,2,2,2,2,2,2,20150219,2,4,1,3,,3,1,3,1,2,21,6,2,,,2,4,1,2,3,3691,
6586,3,2,1,2,2,2,2,2,2,2,2,2,2,2,20150310,3,9,2,3,,1,,1,1,0,34,6,2,,,,,,,3,1779,
6587,1,2,1,1,1,2,2,1,2,2,2,2,2,2,20150213,2,7,2,3,,2,,2,1,2,34,6,2,3,4,4,3,2,3,3,2877,80+
6588,1,,1,2,2,2,2,2,2,2,2,1,1,2,20150212,2,10,2,3,,1,,1,1,0,19,6,2,2,,4,3,2,3,3,2432,
6589,,,,2,2,2,2,2,2,2,2,2,2,2,20150219,2,1,1,1,1,2,,3,1,2,19,6,2,,3,1,,,,1,799,
6590,,,,2,2,2,2,2,2,2,2,2,2,2,20150222,2,4,1,1,2,2,,4,2,3,34,6,2,,4,2,4,1,5,,761,
6591,,,,2,2,2,2,2,2,2,2,2,2,2,20150320,3,3,2,1,2,2,,4,1,2,15,6,2,,2,1,1,1,5,1,2801,
6592,1,1,1,1,2,2,2,2,2,2,2,2,2,2,20150316,3,7,2,3,,3,4,5,1,3,24,6,2,6,3,2,1,2,3,3,1227,70+
6593,1,1,1,2,2,2,2,2,2,2,2,2,2,2,20150213,2,9,2,3,,2,,2,1,1,34,6,2,2,,2,3,1,2,3,1779,70+
6594,1,2,1,2,2,2,2,2,2,2,2,2,2,2,20150312,3,6,1,2,2,2,,4,1,1,15,6,2,6,3,2,4,1,2,3,60531,70+
6595,1,1,1,2,2,2,2,2,2,2,2,2,2,2,20150211,2,8,1,3,,2,,2,1,2,34,6,2,7,2,5,4,3,4,3,5186,75+
6596,,,,2,2,2,2,2,2,2,2,2,2,2,20150218,2,3,1,1,1,2,,3,1,2,34,6,2,,2,1,,,,1,1141,
6597,,,,1,2,1,2,1,2,2,2,2,2,2,20150223,2,3,2,1,2,2,,4,1,3,34,6,2,,3,2,1,2,5,1,1512,
6598,3,,1,1,1,1,2,1,2,2,2,2,2,2,20150210,2,8,2,3,,1,,1,1,0,21,6,2,1,1,2,3,1,2,3,4869,
6599,,,,2,2,2,2,2,2,2,2,2,2,2,20150221,2,2,1,1,2,2,2,4,1,2,34,6,2,,3,1,1,1,5,1,1339,
6600,,,,,2,2,2,2,2,2,2,2,2,2,20150219,2,4,1,1,1,3,2,5,1,3,21,6,2,,4,1,3,1,5,,980,
6601,,,,2,2,2,2,2,2,2,2,2,2,2,20150211,2,1,2,1,1,2,,3,1,2,21,6,2,,4,1,,,,1,896,
6602,,,,2,2,2,2,2,2,2,2,2,2,2,20150223,2,4,1,1,1,1,,2,1,1,19,6,2,,1,2,4,1,5,,1329,
6603,1,2,1,2,2,2,2,2,2,2,2,2,2,2,20150311,3,5,2,2,2,3,,5,2,1,19,6,2,1,1,2,2,1,2,3,14243,65+
6604,,,,2,2,2,2,2,2,2,2,2,2,2,20150212,2,2,1,1,3,2,,5,0,2,34,6,2,,1,1,1,2,5,1,2511,
6605,1,1,1,2,2,2,2,2,2,2,2,2,2,2,20150214,2,8,2,3,,3,,3,1,1,34,6,2,4,2,1,1,1,2,3,6474,"Pas d’âge, santé implicite"
6606,,,,2,2,2,2,2,2,2,2,2,2,2,20150317,3,1,2,1,2,2,,4,1,0,19,6,2,,2,1,1,4,5,1,3542,
6607,,,,1,2,2,2,1,2,2,2,2,2,2,20150220,2,4,2,1,2,2,,4,1,2,19,6,2,,4,3,3,1,5,,2136,
6608,1,2,1,1,2,2,2,1,2,2,2,2,2,2,20150210,2,6,1,3,,1,,1,1,0,21,6,2,6,2,4,5,1,2,3,3691,85+
6609,,,,1,2,2,1,2,2,2,2,2,2,2,20150223,2,3,1,1,1,2,,3,1,2,34,6,2,,4,1,,,,1,1141,
6610,1,1,1,1,2,2,2,2,2,2,2,2,2,2,20150213,2,5,1,3,,1,,1,1,0,34,6,2,3,1,5,5,3,4,3,7779,"Pas d’âge, santé implicite"
6611,1,2,1,2,2,2,2,2,2,2,2,2,2,2,20150218,2,8,2,3,,1,,1,1,0,34,6,2,4,2,4,1,3,4,3,4316,75+
6612,1,1,1,1,2,2,2,1,2,2,2,2,2,2,20150312,3,7,1,3,,1,,1,1,1,34,6,2,2,1,5,4,3,4,3,3889,
6613,1,1,1,1,1,2,2,2,2,2,2,2,2,2,20150212,2,10,2,3,,1,,1,1,0,21,6,2,1,1,2,1,1,2,3,1587,Intervention peu claire
6614,,,,2,2,2,2,2,2,2,2,2,2,2,20150210,2,1,1,1,2,2,,4,1,0,34,6,2,,2,1,1,1,5,1,4017,
6615,1,,1,2,2,2,2,2,2,2,2,2,2,2,20150313,3,10,2,3,,1,,1,1,0,19,6,2,1,1,1,1,1,2,3,2432,75+
6616,1,1,1,2,2,2,2,2,2,2,2,2,2,2,20150221,2,9,2,3,,1,,1,1,1,19,6,2,2,1,2,2,1,2,3,1216,60+
6617,1,2,1,2,2,2,2,2,2,2,2,2,2,2,20150313,3,5,2,2,3,2,,5,1,2,34,6,2,4,2,2,3,1,2,3,18780,70+
6618,,,,2,2,2,2,2,2,2,2,2,2,2,20150316,3,2,2,1,2,2,,4,1,2,19,6,2,,4,1,,,,1,1181,
6619,,,,2,2,2,2,2,2,2,2,2,2,2,20150222,2,2,1,1,1,2,,3,1,2,19,6,2,,1,1,1,1,5,1,799,
6620,,,,2,2,2,2,2,2,2,2,2,2,2,20150223,2,3,1,1,3,2,,5,1,1,21,6,2,,3,1,,,,1,2939,
6621,,,,2,2,2,2,2,2,2,2,2,2,2,20150219,2,2,2,1,2,2,,4,1,0,34,6,2,,4,1,1,2,5,1,4102,
6622,,,,1,2,2,2,2,2,2,2,2,2,2,20150215,2,4,1,1,1,3,1,4,1,2,34,6,2,,4,3,4,2,5,,1522,
6623,1,1,1,2,2,2,2,2,2,2,2,2,2,2,20150214,2,7,1,3,,2,,2,1,2,34,6,2,1,4,5,5,2,3,3,5186,
6624,,,,2,2,2,2,2,2,2,2,2,2,2,20150310,3,2,2,1,4,2,,6,1,1,34,6,2,,3,,1,,,1,3077,
6625,1,1,1,1,2,2,1,1,2,2,2,2,2,2,20150310,3,9,2,3,,1,,1,1,1,34,6,2,1,,4,3,2,3,3,890,
6626,1,2,1,2,2,2,2,2,2,2,2,2,2,2,20150210,2,8,2,3,,2,,2,1,0,19,6,2,4,4,2,3,1,2,3,14241,75+
6627,2,2,1,2,2,2,2,2,2,2,2,2,2,2,20150214,2,9,1,3,,2,,2,1,0,34,6,2,1,2,3,3,2,3,3,5425,70+
6628,,,,2,2,2,2,2,2,2,2,2,2,2,20150318,3,3,1,1,2,2,2,4,2,1,15,6,2,,4,3,4,1,5,1,3595,
6629,,,,2,2,2,2,2,2,2,2,2,2,2,20150211,2,1,2,1,2,2,,4,1,2,34,6,2,,4,1,,,,1,1367,
6630,3,2,1,2,2,2,2,2,2,2,2,2,2,2,20150311,3,10,2,3,,1,,1,1,0,34,6,2,1,1,4,1,3,4,3,1779,"Pas d’âge, santé implicite"
6631,,,,2,2,2,2,2,2,2,2,2,2,2,20150223,2,1,2,1,2,2,,4,1,1,19,6,2,,4,,,,,1,1771,
6632,,,,1,2,2,,2,2,2,2,2,2,2,20150311,3,2,2,1,3,3,,6,1,2,34,6,2,,3,1,1,2,5,1,2051,
6633,,,,2,2,2,2,1,2,2,2,2,2,2,20150225,2,3,2,1,3,2,,5,1,2,34,6,2,,4,1,1,3,5,1,3150,
6634,,,,2,2,2,2,2,2,2,2,2,2,2,20150221,2,3,1,1,3,2,,5,2,3,34,6,2,,4,1,1,1,5,1,1141,
6635,,,,2,2,2,2,2,2,2,2,2,2,2,20150211,2,1,2,1,1,2,,3,1,2,19,6,2,,4,1,1,4,5,1,885,
6636,2,2,1,2,2,2,2,2,2,2,2,2,2,2,20150215,2,9,1,3,,1,,1,1,0,34,6,2,2,1,4,4,2,3,3,2713,"Pas d’âge, santé implicite"
6637,,,,2,2,2,2,2,2,2,2,2,2,2,20150311,3,4,2,1,2,2,,4,1,3,15,6,2,,2,1,3,1,5,,2101,
6638,3,,1,2,2,1,1,2,2,2,2,2,2,2,20150211,2,9,1,3,,2,,2,1,0,34,6,2,2,1,5,5,2,3,3,5425,
6639,,,,2,2,2,2,2,2,2,2,2,2,2,20150211,2,1,1,1,3,2,,5,1,2,21,6,2,,4,1,,,,1,1580,
6640,,,,2,2,2,2,2,2,2,2,2,2,2,20150314,3,4,1,3,,2,1,2,1,2,34,6,2,,3,3,4,1,2,2,530,
6641,,,,2,2,2,2,2,2,2,2,2,2,2,20150313,3,3,1,1,2,2,2,4,1,2,15,6,2,,4,,,,,1,3595,
6642,2,2,1,1,2,2,2,1,2,2,2,2,2,2,20150214,2,7,2,3,,2,,2,1,2,34,6,2,1,3,2,3,1,2,3,2877,"Pas d’âge, santé implicite"
6643,1,2,1,2,2,2,2,2,2,2,2,2,2,2,20150314,3,9,2,3,,2,,2,2,2,15,6,2,4,2,2,1,2,3,3,1955,80+
6644,1,,,2,2,2,2,2,2,2,2,2,2,2,20150310,3,10,2,3,,1,,1,1,0,15,6,2,1,,2,2,1,2,3,3910,80+
6645,1,1,1,2,2,2,2,2,2,2,2,2,2,2,20150221,2,10,2,3,,2,,2,1,0,34,6,2,6,2,3,3,2,3,3,3559,"Pas d’âge, santé implicite"
6646,1,2,1,1,2,2,2,2,2,2,2,2,2,2,20150210,2,8,1,2,2,2,,4,1,3,19,6,2,4,4,5,5,2,3,3,8709,
6647,,,,1,1,2,2,2,2,2,2,2,2,2,20150222,2,3,2,1,2,2,,4,1,2,21,6,2,,4,1,,,,1,991,
6648,3,1,1,1,1,1,1,1,2,2,2,2,2,2,20150218,2,4,2,2,1,2,2,3,1,1,34,6,2,,2,3,5,1,2,3,16902,
6649,,,,2,2,2,2,2,2,2,2,2,2,2,20150222,2,3,2,1,1,3,1,4,1,3,34,6,2,,3,1,,,,1,1890,
6650,2,2,1,2,2,2,2,1,2,2,2,2,2,2,20150217,2,6,1,3,,1,,1,1,0,34,6,2,4,1,5,5,2,3,3,7779,
6651,,,,2,2,2,2,2,2,2,2,2,2,2,20150315,3,2,2,1,2,2,,4,1,2,15,6,2,,2,1,1,3,5,1,2181,
6652,,,,2,2,2,2,2,2,2,2,2,2,2,20150316,3,1,2,1,3,2,2,5,1,1,15,6,2,,4,1,1,4,5,1,4089,
6653,1,1,1,2,2,2,2,2,2,2,2,2,2,2,20150212,2,9,1,3,,2,,2,1,1,19,6,2,6,4,5,5,2,3,3,2387,75+
6654,2,1,1,1,2,1,2,2,2,1,2,2,2,2,20150216,2,9,1,3,,1,,1,1,1,34,6,2,3,,5,5,3,4,3,1356,
6655,,,,1,2,2,2,1,2,2,2,2,2,2,20150321,3,1,1,1,3,2,,5,1,2,34,6,2,,,1,,,,1,1674,
6656,1,2,1,2,2,1,2,1,2,2,2,2,2,2,20150314,3,9,1,3,,2,,2,1,0,34,6,2,4,4,3,3,2,3,3,5425,80+
6657,,,,2,2,2,2,2,2,2,2,2,2,2,20150210,2,8,2,3,,2,,2,1,0,34,6,2,2,1,2,2,1,2,2,8632,
6658,,,,1,1,2,2,1,2,2,2,2,2,2,20150316,3,3,1,1,2,2,,4,1,1,34,6,2,,4,1,1,2,5,1,2282,
6659,,,,2,2,2,2,2,2,2,2,2,2,1,20150221,2,2,1,1,2,2,,4,1,2,19,6,2,,4,1,1,2,5,1,1065,
6660,3,2,2,2,2,2,2,2,2,2,2,2,2,2,20150218,2,10,2,3,,2,,2,1,0,34,6,2,1,,2,2,1,2,3,3559,"Pas d’âge, santé implicite"
6661,,,,1,2,2,2,1,2,1,2,1,2,2,20150318,3,1,2,1,2,2,,4,1,2,15,6,2,,3,1,1,4,5,1,2181,
6662,,,,1,2,2,2,1,2,2,2,2,2,2,20150219,2,2,1,1,2,2,,4,1,1,21,6,2,,4,1,1,1,5,1,1896,
6663,1,2,1,2,2,2,2,2,2,2,2,2,2,2,20150215,2,8,2,3,,1,,1,1,1,19,6,2,2,3,3,2,2,3,3,3560,
6664,1,2,1,1,2,2,2,2,2,2,2,2,2,2,20150211,2,8,2,3,,2,,2,1,1,34,6,2,1,2,3,1,2,3,3,4316,"Pas d’âge, santé implicite"
6665,1,1,1,1,1,2,2,1,2,2,2,2,2,2,20150310,3,9,2,3,,1,,1,1,0,15,6,1,6,3,3,1,2,3,3,3910,80+
6666,,,,1,2,2,1,1,2,2,2,2,2,2,20150212,2,3,2,1,1,2,1,3,1,3,21,6,2,,3,1,1,1,5,1,557,
6667,1,,1,2,2,2,2,2,2,2,2,2,2,2,20150312,3,10,1,3,,1,,1,1,0,15,6,2,6,1,,,,,3,7553,75+
6668,1,2,1,1,2,2,2,2,2,2,2,2,2,2,20150210,2,4,1,3,,1,,1,1,1,34,6,2,,2,4,5,1,2,3,3889,50+
6669,,,,1,2,2,2,2,2,2,2,2,2,2,20150320,3,4,1,1,2,2,,4,1,2,15,6,2,,3,2,3,1,5,,3595,
6670,,,,1,2,2,2,1,2,2,2,2,2,2,20150218,2,1,1,1,2,3,1,5,1,2,34,6,2,,3,1,1,4,5,1,1674,
6671,1,2,1,1,2,2,2,2,2,1,2,1,2,2,20150210,2,7,2,3,,2,,2,1,1,34,6,2,2,4,2,1,1,2,3,4316,"Pas d’âge, santé implicite"
6672,,,,2,2,2,2,2,2,2,2,2,2,2,20150320,3,2,2,1,2,2,,4,1,0,15,6,2,,4,1,1,3,5,1,6542,
6673,2,,,2,2,2,2,2,2,2,2,2,2,2,20150223,2,10,2,3,,1,,1,1,0,34,6,2,1,1,2,2,1,2,3,1779,
6674,,,,2,2,2,2,2,2,2,2,2,2,2,20150217,2,3,1,1,1,1,,2,1,1,19,6,2,,2,4,4,2,5,1,1329,
6675,1,,1,1,2,2,2,1,2,2,2,2,2,2,20150219,2,7,1,2,3,2,,5,1,3,21,6,2,7,4,4,4,2,3,3,22075,75+
6676,1,2,,2,2,2,2,2,2,2,2,2,2,2,20150310,3,7,2,3,,2,,2,1,2,34,6,2,2,3,2,1,1,2,3,2877,75+
6677,1,2,1,2,2,2,2,2,2,2,2,2,2,2,20150218,2,10,1,3,,1,,1,1,1,19,6,2,1,1,3,3,2,3,3,1193,60+
6678,1,2,1,1,2,2,2,2,2,2,2,2,1,2,20150313,3,5,2,3,,3,3,3,2,2,34,6,2,7,4,3,2,2,3,3,3237,70+
6679,1,,1,2,2,2,2,2,2,2,2,2,2,2,20150211,2,9,2,3,,1,,1,1,1,34,6,2,1,1,2,1,1,2,3,890,
6680,1,,1,1,2,2,2,2,2,2,2,2,2,2,20150217,2,8,1,3,,3,,3,1,0,21,6,2,4,3,4,4,2,3,3,11074,65+
6681,1,1,1,2,2,2,2,2,2,2,2,2,2,2,20150217,2,9,1,3,,1,,1,1,0,19,6,2,6,2,5,5,2,3,3,2387,75+
6682,1,1,1,2,2,2,2,2,2,2,2,2,2,2,20150310,3,5,2,2,1,2,,3,1,2,15,6,2,7,2,2,2,1,2,3,21856,70+
6683,,,,1,2,2,2,2,2,2,2,2,2,2,20150210,2,9,1,3,,2,,2,1,0,21,6,2,6,,2,2,2,3,2,2258,
6684,2,,1,2,2,2,2,2,2,2,2,2,2,2,20150211,2,10,2,3,,1,,1,1,0,34,6,2,1,1,2,2,1,2,3,1779,
6685,,,,2,2,2,2,2,2,2,2,2,2,2,20150223,2,2,1,1,2,2,,4,1,1,34,6,2,,4,1,1,1,5,1,2008,
6686,,,,2,2,2,2,2,2,2,2,2,2,2,20150212,2,1,1,1,1,2,,3,1,0,19,6,2,,3,1,1,4,5,1,2396,
6687,,,,2,2,2,2,2,2,2,2,2,2,2,20150219,2,1,1,1,3,2,,5,1,2,34,6,2,,3,1,1,3,5,1,1674,
6688,1,2,1,2,2,2,2,2,2,2,2,2,2,2,20150212,2,8,1,3,,2,,2,1,1,34,6,2,6,3,5,3,3,4,3,7779,"Pas d’âge, santé implicite"
6689,,,,2,2,2,2,2,2,2,2,2,2,2,20150215,2,3,2,1,1,3,1,4,1,3,21,6,2,,4,1,3,1,5,1,743,
6690,1,1,1,2,2,2,2,2,2,2,2,2,2,2,20150213,2,9,2,3,,1,,1,1,0,21,6,2,4,1,2,2,1,2,3,1587,85+
6691,,,,1,2,2,2,1,2,2,2,2,2,2,20150220,2,2,1,1,2,2,,4,1,2,34,6,2,,4,1,,,,1,1339,
6692,1,1,1,2,2,2,2,2,2,2,2,2,2,2,20150219,2,8,2,3,,2,,2,1,2,34,6,2,1,3,3,3,2,3,3,2877,75+
6693,,,,2,2,2,2,2,2,2,2,2,2,2,20140717,7,4,1,3,,3,1,3,1,3,34,6,2,,4,5,5,2,3,3,596,
6694,,,,1,1,2,2,1,2,2,2,2,2,2,20140724,7,8,2,3,,2,1,2,1,2,19,6,2,4,2,2,2,1,2,3,4747,
6695,,,,2,2,2,2,2,2,2,2,2,2,2,20140715,7,4,2,1,1,3,,4,1,1,15,6,1,,2,2,3,1,5,,4201,
6696,,,,1,2,2,2,2,1,1,2,1,1,1,20140715,7,6,2,2,2,2,,4,0,2,34,6,2,6,4,2,4,1,2,3,22536,
6697,,,,2,2,2,2,2,2,2,2,2,2,2,20140801,8,2,2,1,2,2,,4,1,2,34,6,2,,4,1,1,1,5,1,1367,
6698,,,,1,2,2,2,1,2,2,2,2,2,2,20140731,7,1,2,1,2,3,1,5,1,3,19,6,2,,2,1,1,1,5,1,1107,
6699,,,,2,2,2,2,2,2,2,2,2,2,2,20140728,7,9,1,3,,2,2,2,1,2,34,6,2,4,4,4,4,2,3,3,1808,
6700,,,,2,2,2,2,2,2,2,2,2,2,2,20141020,10,3,1,1,2,2,,4,1,1,15,6,2,,2,1,2,1,5,1,5392,
6701,1,1,1,1,1,2,2,2,2,2,2,2,2,1,20150116,1,8,2,3,,1,,1,1,0,15,6,2,2,1,2,2,1,2,3,9868,65+
6702,,,,1,2,2,2,1,2,2,2,2,2,1,20141028,10,9,1,3,,2,,2,2,1,34,6,2,6,4,4,5,2,3,3,1808,
6703,,,,2,2,2,2,2,2,2,2,2,2,2,20141012,10,8,2,3,,1,,1,1,0,15,6,2,,1,5,2,3,4,3,9868,
6704,1,,1,1,2,2,2,1,2,2,2,2,2,2,20150213,2,8,1,3,,2,,2,1,1,15,6,2,4,,5,4,2,3,3,13664,65+
6705,,,,2,2,2,2,2,2,2,2,2,2,2,20150222,2,3,1,1,2,2,,4,1,2,34,6,2,,2,1,1,2,5,1,1522,
6706,,,,1,2,2,2,2,1,2,2,2,2,2,20141108,11,4,2,1,1,2,1,3,1,1,15,6,2,,2,1,1,1,5,,3151,
6707,,,,2,2,2,2,2,2,2,2,2,2,2,20141213,12,3,2,1,2,1,,4,2,2,15,6,1,,4,1,1,1,5,1,2101,
6708,,,,2,2,1,2,2,2,2,2,2,2,2,20141130,11,3,2,1,4,2,2,6,2,1,15,6,2,,2,1,3,1,5,1,4201,
6709,,,,1,1,1,2,2,2,2,2,2,2,2,20141104,11,2,1,1,2,2,,4,2,3,15,6,2,,4,1,1,3,5,1,894,
6710,2,1,1,1,2,2,2,2,2,2,2,2,2,2,20141128,11,6,1,2,2,2,,4,1,3,15,6,2,3,3,4,5,2,3,3,30266,40+
6711,1,1,1,1,1,2,2,2,2,2,2,2,2,2,20150220,2,9,1,3,,1,,1,1,1,15,6,1,3,1,5,3,3,4,3,3777,"Pas d’âge, santé implicite"
6712,,,,1,2,2,2,2,2,2,2,2,2,2,20150313,3,1,1,1,2,2,,4,1,2,34,6,2,,4,1,1,4,5,1,1339,
6713,1,2,,2,2,2,2,2,2,2,2,2,2,2,20150213,2,10,2,3,,1,,1,1,1,15,6,2,1,,3,1,2,3,3,1955,"Pas d’âge, santé implicite"
6714,1,1,1,1,1,2,2,2,2,2,2,2,2,2,20150115,1,10,2,3,,1,,1,1,0,34,6,1,6,1,4,1,3,4,3,1779,90+
6715,,,,1,2,2,2,2,2,2,2,2,2,2,20150126,1,3,2,1,3,2,,5,1,2,34,6,2,,4,1,1,1,5,1,3150,
6716,1,1,1,1,2,2,2,1,2,2,2,2,2,2,20150315,3,9,2,3,,1,1,1,2,1,34,6,2,2,1,2,1,1,2,3,593,70+
6717,,,,2,2,2,2,2,2,2,2,2,2,2,20141011,10,10,1,3,,1,1,1,1,0,15,6,1,2,2,2,3,1,2,3,7553,
6718,1,1,1,1,1,2,2,1,2,2,2,2,2,2,20150120,1,8,2,3,,1,,1,1,1,29,6,1,6,2,5,4,3,4,3,6241,"Pas d’âge, santé implicite"
6719,,,,2,2,2,2,2,2,2,2,2,2,2,20150125,1,4,1,1,2,3,2,5,1,3,15,6,2,,,2,2,1,5,,2696,
6720,,,,2,2,2,2,2,2,2,2,2,2,2,20150321,3,4,1,1,1,2,,3,1,2,15,6,2,,4,2,5,1,5,,2696,
6721,,,,2,2,2,2,2,2,2,2,2,2,2,20150226,2,1,1,1,2,2,2,4,0,2,34,6,1,,1,,1,,,1,2008,
6722,,,,2,2,2,2,2,2,2,2,2,2,2,20141208,12,1,1,1,1,2,,3,0,2,15,6,2,,2,1,1,4,5,1,2347,
6723,,,,2,2,2,2,2,2,2,2,2,2,2,20150126,1,3,1,1,1,3,,,1,2,15,6,2,,4,1,1,1,5,1,2696,
6724,3,,1,2,2,2,2,2,2,2,2,2,2,2,20150312,3,9,1,3,,1,,1,1,1,15,6,1,7,,4,4,2,3,3,3777,
6725,1,1,2,2,2,2,2,2,2,2,2,2,2,2,20150228,2,4,2,3,,2,2,2,0,2,15,6,2,,1,2,4,1,2,3,1878,"Pas d’âge, santé implicite"
6726,,,,2,2,2,2,2,2,2,2,2,2,2,20150223,2,1,2,1,1,2,,3,0,2,15,6,2,,2,1,,,,1,2453,
6727,,,,2,2,2,2,2,2,2,2,2,2,2,20150123,1,2,1,1,4,2,,6,0,2,15,6,2,,2,1,,,,1,4694,
6728,,,,2,2,2,2,2,2,2,2,2,2,2,20150125,1,3,1,1,2,2,,4,1,1,34,6,2,,4,1,1,1,5,1,2282,
6729,,,,1,2,2,2,2,2,2,2,2,2,2,20150219,2,2,2,1,1,2,,3,1,2,15,6,2,,4,1,,,,1,1636,
6730,1,1,1,1,1,2,2,2,2,2,2,2,2,2,20150122,1,4,1,3,,1,,1,0,1,19,6,2,,1,3,4,1,2,3,7257,
6731,,,,1,2,2,2,2,2,2,2,2,2,2,20141207,12,3,2,1,2,2,1,4,0,3,15,6,2,,3,3,4,2,5,1,2101,
6732,,,,2,2,2,2,2,2,2,2,2,2,2,20140921,9,6,2,2,1,2,2,3,1,2,15,6,1,6,4,2,2,1,2,3,21856,
6733,,,,2,2,2,2,2,2,2,2,2,2,2,20140916,9,6,2,2,4,2,,6,1,3,15,6,1,6,4,3,2,2,3,3,32785,
6734,,,,1,2,2,2,2,2,2,2,2,2,2,20140804,8,4,2,1,1,1,,2,2,2,17,6,2,,2,2,2,1,5,,1122,
6735,1,2,1,2,2,2,2,2,2,2,2,2,2,2,20141115,11,10,2,3,,1,,1,1,1,29,6,1,2,4,5,1,3,4,3,474,70+
6736,,,,2,2,2,2,2,2,2,2,2,2,2,20141103,11,8,2,2,1,2,,3,1,1,34,6,2,4,2,3,2,2,3,3,16902,
6737,,,,2,2,2,2,2,2,2,2,2,2,2,20141207,12,1,1,1,3,2,,5,1,0,15,6,2,,2,1,1,1,5,1,7823,
6738,,,,1,2,2,2,2,2,1,2,1,2,2,20141101,11,7,1,3,,2,,2,1,2,34,6,2,1,3,3,3,2,3,3,5186,
6739,,,,1,2,2,2,1,2,2,2,2,2,2,20141106,11,3,2,1,2,1,,3,1,1,34,6,1,,4,2,1,2,5,1,2835,
6740,1,1,1,2,1,2,2,2,2,2,2,2,2,2,20141129,11,8,1,3,,1,,1,1,0,15,6,2,7,1,5,4,3,4,3,13664,
6741,,,,2,2,2,2,2,2,2,2,2,2,2,20141101,11,3,1,1,2,2,,4,1,0,24,6,2,,3,1,1,1,5,1,4053,
6742,,,,2,2,2,2,2,2,2,2,2,2,2,20141103,11,3,1,1,2,2,,4,1,3,15,6,2,,2,2,2,2,5,1,2696,
6743,,,,2,2,2,2,2,2,2,2,2,2,2,20141105,11,10,2,3,,2,,2,1,0,15,6,2,1,1,4,3,2,3,2,7819,
6744,,,,1,2,2,2,2,2,2,2,2,2,2,20150108,1,3,1,1,3,2,,5,1,2,15,6,2,,4,1,1,1,5,1,4493,
6745,,,,2,2,2,2,2,2,2,2,2,2,2,20141107,11,1,2,1,1,2,,3,1,2,34,6,2,,4,,,,,1,1026,
6746,,,,1,2,2,2,2,2,2,2,2,2,1,20141229,12,3,2,1,1,2,,3,1,1,15,6,2,,4,1,1,1,5,1,3151,
6747,,,,2,2,2,2,2,2,2,2,2,2,2,20140801,8,2,2,1,1,2,,3,1,2,17,6,2,,4,1,1,1,5,1,1579,
6748,1,2,1,2,2,2,2,2,2,2,2,2,2,2,20141201,12,9,2,3,,1,,1,1,1,24,6,2,4,2,3,1,2,3,3,965,"Pas d’âge, santé implicite"
6749,,,,2,2,2,2,1,2,2,2,2,2,2,20141106,11,4,1,2,1,2,1,3,1,1,15,6,2,,2,3,2,2,5,,8008,
6750,1,1,1,2,2,2,2,2,2,2,2,2,2,2,20141117,11,8,1,3,,2,,2,1,1,17,6,1,2,1,3,3,1,2,3,14113,
6751,,,,2,2,2,2,2,2,2,2,2,2,2,20141106,11,4,1,1,2,2,,4,1,3,15,6,2,,2,,4,,,,2157,
6752,,,,2,2,2,2,2,2,2,2,2,2,2,20140731,7,2,1,1,2,2,2,4,1,1,15,6,2,,1,1,1,1,5,1,3129,
6753,,,,2,2,2,2,2,2,2,2,2,2,2,20140819,8,4,2,2,1,3,3,4,1,3,15,6,1,,3,2,3,1,2,3,21856,
6754,,,,1,2,2,1,1,2,2,2,2,2,1,20141201,12,3,2,1,1,2,,3,1,2,15,6,2,,4,1,1,1,5,1,2101,
6755,1,2,1,2,2,2,2,2,2,2,2,2,2,2,20141127,11,8,1,3,,2,,2,1,2,19,6,2,7,4,4,3,2,3,3,4838,80+
6756,,,,2,2,2,2,2,2,1,2,1,2,2,20141130,11,1,1,1,2,2,,4,1,2,19,6,2,,4,1,1,4,5,1,1065,
6757,,,,2,2,2,2,2,2,2,2,2,2,2,20141105,11,9,1,3,,2,,2,2,0,34,6,2,2,1,4,4,2,3,3,2713,
6758,,,,1,1,2,2,2,2,2,2,2,2,2,20140803,8,4,2,1,1,3,1,4,1,3,34,6,2,,4,2,2,1,5,,1512,
6759,,,,2,2,2,2,2,2,2,2,2,2,2,20140818,8,7,1,3,,2,,2,1,2,15,6,1,6,3,2,3,1,2,3,9109,
6760,,,,1,2,2,2,2,2,2,2,2,2,2,20140817,8,1,2,1,1,1,,3,1,2,15,6,1,,4,1,1,4,5,1,1636,
6761,,,,2,2,2,2,2,2,2,2,2,2,2,20140825,8,1,2,1,3,3,,6,1,1,15,6,2,,4,1,1,4,5,1,4907,
6762,,,,2,2,2,2,2,2,2,2,2,2,2,20140804,8,1,1,1,1,2,,3,1,2,34,6,2,,1,1,1,4,5,1,1004,
6763,,,,2,2,2,2,2,2,2,2,2,2,2,20140805,8,1,2,1,1,2,,3,1,1,15,6,2,,4,1,1,4,5,1,2453,
6764,,,,2,2,2,2,2,2,2,2,2,2,2,20140821,8,1,1,1,1,2,,3,1,2,19,6,2,,4,1,,,,1,799,
6765,,,,2,2,2,2,2,2,2,2,2,2,2,20140902,9,3,2,1,2,2,,4,1,3,15,6,2,,4,1,2,1,5,1,1681,
6766,,,,2,2,2,2,2,2,2,2,2,2,2,20141105,11,10,2,3,,2,1,2,1,0,15,6,2,1,1,3,1,3,4,3,7819,
6767,1,1,1,2,2,2,2,2,2,2,2,2,2,2,20141117,11,5,1,3,,2,,2,1,2,34,6,2,3,3,2,3,1,2,3,5186,65+
6768,,,,2,2,2,2,2,2,2,2,2,2,2,20141107,11,3,1,1,2,1,,3,1,1,15,6,2,,,1,1,1,5,1,4044,
6769,,,,2,2,2,2,2,2,2,2,2,2,2,20140819,8,6,2,2,1,2,,3,1,2,15,6,2,7,1,2,2,1,2,3,21856,
6770,,,,1,2,2,2,1,2,2,2,2,2,2,20141116,11,3,2,1,3,2,,5,1,2,19,6,2,,3,1,1,2,5,1,2670,
6771,,,,2,2,2,2,2,2,2,2,2,2,2,20141031,10,7,2,3,,2,,2,1,1,15,6,1,6,4,2,1,1,2,3,9868,
6772,,,,2,2,2,2,2,2,2,2,2,2,2,20141031,10,10,1,3,,1,,1,1,1,34,6,2,2,2,3,4,2,3,3,1356,
6773,,,,2,2,2,2,1,2,2,2,2,2,2,20140816,8,8,1,3,,1,,1,0,1,34,6,1,5,1,4,3,2,3,3,7779,
6774,,,,2,2,2,2,2,2,2,2,2,2,2,20141103,11,8,2,3,,1,,1,1,1,34,6,2,4,2,3,1,2,3,3,2158,
6775,,,,2,2,2,2,2,2,2,2,2,2,2,20141114,11,4,1,1,2,2,,4,1,0,15,6,1,,2,2,4,1,5,,10784,
6776,,,,1,1,2,2,2,2,2,2,2,2,2,20141203,12,3,1,1,2,2,,4,1,0,15,6,2,,2,1,1,1,5,1,10784,
6777,,,,2,2,2,2,2,2,2,2,2,2,2,20141201,12,1,1,1,3,3,,6,2,0,15,6,2,,2,1,1,1,5,1,4694,
6778,,,,1,2,2,1,2,2,2,2,2,2,2,20141104,11,2,1,1,1,2,2,3,1,2,15,6,2,,4,1,1,2,5,1,1565,
6779,,,,1,2,2,2,2,2,2,2,2,2,2,20141108,11,1,2,1,3,2,2,5,1,1,34,6,2,,2,1,1,1,5,1,2564,
6780,,,,2,2,2,,2,2,2,2,2,2,2,20140814,8,4,1,1,1,3,3,4,1,3,34,6,2,,4,2,4,1,5,,913,
6781,,,,2,2,2,2,2,2,2,2,2,2,2,20140820,8,1,1,1,1,2,,3,1,1,19,6,2,,2,1,,,,1,1198,
6782,1,2,1,1,2,2,2,1,2,1,2,1,2,2,20141125,11,7,2,3,,3,2,4,1,3,15,6,2,6,4,2,3,1,2,3,7894,65+
6783,,,,2,2,2,2,2,2,2,2,2,2,2,20140827,8,1,2,1,1,2,,3,1,2,21,6,2,,1,1,,,,1,896,
6784,,,,2,2,2,2,2,2,2,2,2,2,2,20140817,8,5,2,2,1,2,,3,0,3,34,6,2,2,2,2,2,1,2,3,11268,
6785,,,,1,1,2,1,1,2,2,2,2,2,2,20141105,11,9,1,3,,1,,1,1,0,34,6,2,6,2,4,3,2,3,3,2713,
6786,,,,1,2,2,2,1,2,2,2,2,2,1,20141105,11,9,2,3,,1,1,1,1,1,17,6,2,2,2,3,3,2,3,3,831,
6787,,,,2,2,2,2,2,2,2,2,2,2,2,20141105,11,1,1,1,1,3,3,4,1,3,19,6,2,,4,1,1,4,5,1,799,
6788,,,,1,1,2,2,2,2,2,2,2,2,2,20140828,8,4,1,1,5,2,,6,1,1,34,6,2,,2,1,1,1,5,,4565,
6789,,,,1,2,2,2,2,2,2,2,2,2,2,20141105,11,4,2,1,2,3,1,4,1,3,19,6,2,,3,2,5,1,2,3,1602,
6790,1,,1,2,2,2,2,2,2,2,2,2,2,2,20141202,12,9,1,3,,1,,1,1,1,15,6,2,1,1,4,3,2,3,3,3777,
6791,,,,2,2,2,2,2,2,2,2,2,2,2,20141202,12,1,2,1,2,3,,5,1,2,15,6,2,,2,1,1,4,5,1,2726,
6792,,,,2,2,2,2,2,2,2,2,2,2,2,20141106,11,1,1,1,2,2,2,4,1,2,24,6,,,3,1,1,4,5,1,3308,
6793,,,,1,2,2,2,1,2,2,2,2,2,2,20141105,11,3,1,1,1,1,,2,1,1,34,6,2,,2,2,1,2,5,1,1141,
6794,,,,2,2,2,2,2,2,2,2,2,2,2,20141104,11,10,2,3,,2,,2,1,1,34,6,2,1,4,2,2,1,2,3,1779,
6795,,,,2,2,2,2,2,2,2,2,2,2,2,20140904,9,3,2,1,2,3,1,5,1,3,19,6,2,,4,1,1,1,5,1,2003,
6796,,,,1,2,2,2,1,2,2,2,2,2,1,20141104,11,2,1,1,2,2,,4,1,2,19,6,1,,4,1,1,2,5,1,1065,
6797,,,,2,2,2,2,2,2,2,2,2,2,2,20141105,11,4,1,2,2,3,1,5,1,3,34,6,2,,4,3,5,1,2,3,1729,
6798,,,,2,2,2,2,2,2,2,2,2,2,2,20141106,11,1,2,1,2,2,,4,1,2,17,6,2,,4,1,1,4,5,1,2106,
6799,,,,2,2,2,2,1,2,2,2,2,2,2,20141107,11,2,1,1,2,2,,4,1,1,15,6,2,,2,1,1,2,5,1,3129,
6800,,,,2,2,2,2,2,2,2,2,2,2,2,20141108,11,2,2,1,2,2,,4,1,2,15,6,2,,4,1,1,1,5,1,2181,
6801,2,2,1,1,2,2,2,2,2,2,2,2,2,2,20141124,11,6,2,3,,2,,2,1,1,15,6,2,6,2,2,3,1,2,3,9868,80+
6802,,,,1,1,2,1,1,2,2,2,2,2,2,20141026,10,4,2,1,3,2,,5,1,3,17,6,1,,4,2,3,1,5,,2245,
6803,,,,2,2,2,2,2,2,2,2,2,2,2,20141107,11,2,1,1,3,2,,5,1,1,15,6,2,,1,1,1,2,5,1,3912,
6804,,,,1,2,2,1,2,2,2,2,2,2,1,20141107,11,4,2,1,1,3,1,4,1,3,15,6,2,,4,2,4,1,5,,2101,
6805,1,2,1,1,2,2,2,2,2,2,2,2,2,2,20141125,11,8,2,3,,2,,2,1,0,34,6,2,2,2,2,3,1,2,3,8632,115+
6806,,,,2,2,2,2,2,2,2,2,2,2,2,20141107,11,2,1,1,2,2,,4,1,2,15,6,1,,3,1,1,3,5,1,2086,
6807,,,,2,2,2,2,2,2,2,2,2,2,2,20141030,10,6,2,3,,1,,1,1,1,19,6,2,4,1,2,3,1,2,3,3560,
6808,,,,2,2,2,2,2,2,2,2,2,2,2,20141107,11,1,2,1,2,2,,4,1,2,15,6,2,,4,1,1,1,5,1,2181,
6809,,,,2,2,2,2,2,2,2,2,2,2,2,20141020,10,10,2,3,,2,,2,1,1,19,6,2,1,3,2,2,1,2,3,2432,
6810,,,,2,2,2,2,2,2,2,2,2,2,2,20141108,11,4,1,1,1,3,1,4,1,3,24,6,2,,4,4,5,2,5,,811,
6811,1,2,2,2,2,2,2,2,2,2,2,2,2,2,20141129,11,7,2,3,,3,2,4,2,3,15,6,1,6,,3,3,2,3,3,6578,
6812,,,,1,2,2,2,2,2,2,2,2,2,2,20141027,10,7,1,3,,3,2,4,1,3,24,6,2,2,4,5,5,2,3,3,20336,
6813,,,,1,2,2,2,2,2,2,2,2,2,2,20141108,11,2,2,1,3,2,,5,1,2,34,6,2,,4,1,1,1,5,1,1709,
6814,,,,1,1,2,2,1,2,2,2,2,2,2,20141216,12,3,1,1,1,2,,3,1,2,19,6,2,,2,1,1,1,5,1,1329,
6815,,,,2,2,2,2,2,2,2,2,2,2,2,20141119,11,10,1,3,,1,,1,1,0,19,6,2,6,2,5,3,3,4,3,2387,
6816,,,,2,2,2,2,2,2,2,2,2,2,2,20141011,10,3,2,1,3,2,,5,1,3,15,6,2,,2,1,2,1,5,1,2626,
6817,1,2,1,2,2,2,2,2,2,2,2,2,2,2,20141202,12,9,2,3,,2,,2,1,1,34,6,2,5,2,2,1,1,2,3,1779,80+
6818,,,,1,2,2,1,1,2,2,2,2,2,2,20141108,11,4,1,2,1,2,,3,1,3,34,6,1,,1,3,3,1,5,,1556,
6819,,,,2,2,2,2,2,2,2,2,2,2,2,20141107,11,3,1,1,2,2,,4,1,1,34,6,2,,3,1,1,1,5,1,2282,
6820,3,,1,1,1,1,2,1,2,2,2,2,2,2,20150314,3,9,2,3,,3,,3,1,0,34,6,2,1,1,1,1,1,2,3,5338,
6821,1,1,1,2,2,2,2,2,2,2,2,2,2,2,20141129,11,8,2,3,,2,,2,1,0,34,6,2,1,,4,2,3,4,3,8632,65+
6822,,,,2,2,2,2,2,2,2,2,2,2,2,20141021,10,9,2,3,,1,,1,1,1,34,6,2,1,1,2,1,2,3,3,890,
6823,,,,2,2,2,2,2,2,2,2,2,2,2,20141024,10,10,2,3,,1,,1,1,2,21,6,2,5,2,2,3,1,2,3,529,
6824,1,1,1,2,2,2,2,2,2,2,2,2,2,2,20141116,11,9,2,3,,1,,1,1,1,15,6,2,6,2,1,1,1,2,3,1955,"Pas d’âge, santé implicite"
6825,,,,2,2,2,2,2,2,2,2,2,2,2,20141105,11,9,2,3,,1,,1,1,0,15,6,2,2,,2,1,1,2,3,3910,
6826,,,,2,2,2,2,2,2,2,2,2,2,2,20141107,11,3,2,1,5,2,2,6,1,1,34,6,2,,2,1,1,1,5,1,6615,
6827,,,,2,2,2,2,2,2,2,2,2,2,2,20141027,10,5,2,3,,2,,2,1,2,17,6,2,6,4,4,4,2,3,3,4796,
6828,,,,1,2,2,1,1,2,2,2,2,2,2,20141103,11,3,1,1,1,2,,3,1,2,17,6,1,,4,1,1,1,5,1,1485,
6829,,,,1,1,2,2,1,2,2,2,2,2,2,20141203,12,2,2,1,2,2,,4,1,2,15,6,1,,1,1,1,2,5,1,2181,
6830,,,,2,2,2,2,2,2,2,2,2,2,2,20141010,10,10,2,3,,1,,1,1,1,15,6,1,1,1,2,2,1,2,3,1955,
6831,,,,1,2,2,2,1,2,2,2,2,2,2,20141107,11,4,1,1,1,1,,2,1,1,34,6,2,,2,1,1,1,5,,1141,
6832,,,,2,2,2,2,2,2,2,2,2,2,2,20141025,10,9,2,3,,1,,1,1,0,34,6,2,1,1,2,1,1,2,3,1779,
6833,1,1,1,1,2,2,2,2,2,2,2,2,2,2,20141201,12,10,1,3,,3,1,3,1,1,34,6,2,1,1,3,3,2,3,3,4069,55+
6834,,,,1,2,1,1,1,2,2,2,2,2,2,20141012,10,8,2,3,,1,,1,0,1,34,6,2,2,1,2,1,2,3,3,4316,
6835,,,,2,2,2,2,2,2,2,2,2,2,2,20141208,12,1,1,1,1,2,,3,1,1,15,6,2,,2,1,1,4,5,1,2347,
6836,,,,2,2,2,2,2,2,2,2,2,2,2,20141011,10,7,1,3,,2,,2,2,1,34,6,2,7,3,4,4,2,3,3,5186,
6837,,,,2,2,2,2,2,2,2,2,2,2,2,20141108,11,1,1,1,2,2,,4,1,2,15,6,2,,2,1,,,,1,2086,
6838,,,,2,2,2,2,2,2,2,2,2,2,2,20141104,11,2,2,1,2,3,2,4,1,1,15,6,1,,1,1,1,1,5,1,3271,
6839,,,,2,2,2,2,2,2,2,2,2,2,2,20141012,10,9,1,3,,1,1,1,1,1,34,6,2,6,2,3,3,2,3,3,1356,
6840,,,,2,2,2,2,2,2,2,2,2,2,2,20141108,11,1,1,1,1,2,,3,1,1,17,6,2,,4,1,1,4,5,1,2363,
6841,,,,1,2,2,2,2,2,1,2,1,2,2,20141012,10,7,1,3,,2,,2,2,1,15,6,2,4,3,4,4,2,3,3,9109,
6842,,,,2,2,2,2,2,2,2,2,2,2,2,20141012,10,7,2,3,,1,,1,1,1,15,6,2,6,4,3,2,2,3,3,4934,
6843,,,,1,2,2,2,2,2,2,2,1,2,2,20141108,11,4,1,1,1,2,,3,1,2,34,6,2,,4,2,3,1,5,,1141,
6844,,,,1,1,2,2,1,2,2,2,2,2,2,20141012,10,8,2,3,,2,,2,2,0,34,6,2,1,1,1,1,1,1,3,4316,
6845,,,,1,2,2,2,1,2,2,2,2,2,2,20141014,10,7,1,2,1,3,1,4,1,2,15,6,2,4,,5,5,2,3,3,40354,
6846,,,,1,2,2,2,1,2,2,2,2,2,2,20141011,10,8,2,3,,3,3,3,1,1,34,6,2,4,,2,1,1,2,3,6474,
6847,,,,2,2,2,2,2,2,2,2,1,2,2,20141104,11,2,2,1,2,2,,4,1,1,34,6,2,,4,1,1,1,5,1,2051,
6848,,,,2,2,2,2,2,2,2,2,2,2,2,20141105,11,9,2,3,,2,2,2,1,2,34,6,2,1,1,2,1,2,3,3,1186,
6849,,,,2,2,2,2,2,2,2,2,2,2,2,20141011,10,10,2,3,,1,,1,1,3,15,6,2,2,2,3,,,,3,977,
6850,,,,2,2,2,2,2,2,2,2,2,2,2,20141207,12,1,1,1,3,2,,5,1,2,15,6,2,,3,1,1,4,5,1,2608,
6851,,,,1,2,2,2,1,2,2,2,2,2,2,20141108,11,3,2,1,1,2,2,3,1,1,34,6,2,,3,1,1,1,5,1,2835,
6852,,,,1,2,2,1,1,2,2,2,2,2,2,20141107,11,3,2,1,2,2,2,4,1,2,15,6,1,,4,2,4,1,5,1,2801,
6853,,,,2,2,2,2,2,2,2,2,2,2,2,20141107,11,4,1,3,,2,2,2,1,2,15,6,1,,,2,4,1,2,3,1607,
6854,,,,1,2,1,2,1,2,2,2,2,2,2,20141108,11,2,2,1,1,2,2,3,,,15,6,2,,3,1,,,,1,1636,
6855,,,,2,2,2,2,2,2,2,2,2,2,2,20141012,10,2,2,1,1,3,1,4,1,1,34,6,2,,1,1,1,3,5,1,2051,
6856,,,,1,2,2,2,1,2,2,2,2,2,2,20141011,10,7,2,3,,2,2,2,1,1,34,6,1,4,2,2,1,1,2,3,4316,
6857,,,,2,2,2,2,2,2,2,2,2,2,2,20141010,10,5,2,2,4,2,,6,1,3,34,6,2,4,3,2,3,1,2,3,13521,
6858,,,,2,2,2,2,2,2,2,2,2,2,2,20141105,11,9,1,3,,2,2,2,1,2,24,6,2,2,2,4,4,2,3,3,14252,
6859,,,,2,2,2,2,2,2,2,2,2,2,2,20141031,10,8,2,3,,2,,2,1,2,19,6,2,4,4,2,2,1,2,3,4747,
6860,,,,2,2,2,2,2,2,2,2,2,2,2,20141124,11,8,1,3,,2,,2,1,2,15,6,2,2,,4,4,2,3,2,9109,
6861,,,,2,1,2,2,2,2,2,2,2,2,2,20141119,11,4,2,3,,3,2,3,1,3,34,6,2,,3,2,4,1,2,3,987,
6862,,,,2,2,2,2,2,2,2,2,2,2,2,20141105,11,9,2,3,,2,2,2,2,2,34,6,1,4,4,3,1,2,3,3,890,
6863,1,1,1,2,2,2,2,2,2,2,2,2,2,2,20150313,3,6,1,3,,1,,1,1,1,15,6,1,4,1,5,5,2,3,3,6832,60+
6864,,,,,,,,,,,2,1,2,2,20141106,11,1,2,1,3,2,,5,1,3,17,6,1,,4,1,1,3,5,1,1974,
6865,,,,2,2,2,2,2,2,2,2,2,2,2,20141025,10,3,1,1,2,3,1,5,2,3,15,6,1,,,,5,,,1,1926,
6866,,,,2,2,2,2,2,2,2,2,2,2,2,20141027,10,7,2,3,,1,,1,0,1,24,6,2,3,2,3,2,2,3,3,1227,
6867,,,,2,2,2,2,2,2,2,2,2,2,2,20141107,11,2,1,1,1,3,1,4,1,3,34,6,2,,4,1,1,1,5,1,1004,
6868,3,1,1,1,2,2,1,2,2,2,2,2,2,2,20141202,12,10,2,3,,2,,2,1,1,24,6,2,2,1,3,3,2,3,3,1930,"Pas d’âge, santé implicite"
6869,,,,1,2,1,2,2,2,2,2,2,2,1,20141027,10,8,2,3,,1,,1,1,0,19,6,2,2,2,4,1,3,4,3,7120,
6870,,,,2,2,2,2,2,2,2,2,2,2,2,20141105,11,9,1,3,,1,,1,1,1,19,6,2,7,1,2,3,1,2,3,1193,
6871,,,,2,2,2,2,2,2,2,2,2,2,2,20141023,10,9,2,3,,1,,1,1,0,34,6,2,1,1,3,3,1,2,3,1779,
6872,1,2,1,2,2,2,2,2,2,2,2,2,2,2,20150117,1,7,2,3,,2,,2,1,0,34,6,2,2,2,2,2,1,2,3,8632,"Pas d’âge, santé implicite"
6873,,,,1,2,2,2,1,2,2,2,2,2,2,20141030,10,8,2,3,,2,,2,1,1,34,6,2,4,2,4,1,3,4,3,4316,
6874,,,,2,2,2,1,2,2,2,2,2,2,2,20141202,12,2,2,1,2,2,,4,1,1,34,6,2,,3,1,1,2,5,1,2051,
6875,1,2,1,2,2,2,2,2,2,2,2,2,2,2,20150119,1,8,1,3,,1,,1,1,0,34,6,2,4,1,2,1,2,3,3,7779,60+
6876,,,,1,2,2,2,2,2,2,2,2,2,2,20141027,10,2,1,1,2,2,,4,1,2,15,6,2,,4,1,1,3,5,1,2086,
6877,,,,2,2,2,2,2,2,2,2,2,2,2,20150128,1,1,2,1,3,2,,5,1,2,15,6,2,,2,1,,,,1,2726,
6878,1,1,1,2,2,2,2,2,2,2,2,2,2,2,20150112,1,9,2,3,,2,,2,1,1,15,6,2,6,4,3,3,1,2,3,3910,"Pas d’âge, santé implicite"
6879,2,1,1,2,2,2,2,2,2,2,2,2,2,2,20150111,1,5,1,3,,3,1,3,1,2,15,6,1,5,3,2,5,1,2,3,13664,65+
6880,1,2,2,1,2,1,2,1,2,2,2,2,2,2,20150112,1,6,1,3,,1,,1,1,1,34,6,2,1,2,2,4,1,1,3,3889,
6881,3,,1,1,2,2,2,1,2,2,2,2,2,2,20150121,1,9,2,3,,2,,2,1,0,34,6,2,7,,3,3,1,2,3,3559,
6882,1,2,1,2,2,2,2,2,2,2,2,2,2,2,20150112,1,9,2,3,,1,,1,1,0,15,6,1,5,1,2,2,1,2,3,3910,60+
6883,,,,1,2,2,2,2,2,2,2,2,2,2,20141204,12,4,1,1,1,3,1,4,1,3,34,6,2,,2,3,5,1,5,,913,
6884,,,,2,2,2,2,2,2,2,2,2,2,2,20150125,1,1,2,1,1,2,,3,1,2,24,6,2,,2,1,1,4,5,1,990,
6885,,,,1,2,2,2,1,2,2,2,2,2,2,20141025,10,9,2,3,,3,1,3,1,0,34,6,2,1,1,2,1,1,2,3,5338,
6886,,,,2,2,2,2,2,2,2,2,2,2,2,20150108,1,2,1,1,3,2,,5,2,1,19,6,2,,4,1,1,1,5,1,1331,
6887,1,1,1,2,2,2,2,2,2,2,2,2,2,2,20150112,1,9,2,3,,1,,1,1,0,34,6,2,4,,2,3,1,2,3,1779,"Pas d’âge, santé implicite"
6888,,,,2,2,2,2,2,2,2,2,2,2,2,20141025,10,8,2,3,,3,1,3,1,2,19,6,2,6,4,1,2,1,2,3,7120,
6889,,,,1,2,2,2,2,2,2,2,2,2,2,20141205,12,2,1,1,3,2,,5,1,2,15,6,2,,4,1,1,1,5,1,2608,
6890,,,,2,2,2,2,2,2,2,2,2,2,2,20141105,11,1,2,1,3,2,,5,1,1,15,6,2,,4,1,1,4,5,1,4089,
6891,,,,2,2,2,2,2,2,2,2,2,2,2,20150108,1,2,1,1,2,2,,4,1,1,34,6,2,,2,1,1,1,5,1,1004,
6892,,,,2,2,2,2,2,2,2,2,2,2,2,20141109,11,3,2,1,2,2,,4,1,1,34,6,2,,2,1,1,2,5,1,1890,
6893,1,,2,2,2,2,2,2,2,2,2,2,2,2,20150110,1,9,1,3,,1,,1,1,0,15,6,1,3,3,5,5,3,4,3,7553,
6894,3,1,2,2,2,2,2,2,2,2,2,2,2,2,20150219,2,10,1,3,,2,1,2,2,0,34,6,2,1,1,3,3,1,2,3,2713,65+
6895,,,,2,2,2,2,2,2,2,2,2,2,2,20141025,10,6,1,2,1,1,,2,1,1,15,6,2,4,4,4,4,2,3,3,30266,
6896,,,,1,2,2,2,1,2,2,2,1,2,2,20150110,1,3,2,1,2,2,,4,1,1,34,6,2,,3,1,,,,1,3780,
6897,,,,1,2,2,2,2,2,2,2,2,2,2,20141030,10,8,2,3,,2,,2,1,1,34,6,2,1,1,2,2,1,2,3,4316,
6898,,,,1,2,2,2,2,2,2,2,2,2,2,20141025,10,10,2,3,,1,,1,1,1,24,6,2,7,2,4,2,2,3,3,965,
6899,3,,1,2,2,2,2,2,2,2,2,2,2,2,20150122,1,9,1,3,,2,,2,1,1,34,6,2,5,3,3,4,1,2,3,2713,
6900,,,,1,2,2,2,2,2,2,2,1,2,2,20141108,11,4,2,1,3,2,,5,1,2,34,6,2,,2,2,3,1,5,,3150,
6901,3,1,1,2,2,2,2,2,2,2,2,2,2,2,20150115,1,8,2,3,,2,,2,1,1,15,6,2,6,3,,2,,,3,9868,
6902,,,,1,2,1,2,2,2,2,2,2,2,2,20150108,1,1,1,1,1,2,,3,1,1,15,6,2,,,1,1,1,5,1,2347,
6903,,,,2,2,2,2,2,2,2,2,2,2,2,20150109,1,2,1,1,1,1,,2,1,0,34,6,1,,2,,,,,1,2008,
6904,1,1,1,1,1,2,1,1,2,2,2,2,2,2,20141117,11,8,2,3,,1,,1,1,0,15,6,2,2,1,4,1,3,4,3,9868,"Pas d’âge, santé implicite"
6905,1,,1,2,2,2,2,2,2,2,2,2,2,2,20150110,1,7,1,3,,2,,2,1,1,34,6,2,2,3,4,3,2,3,3,7779,
6906,3,,1,2,2,2,2,2,2,2,2,2,2,2,20150217,2,9,1,3,,1,,1,1,0,34,6,2,1,1,4,3,2,3,3,2713,70+
6907,1,2,,2,2,2,2,2,2,2,2,2,2,2,20141205,12,4,1,3,,3,2,5,1,3,15,6,1,,,4,4,1,2,3,2410,70+
6908,,,,2,2,2,2,2,2,2,2,2,2,2,20150108,1,2,2,1,3,1,,4,1,1,19,6,2,,,1,,,,1,1771,
6909,,,,2,2,2,2,2,2,2,2,2,2,2,20141031,10,9,1,3,,1,,1,1,1,34,6,2,1,3,4,4,2,3,3,1356,
6910,,,,2,2,2,2,2,2,2,2,2,2,2,20141030,10,9,2,3,,1,,1,2,0,15,6,2,4,1,1,2,1,2,3,1955,
6911,,,,1,2,2,1,2,2,2,2,2,2,1,20150111,1,2,2,1,2,2,,4,1,2,15,6,2,,4,1,1,1,5,1,2181,
6912,1,2,1,2,2,2,2,2,2,2,2,2,2,2,20150110,1,9,2,3,,1,,1,1,0,19,6,2,1,1,2,1,1,2,3,2432,70+
6913,,,,2,2,2,2,2,2,2,2,2,2,2,20141105,11,10,2,3,,3,,3,1,1,15,6,1,1,,1,1,1,2,2,5864,
6914,,,,2,2,2,2,2,2,2,2,2,2,2,20141106,11,3,1,1,2,2,,4,1,2,15,6,2,,4,1,1,1,5,1,3595,
6915,,,,1,2,2,2,2,2,2,2,2,2,2,20141104,11,9,1,3,,2,,2,1,2,15,6,1,1,3,5,3,3,4,3,5036,
6916,,,,2,2,2,2,2,2,2,2,2,2,2,20150127,1,2,1,1,3,2,,5,1,1,34,6,2,,2,1,1,1,5,1,2511,
6917,,,,2,2,2,2,2,2,2,2,2,2,2,20150108,1,2,2,1,2,2,,4,1,2,34,6,2,,4,1,,,,1,1367,
6918,,,,2,2,2,2,2,2,2,2,2,2,2,20150109,1,1,1,1,1,2,,3,1,2,19,6,2,,4,1,1,2,5,1,799,
6919,,,,1,1,2,2,2,2,2,2,2,2,2,20150111,1,9,1,3,,2,1,2,1,0,19,6,2,,1,5,3,3,4,2,4774,
6920,1,2,1,1,2,2,2,2,2,2,2,2,2,2,20150117,1,9,1,3,,2,,2,1,2,34,6,2,7,4,4,4,2,3,3,1808,75+
6921,1,1,1,1,2,2,2,1,2,2,2,2,2,2,20150111,1,8,2,3,,2,,2,1,2,15,6,2,3,2,4,5,2,3,3,6578,
6922,2,2,1,2,2,2,2,2,2,2,2,2,2,2,20150121,1,7,1,3,,3,,4,1,3,15,6,2,4,,4,3,2,3,3,10931,"Pas d’âge, santé implicite"
6923,1,2,1,1,2,2,2,1,2,2,2,2,2,2,20150121,1,9,1,3,,2,,2,1,1,34,6,2,4,2,5,5,2,3,3,2713,Pensionnés/Âge de la retraite
6924,,,,2,2,2,2,2,2,2,2,2,2,2,20141029,10,10,2,3,,1,,1,1,1,34,6,2,6,2,2,1,1,2,3,890,
6925,,,,2,2,2,2,2,2,2,2,2,2,2,20150110,1,1,1,1,2,2,,4,1,1,34,6,2,,4,1,,,,1,2008,
6926,,,,1,1,2,2,2,2,2,2,2,2,2,20141105,11,3,1,1,2,2,,4,2,1,34,6,2,,3,1,1,1,5,1,1522,
6927,1,2,1,1,2,1,1,1,2,2,2,2,2,2,20150112,1,8,2,3,,2,,2,2,1,17,6,2,2,4,3,2,2,3,3,4796,65+
6928,,,,2,2,2,2,2,2,2,2,2,2,2,20141104,11,9,2,3,,3,,3,2,0,21,6,1,1,,3,1,3,4,3,1587,
6929,1,,1,1,2,2,2,2,2,2,2,2,2,2,20150112,1,6,2,3,,1,,1,1,1,19,6,2,6,4,4,4,2,3,3,3560,60+
6930,,,,2,2,2,2,2,2,2,2,2,2,2,20141030,10,8,1,3,,2,,2,1,1,15,6,2,7,4,2,3,1,2,3,13664,
6931,1,2,1,1,2,1,2,2,2,2,2,2,2,2,20150110,1,7,1,3,,1,,1,1,0,34,6,2,1,2,4,4,2,3,3,7779,Les mauvaises pratiques de salubrité alimentaire
6932,,,,2,2,2,2,2,2,2,2,2,2,2,20150124,1,10,2,3,,2,,2,1,1,24,6,2,1,,1,1,1,2,2,1930,
6933,,,,2,2,2,2,2,2,2,2,2,2,2,20150126,1,2,1,1,3,2,,5,1,1,34,6,2,,4,1,1,2,5,1,2511,
6934,2,1,1,1,2,1,,2,2,2,2,2,2,2,20150112,1,10,1,3,,1,,1,1,1,19,6,2,7,4,3,4,1,2,3,1193,
6935,,,,1,2,2,1,2,2,2,2,2,2,2,20140809,8,3,1,1,1,2,,3,2,2,34,6,2,,4,1,1,1,5,1,571,
6936,2,1,1,2,2,2,2,2,2,2,2,2,2,2,20150117,1,8,1,3,,1,,1,1,1,15,6,1,6,3,4,4,2,3,3,6832,65+
6937,1,2,1,1,2,2,2,2,2,2,2,2,2,2,20150113,1,4,1,3,,3,1,3,1,3,19,6,2,,4,3,3,1,2,3,5443,55+
6938,1,1,1,1,2,2,2,2,2,2,2,2,2,2,20150217,2,7,2,3,,2,,2,1,2,34,6,2,4,,5,2,3,4,3,2877,75+
6939,,,,2,2,2,2,2,2,2,2,2,2,2,20141028,10,6,2,3,,2,,2,1,1,34,6,2,2,4,2,1,2,3,3,4316,
6940,3,,1,2,2,2,2,2,2,2,2,2,2,2,20150113,1,9,2,3,,1,,1,1,1,19,6,2,4,1,2,1,1,2,3,1216,"Pas d’âge, santé implicite"
6941,1,,1,2,2,2,2,2,2,2,2,2,2,2,20150113,1,7,1,2,2,2,,4,1,3,15,6,2,6,,,,,,3,30266,70+
6942,,,,1,2,2,2,2,2,2,2,2,2,2,20150124,1,4,1,1,1,2,,3,1,3,15,6,1,,4,2,3,1,5,,2022,
6943,,,,1,2,2,2,1,2,2,2,2,2,1,20150112,1,3,1,1,3,2,,5,1,3,15,6,2,,4,1,1,2,5,1,3370,
6944,1,1,1,2,2,2,2,2,2,2,2,2,2,2,20150113,1,8,1,3,,2,,2,1,0,34,6,2,5,2,2,3,1,2,3,15557,70+
6945,,,,1,,1,2,1,1,2,2,2,2,2,20141105,11,9,2,3,,2,,2,1,0,29,6,2,1,1,2,1,2,3,3,1897,
6946,3,1,1,2,2,2,1,2,2,2,2,2,2,2,20150115,1,9,2,3,,1,,1,1,,34,6,2,2,1,4,2,2,3,3,1779,
6947,3,1,1,2,2,2,2,2,2,2,2,2,2,2,20150112,1,10,1,3,,2,,2,1,1,19,6,2,4,1,4,3,2,3,3,2387,"Pas d’âge, santé implicite"
6948,,,,2,2,2,2,2,2,2,2,2,2,2,20150127,1,3,1,1,2,2,,4,1,3,34,6,2,,4,1,1,2,5,1,1141,
6949,1,1,2,1,2,2,2,1,2,2,2,2,2,2,20150110,1,7,2,3,,3,3,5,2,3,19,6,2,6,4,,4,,,3,5086,75+
6950,1,1,1,2,2,2,2,2,2,2,2,2,2,2,20150110,1,8,2,3,,1,,1,1,1,34,6,2,1,1,4,2,3,4,3,2158,65+
6951,,,,2,2,2,2,2,2,2,2,2,2,2,20150108,1,3,2,2,2,3,1,5,1,2,19,6,2,,3,1,1,1,5,1,4972,
6952,,,,2,2,2,2,2,2,2,2,2,2,2,20150127,1,1,2,1,3,2,1,5,1,2,15,6,1,,3,1,1,4,5,1,2726,
6953,,,,1,2,2,2,1,2,2,2,2,2,2,20150111,1,8,1,3,,2,,2,1,0,34,6,2,2,1,5,4,2,3,2,15557,
6954,1,2,1,2,2,2,2,2,2,2,2,2,2,2,20150122,1,10,1,3,,2,,2,1,1,34,6,2,2,,3,3,2,3,3,2713,65+
6955,1,1,1,2,2,2,2,2,2,2,2,2,2,2,20150217,2,8,1,3,,1,,1,1,0,21,6,2,6,1,5,5,3,4,3,3691,65+
6956,1,2,,2,2,2,2,2,2,2,2,2,2,2,20150217,2,10,2,3,,1,,1,1,0,34,6,2,1,1,3,1,2,3,3,1779,"Vieux, pas d'âge défini"
6957,,,,1,2,2,2,1,2,2,2,2,2,2,20150115,1,1,1,1,1,1,,2,1,1,34,6,2,,2,1,1,4,5,1,1004,
6958,3,2,2,1,2,2,2,1,2,2,2,2,2,2,20150113,1,8,1,2,1,2,,3,2,1,34,6,2,4,4,5,4,3,4,3,20308,80+
6959,1,1,1,2,2,2,2,2,2,2,2,2,2,2,20150313,3,9,2,3,,2,,2,1,1,19,6,2,3,2,3,3,2,3,3,2432,"Pas d’âge, santé implicite"
6960,,,,2,2,2,2,2,2,2,2,2,2,2,20141030,10,7,2,2,1,3,,5,1,3,34,6,2,6,4,2,4,1,2,3,11268,
6961,1,2,1,2,2,2,2,2,2,2,2,2,2,2,20150124,1,9,2,3,,1,,1,1,3,15,6,2,7,4,2,1,1,2,3,977,
6962,,,,1,2,2,2,2,1,2,2,2,1,2,20140809,8,3,1,1,2,2,,4,1,1,19,6,2,,4,1,,,,1,2657,
6963,3,1,1,2,2,2,2,2,2,2,2,2,2,2,20150123,1,9,2,3,,1,,1,1,1,15,6,2,2,2,4,3,2,3,3,1955,Intervention peu claire
6964,3,1,2,1,2,2,2,2,2,2,2,2,2,2,20150111,1,8,2,3,,3,1,3,1,1,34,6,2,5,2,5,2,3,4,3,6474,50+
6965,,,,2,2,2,2,2,2,2,2,2,2,2,20150124,1,3,2,1,2,3,2,6,1,0,15,6,2,,3,,,,,1,23107,
6966,,,,2,2,2,2,2,2,2,2,2,2,2,20141201,12,4,1,1,2,2,,4,1,2,15,6,2,,4,2,5,1,5,,3595,
6967,,,,1,2,1,2,2,2,2,2,2,2,1,20141108,11,4,2,1,1,2,1,3,1,3,34,6,2,,3,,3,,,,1418,
6968,,,,1,2,2,2,2,2,2,2,2,2,2,20141107,11,3,1,1,2,2,,4,1,2,34,6,2,,2,1,1,3,5,1,1522,
6969,,,,1,2,2,2,2,2,2,2,2,2,2,20141107,11,1,2,1,1,2,,3,1,3,17,6,2,,4,1,,,,1,1184,
6970,1,1,2,2,2,2,2,1,2,2,2,2,2,2,20141202,12,9,2,3,,2,,2,2,0,15,6,2,4,2,4,2,3,4,3,2606,
6971,1,1,1,2,2,2,2,2,2,2,2,2,2,2,20141201,12,10,2,3,,2,,2,1,1,15,6,2,1,1,2,1,1,2,3,3910,65+
6972,,,,1,2,2,2,1,2,2,2,2,2,2,20140809,8,4,1,3,,3,1,3,1,2,34,6,2,,,4,5,1,2,3,795,
6973,,,,2,2,2,2,2,2,2,2,2,2,2,20141105,11,9,2,3,,1,,1,2,1,34,6,2,6,2,2,3,1,2,3,593,
6974,,,,2,2,2,2,2,2,2,2,2,2,2,20141115,11,3,1,1,2,2,2,4,1,2,29,6,2,,3,1,1,1,5,1,3383,
6975,,,,1,2,2,2,1,2,2,2,2,2,2,20141109,11,2,1,1,2,2,,4,1,2,34,6,1,,4,1,,,,1,1339,
6976,,,,2,2,2,2,2,2,2,2,2,2,2,20141105,11,4,1,1,1,3,1,4,2,2,34,6,2,,4,2,3,1,5,,913,
6977,,,,1,2,2,2,2,2,2,2,2,2,2,20141109,11,2,2,1,2,2,,4,1,0,15,6,2,,2,1,1,1,5,1,6542,
6978,,,,1,2,2,2,1,2,2,2,2,2,2,20141202,12,1,1,1,1,2,,3,1,2,19,6,2,,4,1,,,,1,799,
6979,,,,1,1,2,2,1,2,2,2,2,2,1,20141105,11,10,1,3,,2,,2,1,0,21,6,2,1,3,4,4,2,3,3,2258,
6980,,,,2,2,2,2,2,2,2,2,2,2,2,20141105,11,9,1,3,,1,1,1,1,0,34,6,2,1,1,2,4,1,1,3,2713,
6981,,,,2,2,2,2,1,2,2,2,2,2,2,20141205,12,4,1,1,1,3,1,4,1,3,15,6,2,,2,4,5,1,2,3,2157,
6982,,,,2,2,2,2,2,2,2,2,2,2,2,20140809,8,4,1,1,1,3,3,6,2,3,24,6,1,,4,2,5,1,5,,1216,
6983,,,,2,2,2,2,2,2,2,2,2,2,2,20140809,8,3,1,1,2,3,1,5,1,2,34,6,2,,2,2,3,1,5,1,1902,
6984,,,,2,2,2,2,2,2,2,2,2,2,2,20141021,10,6,2,2,1,2,,3,1,1,17,6,2,6,4,4,1,3,4,3,16799,
6985,1,1,1,2,2,2,2,2,2,2,2,2,2,2,20141119,11,9,2,3,,2,,2,2,2,15,6,1,7,,,,,,3,1955,
6986,1,2,2,2,2,2,2,2,2,2,2,2,2,2,20141116,11,9,2,2,2,3,4,6,1,3,15,6,2,1,2,4,2,3,4,3,15154,"Pas d’âge, santé implicite"
6987,1,2,1,2,2,2,2,2,2,2,2,2,2,2,20141119,11,8,2,3,,1,,1,1,0,34,6,2,2,1,1,1,1,2,3,4316,75+
6988,1,1,2,2,2,2,2,2,2,2,2,2,2,2,20141127,11,6,2,2,2,3,3,5,1,3,15,6,2,4,4,3,1,3,4,3,21856,80+
6989,,,,2,2,2,2,2,2,2,2,2,2,2,20141117,11,1,2,1,1,2,,3,1,2,15,6,2,,4,1,1,1,5,1,1636,
6990,1,1,1,1,2,2,2,1,2,2,2,2,2,2,20141115,11,6,2,3,,2,,2,1,1,34,6,2,2,4,2,1,2,3,3,4316,"Pas d’âge, santé implicite"
6991,,,,2,2,2,2,2,2,2,2,2,2,2,20141203,12,3,1,1,2,2,,4,1,3,15,6,2,,4,1,2,1,5,1,2157,
6992,,,,1,1,2,2,2,2,2,2,2,2,2,20141112,11,9,1,3,,3,2,4,1,3,15,6,2,1,1,3,4,1,2,3,6043,
6993,1,1,1,2,2,2,2,2,2,2,2,2,2,2,20141118,11,9,2,3,,1,,1,1,0,19,6,2,5,2,1,1,1,2,3,2432,"Pas d’âge, santé implicite"
6994,,,,1,2,2,2,2,2,2,2,2,2,2,20141203,12,2,1,1,2,2,2,4,1,2,15,6,1,,4,1,1,1,5,1,2086,
6995,1,2,2,1,2,2,2,1,2,2,2,2,2,2,20141118,11,8,2,3,,1,,1,1,1,19,6,2,7,,3,2,2,3,3,3560,
6996,,,,2,2,2,2,2,2,2,2,2,2,2,20141129,11,8,1,3,,2,,2,1,1,29,6,2,2,1,5,4,3,4,3,3702,
6997,3,2,1,2,2,2,2,2,2,2,2,2,2,2,20141201,12,9,1,3,,1,,1,1,0,19,6,2,1,1,3,3,2,3,3,2387,
6998,1,1,1,2,2,2,2,2,2,2,2,2,2,2,20141115,11,7,1,3,,1,,1,1,0,15,6,1,2,1,3,3,2,3,3,13664,"Pas d’âge, santé implicite"
6999,1,1,1,2,2,2,2,2,2,2,2,2,2,2,20141202,12,4,1,3,,3,3,3,1,3,19,6,2,,4,3,4,2,3,3,1546,"Pas d’âge, santé implicite"
7000,1,2,1,1,2,2,2,2,2,2,2,2,2,2,20141119,11,8,2,3,,2,,2,1,1,21,6,2,6,2,4,2,3,4,3,4869,65+
7001,1,2,1,2,2,2,2,1,2,2,2,2,2,2,20141119,11,7,1,3,,3,1,3,1,3,34,6,1,1,2,4,4,2,3,2,5834,70+
7002,,,,2,2,2,2,2,2,2,2,1,2,2,20141206,12,1,1,1,2,2,,4,1,2,34,6,2,,2,1,1,4,5,1,1339,
7003,,,,1,1,2,2,2,2,2,2,2,2,2,20141129,11,3,2,1,2,2,,4,1,1,34,6,2,,2,1,1,2,5,1,3780,
7004,,,,2,2,2,2,2,2,2,2,2,2,2,20141120,11,8,1,3,,2,,2,1,1,34,6,2,2,,3,1,2,3,3,7779,
7005,1,2,1,1,2,2,2,1,2,2,2,2,2,2,20141118,11,5,2,3,,2,,2,2,2,34,6,2,5,4,2,3,1,2,3,2158,65+
7006,1,1,1,2,2,2,2,2,2,2,2,2,2,2,20141130,11,9,1,3,,1,,1,1,0,34,6,2,7,2,3,4,1,2,3,2713,70+
7007,,,,1,2,2,2,2,2,2,2,2,2,2,20150108,1,3,2,1,2,2,,4,1,3,15,6,1,,4,1,1,1,5,1,2101,
7008,,,,2,2,2,2,2,2,2,2,2,2,2,20150124,1,1,2,1,1,3,,6,1,3,21,6,2,,4,1,1,4,5,1,1344,
7009,,,,1,2,2,2,2,2,2,2,1,2,2,20141119,11,3,1,1,3,3,1,6,1,3,34,6,2,,,1,1,1,5,1,1712,
7010,3,2,2,1,2,2,2,1,2,2,2,2,2,2,20141118,11,10,1,3,,2,,2,1,1,34,6,1,2,3,5,5,2,3,3,2713,
7011,1,2,,2,2,2,2,2,2,2,2,2,2,2,20141119,11,10,1,3,,2,,2,1,0,29,6,2,2,,2,4,1,2,3,3307,"Pas d’âge, santé implicite"
7012,,,,2,2,2,2,2,2,2,2,2,2,2,20141112,11,7,1,2,1,3,1,4,1,1,19,6,2,7,3,4,4,2,3,3,17418,
7013,,,,1,2,2,2,1,2,2,2,2,2,2,20141205,12,2,2,1,1,2,,3,1,2,15,6,2,,3,1,,,,1,1636,
7014,,,,2,2,2,2,2,2,2,2,2,2,2,20141203,12,1,1,1,2,2,,4,1,1,19,6,2,,2,1,1,4,5,1,1597,
7015,1,2,1,2,2,2,2,2,2,2,2,2,2,2,20141202,12,9,2,3,,2,,2,1,1,19,6,2,2,2,3,1,3,4,3,2432,70+
7016,,,,2,2,2,2,2,2,2,2,2,2,2,20141117,11,9,2,3,,1,,1,1,0,34,6,2,1,1,2,2,2,3,3,1779,
7017,,,,2,2,2,2,2,2,2,2,2,2,1,20141112,11,1,2,1,1,2,,3,1,0,34,6,2,,,1,1,4,5,1,3077,
7018,,,,1,2,2,1,1,2,2,2,2,2,2,20150105,1,2,2,1,2,2,,4,1,2,15,6,2,,4,1,1,1,5,1,2181,
7019,3,2,1,1,1,2,2,2,2,2,2,2,2,2,20141206,12,9,2,3,,1,1,1,1,0,34,6,2,2,1,2,2,1,2,3,1779,60+
7020,1,1,1,1,1,2,2,2,2,2,2,2,2,2,20141128,11,10,1,3,,1,,1,1,1,34,6,2,1,1,5,4,3,4,3,1356,60+
7021,1,1,2,2,2,2,2,2,2,2,2,2,2,2,20141201,12,7,1,2,2,2,2,4,1,3,15,6,1,6,3,4,4,2,3,3,30266,70+
7022,1,1,2,2,2,2,2,2,2,2,2,2,2,2,20141129,11,4,1,2,1,3,3,4,1,3,15,6,2,,4,4,5,1,2,3,30266,"Pas d’âge, santé implicite"
7023,1,1,1,2,2,2,2,2,2,2,2,2,2,2,20141129,11,9,2,3,,2,,2,2,0,34,6,2,1,1,2,1,1,2,3,1779,65+
7024,1,2,1,2,2,2,2,2,2,2,2,2,2,2,20141129,11,4,2,3,,3,3,5,1,3,15,6,1,,,1,1,1,1,3,1565,90+
7025,2,1,1,2,2,2,2,2,2,2,2,2,2,2,20141129,11,8,1,3,,2,,2,1,2,34,6,2,4,2,4,4,2,3,3,5186,"Pas d’âge, santé implicite"
7026,,,,2,2,2,2,2,2,2,2,2,2,2,20141129,11,3,2,1,2,2,2,4,1,3,15,6,2,,3,2,1,1,5,1,2101,
7027,,,,1,1,2,1,1,2,2,2,2,2,2,20141127,11,4,2,1,2,3,1,5,1,3,24,6,2,,2,2,4,1,5,,1677,
7028,1,,1,2,2,2,2,2,2,2,2,2,2,2,20141127,11,10,2,3,,1,,1,1,0,34,6,2,6,,4,4,2,3,3,1779,
7029,1,1,1,1,1,2,,1,2,2,2,2,2,2,20141129,11,9,2,3,,1,,1,1,1,19,6,1,4,2,2,3,1,2,3,1216,65+
7030,1,1,1,2,2,2,2,2,2,2,2,2,2,2,20141201,12,9,2,3,,2,1,2,1,0,19,6,2,1,1,4,1,3,4,3,4864,
7031,1,1,1,1,2,2,2,1,2,2,2,2,2,2,20141201,12,8,2,3,,2,,2,1,1,19,6,2,2,3,2,3,1,2,3,7120,75+
7032,,,,1,2,2,2,2,2,2,2,2,2,2,20141203,12,2,1,1,2,2,,4,1,2,15,6,1,,4,1,,,,1,2086,
7033,,,,1,2,2,2,2,2,1,2,2,2,2,20141204,12,2,1,1,2,2,,4,1,1,34,6,2,,2,1,,,,1,2008,
7034,1,1,1,2,2,2,2,2,2,2,2,2,2,2,20141128,11,8,1,3,,2,,2,1,1,34,6,2,5,2,4,3,2,3,3,7779,70+
7035,2,1,1,1,2,2,2,1,2,2,2,2,2,2,20141129,11,8,2,3,,1,,1,1,1,15,6,2,,,2,1,2,3,3,4934,75+
7036,,,,2,2,2,2,2,2,2,2,2,2,2,20141203,12,1,1,1,1,2,,3,1,2,34,6,2,,4,1,1,4,5,1,1004,
7037,1,1,1,2,2,2,2,2,2,2,2,2,2,2,20141128,11,7,2,3,,2,,2,1,2,15,6,2,5,4,2,3,1,2,3,6578,
7038,3,2,1,2,2,2,2,2,2,2,2,2,2,2,20141129,11,8,2,3,,1,,1,1,1,34,6,2,2,1,5,3,3,4,3,2158,80+
7039,,,,2,2,2,2,2,2,2,2,2,2,2,20141127,11,1,2,1,2,2,,4,1,1,15,6,2,,3,1,1,1,5,1,3271,
7040,,,,2,2,2,1,2,2,2,2,2,2,2,20141130,11,2,1,1,2,2,2,4,1,1,17,6,2,,3,1,1,1,5,1,3151,
7041,,,,2,2,2,2,2,2,2,2,2,2,2,20141207,12,3,1,1,2,1,,3,2,1,17,6,2,,3,1,2,1,5,1,1485,
7042,,,,1,2,2,2,1,2,2,2,2,2,2,20140809,8,3,2,1,2,2,,4,1,2,21,6,2,,4,2,3,1,5,1,991,
7043,3,2,1,1,2,2,2,1,2,2,2,2,2,2,20141129,11,6,2,3,,2,,2,1,2,15,6,2,6,4,1,1,1,2,3,6578,
7044,1,2,1,2,2,2,2,2,2,2,2,2,2,2,20141129,11,10,1,3,,1,,1,2,0,15,6,1,1,2,3,4,1,2,3,2518,"Vieux, pas d'âge défini"
7045,1,2,1,2,2,2,2,2,2,2,2,2,2,2,20141129,11,4,2,3,,3,3,4,1,3,15,6,1,,2,2,2,1,2,2,7894,65+
7046,,,,2,2,2,2,2,2,2,2,2,2,1,20141201,12,1,1,1,1,2,,3,1,2,21,6,2,,3,1,,,,1,948,
7047,,,,2,2,2,2,2,2,2,2,2,2,2,20141201,12,2,2,1,2,2,1,4,1,2,15,6,2,,1,1,1,1,5,1,2181,
7048,,,,1,2,2,2,1,2,2,2,2,2,2,20141130,11,1,1,1,1,2,,3,1,1,34,6,2,,4,1,1,2,5,1,1506,
7049,3,1,1,2,2,2,2,2,2,2,2,2,2,2,20141202,12,10,2,3,,1,,1,1,0,15,6,2,1,1,2,2,1,2,3,3910,"Pas d’âge, santé implicite"
7050,2,2,1,2,2,2,2,2,2,2,2,2,2,2,20141129,11,9,2,3,,1,1,1,2,1,15,6,2,4,1,2,1,2,3,3,1303,"Pas d’âge, santé implicite"
7051,2,1,1,1,1,1,2,1,2,2,2,2,2,2,20141202,12,4,1,3,,2,2,2,1,1,34,6,1,,1,5,3,3,4,3,795,
7052,1,1,1,2,2,2,2,2,2,2,2,2,2,2,20141119,11,9,2,3,,1,,1,1,1,15,6,2,4,2,2,1,1,2,3,1955,90+
7053,,,,2,2,2,2,2,2,2,2,2,2,2,20141112,11,8,1,3,,2,,2,1,0,19,6,2,4,2,4,3,2,3,3,14513,
7054,,,,2,2,2,2,2,2,2,2,2,2,2,20141118,11,1,1,1,2,2,,4,1,1,34,6,2,,3,1,1,4,5,1,2008,
7055,2,1,1,2,2,2,2,2,2,2,2,2,2,2,20141118,11,8,2,3,,1,,1,1,0,34,6,2,1,1,2,2,1,2,3,4316,
7056,,,,2,2,2,2,2,2,2,2,2,2,2,20141203,12,4,1,1,1,2,,3,1,1,15,6,2,,2,4,4,2,5,,4044,
7057,1,2,2,2,2,2,2,2,2,2,2,2,2,2,20141118,11,8,1,3,,1,,1,1,0,34,6,2,7,2,4,5,2,3,3,7779,65+
7058,1,1,1,1,1,2,2,1,2,2,2,2,2,1,20141118,11,8,2,3,,1,,1,1,0,34,6,2,4,1,3,2,2,3,3,4316,"Pas d’âge, santé implicite"
7059,1,,1,2,2,2,2,2,2,2,2,2,2,2,20141127,11,10,2,3,,2,,2,1,2,34,6,2,4,2,3,1,3,4,3,1186,"Pas d’âge, santé implicite"
7060,1,1,1,2,2,2,2,2,2,2,2,2,2,2,20141115,11,10,2,3,,2,,2,2,0,34,6,2,3,2,2,3,1,2,3,1779,70+
7061,1,2,1,1,2,2,2,1,2,2,2,2,2,2,20141117,11,9,2,3,,1,,1,1,1,34,6,2,6,2,2,1,1,2,3,890,70+
7062,3,2,1,2,2,2,2,2,2,2,2,2,2,2,20141117,11,10,1,3,,1,,1,1,0,29,6,2,2,1,3,4,1,2,3,1654,"Pas d’âge, santé implicite"
7063,,,,2,2,2,2,2,2,2,2,2,2,2,20141110,11,8,1,3,,1,,2,1,2,15,6,1,2,,5,4,3,4,3,9109,
7064,,,,2,2,2,2,2,2,2,2,2,2,2,20150107,1,2,1,1,2,2,,4,1,2,19,6,2,,4,1,1,1,5,1,1065,
7065,,,,1,2,2,2,2,2,1,2,1,2,2,20141205,12,3,1,1,2,2,,4,1,2,34,6,2,,2,2,3,1,5,1,1522,
7066,,,,2,2,2,2,1,2,2,2,2,2,2,20141208,12,4,1,1,1,3,1,4,2,2,34,6,2,,3,2,4,1,2,3,1141,
7067,1,1,1,1,1,2,2,1,2,2,2,2,2,2,20150123,1,9,2,3,,1,,1,1,1,34,6,1,6,2,2,3,1,2,3,890,"Pas d’âge, santé implicite"
7068,,,,1,2,2,2,2,2,2,2,1,2,2,20150105,1,2,2,1,1,2,,3,1,0,34,6,2,,4,1,1,1,5,1,3077,
7069,,,,1,2,2,2,1,2,2,2,2,2,2,20141205,12,3,2,1,5,2,,6,1,2,19,6,2,,2,1,2,1,5,1,3739,
7070,,,,1,2,2,2,2,2,2,2,2,2,2,20150105,1,2,1,1,2,2,2,4,1,1,19,6,2,,4,1,1,1,5,1,1597,
7071,,,,1,2,2,2,2,2,2,2,,2,2,20141021,10,1,2,1,4,2,,6,1,2,34,6,2,,4,1,1,4,5,1,2051,
7072,1,1,2,2,2,2,2,2,2,2,2,2,2,2,20150117,1,9,1,3,,2,,2,1,1,15,6,2,7,2,5,4,2,3,3,7553,70+
7073,1,2,2,2,2,2,2,2,2,2,2,2,2,2,20141129,11,10,2,3,,1,,1,1,1,34,6,2,1,1,2,1,2,3,3,890,
7074,1,1,1,2,2,2,2,2,2,2,2,2,2,2,20150116,1,8,2,3,,2,,2,1,2,34,6,2,4,2,4,1,3,4,3,2877,65+
7075,,,,2,2,2,2,2,2,2,2,2,2,2,20141204,12,1,2,1,2,2,,4,1,2,21,6,2,,2,1,1,2,5,1,1195,
7076,2,,1,1,2,2,2,2,2,2,2,2,2,2,20150123,1,10,2,3,,1,,1,2,1,15,6,2,1,,2,1,1,2,3,1303,
7077,,,,1,2,1,2,1,2,2,2,2,2,2,20141205,12,3,2,1,1,3,,6,1,3,15,6,2,,4,1,1,3,5,1,2101,
7078,,,,1,2,2,2,2,2,1,2,2,2,2,20141011,10,5,1,3,,2,,2,2,2,15,6,2,6,3,3,5,1,2,3,6832,
7079,,,,1,2,2,2,2,2,2,2,2,2,2,20141208,12,3,1,1,2,2,,4,1,2,15,6,2,,1,1,1,2,5,1,3595,
7080,,,,2,2,2,2,2,2,2,2,2,2,2,20150107,1,1,1,1,1,2,,3,1,1,34,6,2,,3,1,1,4,5,1,1506,
7081,,,,2,2,2,2,2,2,2,2,2,2,2,20141207,12,1,1,1,1,2,1,3,1,2,15,6,2,,4,1,1,4,5,1,1565,
7082,,,,2,2,2,2,2,2,2,2,2,2,2,20141207,12,3,2,1,1,2,,3,1,2,15,6,2,,4,1,1,2,5,1,2101,
7083,,,,2,2,2,2,2,2,2,2,2,2,2,20141207,12,3,2,1,1,2,,3,1,1,34,6,2,,4,1,3,1,5,1,2835,
7084,,,,2,2,2,2,2,2,2,2,2,2,2,20150107,1,3,1,2,2,3,1,5,1,3,34,6,2,,3,1,2,1,5,1,1729,
7085,,,,2,2,2,2,2,2,2,2,2,2,2,20141207,12,2,2,1,4,2,,6,1,1,34,6,2,,4,1,1,1,5,1,3077,
7086,,,,1,2,2,2,2,2,2,2,2,2,2,20141207,12,1,2,1,2,2,,4,1,1,34,6,2,,4,1,1,4,5,1,2051,
7087,1,1,2,1,2,1,2,2,2,2,2,2,2,2,20141212,12,9,2,3,,2,,2,1,1,17,6,2,2,,5,1,3,4,3,1662,80+
7088,1,2,1,1,2,2,2,1,2,2,2,2,2,1,20141211,12,7,2,3,,2,,2,1,2,15,6,2,1,2,3,3,1,2,3,6578,
7089,,,,1,2,2,2,2,2,2,2,2,2,2,20141214,12,4,1,1,3,2,2,5,1,3,34,6,1,,4,3,4,1,5,,1427,
7090,,,,2,2,2,2,2,2,2,2,2,2,2,20141216,12,4,2,1,1,3,3,4,1,1,19,6,2,,4,2,3,1,5,,3205,
7091,3,2,,1,2,2,2,2,2,2,2,2,2,2,20141211,12,8,2,3,,1,,1,1,1,34,6,2,4,1,4,1,3,4,3,2158,65+
7092,1,2,1,1,2,2,2,2,2,2,2,2,2,2,20141214,12,9,2,3,,2,,2,1,0,34,6,2,1,1,2,1,2,3,3,3559,65+
7093,2,,1,2,2,2,2,2,2,2,2,2,2,2,20150105,1,10,2,3,,2,,2,1,,15,6,2,1,,2,1,1,2,3,7819,
7094,,,,1,2,2,2,2,2,1,2,2,2,2,20150107,1,3,2,1,2,2,,4,1,2,34,6,2,,3,1,1,2,5,1,2520,
7095,,,,1,2,1,2,1,2,2,2,2,2,2,20141215,12,2,2,2,4,2,,6,1,2,15,6,2,,3,1,1,1,5,1,6477,
7096,1,2,1,2,2,2,2,2,2,2,2,2,2,2,20141216,12,10,2,3,,1,,1,1,0,24,6,2,1,1,2,2,1,2,3,1930,
7097,1,2,1,2,2,2,2,2,2,2,2,2,2,2,20141212,12,10,2,3,,1,,1,1,0,34,6,2,2,2,2,1,1,2,3,1779,"Pas d’âge, santé implicite"
7098,1,2,,2,2,2,2,2,2,2,2,2,2,2,20141211,12,10,2,3,,1,,1,1,0,29,6,2,4,2,,,,,3,948,
7099,1,1,1,2,2,2,2,2,2,2,2,2,2,2,20141212,12,9,2,3,,1,,1,1,0,15,6,2,5,1,,2,,,3,3910,65+
7100,,,,1,2,2,2,2,2,2,2,2,2,2,20141212,12,3,1,1,2,2,,4,1,3,19,6,2,,4,3,4,2,5,1,1329,
7101,,,,2,2,2,2,2,2,2,2,2,2,2,20141212,12,4,2,1,2,2,,4,1,3,15,6,2,,,1,2,1,5,,1681,
7102,,,,2,2,2,2,2,2,2,2,2,2,2,20150107,1,4,1,1,1,2,,3,1,2,15,6,2,,1,1,2,1,5,,2696,
7103,,,,1,2,2,2,1,2,2,2,2,2,2,20141216,12,3,1,1,2,2,,4,1,2,34,6,2,,4,1,,,,1,1522,
7104,,,,2,2,2,2,2,2,2,2,2,2,2,20150105,1,2,2,1,1,1,,2,1,1,15,6,2,,,1,1,3,5,1,1636,
7105,,,,2,2,2,2,2,2,2,2,2,2,2,20141211,12,3,2,1,2,2,2,4,2,2,15,6,2,,1,1,,,,1,1681,
7106,3,,1,2,2,2,2,2,2,2,2,2,2,2,20141211,12,10,2,3,,1,1,1,1,1,34,6,2,1,1,3,1,2,3,3,890,
7107,,,,2,2,2,2,2,2,2,2,2,2,2,20141215,12,1,1,1,2,2,2,4,1,2,15,6,2,,4,,,,,1,2086,
7108,1,1,1,1,1,1,1,1,2,2,2,2,2,2,20141214,12,10,2,3,,2,1,2,1,1,19,6,2,5,2,3,2,2,3,3,2432,75+
7109,,,,1,2,2,1,1,2,2,2,2,2,2,20141214,12,4,1,2,1,3,1,4,1,3,34,6,2,,3,2,5,1,5,,1660,
7110,,,,2,2,2,2,2,2,2,2,2,2,2,20141214,12,10,1,3,,2,2,2,1,1,15,6,1,1,2,2,3,1,2,2,7553,
7111,1,2,2,2,2,2,2,2,2,2,2,2,2,2,20141213,12,6,2,2,3,2,,5,1,0,15,6,2,7,4,2,4,1,2,3,109280,70+
7112,,,,2,2,2,2,2,2,2,2,2,2,2,20141214,12,3,2,1,1,2,,3,1,3,29,6,2,,4,1,3,1,5,1,2541,
7113,1,2,1,2,2,2,2,2,2,2,2,2,2,2,20141212,12,9,2,3,,2,,2,1,1,15,6,2,5,4,2,2,1,2,3,3910,70+
7114,,,,2,2,2,2,2,2,2,2,2,2,2,20141214,12,2,2,1,2,2,,4,1,2,15,6,2,,4,1,1,1,5,1,2181,
7115,,,,2,2,2,2,2,2,2,2,2,2,2,20150108,1,3,2,1,1,3,1,4,1,2,15,6,2,,,1,1,1,5,1,2801,
7116,1,1,1,2,2,2,2,2,2,2,2,2,2,2,20150108,1,5,2,3,,3,,,2,2,15,6,2,4,2,4,2,3,4,3,9868,60+
7117,,,,2,2,2,2,2,2,2,2,2,2,2,20141211,12,1,1,1,2,2,2,4,1,2,15,6,1,,3,1,1,2,5,1,2086,
7118,1,1,1,1,2,2,2,1,2,2,2,2,2,2,20141212,12,7,2,3,,1,,1,1,0,34,6,2,1,1,2,1,1,2,3,4316,"Pas d’âge, santé implicite"
7119,,,,2,2,2,2,2,2,2,2,2,2,2,20141212,12,1,2,1,1,2,,3,1,1,34,6,2,,2,1,,,,1,1538,
7120,,,,1,2,2,2,1,2,2,2,2,2,2,20141213,12,2,2,1,2,2,2,4,1,2,15,6,2,,4,1,1,1,5,1,2181,
7121,,,,2,2,2,2,2,2,2,2,2,2,2,20141216,12,3,2,1,2,3,,5,2,2,34,6,2,,3,1,1,1,5,1,2362,
7122,1,1,,2,2,2,2,2,2,2,2,2,2,2,20141212,12,10,2,3,,1,,1,1,1,15,6,2,1,,2,3,1,2,3,1955,Mon âge
7123,1,1,1,1,2,2,1,2,2,2,2,2,2,2,20141213,12,10,2,3,,1,,1,1,0,15,6,1,6,2,3,1,2,3,3,3910,70+
7124,1,1,1,1,2,2,,2,2,2,2,2,2,2,20141211,12,8,2,3,,1,,1,2,0,15,6,1,,1,5,2,3,4,3,3289,70+
7125,1,1,1,2,2,2,2,2,2,2,2,2,2,2,20141214,12,10,1,3,,2,,2,1,2,15,6,1,4,3,2,1,1,2,3,5036,80+
7126,,,,2,2,2,2,2,2,2,1,2,2,2,20150105,1,3,1,1,2,2,,4,1,2,19,6,2,,4,1,2,1,5,1,1771,
7127,1,2,1,2,2,2,2,2,2,2,2,2,2,2,20141215,12,10,2,3,,1,,1,1,0,34,6,2,1,2,2,2,1,2,3,1779,
7128,,,,1,2,2,2,1,2,2,2,2,2,2,20150106,1,3,2,1,1,2,,3,1,2,34,6,1,,4,1,,,,1,1890,
7129,,,,2,2,2,2,2,2,2,2,2,2,2,20141108,11,2,2,1,2,2,,4,1,2,34,6,2,,4,1,1,2,5,1,1367,
7130,3,1,1,2,2,2,2,2,2,2,2,2,2,2,20141215,12,10,2,3,,1,,1,1,0,29,6,2,1,1,4,3,2,3,3,948,70+
7131,,,,2,2,2,2,2,2,2,2,2,2,2,20141214,12,4,1,1,1,1,,2,1,0,15,6,2,,1,5,4,3,5,,5392,
7132,1,1,1,1,2,2,2,2,2,2,2,2,2,2,20141215,12,9,2,3,,1,,1,1,0,15,6,1,6,1,2,1,1,2,3,3910,"Vieux, pas d'âge défini"
7133,,,,2,2,2,2,2,2,2,2,2,2,2,20150225,2,3,1,1,2,2,,4,1,3,15,6,2,,4,,2,,,1,2696,
7134,1,1,1,2,2,2,2,2,2,2,2,2,2,2,20141214,12,9,1,3,,1,,1,1,0,15,6,2,2,1,5,4,2,3,3,7553,40+
7135,1,1,1,2,2,2,2,2,2,2,2,2,2,2,20141214,12,9,1,3,,2,,2,1,2,19,6,2,4,3,4,4,2,3,3,1591,65+
7136,1,,2,2,2,2,2,2,2,2,2,2,2,2,20141211,12,5,2,2,2,2,,4,2,2,15,6,2,3,2,5,4,3,4,3,17485,75+
7137,,,,1,2,2,2,1,2,2,2,2,2,2,20141211,12,4,1,1,2,1,,3,1,3,34,6,2,,1,3,5,1,5,,856,
7138,3,1,1,2,2,2,2,2,2,2,2,2,2,2,20141212,12,10,2,3,,1,,1,1,0,15,6,2,1,1,3,3,1,2,3,3910,70+
7139,1,1,1,2,2,2,2,2,2,2,2,2,2,2,20141212,12,9,1,3,,1,1,1,1,0,15,6,2,1,1,3,3,2,3,3,7553,65+
7140,,,,1,2,2,2,2,2,2,2,2,2,2,20141220,12,4,1,1,1,3,1,4,1,0,17,6,2,,,2,5,1,5,,5942,
7141,,,,2,2,2,2,2,2,2,,,,,20141108,11,1,2,1,2,2,,4,1,2,19,6,2,,,1,,,,1,1181,
7142,3,2,1,2,2,2,2,2,2,2,2,2,2,2,20141212,12,10,2,3,,1,,1,1,2,34,6,2,6,2,3,1,3,4,3,593,"Pas d’âge, santé implicite"
7143,,,,2,2,2,2,2,2,2,2,2,2,2,20141215,12,1,1,1,2,2,,4,1,2,19,6,2,,3,1,1,4,5,1,1065,
7144,2,2,1,1,1,2,2,2,2,2,2,2,2,1,20141210,12,5,2,2,2,2,,4,2,3,15,6,2,6,3,2,2,1,2,3,17485,
7145,2,2,1,2,2,2,2,2,2,2,2,2,2,2,20141218,12,8,2,3,,2,2,2,2,2,24,6,2,1,2,2,2,2,3,3,491,65+
7146,1,1,1,2,2,2,2,2,2,2,2,2,2,2,20141211,12,7,1,3,,3,1,3,1,2,19,6,2,5,4,3,4,1,2,3,7257,
7147,1,1,1,2,2,2,2,2,2,2,2,2,2,2,20141215,12,9,2,3,,2,,2,1,0,15,6,2,1,2,2,1,2,3,3,7819,"Pas d’âge, santé implicite"
7148,1,1,1,2,2,2,2,2,2,2,2,2,2,2,20141214,12,10,2,3,,1,,1,2,0,24,6,2,1,2,3,1,2,3,3,643,
7149,1,1,1,2,2,2,2,2,2,2,2,2,2,2,20141213,12,8,2,3,,3,,3,2,2,15,6,2,4,1,5,2,3,4,3,7401,70+
7150,1,1,2,2,2,2,2,2,2,2,2,2,2,1,20141212,12,7,1,3,,1,1,1,1,1,34,6,2,1,1,2,3,1,2,3,3889,60+
7151,1,1,1,1,1,2,2,1,2,2,2,2,2,2,20141213,12,7,2,3,,3,1,3,1,2,19,6,2,3,1,5,1,3,4,3,7120,70+
7152,1,2,,1,2,2,1,1,2,2,2,2,2,2,20141212,12,4,1,2,1,3,1,4,1,3,24,6,2,,4,4,5,2,3,3,2331,75+
7153,1,2,1,2,2,2,2,2,2,2,2,2,2,2,20141212,12,5,1,2,3,2,,5,1,3,15,6,2,2,3,5,5,2,3,3,37832,60+
7154,2,2,1,2,2,2,2,2,2,2,2,2,2,2,20141212,12,9,2,3,,2,,2,1,1,34,6,2,6,3,2,1,2,3,3,1779,
7155,1,,1,2,2,2,2,2,2,2,2,2,2,2,20141211,12,9,1,3,,1,1,1,1,1,34,6,2,6,3,4,3,3,4,3,1356,65+
7156,,,,1,2,2,1,2,2,2,2,2,2,2,20141213,12,3,2,1,3,2,,5,1,1,34,6,2,,,2,1,2,5,1,4725,
7157,2,2,1,1,2,2,2,2,2,2,2,2,2,2,20141212,12,6,2,2,3,2,2,5,1,1,34,6,2,2,3,2,1,2,3,3,28170,70+
7158,1,1,1,2,2,2,2,2,2,2,2,2,2,2,20141213,12,8,1,3,,2,,2,1,1,34,6,1,2,2,5,5,3,4,3,7779,55+
7159,1,1,1,2,2,2,2,2,2,2,2,2,2,2,20141213,12,9,2,3,,1,,1,1,1,15,6,2,6,2,3,3,2,3,3,1955,"Pas d’âge, santé implicite"
7160,1,2,1,2,2,2,2,2,2,2,2,2,2,2,20141215,12,10,2,3,,1,,1,1,0,15,6,2,1,1,3,2,2,3,3,3910,60+
7161,1,1,1,1,2,2,2,1,2,2,2,2,2,2,20141213,12,7,2,2,1,2,,3,1,3,15,6,1,7,4,3,2,2,3,3,16392,65+
7162,,,,2,2,2,2,2,2,2,2,2,2,2,20141214,12,2,1,1,2,2,2,4,1,2,15,6,2,,2,1,,,,1,2086,
7163,1,2,1,2,2,2,2,2,2,2,2,2,2,2,20141213,12,8,2,3,,1,,1,1,1,15,6,1,1,,4,5,2,3,3,4934,60+
7164,1,1,1,2,2,2,2,2,2,2,2,2,2,2,20141211,12,7,1,3,,1,,1,1,1,15,6,1,1,1,3,2,2,3,3,6832,70+
7165,1,1,1,1,2,2,1,1,2,2,2,2,2,2,20141212,12,8,2,3,,1,,1,1,1,15,6,2,4,2,2,1,1,2,3,4934,70+
7166,3,2,1,2,2,2,2,2,2,2,2,2,2,2,20141212,12,7,2,3,,3,3,3,1,2,15,6,2,6,4,1,1,1,2,3,9868,
7167,1,2,2,1,1,1,2,1,2,2,2,2,2,2,20141213,12,10,2,3,,2,,2,1,1,34,6,2,3,2,2,1,1,2,3,1779,
7168,1,1,1,2,2,2,2,2,2,2,2,2,2,2,20141213,12,8,2,3,,2,,2,2,1,15,6,2,7,,4,1,3,4,3,4934,70+
7169,,,,1,2,2,2,2,2,2,2,2,2,2,20141215,12,4,2,1,1,3,3,4,2,3,34,6,2,,2,2,3,1,5,,1260,
7170,2,2,1,1,2,2,2,2,2,2,2,2,2,2,20141211,12,4,1,3,,1,,1,1,1,24,6,2,,1,2,3,1,2,3,10168,70+
7171,1,2,1,1,2,2,2,1,2,2,2,2,2,2,20141211,12,8,2,3,,1,1,1,1,2,15,6,2,3,1,4,3,2,3,3,3289,75+
7172,,,,2,2,2,2,2,2,2,2,2,2,2,20141212,12,3,2,1,2,2,,4,2,2,15,6,2,,4,1,1,1,5,1,1681,
7173,1,,1,2,2,2,2,2,2,2,2,2,2,2,20141211,12,9,1,3,,1,1,1,2,0,34,6,2,1,2,5,4,3,4,3,543,Ne sais pas
7174,1,1,1,2,2,2,2,2,2,2,2,2,2,2,20141212,12,5,2,2,2,2,2,4,1,2,34,6,2,6,4,2,2,1,2,3,15024,65+
7175,1,2,1,1,2,2,1,2,2,2,2,2,2,2,20141211,12,8,1,3,,2,,2,1,1,29,6,2,6,3,4,5,1,2,3,3702,65+
7176,1,2,1,1,2,2,2,2,2,2,2,2,2,2,20141211,12,9,1,3,,3,1,3,1,2,29,6,2,2,2,4,4,2,3,3,1654,Intervention peu claire
7177,,,,2,2,2,2,2,2,2,2,2,2,2,20141214,12,9,2,3,,2,,2,2,2,34,6,2,1,2,1,1,1,2,2,890,
7178,1,2,1,1,2,1,,,2,2,2,2,2,2,20150108,1,9,2,3,,1,,1,1,0,34,6,2,1,1,2,1,2,3,3,1779,
7179,,,,2,2,2,2,2,2,2,2,2,2,2,20141214,12,3,1,1,2,2,,4,1,3,15,6,1,,4,2,4,1,5,1,2696,
7180,1,1,1,2,2,2,2,2,2,2,2,2,2,2,20141214,12,10,2,3,,1,,1,1,1,19,6,2,2,2,2,2,1,2,3,1216,
7181,1,2,1,2,2,2,2,2,2,2,2,2,2,2,20141214,12,9,2,3,,2,,2,2,1,21,6,2,2,2,2,1,1,2,3,635,"Pas d’âge, santé implicite"
7182,,,,1,2,2,2,1,2,2,2,2,2,2,20150109,1,1,1,1,1,2,,3,1,1,15,6,2,,4,1,1,1,5,1,2347,
7183,,,,1,1,2,2,2,2,2,2,2,2,2,20141215,12,4,1,1,1,2,,3,1,2,34,6,2,,4,2,3,1,5,,1141,
7184,,,,2,2,2,2,2,2,2,2,2,2,2,20141210,12,2,1,1,2,2,2,4,1,1,34,6,2,,3,1,,,,1,2008,
7185,3,1,1,2,2,2,2,2,2,2,2,2,2,2,20141213,12,10,1,3,,2,,2,1,1,17,6,2,2,2,2,5,1,1,3,5042,
7186,2,1,1,2,2,2,2,2,2,2,2,2,2,2,20141212,12,4,1,2,1,2,2,3,2,2,15,6,2,,3,5,5,1,2,3,18159,
7187,1,1,1,2,2,2,2,2,2,2,2,2,2,2,20141216,12,8,1,3,,2,,2,1,2,15,6,2,6,4,3,4,1,2,3,9109,
7188,2,1,1,1,2,2,2,2,2,2,2,2,2,2,20141212,12,7,2,3,,3,1,3,1,3,34,6,2,4,4,1,1,1,2,3,3237,
7189,,1,1,2,2,2,2,2,2,2,2,2,2,2,20141211,12,7,1,3,,1,,1,1,0,34,6,2,1,2,5,4,3,4,3,7779,75+
7190,2,2,1,1,2,2,2,2,2,2,2,2,2,2,20141211,12,8,1,3,,3,1,3,1,1,19,6,2,2,2,5,5,2,3,3,10885,75+
7191,1,2,1,2,2,2,2,2,2,2,2,2,2,2,20141213,12,6,2,3,,2,,2,1,2,21,6,2,6,4,2,3,1,2,3,3246,70+
7192,1,1,1,2,2,2,2,2,2,2,2,2,2,2,20141212,12,7,2,2,1,3,1,5,1,3,15,6,2,5,,3,2,2,3,3,27320,70+
7193,1,2,2,2,2,2,2,2,2,2,2,2,2,2,20141212,12,10,1,3,,2,,2,1,0,34,6,2,1,,5,3,3,4,3,5425,70+
7194,1,1,1,2,2,2,2,2,2,2,2,2,2,2,20141212,12,7,1,3,,2,2,2,2,0,15,6,1,1,,,,,,3,9109,
7195,,,,2,2,2,2,2,2,2,2,2,2,2,20141215,12,1,1,1,2,2,2,4,2,1,15,6,2,,4,1,,,,1,1565,
7196,1,1,1,1,2,2,2,1,2,2,2,2,2,2,20141211,12,9,2,3,,1,1,1,1,1,15,6,2,2,1,5,2,3,4,3,1955,
7197,1,1,1,1,2,2,2,2,2,2,2,2,2,2,20141213,12,8,1,3,,2,,2,1,1,34,6,2,1,2,5,4,3,4,3,7779,70+
7198,1,2,1,2,2,2,2,2,2,2,2,2,2,2,20141213,12,8,1,3,,1,,1,2,1,34,6,1,2,3,4,5,1,2,3,2593,65+
7199,1,1,1,1,2,2,2,2,2,2,2,2,2,2,20141211,12,9,1,2,1,3,,4,2,3,15,6,2,2,3,4,4,2,3,3,6692,65+
7200,1,1,1,2,2,2,2,2,2,2,2,2,2,2,20141211,12,7,1,3,,3,2,4,1,3,15,6,2,6,4,5,4,2,3,3,10931,65+
7201,1,1,1,2,2,2,2,2,2,2,2,2,2,2,20141212,12,8,2,3,,1,,1,1,0,34,6,2,2,1,2,3,1,2,3,4316,80+
7202,1,2,1,1,2,1,2,1,2,2,2,2,2,2,20141214,12,9,1,3,,2,,2,1,0,34,6,2,2,2,4,3,2,3,3,5425,60+
7203,,,,2,2,2,2,2,2,2,2,2,2,2,20150127,1,1,1,1,2,2,,4,1,2,34,6,2,,4,,,,,1,1339,
7204,,,,2,2,2,2,2,2,2,2,2,2,2,20150126,1,2,2,1,2,2,,4,1,2,34,6,2,,4,1,,,,1,1367,
7205,1,2,1,1,1,2,2,2,2,2,2,2,2,2,20150126,1,4,2,2,1,3,3,4,2,3,34,6,2,,,1,1,1,2,3,2290,65+
7206,,,,1,2,2,2,1,2,2,2,2,2,2,20150121,1,1,1,1,1,2,,3,1,2,17,6,2,,4,1,1,4,5,1,1575,
7207,,,,1,2,2,2,1,2,2,2,2,2,2,20150126,1,3,2,1,1,2,,3,1,1,34,6,2,,4,1,1,1,5,1,2835,
7208,,,,1,2,2,2,2,2,2,2,2,2,2,20150126,1,1,2,1,2,2,,4,1,2,15,6,2,,2,1,1,1,5,1,2181,
7209,,,,2,2,2,2,2,2,2,2,2,2,2,20141021,10,2,1,1,3,2,,5,1,1,15,6,2,,1,1,1,3,5,1,3912,
7210,,,,1,2,2,2,2,2,2,2,2,2,2,20150118,1,4,2,1,1,2,,3,1,3,15,6,2,,,1,1,1,5,,1575,
7211,,,,2,2,2,2,2,2,2,2,2,2,2,20150121,1,2,1,1,2,2,,4,1,2,24,6,2,,4,1,1,1,5,1,3308,
7212,,,,1,2,2,2,1,2,2,2,2,2,2,20150127,1,3,2,1,1,3,1,4,1,3,15,6,2,,4,1,1,1,5,1,1681,
7213,,,,1,2,2,2,2,2,2,2,2,2,2,20150125,1,3,2,1,1,3,,4,1,3,34,6,2,,3,,4,,,1,1512,
7214,1,1,1,2,2,2,2,2,2,2,2,2,2,2,20150117,1,9,2,3,,1,,1,1,0,15,6,2,1,1,1,1,1,2,3,3910,Intervention peu claire
7215,,,,1,2,2,2,1,2,2,2,2,2,2,20150126,1,4,1,1,1,2,,3,1,1,15,6,2,,4,4,4,2,5,,4044,
7216,,,,2,2,2,2,2,2,2,2,2,2,2,20150125,1,2,2,1,2,2,,4,0,,15,6,2,,4,1,1,1,5,1,1636,
7217,,,,2,2,2,2,2,2,2,2,2,2,2,20150125,1,3,2,1,2,2,,4,1,1,15,6,2,,2,2,2,2,5,1,4201,
7218,1,1,1,2,2,2,2,2,2,2,2,2,2,2,20141119,11,4,1,3,,3,,4,1,3,34,6,2,,4,5,4,3,4,3,6223,65+
7219,1,1,1,2,2,2,2,2,2,2,2,2,2,2,20150117,1,9,1,3,,1,,1,1,0,15,6,2,4,1,1,1,1,1,3,7553,
7220,2,1,2,1,2,1,1,2,2,2,2,1,2,2,20150119,1,4,2,3,,3,1,5,1,,15,6,2,,,3,5,1,2,3,9389,
7221,,,,1,2,2,2,2,2,2,,,,,20150126,1,4,1,2,1,3,2,4,2,3,34,6,2,,4,5,4,3,4,2,1660,
7222,,,,1,2,,2,1,2,2,2,2,2,2,20150126,1,3,2,1,2,2,,4,1,1,24,6,2,,3,2,1,2,5,1,2683,
7223,,,,1,2,2,2,2,2,2,2,2,2,2,20150124,1,1,2,1,2,2,2,4,1,2,34,6,2,,2,1,,,,1,1367,
7224,,,,1,2,2,1,1,2,2,2,2,2,2,20150127,1,2,1,1,1,1,,2,1,1,34,6,1,,1,1,1,2,5,1,1004,
7225,,,,2,2,2,2,2,2,2,2,2,2,2,20150127,1,3,1,1,2,2,,4,2,2,34,6,2,,4,1,1,1,5,1,1141,
7226,1,1,,2,2,2,2,2,2,2,2,2,2,2,20150315,3,9,2,3,,2,1,2,2,0,19,6,2,,,2,1,2,3,3,2432,75+
7227,,,,2,2,2,2,2,2,2,2,2,2,2,20150126,1,1,1,2,1,2,,3,1,1,15,6,2,,1,1,1,4,5,1,4647,
7228,,,,2,2,2,2,2,2,2,2,2,2,2,20150128,1,2,1,1,2,2,,4,1,2,34,6,2,,4,1,1,1,5,1,1339,
7229,2,2,1,2,2,2,2,2,2,2,2,2,2,2,20150119,1,7,2,3,,1,,1,1,1,15,6,2,4,,1,1,1,2,3,4934,
7230,,,,1,2,2,2,1,2,2,2,2,2,2,20150117,1,4,2,1,1,2,,3,1,1,21,6,2,,3,1,3,1,5,,1115,
7231,,,,2,2,2,2,2,2,2,2,2,2,2,20150126,1,3,1,1,2,2,,4,1,2,34,6,2,,4,1,1,1,5,1,1522,
7232,,,,2,2,2,2,2,2,2,2,2,2,2,20150125,1,1,1,1,2,2,,4,1,2,15,6,2,,4,1,1,4,5,1,2086,
7233,,,,2,2,2,2,2,2,2,2,2,2,2,20150125,1,2,1,1,1,1,1,2,1,1,15,6,2,,1,1,1,1,5,1,1565,
7234,3,2,1,2,2,2,2,2,2,2,2,2,2,2,20150120,1,9,2,3,,2,,2,1,0,34,6,2,4,4,2,2,1,2,3,3559,
7235,,,,1,2,2,2,2,2,2,2,2,2,2,20150128,1,3,1,1,1,1,1,2,1,1,15,6,1,,1,,,,,1,2696,
7236,2,2,2,1,2,1,2,1,2,2,2,2,2,2,20150116,1,8,2,3,,2,,2,1,2,19,6,2,2,,,,,,3,4747,
7237,1,1,1,1,2,2,2,1,2,2,2,2,2,2,20150120,1,8,1,3,,3,1,3,2,2,34,6,2,5,4,4,4,2,3,3,5834,65+
7238,1,2,1,1,2,2,2,2,2,2,2,2,2,2,20150114,1,5,2,3,,1,1,1,0,1,29,6,2,4,1,2,2,2,3,3,12481,"Pas d’âge, santé implicite"
7239,1,2,1,1,1,2,2,1,2,1,2,1,2,2,20150121,1,9,2,2,1,2,,3,1,1,34,6,2,6,4,3,3,1,2,3,6968,"Pas d’âge, santé implicite"
7240,1,1,1,2,2,2,2,2,2,2,2,2,2,2,20150118,1,9,2,3,,2,,2,1,1,15,6,1,5,,2,2,1,2,3,3910,60+
7241,,,,2,2,2,2,2,2,2,2,2,2,2,20150126,1,3,1,1,2,1,,3,1,1,34,6,2,,2,1,1,1,5,1,1712,
7242,1,,1,2,2,2,2,2,2,2,2,2,2,2,20150114,1,5,2,3,,1,,1,1,0,34,6,2,4,2,3,3,1,2,3,4316,
7243,3,1,1,1,2,2,2,2,2,2,2,2,2,2,20150115,1,9,1,3,,2,,2,1,0,19,6,2,5,2,5,4,3,4,3,4774,
7244,,,,2,2,2,2,2,2,2,2,2,2,2,20150127,1,3,1,1,2,2,,4,1,2,15,6,2,,4,2,3,1,5,1,3595,
7245,1,2,1,2,2,2,2,2,2,2,2,2,2,2,20150123,1,10,2,3,,1,,1,1,0,34,6,2,1,1,2,1,2,3,3,1779,
7246,,,,1,2,2,2,2,2,2,2,2,2,2,20150127,1,1,2,1,3,2,,,1,2,15,6,2,,3,,,,,1,1636,
7247,,,,1,2,2,2,2,2,2,2,2,2,2,20150128,1,2,2,1,1,2,,3,1,2,15,6,2,,4,1,1,1,5,1,1636,
7248,1,2,1,1,2,2,2,2,2,2,2,2,2,2,20150119,1,8,2,3,,2,,2,1,1,34,6,2,2,2,3,1,2,3,3,4316,70+
7249,1,2,1,2,2,2,2,2,2,2,2,2,2,2,20150114,1,8,2,3,,1,,1,1,1,15,6,2,4,3,2,1,1,2,3,4934,70+
7250,2,1,1,1,2,1,2,2,2,2,2,2,2,2,20150115,1,9,2,3,,2,,2,1,1,34,6,2,2,3,4,4,2,3,3,1779,
7251,,,,2,2,2,2,2,2,2,2,2,2,2,20150124,1,4,1,1,1,1,,2,1,0,34,6,2,,,2,5,1,5,,2282,
7252,,,,2,2,2,2,2,2,2,2,2,2,2,20150115,1,2,1,1,2,3,,5,1,3,17,6,2,,,1,1,3,5,1,1969,
7253,1,1,1,2,2,2,2,2,2,2,2,2,2,2,20150118,1,8,1,2,1,2,,3,1,2,15,6,2,7,3,4,4,2,3,3,30266,50+
7254,,,,2,2,2,2,2,2,2,2,2,2,2,20150128,1,4,1,1,1,2,1,4,1,3,15,6,1,,4,1,1,1,5,,2696,
7255,1,2,1,1,1,2,2,2,2,1,2,1,2,2,20150113,1,5,2,3,,2,,2,1,0,21,6,2,7,4,3,2,2,3,3,9737,
7256,,,,2,2,2,2,2,2,2,2,2,2,2,20150124,1,1,2,1,1,3,,5,1,3,15,6,2,,1,1,,,,1,2044,
7257,1,2,1,2,2,2,2,2,2,2,2,2,2,2,20150113,1,10,2,3,,1,,1,1,0,19,6,2,5,,2,2,1,2,3,2432,"Pas d’âge, santé implicite"
7258,1,2,1,2,2,2,2,2,2,2,2,2,2,2,20150113,1,10,2,3,,1,,1,1,1,21,6,2,1,1,1,1,1,2,3,793,"Pas d’âge, santé implicite"
7259,,,,2,2,2,2,2,2,2,2,2,2,2,20150127,1,2,2,1,2,2,,4,1,1,15,6,2,,2,1,1,1,5,1,3271,
7260,,,,1,2,2,2,2,2,2,2,2,2,2,20150120,1,1,1,1,2,3,,6,1,2,15,6,2,,4,1,,,,1,3129,
7261,1,2,1,1,2,2,2,1,2,2,2,2,2,2,20150217,2,8,1,3,,1,,1,1,0,24,6,2,2,2,3,5,1,2,3,20336,
7262,1,2,2,2,2,2,2,2,2,2,2,2,2,2,20150126,1,4,2,2,1,3,1,4,1,3,15,6,2,,4,2,4,1,1,3,3328,65+
7263,3,1,1,2,2,2,2,2,2,2,2,2,2,2,20150114,1,9,2,3,,2,,2,1,1,24,6,2,2,2,3,1,2,3,3,1930,75+
7264,1,1,2,2,2,2,2,2,2,2,2,2,2,2,20150115,1,5,1,2,2,2,,4,1,1,34,6,2,1,1,5,5,2,3,3,40615,70+
7265,1,2,1,1,2,2,2,2,2,2,2,2,2,2,20150126,1,4,2,2,1,3,1,4,1,3,15,6,2,,4,2,3,1,2,3,3328,70+
7266,,,,1,2,2,2,2,2,1,2,1,2,2,20150125,1,3,1,1,3,2,,5,1,2,34,6,2,,1,1,1,1,5,1,1902,
7267,,,,1,1,2,2,2,2,2,2,2,2,2,20150126,1,3,1,1,2,2,,4,1,3,19,6,2,,4,,4,,,1,1329,
7268,,,,1,1,2,2,2,2,2,2,2,2,2,20150126,1,1,2,1,2,2,,4,1,2,15,6,1,,4,1,1,4,5,1,2181,
7269,,,,2,2,2,2,2,2,2,2,2,2,2,20150126,1,2,2,1,3,3,1,6,1,3,15,6,2,,4,1,1,2,5,1,1963,
7270,,,,1,2,2,2,2,2,2,2,2,2,2,20150126,1,2,2,1,2,2,,4,1,1,19,6,2,,,1,1,3,5,1,1771,
7271,,,,2,2,2,2,2,2,2,2,2,2,2,20150126,1,2,2,1,2,2,,4,1,2,34,6,2,,4,1,1,1,5,1,1367,
7272,,,,1,2,2,2,2,2,2,2,2,2,2,20150126,1,3,2,1,3,1,,4,1,1,15,6,2,,4,1,1,1,5,1,4201,
7273,3,1,1,2,2,2,2,2,2,2,2,2,2,2,20150119,1,9,1,3,,2,,2,1,1,34,6,2,1,2,4,4,1,2,3,2713,80+
7274,1,1,2,2,2,2,2,2,2,2,2,2,2,2,20150122,1,4,1,2,1,3,1,4,1,2,34,6,2,,,2,5,1,2,3,2766,
7275,,,,1,2,2,2,1,2,2,2,2,2,2,20150121,1,1,1,1,2,2,,4,1,2,15,6,1,,,1,1,1,5,1,2086,
7276,,,,2,2,2,2,2,2,2,2,2,2,2,20150127,1,3,1,1,2,2,,4,1,2,21,6,2,,4,2,2,2,5,1,1567,
7277,,,,2,2,2,2,2,2,2,2,2,2,2,20150128,1,2,2,1,2,2,,4,1,2,29,6,2,,4,,,,,1,4517,
7278,,,,1,2,2,2,2,2,2,2,2,2,2,20150228,2,3,2,1,2,2,,4,1,2,24,6,2,,4,1,,,,1,1789,
7279,,,,1,2,2,2,1,2,2,2,2,2,2,20150313,3,10,2,2,1,3,,4,1,2,34,6,2,1,4,3,1,2,3,2,6194,
7280,,,,2,2,2,2,2,2,2,2,2,2,2,20141108,11,1,2,1,1,2,,3,1,2,15,6,1,,4,1,1,4,5,1,1636,
7281,,,,1,2,2,2,1,2,2,2,2,2,2,20141016,10,8,1,3,,2,,2,0,2,15,6,1,7,4,4,3,2,3,3,13664,
7282,,,,2,2,2,2,2,2,2,2,2,2,2,20150228,2,4,2,1,3,2,2,5,1,3,34,6,2,,2,2,,,,,2362,
7283,,,,2,2,2,2,2,2,2,2,2,2,2,20150227,2,3,2,1,2,2,,4,1,1,15,6,1,,,2,4,1,5,1,4201,
7284,,,,2,2,2,2,2,2,2,2,2,2,2,20150318,3,2,1,1,1,2,,3,1,2,15,6,2,,4,1,1,1,5,1,1565,
7285,1,2,1,2,2,2,2,2,2,2,2,2,2,2,20150314,3,9,2,3,,1,,1,1,1,34,6,2,1,1,3,3,1,2,3,890,
7286,,,,2,2,2,2,2,2,2,2,2,2,2,20150314,3,2,1,1,2,2,,4,1,2,15,6,2,,4,1,1,3,5,1,2086,
7287,,,,2,2,2,2,2,2,2,2,2,2,2,20150227,2,4,2,1,2,2,,4,1,3,34,6,2,,4,2,4,1,5,,1512,
7288,,,,1,2,1,1,1,2,2,2,2,2,2,20150227,2,4,1,1,1,3,1,4,1,3,15,6,1,,4,4,5,2,5,,2157,
7289,,,,1,2,2,2,2,2,2,2,2,2,2,20150227,2,4,2,1,2,1,,3,1,1,15,6,2,,2,3,4,2,5,,3151,
7290,1,2,2,2,2,2,2,2,2,2,2,2,2,2,20150313,3,7,2,3,,1,,1,1,1,34,6,2,6,2,2,1,1,2,3,2158,65+
7291,,,,1,2,2,2,2,2,2,2,2,2,2,20150319,3,1,1,1,2,2,,4,1,2,19,6,2,,4,1,,,,1,1065,
7292,,,,2,2,2,2,2,2,2,2,2,2,2,20150228,2,3,2,1,2,2,,4,1,1,19,6,2,,4,1,1,1,5,1,3205,
7293,1,2,1,1,2,2,1,1,2,2,2,2,2,2,20150313,3,7,2,3,,3,,3,1,3,34,6,2,4,4,3,1,2,3,3,3237,70+
7294,,,,2,2,2,2,2,2,2,2,2,2,2,20150321,3,1,1,1,1,2,,3,1,0,34,6,2,,2,1,,,,1,3013,
7295,,,,1,2,2,2,2,2,2,2,2,2,2,20141104,11,2,2,1,2,2,,4,1,2,15,6,2,,3,1,1,1,5,1,2181,
7296,,,,2,2,2,2,2,2,2,2,2,2,2,20141106,11,3,1,1,2,2,,4,1,3,15,6,2,,4,1,1,1,5,1,2696,
7297,,,,1,2,2,2,2,2,2,2,2,2,2,20140822,8,2,1,1,3,2,,5,1,2,15,6,1,,3,1,1,1,5,1,2608,
7298,,,,1,2,1,1,2,2,2,2,2,2,2,20140815,8,7,2,3,,1,,1,1,0,34,6,2,3,,2,3,1,2,3,4316,
7299,,,,2,2,2,2,2,2,2,2,2,2,2,20141103,11,5,1,2,1,2,2,3,1,2,15,6,1,4,3,5,5,2,3,3,30266,
7300,,,,1,2,2,2,2,2,2,2,2,2,2,20140904,9,4,1,2,2,2,,4,1,2,34,6,2,,3,2,2,1,5,,2766,
7301,,,,1,2,2,2,1,2,2,2,2,2,2,20150320,3,3,1,2,1,2,1,3,1,2,34,6,2,,2,2,4,1,5,1,2075,
7302,,,,2,2,2,2,2,2,2,2,2,2,2,20150321,3,3,1,1,1,2,,3,1,1,15,6,2,,,1,1,1,5,1,4044,
7303,,,,1,2,2,2,2,2,2,2,2,2,2,20150320,3,4,2,1,1,3,,5,1,2,34,6,2,,2,2,4,1,5,,3150,
7304,,,,1,1,2,2,2,2,2,2,2,2,2,20140816,8,9,2,3,,1,,1,1,1,34,6,2,6,3,2,2,1,2,3,890,
7305,,,,2,2,2,2,2,2,2,2,2,2,2,20140829,8,4,1,3,,3,3,3,1,,34,6,2,,,2,3,1,2,3,2384,
7306,1,1,1,2,2,2,2,2,2,2,2,2,2,2,20150313,3,4,2,2,2,3,1,5,1,3,15,6,1,,,3,3,2,3,3,4159,65+
7307,,,,2,2,2,2,2,2,2,2,2,2,2,20140824,8,3,1,1,2,2,,4,1,2,15,6,2,,4,1,1,1,5,1,3595,
7308,1,1,1,2,2,2,2,2,2,2,2,2,2,2,20150311,3,9,2,3,,1,,1,2,0,34,6,2,5,2,4,,,,3,890,65+
7309,2,2,1,2,2,2,2,2,2,2,2,2,2,2,20150311,3,9,2,3,,1,,1,1,0,34,6,2,2,1,4,2,2,3,3,1779,
7310,,,,2,2,2,2,2,2,2,2,2,2,2,20150228,2,3,2,1,2,2,,4,1,3,34,6,2,,4,2,1,1,5,1,1890,
7311,,,,2,2,2,2,2,2,2,2,2,2,2,20140820,8,10,1,3,,1,,1,1,0,34,6,2,1,1,3,3,2,3,3,2713,
7312,,,,2,2,2,2,2,2,2,2,2,2,2,20140823,8,2,2,1,1,1,,2,1,0,15,6,2,,1,1,,,,1,3271,
7313,,,,2,2,2,2,2,2,2,2,2,2,2,20140816,8,10,2,3,,1,,1,1,0,19,6,2,1,,1,1,1,2,3,2432,
7314,,,,2,2,2,2,2,2,2,2,2,2,2,20150314,3,4,1,3,,3,2,4,1,3,34,6,2,,3,4,5,1,2,2,795,
7315,,,,1,2,2,2,2,2,2,2,2,2,2,20150228,2,4,2,1,2,2,2,4,2,1,34,6,2,,3,3,2,2,5,,1512,
7316,,,,1,2,2,2,1,2,2,2,2,2,2,20150322,3,4,2,1,2,2,2,4,2,3,15,6,1,,4,1,3,1,5,,1200,
7317,1,2,1,1,2,2,1,1,2,1,2,1,2,1,20150310,3,7,2,3,,2,2,2,2,2,34,6,2,2,2,3,1,2,3,3,2158,65+
7318,,,,2,2,2,2,2,2,2,2,2,2,2,20150228,2,3,2,1,1,1,,2,1,1,15,6,2,,2,1,3,1,5,1,2101,
7319,,,,2,2,2,2,2,2,2,2,2,2,2,20140810,8,8,1,3,,2,,2,1,1,34,6,2,1,1,4,5,2,3,3,7779,
7320,,,,1,2,2,2,1,2,2,2,2,2,1,20140830,8,3,1,1,2,2,,4,1,1,17,6,2,,4,1,1,1,5,1,2971,
7321,,,,2,2,2,2,2,2,2,2,2,2,2,20140813,8,10,1,3,,1,,1,1,1,15,6,1,6,3,4,5,2,3,3,3777,
7322,,,,2,2,2,2,2,2,2,2,2,2,2,20140828,8,3,1,1,4,3,2,6,1,3,34,6,2,,2,3,1,3,5,1,2282,
7323,,,,2,2,2,2,2,2,2,2,2,2,2,20140903,9,4,1,1,1,2,2,3,1,1,34,6,2,,,3,5,1,5,,1712,
7324,,,,2,2,2,2,2,2,2,2,2,2,2,20150321,3,4,1,1,1,3,4,5,2,3,17,6,2,,4,4,5,1,5,,1485,
7325,,,,2,2,2,2,2,2,2,2,2,2,2,20140815,8,9,1,3,,2,,2,1,1,34,6,2,1,2,5,5,2,3,3,2713,
7326,,,,1,2,2,2,2,2,2,2,2,2,2,20140816,8,2,1,1,1,1,,2,1,1,34,6,2,,3,1,,,,1,1004,
7327,1,1,1,2,2,2,2,2,2,2,2,2,2,2,20150311,3,6,2,3,,3,,3,1,3,24,6,2,4,,4,1,3,4,3,921,65+
7328,1,2,1,2,2,2,2,2,2,2,2,2,2,2,20150310,3,9,2,3,,2,,2,1,0,34,6,2,2,1,2,3,1,2,3,3559,70+
7329,,,,2,2,2,2,2,2,2,2,2,2,2,20141114,11,1,1,1,1,2,,3,0,2,15,6,2,,2,1,1,4,5,1,2347,
7330,1,1,1,2,2,2,2,2,2,2,2,2,2,2,20150312,3,8,1,3,,2,,2,1,1,19,6,2,6,,5,4,3,4,3,7257,80+
7331,,,,2,2,2,2,2,2,2,2,2,2,2,20141113,11,4,2,3,,1,,1,0,1,15,6,1,,1,1,1,1,2,3,9868,
7332,,,,2,2,2,2,2,2,2,2,2,2,2,20150312,3,9,2,3,,2,,2,1,1,34,6,2,3,3,4,3,2,3,2,1779,
7333,,,,1,2,2,,1,2,2,2,2,2,2,20140827,8,3,1,1,2,2,,4,1,2,34,6,2,,3,1,1,1,5,1,1522,
7334,,,,2,2,2,2,2,2,2,2,2,2,2,20140815,8,3,1,1,3,1,,4,1,1,17,6,2,,1,1,1,1,5,1,2971,
7335,,,,2,2,2,2,2,2,2,2,2,2,2,20150313,3,3,1,1,2,1,,3,1,1,15,6,2,,2,1,1,2,5,1,4044,
7336,,,,2,2,2,2,2,2,2,2,2,2,2,20140811,8,9,2,3,,1,1,1,2,0,15,6,2,1,2,5,4,2,3,3,1955,
7337,,,,1,2,2,2,1,2,2,2,2,2,2,20140820,8,9,2,3,,2,,2,1,2,19,6,2,1,2,4,3,2,3,3,1621,
7338,2,2,2,2,2,2,2,2,2,2,2,2,2,2,20150312,3,10,2,3,,1,,1,1,0,34,6,2,1,1,3,2,2,3,3,1779,"Vieux, pas d'âge défini"
7339,1,,1,2,2,2,2,2,2,2,2,2,2,2,20150311,3,9,1,3,,1,,1,1,1,15,6,2,2,1,5,5,3,4,3,3777,70+
7340,,,,2,2,2,2,2,2,2,2,2,2,2,20140821,8,9,2,3,,2,,2,1,1,34,6,2,4,1,2,1,1,2,3,1779,
7341,,,,1,2,2,2,1,2,2,2,2,2,2,20140820,8,3,1,1,2,2,2,4,2,2,34,6,2,,3,1,1,1,5,1,761,
7342,1,1,1,2,2,2,2,2,2,2,2,2,2,2,20150314,3,10,2,3,,1,,1,1,0,19,6,2,1,1,3,1,2,3,3,2432,
7343,1,1,1,1,2,2,2,2,2,2,2,2,2,2,20150312,3,7,2,2,1,1,,2,1,1,34,6,2,7,3,2,2,1,2,3,11268,70+
7344,1,2,1,2,2,2,2,2,2,2,2,2,2,2,20150313,3,7,2,2,2,2,,4,2,1,15,6,1,6,3,2,4,1,2,3,29142,"Pas d’âge, santé implicite"
7345,,,,2,2,2,2,2,2,2,2,2,2,2,20150317,3,1,2,1,2,2,,4,1,1,34,6,2,,4,1,,,,1,2051,
7346,,,,2,2,2,2,2,2,2,2,2,2,2,20140820,8,1,2,1,1,2,,3,1,2,15,6,2,,4,1,,,,1,1636,
7347,,,,1,2,2,2,1,2,2,2,2,2,2,20140815,8,6,1,3,,2,,2,1,1,19,6,2,4,3,4,4,2,3,3,7257,
7348,,,,1,2,2,1,1,2,2,2,2,2,2,20150316,3,1,1,1,2,2,,4,1,2,15,6,1,,4,1,1,1,5,1,2086,
7349,,,,2,2,2,2,2,2,2,2,2,2,2,20140818,8,5,1,3,,2,,2,1,1,34,6,2,4,3,2,4,1,2,3,7779,
7350,,,,2,2,2,2,2,2,2,2,2,2,2,20140810,8,5,1,3,,2,2,2,1,1,15,6,1,7,3,4,4,2,3,3,13664,
7351,1,1,1,1,2,2,2,1,2,2,2,2,2,2,20150310,3,8,2,3,,1,,1,1,1,17,6,2,6,3,2,3,1,2,3,3597,70+
7352,,,,1,2,2,1,2,2,2,2,2,2,2,20150321,3,4,2,1,1,3,4,5,1,3,19,6,2,,4,1,1,1,5,,1335,
7353,,,,1,2,2,1,2,2,2,2,2,2,1,20140818,8,6,2,3,,3,,3,1,2,34,6,2,4,4,4,2,3,4,3,4316,
7354,,,,1,2,2,2,2,2,2,2,2,2,2,20140820,8,10,2,3,,1,,1,1,1,34,6,1,2,,,3,,,3,890,
7355,,,,2,2,2,2,2,2,2,2,2,2,2,20140819,8,9,1,3,,1,1,1,2,1,19,6,2,5,2,5,4,2,3,3,796,
7356,,,,2,2,2,2,2,2,2,2,2,2,2,20140818,8,9,2,3,,2,2,2,2,1,34,6,2,1,,2,1,1,2,3,1186,
7357,,,,1,1,2,2,1,2,2,2,2,2,2,20140821,8,9,1,3,,1,,1,2,0,15,6,2,3,2,5,5,2,3,3,2518,
7358,,,,1,2,2,1,1,2,2,2,2,2,2,20140827,8,1,2,1,1,2,,3,1,2,15,6,2,,4,1,,,,1,1636,
7359,,,,2,2,2,2,2,2,2,2,2,2,2,20140821,8,9,1,3,,2,2,2,1,2,15,6,2,1,,5,4,2,3,3,5036,
7360,1,1,1,2,2,2,2,2,2,2,2,2,2,2,20150123,1,9,2,3,,1,,1,1,0,34,6,2,2,1,5,3,3,4,3,1779,70+
7361,,,,2,2,2,2,2,2,2,2,2,2,2,20140820,8,10,2,3,,1,,1,1,0,34,6,2,6,,4,2,3,4,3,1779,
7362,,,,2,2,2,2,2,2,2,2,2,2,2,20141208,12,2,2,1,1,2,,3,1,2,15,6,2,,1,,1,,,1,1636,
7363,,,,1,2,2,2,1,2,2,2,2,2,2,20141208,12,3,2,1,2,2,,4,1,0,24,6,2,,4,1,1,1,5,1,5366,
7364,,,,2,2,2,2,2,2,2,2,2,2,2,20141208,12,3,1,1,2,2,,4,1,3,34,6,2,,4,4,4,2,5,1,1141,
7365,,,,1,2,2,2,2,2,2,2,2,2,2,20140821,8,9,2,3,,2,,2,1,0,34,6,2,1,1,5,3,3,4,3,3559,
7366,,,,2,2,2,2,2,2,2,2,2,2,1,20140818,8,10,2,3,,2,,2,1,1,34,6,2,1,1,1,1,1,2,3,1779,
7367,,,,1,1,2,2,2,2,2,2,2,2,2,20140823,8,9,1,3,,2,,2,2,3,34,6,2,1,2,3,3,2,3,3,904,
7368,,,,1,2,2,2,2,2,2,2,1,2,2,20141208,12,3,1,1,1,2,,3,1,3,15,6,1,,4,1,1,1,5,1,2022,
7369,,,,1,2,2,2,2,2,2,2,2,2,2,20150112,1,2,2,1,2,1,,3,1,1,34,6,2,,1,,1,,,1,1538,
7370,,,,2,2,2,2,2,2,2,2,1,2,2,20140823,8,3,1,1,4,2,,6,1,2,15,6,2,,2,1,1,1,5,1,5392,
7371,,,,2,2,2,2,2,2,2,2,2,2,2,20141208,12,1,1,1,4,2,,6,1,2,15,6,2,,2,1,1,4,5,1,3129,
7372,,,,1,2,2,2,1,2,2,2,2,2,2,20140823,8,1,1,1,1,2,,3,1,1,34,6,2,,,1,1,4,5,1,1506,
7373,,,,2,2,2,2,2,2,2,2,2,2,2,20140818,8,9,2,3,,1,,1,1,0,29,6,2,2,1,2,1,1,2,3,948,
7374,,,,2,2,2,2,1,2,2,2,2,2,2,20140823,8,4,2,1,1,2,,3,1,3,15,6,2,,4,1,1,1,5,,1575,
7375,,,,2,2,2,2,1,2,2,2,2,2,2,20150105,1,1,1,1,3,2,,5,1,1,34,6,2,,4,1,1,4,5,1,2511,
7376,1,2,1,1,2,2,2,2,2,2,2,2,2,2,20141217,12,4,2,2,1,3,3,4,1,3,15,6,1,,3,1,1,1,2,3,3328,60+
7377,,,,2,2,2,2,2,2,2,2,2,2,2,20140812,8,10,1,3,,2,,2,1,1,34,6,2,3,2,3,4,1,2,2,2713,
7378,,,,2,2,2,2,2,2,2,2,2,2,2,20141223,12,1,2,1,1,2,,3,1,2,34,6,2,,,1,1,4,5,1,1026,
7379,,,,1,1,2,2,1,2,2,2,2,2,2,20141130,11,3,1,1,2,2,,4,1,2,15,6,1,,2,2,1,2,5,1,3595,
7380,,,,1,2,1,2,1,2,2,2,2,2,2,20140830,8,4,2,2,1,3,4,5,1,1,15,6,2,,,1,1,1,2,3,10399,
7381,,,,2,2,2,2,2,2,2,2,2,2,2,20140819,8,1,2,1,2,2,,4,1,2,15,6,2,,4,1,1,4,5,1,2181,
7382,,,,2,2,2,2,2,2,2,2,2,2,2,20140820,8,10,2,3,,1,,1,1,3,34,6,2,1,,5,1,3,4,3,445,
7383,,,,2,2,2,2,2,2,2,2,2,2,2,20150316,3,4,2,1,3,2,2,5,1,2,15,6,2,,1,,1,,,,3501,
7384,1,1,1,2,2,2,2,2,2,2,2,2,2,2,20150117,1,5,1,3,,3,1,3,1,2,15,6,2,3,4,4,4,2,3,3,13664,70+
7385,,,,2,2,2,2,2,2,2,2,2,2,2,20140826,8,1,1,1,2,2,,4,2,1,15,6,2,,1,1,,,,1,2086,
7386,,,,,2,2,2,2,2,,2,2,2,,20141215,12,1,2,1,4,2,,6,1,3,15,6,1,,,,,,,1,2453,
7387,1,1,1,1,2,2,2,2,2,2,2,2,2,2,20150310,3,9,2,3,,1,,1,1,0,34,6,1,3,1,4,1,3,4,3,1779,60+
7388,,,,1,2,2,2,1,2,2,2,1,1,1,20140811,8,5,2,2,2,2,,4,1,2,34,6,2,4,2,1,1,1,2,3,15024,
7389,,,,2,2,2,2,1,2,2,2,2,2,2,20150317,3,1,2,1,1,2,2,3,1,2,15,6,2,,4,1,,,,1,1636,
7390,,,,1,2,2,2,2,2,2,2,2,2,2,20140827,8,2,1,1,2,2,,4,1,1,15,6,2,,,1,1,1,5,1,3129,
7391,1,2,1,2,2,2,2,2,2,2,2,2,2,2,20141215,12,4,1,3,,3,3,4,1,3,34,6,2,,4,2,3,1,2,3,636,
7392,,,,1,2,2,2,1,2,2,2,2,2,2,20140811,8,9,2,3,,1,,1,1,1,34,6,2,3,1,1,2,1,2,3,890,
7393,,,,2,2,2,2,2,2,2,2,2,2,2,20140827,8,3,1,1,4,2,,6,1,0,34,6,2,,2,1,1,1,5,1,6847,
7394,,,,2,2,2,2,2,2,2,2,2,2,2,20150321,3,3,1,1,2,2,2,4,1,1,34,6,2,,4,1,1,1,5,1,2282,
7395,1,1,2,1,2,2,2,2,2,2,2,2,2,2,20150310,3,8,1,3,,1,,1,1,1,15,6,2,4,2,5,5,3,4,3,6832,80+
7396,,,,2,2,1,1,2,1,2,2,2,2,2,20141206,12,3,2,1,2,2,,4,1,2,15,6,2,,4,1,1,1,5,1,2801,
7397,,,,1,2,2,1,1,2,2,2,2,2,2,20141207,12,1,2,1,1,2,,3,1,0,34,6,2,,3,1,,,,1,3077,
7398,1,2,1,1,1,2,,1,2,2,2,2,2,2,20150116,1,9,2,3,,1,,1,1,0,24,6,2,6,,3,2,2,3,3,1930,65+
7399,,,,2,2,2,2,2,2,2,2,2,2,2,20140820,8,9,1,3,,2,,2,1,1,34,6,2,6,3,5,4,3,4,3,2713,
7400,1,,1,2,2,2,2,2,2,2,2,2,2,2,20150310,3,9,2,3,,2,,2,1,0,34,6,2,2,2,2,2,1,2,3,3559,80+
7401,,,,2,2,2,2,2,2,2,2,2,2,2,20150318,3,2,1,1,1,2,,3,1,2,17,6,2,,4,1,,,,1,1575,
7402,,,,2,2,2,2,2,2,2,2,2,2,2,20140820,8,9,2,3,,2,,2,1,1,15,6,1,2,,2,1,2,3,3,3910,
7403,,,,1,2,2,2,1,2,2,2,2,2,2,20140825,8,3,1,1,1,2,,3,1,1,34,6,2,,2,1,2,1,5,1,1712,
7404,,,,1,1,2,2,2,2,2,2,2,2,2,20140815,8,8,2,3,,1,,1,1,1,34,6,2,4,1,3,1,2,3,3,2158,
7405,,,,2,2,2,2,2,2,2,2,2,2,2,20140827,8,1,1,1,2,2,,4,1,2,15,6,1,,4,1,,,,1,2086,
7406,,,,2,2,2,2,1,2,2,2,2,2,2,20140821,8,1,1,1,2,2,,4,1,2,15,6,2,,2,1,1,3,5,1,2086,
7407,,,,1,2,2,2,2,2,2,2,2,2,2,20150311,3,9,1,3,,2,,2,1,2,15,6,2,6,3,5,5,2,3,2,5036,
7408,,,,2,2,2,2,2,2,2,2,2,2,2,20140815,8,8,2,3,,2,,2,1,1,34,6,2,5,3,2,2,1,2,3,4316,
7409,2,1,2,1,2,2,2,2,2,2,2,2,2,2,20150310,3,8,2,3,,2,2,2,1,1,15,6,1,4,,,4,,,3,9868,70+
7410,1,,1,2,2,2,2,2,2,2,2,2,2,2,20150313,3,9,2,3,,1,,1,1,0,29,6,2,6,1,3,1,2,3,3,948,65+
7411,,,,1,1,2,2,1,2,2,2,2,2,2,20140818,8,7,1,2,1,2,,3,1,3,15,6,2,6,4,5,5,2,3,3,18159,
7412,,,,2,2,2,2,2,2,2,2,2,2,2,20150317,3,4,2,1,3,2,,5,1,3,34,6,2,,,2,2,1,5,,2362,
7413,,,,1,2,2,2,2,2,2,2,2,2,2,20140817,8,8,2,3,,2,,2,1,1,34,6,2,4,3,4,2,3,4,3,4316,
7414,,,,1,2,2,2,1,2,2,2,2,2,2,20140815,8,10,2,3,,1,,1,1,0,34,6,2,5,1,3,3,1,2,3,1779,
7415,,,,2,2,2,2,2,2,2,2,2,2,2,20140820,8,1,1,1,2,2,,4,1,2,15,6,2,,4,1,1,4,5,1,2086,
7416,,,,1,1,2,1,1,2,2,2,2,2,2,20150321,3,4,2,1,1,2,2,3,1,3,15,6,1,,4,1,1,1,5,,1575,
7417,,,,2,2,2,2,2,2,2,2,2,2,2,20140818,8,5,1,2,2,2,,4,1,1,34,6,2,3,4,3,4,1,2,3,40615,
7418,,,,2,2,2,2,2,2,2,2,2,2,2,20140816,8,8,1,3,,2,,2,1,1,34,6,2,3,3,5,5,2,3,3,7779,
7419,,,,1,1,2,2,1,2,2,2,2,2,2,20140818,8,8,2,3,,2,,2,1,0,15,6,2,2,2,4,1,3,4,3,19735,
7420,1,1,1,1,2,2,2,2,2,1,2,1,2,2,20150310,3,5,2,3,,2,2,2,1,1,34,6,2,3,2,1,5,1,1,3,4316,"Pas d’âge, santé implicite"
7421,,,,1,2,1,2,2,2,2,2,2,2,2,20150313,3,2,2,1,2,2,2,4,1,3,34,6,2,,2,1,1,3,5,1,1026,
7422,,,,2,2,2,2,1,2,1,1,2,2,2,20140816,8,4,2,3,,3,3,3,1,1,15,6,1,,2,1,1,1,2,3,14801,
7423,,,,2,2,2,2,2,2,2,2,2,2,2,20140817,8,7,1,3,,1,,1,1,1,15,6,2,1,1,5,4,3,4,3,6832,
7424,,,,2,2,2,2,2,2,2,2,2,2,2,20140821,8,9,2,3,,2,,2,1,1,34,6,2,4,,3,4,2,3,3,1779,
7425,,,,1,2,2,2,1,2,2,2,2,2,2,20140826,8,1,2,1,3,2,,5,1,2,34,6,2,,3,1,1,4,5,1,1709,
7426,,,,1,2,2,2,2,2,2,2,1,2,1,20150321,3,3,2,1,2,2,,4,1,2,34,6,1,,2,1,1,3,5,1,2520,
7427,,,,2,2,2,2,2,2,2,2,2,2,2,20150317,3,2,2,1,3,2,,5,1,1,34,6,2,,4,1,,,,1,2564,
7428,,,,2,2,2,2,2,2,2,2,2,2,2,20140821,8,2,2,1,2,2,1,4,1,2,34,6,2,,2,1,1,1,5,1,1367,
7429,1,,1,2,2,2,2,2,2,2,2,2,2,2,20150312,3,7,1,2,1,2,1,4,1,0,34,6,2,4,4,4,4,2,3,3,81230,
7430,,,,2,2,2,2,2,2,2,2,2,2,2,20150321,3,3,2,1,4,2,,6,1,1,34,6,2,,4,1,,,,1,5670,
7431,,,,1,2,1,2,1,2,2,2,2,2,2,20140814,8,7,2,2,1,3,1,4,1,3,34,6,1,4,4,2,2,1,2,3,11268,
7432,,,,2,2,2,2,2,2,2,2,2,2,2,20140821,8,9,2,3,,1,,1,2,0,15,6,1,4,2,1,1,1,2,3,782,
7433,,,,1,2,2,2,2,2,2,2,2,2,2,20140820,8,4,1,1,1,3,2,5,1,2,19,6,2,,4,4,4,2,5,,2214,
7434,,,,1,1,2,2,2,2,2,2,2,2,2,20140819,8,9,1,3,,2,,2,1,2,15,6,2,2,1,5,4,2,3,3,5036,
7435,,,,2,2,2,2,2,2,2,2,2,2,2,20140818,8,9,1,3,,1,,1,1,1,34,6,2,7,2,2,3,1,2,3,1356,
7436,,,,1,2,2,2,1,2,2,2,2,2,2,20140815,8,8,2,3,,2,,2,1,1,34,6,2,1,2,5,2,3,4,3,4316,
7437,,,,2,2,2,2,2,2,2,2,2,2,2,20140816,8,8,1,3,,1,,1,1,1,15,6,2,4,1,3,5,1,2,3,6832,
7438,1,1,1,2,2,2,2,2,2,2,2,2,2,2,20141210,12,5,1,3,,2,,2,0,2,15,6,2,4,2,4,4,1,2,3,13664,75+
7439,,,,1,1,2,2,1,2,2,2,2,2,2,20140813,8,8,2,3,,2,,2,1,1,34,6,2,6,3,1,1,1,2,3,4316,
7440,1,2,1,1,2,2,2,1,2,2,2,2,2,2,20150311,3,9,1,3,,2,,2,1,1,21,6,2,3,3,3,3,1,2,3,1129,"Pas d’âge, santé implicite"
7441,,,,1,2,2,1,2,2,2,2,2,2,2,20140810,8,8,2,3,,1,,1,1,1,15,6,1,4,2,2,2,1,2,3,4934,
7442,,,,2,2,2,2,2,2,2,2,2,2,2,20140820,8,5,2,2,1,2,,3,1,2,15,6,1,5,4,2,1,2,3,3,21856,
7443,,,,2,2,2,2,2,2,2,2,2,2,2,20140817,8,9,1,3,,2,1,2,1,2,15,6,2,6,4,4,3,2,3,3,5036,
7444,,,,1,2,2,1,1,2,2,2,2,2,2,20140828,8,4,1,3,,3,1,3,1,3,21,6,1,,4,5,4,2,3,2,453,
7445,1,1,1,1,2,2,1,2,2,2,2,2,2,1,20150310,3,6,2,2,1,1,1,2,1,1,15,6,2,6,3,4,2,3,4,3,21856,65+
7446,,,,2,2,2,2,2,2,2,2,2,2,2,20140830,8,2,1,1,2,2,,4,1,2,15,6,1,,4,1,1,1,5,1,2086,
7447,,,,1,2,2,2,2,2,2,2,1,2,1,20140828,8,2,1,1,2,2,,4,1,1,15,6,2,,3,1,1,1,5,1,3129,
7448,,,,2,2,2,2,2,2,2,2,2,2,2,20140811,8,9,2,3,,1,,1,1,2,34,6,2,2,1,3,1,2,3,3,593,
7449,,,,2,2,2,2,2,2,2,2,2,2,2,20140813,8,10,2,3,,1,,1,1,0,34,6,2,1,1,,1,,,3,1779,
7450,,,,2,2,2,2,2,2,2,2,2,2,2,20140826,8,2,1,1,3,2,,5,1,2,15,6,2,,4,,1,,,1,2608,
7451,,,,1,2,2,2,1,2,2,2,2,2,2,20150313,3,3,1,1,2,3,1,5,1,3,15,6,2,,4,1,2,1,5,1,2247,
7452,,,,1,2,2,2,1,2,2,2,2,2,2,20150316,3,2,2,1,2,2,,4,1,2,34,6,2,,4,1,,,,1,1367,
7453,,,,2,2,2,2,2,2,2,2,2,2,2,20140823,8,2,2,1,1,2,,3,1,2,19,6,2,,3,1,1,1,5,1,885,
7454,,,,2,2,2,2,2,2,2,2,2,2,2,20140825,8,1,1,1,5,2,,,1,2,15,6,2,,2,1,1,3,5,1,522,
7455,,,,2,2,2,2,2,2,2,2,2,2,2,20140903,9,3,1,1,2,2,,4,1,3,34,6,2,,,1,1,3,5,1,1141,
7456,1,2,1,2,2,2,2,2,2,2,2,2,2,2,20150312,3,6,1,2,1,2,,3,1,2,15,6,2,5,4,4,5,1,2,3,30266,65+
7457,,,,2,2,2,2,2,2,2,2,2,2,2,20140819,8,8,2,3,,2,,2,1,1,34,6,2,3,2,3,3,2,3,3,4316,
7458,3,1,1,2,2,2,2,2,2,2,2,2,2,2,20141214,12,4,2,3,,2,,2,0,2,17,6,2,,1,3,4,1,2,3,4838,70+
7459,,,,2,2,2,2,2,2,2,2,2,2,2,20140827,8,1,1,1,2,2,,4,1,2,15,6,2,,2,,1,,,1,2086,
7460,,,,2,2,2,2,2,2,2,2,2,2,2,20140904,9,3,2,1,3,2,,5,1,2,34,6,2,,3,1,,,,1,3150,
7461,,,,1,2,2,2,2,2,2,2,2,2,2,20150311,3,1,2,1,2,2,,4,1,1,34,6,2,,4,1,,,,1,2051,
7462,,,,1,2,2,2,1,2,2,2,2,2,2,20140815,8,8,2,3,,2,,2,2,2,15,6,1,6,,2,2,1,2,3,4934,
7463,1,1,1,2,2,2,2,2,2,2,2,2,2,2,20150311,3,8,2,3,,2,,2,1,0,24,6,2,3,,4,3,2,3,3,2455,80+
7464,,,,2,2,2,2,2,2,2,2,2,2,2,20150312,3,2,2,1,2,2,,4,1,2,19,6,2,,2,1,,,,1,1181,
7465,,,,2,2,2,2,2,2,2,2,2,2,2,20140828,8,4,2,1,1,2,1,3,1,0,15,6,2,,,2,2,1,5,,6302,
7466,,,,1,2,2,1,2,2,2,2,2,2,2,20140818,8,5,1,3,,2,,2,1,2,17,6,2,4,4,3,4,1,2,2,9409,
7467,,,,2,2,2,2,2,2,2,2,2,2,2,20140828,8,2,2,1,2,2,,4,1,2,15,6,1,,4,1,1,2,5,1,2181,
7468,,,,2,2,2,2,2,2,2,2,2,2,2,20140903,9,3,1,1,2,2,,4,1,2,15,6,2,,,1,1,1,5,1,3595,
7469,,,,1,1,2,1,1,2,2,2,2,2,2,20140826,8,4,2,1,1,3,1,4,1,3,34,6,2,,4,1,4,1,5,,1512,
7470,,,,2,2,2,2,2,2,2,2,2,2,2,20150314,3,1,2,1,3,2,,5,1,0,34,6,2,,3,1,1,4,5,1,5128,
7471,,,,1,2,2,2,1,2,2,2,2,2,2,20140905,9,4,2,3,,2,1,3,1,2,34,6,1,,,2,2,1,2,3,1316,
7472,,,,1,2,2,2,2,2,2,2,2,2,2,20140904,9,3,1,1,2,1,,3,1,1,34,6,2,,1,2,1,2,5,1,1712,
7473,,,,1,2,2,2,1,2,1,2,2,1,2,20140826,8,2,1,1,1,2,,3,1,1,19,6,2,,,1,1,1,5,1,1198,
7474,,,,1,2,2,2,1,2,2,2,2,2,2,20140824,8,3,2,1,3,2,,5,1,2,21,6,2,,,1,1,1,5,1,1239,
7475,2,2,1,2,2,2,2,2,2,2,2,2,2,2,20150313,3,5,1,3,,2,,2,1,2,34,6,2,4,4,3,3,2,3,3,5186,
7476,1,2,1,2,2,2,2,2,2,2,2,2,2,2,20150310,3,6,2,2,2,2,2,4,1,3,15,6,1,5,4,3,1,3,4,3,21856,85+
7477,,,,1,2,2,2,2,2,2,2,2,2,2,20140821,8,9,1,3,,2,,2,1,1,21,6,2,2,4,5,5,2,3,3,1129,
7478,,,,2,2,2,2,2,2,2,2,2,2,2,20140812,8,9,2,3,,2,,2,1,0,34,6,2,1,1,2,3,1,2,3,3559,
7479,,,,2,2,2,2,2,2,2,2,2,2,2,20150313,3,3,2,1,2,1,,3,1,1,15,6,2,,3,2,2,2,5,1,3151,
7480,,,,2,2,2,2,2,2,2,2,2,2,2,20140815,8,8,1,3,,1,,1,1,0,34,6,1,3,1,4,5,2,3,3,7779,
7481,,,,2,2,2,2,2,2,2,2,2,2,2,20140821,8,1,1,1,2,2,,4,1,1,15,6,2,,1,1,,,,1,3129,
7482,,,,2,2,2,2,2,2,2,2,2,2,2,20140814,8,8,2,3,,1,,1,1,0,34,6,2,6,,2,2,1,2,3,4316,
7483,1,1,1,2,2,2,2,2,2,2,2,2,2,2,20141213,12,5,1,3,,1,,1,0,1,15,6,1,6,3,3,4,1,2,3,13664,65+
7484,,,,2,2,2,2,2,2,2,2,2,2,2,20140827,8,1,2,1,1,1,,2,1,1,29,6,2,,3,1,,,,1,1575,
7485,,,,2,2,2,2,2,2,2,2,2,2,2,20140822,8,2,1,1,2,2,,4,1,2,15,6,2,,4,1,1,1,5,1,2086,
7486,,,,2,2,2,2,2,2,2,2,2,2,2,20140812,8,7,2,2,2,3,2,,1,3,15,6,2,1,1,5,2,3,4,3,5464,
7487,1,1,1,2,2,2,2,2,2,2,2,2,2,2,20150310,3,9,1,3,,1,1,1,1,0,34,6,2,7,2,4,3,2,3,3,2713,
7488,2,2,1,2,2,2,2,2,2,2,2,2,2,2,20150311,3,9,1,3,,2,2,2,1,1,34,6,2,1,3,4,5,2,3,3,2713,
7489,,,,1,2,2,2,1,2,2,2,1,2,2,20140819,8,1,2,1,3,2,,5,1,1,34,6,2,,3,1,1,1,5,1,2564,
7490,,,,1,1,2,2,1,2,1,2,1,2,2,20140829,8,2,2,1,5,2,,6,1,1,34,6,2,,2,1,1,1,5,1,3589,
7491,,,,1,1,2,1,2,2,2,2,2,2,2,20140815,8,6,2,2,1,3,,4,1,2,34,6,2,6,2,4,4,2,3,3,15024,
7492,,,,1,2,2,2,1,2,2,2,2,2,1,20140906,9,3,2,1,3,3,,6,2,3,34,6,2,,2,2,1,2,5,1,1890,
7493,,,,2,2,2,2,2,2,2,2,2,2,2,20140817,8,5,1,3,,1,,1,1,1,15,6,2,7,4,5,5,3,4,3,6832,
7494,,,,2,2,2,2,2,2,2,2,2,2,2,20150320,3,4,1,1,1,1,1,,1,2,15,6,1,,2,2,3,1,5,,2696,
7495,,,,1,2,2,1,1,2,2,2,2,2,2,20150321,3,2,1,1,2,1,,3,1,1,34,6,2,,1,2,1,3,5,1,1506,
7496,,,,1,2,2,1,2,2,2,2,2,1,2,20140825,8,4,1,1,2,1,,3,1,3,17,6,2,,2,2,4,1,5,,1114,
7497,,,,2,2,2,2,2,2,2,2,2,2,2,20140820,8,9,1,3,,1,,1,1,0,15,6,2,7,3,3,4,1,2,3,7553,
7498,1,1,1,2,2,2,2,2,2,2,2,2,2,2,20150313,3,10,2,3,,3,,,1,0,15,6,2,1,1,5,2,3,4,3,3910,"Pas d’âge, santé implicite"
7499,,,,2,2,2,2,2,2,2,2,2,2,2,20140816,8,7,2,2,1,3,1,4,1,3,19,6,2,6,4,2,1,1,2,3,6836,
7500,,,,2,2,2,2,2,2,2,2,2,2,2,20140821,8,9,1,3,,2,,2,1,0,19,6,2,3,2,5,5,2,3,3,4774,
7501,,,,2,2,2,2,2,2,2,2,2,2,2,20140814,8,9,1,3,,1,,1,1,1,19,6,2,4,2,4,3,2,3,3,1193,
7502,,,,2,2,2,2,2,2,2,2,2,2,2,20150318,3,1,1,1,3,2,,5,1,1,34,6,2,,4,1,1,4,5,1,2511,
7503,,,,2,2,2,2,2,2,2,2,2,2,2,20140820,8,9,1,3,,2,,2,2,1,34,6,2,2,3,4,3,2,3,3,1808,
7504,1,2,1,2,2,2,2,2,2,2,2,2,2,2,20150311,3,8,1,3,,1,,1,1,0,29,6,2,1,1,2,2,1,2,3,3702,50+
7505,,,,1,2,2,2,2,2,2,2,2,2,1,20140828,8,4,1,1,2,3,1,5,1,3,34,6,2,,4,2,3,1,5,,1427,
7506,,,,1,2,2,2,1,2,2,2,2,2,2,20140819,8,8,2,3,,2,,2,1,1,34,6,2,4,4,3,1,2,3,3,4316,
7507,1,2,,2,2,2,2,2,2,2,2,2,2,2,20141212,12,5,1,2,1,2,,3,1,1,15,6,2,6,3,3,3,1,2,3,45398,Ne sais pas
7508,,,,1,2,2,2,2,2,2,2,2,2,2,20150312,3,8,2,3,,3,1,3,1,2,34,6,2,2,2,1,2,1,2,2,4316,
7509,,,,2,2,2,2,2,2,2,2,2,2,2,20140826,8,1,2,1,1,2,,3,1,2,34,6,1,,4,,,,,1,1026,
7510,,,,1,1,1,1,1,2,2,2,2,2,2,20140820,8,9,2,3,,2,,2,1,2,34,6,2,6,2,3,1,2,3,3,1186,
7511,1,2,1,1,2,2,1,2,2,2,2,2,2,2,20150312,3,4,1,3,,2,2,2,1,2,34,6,2,,4,3,3,2,3,3,5186,60+
7512,,,,2,2,2,2,2,2,2,2,2,2,2,20150320,3,2,1,1,1,2,,3,1,2,15,6,1,,2,,1,,,1,1565,
7513,,,,2,2,2,2,2,2,1,2,2,1,2,20140827,8,1,2,1,3,2,,5,1,2,19,6,2,,4,1,1,1,5,1,1476,
7514,,,,2,2,2,2,2,2,2,2,2,2,2,20150321,3,2,2,1,2,2,,4,1,2,34,6,2,,2,1,1,1,5,1,1367,
7515,,,,2,2,2,2,2,2,2,2,2,2,2,20150314,3,3,1,1,2,2,,4,1,2,34,6,2,,4,1,1,1,5,1,1522,
7516,1,2,1,2,2,2,2,2,2,2,2,2,2,2,20150310,3,9,2,3,,2,,2,1,1,15,6,1,4,3,,1,,,3,3910,65+
7517,,,,1,1,2,2,1,2,1,2,1,2,2,20140824,8,2,1,1,3,2,,5,1,2,34,6,2,,2,1,1,2,5,1,1674,
7518,,,,1,2,2,2,1,2,2,2,2,2,2,20150317,3,2,2,1,1,2,,3,1,2,15,6,2,,4,1,1,1,5,1,1636,
7519,,,,2,2,2,2,2,2,2,2,2,2,2,20150315,3,1,2,1,2,2,,4,1,2,15,6,2,,4,1,,,,1,2181,
7520,1,1,2,2,2,2,2,2,2,2,2,2,2,2,20150311,3,6,2,3,,1,,1,2,1,19,6,2,4,2,2,1,1,2,3,2373,70+
7521,,,,1,2,2,2,1,2,2,2,2,2,2,20140904,9,3,1,1,3,2,,5,1,2,34,6,2,,4,1,1,1,5,1,1902,
7522,,,,2,2,2,2,2,2,2,2,2,2,2,20150312,3,8,1,3,,2,,2,1,1,34,6,2,6,2,2,3,1,2,2,7779,
7523,2,,1,2,2,2,2,2,2,2,2,2,2,2,20150316,3,10,2,3,,1,,1,2,1,29,6,2,5,1,3,4,1,2,3,237,60+
7524,1,2,1,1,1,1,2,2,2,2,2,2,2,2,20150310,3,5,1,3,,2,,2,1,0,29,6,2,4,2,5,5,2,3,3,7403,
7525,,,,2,2,2,2,2,2,2,2,2,2,2,20140819,8,7,2,3,,2,1,2,1,2,15,6,1,6,4,2,1,1,2,3,6578,
7526,,,,2,2,2,2,2,2,2,2,2,2,2,20140814,8,8,2,3,,1,,1,1,0,34,6,2,1,,2,3,1,2,3,4316,
7527,,,,2,2,2,2,2,2,2,2,2,2,2,20140815,8,9,1,3,,2,,2,1,1,21,6,2,6,2,4,5,1,2,3,1129,
7528,,,,1,2,2,2,1,2,2,2,2,2,2,20140822,8,2,2,1,1,1,,,1,2,19,6,2,,2,1,1,1,5,1,295,
7529,,,,2,1,2,2,1,2,2,2,2,2,2,20140814,8,4,1,3,,3,3,3,1,3,15,6,1,,3,4,5,1,2,3,8198,
7530,1,2,1,1,2,2,2,1,2,2,2,2,2,2,20150311,3,8,1,3,,2,2,2,1,2,34,6,2,5,4,4,5,1,2,3,5186,"Pas d’âge, santé implicite"
7531,,,,2,2,2,2,2,2,2,2,2,2,2,20150124,1,1,2,1,1,2,,3,1,2,15,6,2,,4,1,1,4,5,1,1636,
7532,,,,1,2,2,2,2,2,2,1,2,2,2,20140612,6,5,2,2,2,3,,5,1,3,34,7,1,2,4,5,2,3,4,3,5566,
7533,,,,1,2,2,2,1,2,2,2,2,2,2,20140508,5,1,1,1,2,2,,4,1,2,34,7,,,4,1,1,4,5,1,434,
7534,,,,2,2,2,2,2,2,2,2,2,2,2,20140610,6,9,1,3,,2,,2,1,0,22,7,1,,2,3,3,2,3,2,1323,
7535,,,,1,2,2,2,2,2,2,2,2,2,2,20140709,7,4,1,1,2,1,,3,1,3,34,7,1,,4,3,5,1,5,,347,
7536,,,,2,2,2,2,2,2,2,2,1,2,2,20140610,6,8,2,3,,2,1,2,1,1,34,7,1,2,3,5,2,3,4,3,1387,
7537,,,,1,2,2,2,2,2,2,2,2,2,2,20140618,6,8,1,3,,3,3,3,1,3,34,7,1,6,4,5,5,3,4,3,2388,
7538,,,,2,2,2,2,2,2,2,2,2,2,2,20140615,6,5,1,3,,2,2,2,1,2,14,7,1,6,4,4,5,1,2,3,1251,
7539,,,,2,2,2,2,2,2,2,2,2,2,2,20140630,6,9,1,3,,2,,2,1,1,34,7,,7,2,4,5,1,2,3,1376,
7540,,,,2,2,2,2,2,2,2,2,2,2,2,20140610,6,10,1,3,,2,,2,2,1,34,7,1,2,1,5,4,3,4,3,917,
7541,,,,1,2,2,2,1,2,2,2,2,2,2,20140428,4,9,2,4,,,,2,2,0,22,7,,7,2,2,1,2,3,3,397,
7542,,,,2,2,2,2,2,2,2,2,2,2,2,20140512,5,2,1,1,1,2,,3,1,2,22,7,,,2,1,1,1,5,1,384,
7543,,,,2,2,2,2,2,2,2,2,2,2,2,20140708,7,9,1,3,,3,1,3,1,1,34,7,2,1,2,3,3,1,2,3,2063,
7544,,,,1,2,2,2,2,2,2,2,2,2,2,20140509,5,9,2,3,,1,,1,1,0,34,7,,1,1,5,1,3,4,3,627,
7545,,,,1,1,1,2,1,2,2,2,2,2,2,20140506,5,7,1,3,,2,,2,2,2,14,7,,2,4,5,5,3,4,3,751,
7546,,,,1,2,2,2,1,2,2,2,2,2,2,20140505,5,5,2,2,2,2,,4,1,1,34,7,,2,2,4,3,2,3,3,8906,
7547,,,,2,2,2,2,2,2,2,2,2,2,2,20140505,5,9,2,3,,2,,2,2,1,34,7,,2,1,4,2,3,4,3,418,
7548,,,,1,1,,2,1,2,2,2,2,2,2,20140613,6,8,2,3,,2,2,2,2,2,22,7,1,2,,4,1,3,4,3,424,
7549,,,,1,2,2,2,2,2,2,2,1,2,2,20140709,7,3,1,1,2,2,,4,1,3,34,7,1,,4,1,1,1,5,1,463,
7550,,,,1,2,2,2,2,2,1,1,1,2,2,20140708,7,1,1,1,1,2,,3,1,2,34,7,2,,4,1,1,4,5,1,325,
7551,,,,2,2,2,2,2,2,2,2,2,2,2,20140518,5,1,1,1,1,2,,3,1,2,34,7,1,,4,1,1,4,5,1,325,
7552,,,,2,2,2,2,2,2,2,2,2,2,2,20140626,6,10,2,3,,1,,1,1,0,22,7,1,1,,3,1,2,3,3,595,
7553,,,,2,2,2,2,2,2,2,2,2,2,2,20140708,7,9,2,3,,2,,2,1,1,34,7,2,2,2,4,3,2,3,3,627,
7554,,,,2,2,2,2,2,2,2,2,2,2,2,20140623,6,9,2,3,,1,,1,1,0,22,7,1,5,2,5,1,3,4,3,595,
7555,,,,2,2,2,2,2,2,2,2,2,2,2,20140503,5,10,2,3,,1,,1,1,0,34,7,,1,1,4,3,3,4,3,627,
7556,,,,2,2,2,2,2,2,2,2,2,2,2,20140505,5,9,1,3,,2,,2,1,1,34,7,,2,,4,4,2,3,3,1376,
7557,,,,1,2,2,2,1,2,2,2,2,2,2,20140708,7,10,2,3,,2,1,2,1,0,14,7,1,2,2,4,1,3,4,3,1424,
7558,,,,1,2,2,2,2,2,2,2,2,2,2,20140709,7,1,1,1,2,2,,4,1,2,34,7,1,,3,1,1,4,5,1,434,
7559,,,,1,2,2,2,1,2,2,2,2,2,1,20140502,5,1,2,1,2,2,,4,1,1,14,7,,,2,1,1,4,5,1,903,
7560,,,,1,2,2,1,2,2,2,2,2,2,2,20140506,5,4,1,1,2,3,1,5,1,3,22,7,,,3,5,5,2,5,,533,
7561,,,,1,1,2,2,1,2,2,2,2,2,2,20140704,7,8,2,3,,2,,2,2,1,14,7,1,1,2,,1,,,3,1424,
7562,,,,2,2,2,2,2,2,2,2,2,2,2,20140428,4,8,2,4,,,,2,1,1,34,7,,2,4,3,2,2,3,3,1387,
7563,,,,1,2,2,2,1,2,2,2,2,2,2,20140618,6,7,2,3,,2,,2,2,2,34,7,2,6,3,2,2,1,2,3,396,
7564,,,,1,2,2,2,2,2,2,2,2,2,2,20140707,7,9,2,3,,1,,1,1,0,34,7,1,3,1,4,3,3,4,3,627,
7565,,,,1,2,2,2,1,2,2,2,2,2,2,20140709,7,4,1,2,3,3,1,6,2,3,34,7,1,,4,5,5,2,3,3,800,
7566,,,,1,2,2,2,1,2,2,2,2,2,2,20140708,7,2,1,1,4,2,2,6,1,1,22,7,1,,4,1,,,,1,1151,
7567,,,,2,2,2,2,2,2,2,2,2,2,2,20140705,7,8,2,3,,2,2,2,2,1,22,7,1,4,4,5,3,3,4,3,988,
7568,,,,2,2,2,2,2,2,2,2,2,2,2,20140707,7,4,1,1,1,3,1,4,1,3,34,7,1,,4,3,5,1,5,,370,
7569,,,,1,1,1,2,1,2,2,2,2,2,2,20140629,6,10,2,3,,1,,1,2,0,14,7,1,2,2,2,1,1,2,3,356,
7570,,,,1,1,2,2,1,2,2,2,2,2,2,20140708,7,8,2,3,,2,,2,1,1,34,7,1,4,2,,,,,3,1387,
7571,,,,2,2,2,2,2,2,2,2,2,2,2,20140610,6,4,2,3,,3,2,3,1,3,34,7,2,,3,4,4,1,2,3,832,
7572,,,,2,2,2,2,2,2,2,2,1,2,2,20140709,7,1,2,1,4,3,1,6,1,1,22,7,1,,2,1,1,1,5,1,1104,
7573,,,,1,2,2,2,1,2,2,2,2,2,2,20140617,6,1,1,1,1,2,,3,1,2,22,7,1,,4,1,1,4,5,1,384,
7574,,,,2,2,2,2,2,2,2,2,2,2,2,20140709,7,1,1,2,1,2,,3,1,,14,7,1,,,1,,,,1,1051,
7575,,,,2,2,2,2,2,2,2,2,2,2,2,20140709,7,2,2,1,1,2,,3,1,2,22,7,1,,4,1,1,3,5,1,315,
7576,,,,1,1,1,1,1,2,2,2,2,2,2,20140505,5,7,1,3,,2,,2,1,2,34,7,,2,2,4,3,2,3,3,2123,
7577,,,,2,2,2,2,2,2,2,2,2,2,2,20140506,5,9,1,3,,2,,2,1,2,34,7,,7,2,2,3,1,2,3,917,
7578,,,,2,2,2,2,2,2,2,2,2,2,2,20140622,6,1,2,1,1,2,2,3,1,2,14,7,1,,4,1,1,4,5,1,451,
7579,,,,2,2,2,2,2,2,2,2,2,2,2,20140705,7,10,2,3,,1,,1,2,0,22,7,1,2,,5,1,3,4,3,198,
7580,,,,1,2,2,1,2,2,2,2,2,2,2,20140512,5,1,1,1,1,2,,3,1,1,34,7,,,2,1,1,3,5,1,488,
7581,,,,2,2,2,2,2,2,2,2,2,2,2,20140628,6,9,1,3,,2,,2,1,2,34,7,1,4,1,3,1,3,4,3,917,
7582,,,,1,2,2,2,2,2,2,2,2,2,2,20140709,7,4,1,1,1,3,1,4,1,3,22,7,1,,4,2,4,1,5,,511,
7583,,,,1,2,2,2,1,2,2,2,2,2,2,20140708,7,2,1,1,2,2,2,4,1,2,34,7,1,,2,1,1,1,5,1,434,
7584,,,,2,2,2,2,2,2,2,2,2,2,2,20140705,7,8,2,3,,2,,2,1,2,14,7,1,2,4,,1,,,3,1424,
7585,,,,1,2,2,2,2,2,2,2,2,2,2,20140611,6,5,2,2,3,1,,4,1,1,14,7,1,4,1,3,2,2,3,3,11740,
7586,,,,1,2,2,2,2,2,2,2,2,2,2,20140624,6,10,1,3,,2,,2,1,0,34,7,1,4,2,5,5,3,4,3,2751,
7587,,,,1,2,2,2,1,2,2,2,2,2,2,20140618,6,5,1,3,,2,,2,1,2,34,7,1,4,4,3,5,1,2,3,2123,
7588,,,,2,2,2,2,2,2,2,2,2,2,2,20140429,4,5,1,4,,,,1,1,2,34,7,,4,2,5,5,3,4,3,1062,
7589,,,,2,2,2,2,2,2,2,2,2,2,2,20140616,6,5,2,2,2,2,2,4,1,2,34,7,1,6,2,2,3,1,2,3,5937,
7590,,,,1,1,2,2,1,2,2,2,2,2,2,20140508,5,4,2,3,,3,2,4,1,3,34,7,,,,2,3,1,2,3,261,
7591,,,,2,2,2,2,2,2,2,2,2,2,2,20140505,5,9,1,3,,2,,2,1,2,34,7,,7,3,3,4,2,3,3,917,
7592,,,,1,2,2,2,2,2,2,2,2,2,2,20140502,5,10,2,3,,2,,2,1,0,22,7,,2,,2,3,1,2,3,1190,
7593,,,,1,1,2,2,,2,2,2,2,2,2,20140505,5,3,2,1,1,2,1,4,2,3,22,7,,,4,3,3,2,5,1,527,
7594,,,,1,1,2,2,2,2,2,2,2,2,2,20140509,5,9,1,3,,2,2,2,1,0,34,7,,6,2,4,5,2,3,3,2751,
7595,,,,1,1,2,2,2,2,2,2,2,2,2,20140508,5,2,2,1,3,1,,4,1,0,34,7,,,1,1,1,3,5,1,1722,
7596,,,,1,1,2,2,2,2,1,2,1,2,2,20140506,5,9,2,3,,1,,1,1,1,34,7,,7,4,,1,,,3,313,
7597,,,,2,2,2,2,2,2,2,2,2,2,2,20140429,4,9,2,4,,,,2,2,1,34,7,,1,,2,1,1,2,3,418,
7598,,,,1,2,2,1,2,2,2,2,2,2,2,20140514,5,8,1,3,,2,2,2,1,1,14,7,1,1,,5,3,3,4,3,1877,
7599,,,,2,2,2,2,2,2,2,2,2,2,2,20140526,5,8,2,3,,2,2,2,1,2,34,7,1,4,3,3,2,2,3,3,925,
7600,,,,1,2,2,1,2,2,2,2,2,2,2,20140430,4,7,1,4,,,,4,2,3,22,7,,2,4,5,3,3,4,3,1050,
7601,,,,2,2,2,2,2,2,2,2,2,2,2,20140506,5,9,2,3,,1,,1,1,1,14,7,,4,2,4,3,2,3,3,356,
7602,,,,1,2,2,2,2,2,2,2,2,2,2,20140522,5,2,2,1,2,2,,4,1,2,22,7,1,,4,1,1,1,5,1,421,
7603,,,,2,2,2,2,2,2,2,2,2,2,2,20140515,5,10,2,3,,1,,1,1,1,22,7,1,2,3,2,2,1,2,3,298,
7604,,,,2,2,2,2,2,2,2,2,2,2,2,20140527,5,9,2,3,,1,,1,1,1,34,7,1,1,2,5,2,3,4,3,313,
7605,,,,2,2,2,2,2,2,2,2,2,2,2,20140522,5,9,2,3,,1,,1,1,0,34,7,2,1,1,3,1,3,4,3,627,
7606,,,,2,2,2,2,2,2,2,2,2,2,2,20140521,5,8,2,3,,2,,2,1,2,34,7,2,2,2,4,1,3,4,3,925,
7607,,,,2,2,1,2,2,2,2,2,2,2,1,20140530,5,4,1,2,1,3,1,4,1,3,22,7,1,,1,5,4,2,3,3,899,
7608,,,,2,2,2,2,2,2,2,2,2,2,2,20140430,4,3,2,4,,,,6,1,2,34,7,,,4,2,3,1,5,1,1210,
7609,,,,1,2,2,1,1,2,2,2,2,2,2,20140529,5,1,1,1,2,2,,4,1,3,22,7,1,,4,1,1,1,5,1,384,
7610,,,,1,2,2,2,2,2,2,2,2,2,2,20140528,5,1,2,1,2,2,,4,1,2,14,7,1,,4,1,1,1,5,1,602,
7611,,,,2,2,2,2,2,2,2,2,2,2,2,20140528,5,9,2,3,,2,,2,1,1,34,7,2,4,2,3,2,2,3,3,627,
7612,,,,2,2,2,2,2,2,2,2,2,2,2,20140603,6,2,2,1,3,2,,5,1,2,34,7,2,,4,1,1,1,5,1,717,
7613,,,,1,2,2,2,1,2,1,1,2,2,2,20140528,5,1,1,1,2,2,,4,1,2,14,7,1,,4,1,1,4,5,1,280,
7614,,,,2,2,2,2,2,2,2,2,2,2,2,20140605,6,4,1,1,1,3,1,4,1,3,34,7,2,,4,3,1,3,5,,463,
7615,,,,2,2,2,2,2,2,2,2,2,2,2,20140524,5,8,1,3,,1,1,1,1,0,34,7,2,6,2,2,3,1,2,3,3185,
7616,,,,2,2,2,2,2,2,2,2,2,2,2,20140520,5,8,2,3,,2,,2,2,0,22,7,1,2,1,2,1,1,2,3,1483,
7617,,,,2,2,2,2,2,2,2,2,2,2,2,20140428,4,7,2,4,,,,3,1,3,14,7,,6,,2,1,2,3,3,1602,
7618,,,,1,2,2,2,2,2,2,2,2,2,2,20140505,5,9,2,3,,1,,1,1,0,22,7,,7,2,4,1,3,4,3,595,
7619,,,,1,2,2,1,1,2,2,2,2,2,2,20140521,5,8,1,3,,2,,2,1,1,34,7,1,4,1,5,4,3,4,3,3185,
7620,,,,1,2,2,2,2,2,2,2,2,2,2,20140527,5,8,2,3,,2,,2,1,1,34,7,1,6,1,2,2,1,2,3,1387,
7621,,,,1,2,1,2,2,2,2,2,2,2,2,20140526,5,1,2,1,2,2,,4,1,2,34,7,2,,4,1,,,,1,574,
7622,,,,1,2,2,2,1,2,2,2,2,2,2,20140606,6,3,2,1,2,2,,4,1,3,14,7,1,,4,2,1,3,5,1,689,
7623,,,,1,1,2,2,2,2,2,2,2,2,2,20140625,6,9,2,3,,2,1,2,2,1,22,7,1,1,1,2,1,1,2,3,397,
7624,,,,2,2,2,2,2,2,2,2,2,2,2,20140709,7,4,1,1,1,3,1,5,2,1,34,7,2,,,2,4,1,5,,772,
7625,,,,1,1,2,2,1,2,2,2,2,2,2,20140704,7,10,2,3,,1,1,1,1,3,34,7,1,2,,,2,,,3,125,
7626,,,,1,2,2,2,1,2,2,2,2,2,2,20140428,4,7,1,4,,,,3,1,3,34,7,,6,3,3,4,1,2,3,2388,
7627,,,,1,2,2,2,2,1,2,,,,,20140514,5,10,1,3,,3,3,3,1,3,34,7,1,3,,5,5,2,3,3,1032,
7628,,,,1,2,2,2,2,2,2,2,2,2,2,20140709,7,1,2,1,2,2,,4,1,2,34,7,1,,1,1,,,,1,574,
7629,,,,1,1,2,2,2,2,2,2,2,2,2,20140514,5,6,2,3,,2,,2,1,2,34,7,1,4,1,1,1,1,2,3,925,
7630,,,,2,2,2,2,2,2,2,2,2,2,2,20140527,5,2,2,1,1,2,,3,1,1,34,7,2,,1,1,,,,1,646,
7631,,,,1,2,2,2,1,2,2,2,2,2,2,20140709,7,3,1,1,2,2,,4,1,2,34,7,1,,4,5,5,2,5,1,617,
7632,,,,1,2,2,1,1,2,2,2,2,2,1,20140621,6,2,1,1,1,2,,3,1,2,34,7,2,,,1,1,3,5,1,325,
7633,,,,2,2,2,2,2,2,2,2,2,2,2,20140615,6,8,1,3,,1,,1,1,0,22,7,1,2,1,5,4,3,4,3,1313,
7634,,,,1,2,1,2,2,2,2,2,2,2,2,20140620,6,2,1,1,3,2,,5,1,3,22,7,1,,4,1,1,1,5,1,480,
7635,,,,1,2,2,2,2,2,2,2,2,2,2,20140708,7,3,1,1,1,2,,3,1,2,34,7,1,,3,3,1,3,5,1,463,
7636,,,,1,1,1,2,2,2,2,2,2,2,2,20140529,5,4,2,3,,2,2,2,1,2,34,7,2,,,2,3,1,2,3,217,
7637,,,,2,2,2,2,2,2,2,2,2,2,2,20140620,6,1,2,1,1,2,,3,1,2,14,7,2,,,1,,,,1,451,
7638,,,,1,2,2,2,2,2,2,2,2,2,2,20140601,6,3,1,1,3,2,,5,1,2,34,7,1,,1,1,1,1,5,1,772,
7639,,,,2,2,2,2,2,2,2,2,2,2,2,20140603,6,3,2,1,3,2,2,5,1,3,34,7,1,,2,1,1,1,5,1,605,
7640,,,,1,2,2,1,2,2,2,2,2,2,2,20140509,5,6,2,3,,3,2,4,1,3,34,7,,6,4,2,3,1,2,3,1387,
7641,,,,1,1,2,1,1,2,2,2,2,2,2,20140708,7,4,1,3,,3,2,4,2,3,22,7,1,,4,3,5,1,2,3,30,
7642,,,,2,2,2,2,2,2,2,2,2,2,2,20140625,6,6,2,3,,2,,2,1,2,14,7,2,6,4,1,1,1,2,3,1424,
7643,,,,1,2,2,2,1,2,2,2,2,2,2,20140514,5,8,1,3,,2,,2,1,2,34,7,1,7,4,5,5,2,3,3,2123,
7644,,,,2,2,2,2,2,2,2,2,2,2,2,20140805,8,4,2,2,1,3,2,4,,2,22,7,1,,,2,3,1,2,3,2222,
7645,,,,2,2,2,2,2,2,2,2,2,2,2,20140805,8,9,2,3,,2,,2,1,1,34,7,1,4,1,4,2,3,4,3,627,
7646,,,,2,2,2,2,2,2,2,2,2,2,2,20140523,5,9,2,3,,1,,1,1,1,34,7,2,1,1,3,1,3,4,3,313,
7647,,,,2,2,2,2,2,2,2,2,2,2,2,20140509,5,2,1,1,2,2,2,4,1,1,34,7,,,4,,,,,1,651,
7648,,,,1,2,2,2,2,2,2,2,2,2,2,20140714,7,8,2,3,,3,1,3,,3,22,7,1,7,,,,,,3,1483,
7649,,,,1,1,2,1,1,2,2,2,1,2,2,20140728,7,7,2,3,,2,,2,1,1,34,7,1,4,3,3,2,2,3,3,1387,
7650,,,,1,1,2,2,2,2,2,2,1,2,2,20140717,7,3,2,1,3,3,,6,2,0,34,7,1,,,1,1,1,5,1,1815,
7651,,,,2,2,2,2,2,2,2,2,2,2,2,20140514,5,9,2,3,,2,,2,1,1,34,7,2,7,4,2,1,1,2,3,627,
7652,,,,1,2,2,2,1,2,2,2,2,2,2,20140523,5,9,2,3,,1,,1,1,0,34,7,1,1,,5,1,3,4,3,627,
7653,,,,1,2,2,2,1,2,2,2,2,2,2,20140514,5,7,2,3,,2,,2,1,1,34,7,1,4,2,3,1,3,4,3,1387,
7654,,,,2,2,2,2,2,2,2,1,2,2,2,20140603,6,4,2,3,,3,2,4,2,3,34,7,2,,3,1,2,1,2,3,261,
7655,,,,2,2,2,2,2,2,2,2,2,2,2,20140513,5,10,1,3,,1,,1,1,1,34,7,2,7,3,3,4,1,2,3,688,
7656,,,,2,2,2,2,2,2,2,2,2,2,2,20140718,7,10,2,3,,1,,1,1,0,34,7,2,1,1,2,,,,3,627,
7657,,,,2,2,2,2,2,2,2,2,2,2,2,20140718,7,9,1,3,,2,,2,1,2,34,7,1,6,2,3,5,1,2,3,917,
7658,,,,1,1,2,2,1,2,2,2,2,2,2,20140428,4,8,2,4,,,,2,2,2,34,7,,3,3,3,1,2,3,3,694,
7659,,,,1,2,2,1,1,2,2,2,2,2,2,20140512,5,8,1,3,,2,,2,2,1,22,7,,1,1,5,3,3,4,3,875,
7660,,,,1,1,2,2,2,2,2,2,2,2,2,20140603,6,2,1,1,2,2,,4,1,1,34,7,1,,3,1,1,1,5,1,651,
7661,,,,2,2,2,2,2,2,2,2,1,2,2,20140715,7,7,2,3,,1,,1,1,0,34,7,2,4,1,4,2,3,4,3,1387,
7662,,,,2,2,2,2,2,2,2,2,2,2,2,20140527,5,1,2,1,2,2,,4,1,2,14,7,2,,4,1,1,4,5,1,602,
7663,,,,2,2,2,2,2,2,2,2,2,2,2,20140428,4,10,2,4,,,,1,1,0,14,7,,1,1,1,1,1,2,3,712,
7664,,,,1,1,2,1,1,2,2,2,2,2,2,20140729,7,4,2,3,,3,3,3,2,2,22,7,1,,1,2,4,1,2,3,55,
7665,,,,1,1,2,2,2,2,2,2,2,2,2,20140514,5,3,1,1,2,2,,4,1,3,14,7,1,,1,2,3,1,5,1,1302,
7666,,,,1,1,2,1,1,2,2,2,2,2,2,20140805,8,2,1,1,3,1,1,4,1,1,34,7,1,,1,1,1,1,5,1,651,
7667,,,,2,2,2,2,2,2,2,2,2,2,2,20140728,7,2,1,1,2,2,,4,1,2,22,7,1,,,1,1,1,5,1,512,
7668,,,,1,2,2,2,2,2,2,2,2,2,2,20140806,8,2,1,1,2,2,,4,1,2,14,7,1,,4,1,1,1,5,1,280,
7669,,,,2,2,2,2,2,2,2,2,2,2,2,20140722,7,9,2,3,,2,,2,1,1,34,7,2,1,1,1,1,1,2,3,627,
7670,,,,1,2,2,1,1,2,2,2,2,2,2,20140715,7,5,2,2,1,2,,3,1,2,34,7,1,5,4,2,2,1,2,3,4453,
7671,,,,1,2,2,2,1,2,2,2,2,2,2,20140428,4,7,2,4,,,,2,1,1,34,7,,4,2,2,1,1,2,3,1387,
7672,,,,2,2,2,2,2,2,2,2,2,2,2,20140505,5,8,2,3,,3,1,3,1,2,22,7,,1,2,4,3,2,3,3,1483,
7673,,,,2,2,2,2,2,2,2,2,2,2,2,20140526,5,10,2,3,,1,,1,2,0,34,7,1,1,2,2,3,1,2,3,313,
7674,,,,1,2,2,2,2,2,2,2,1,2,2,20140530,5,9,1,3,,1,,1,1,0,22,7,1,1,1,5,3,3,4,3,661,
7675,,,,2,2,2,2,2,2,2,2,2,2,2,20140722,7,5,1,3,,3,3,3,1,2,22,7,1,2,2,4,5,2,3,2,1313,
7676,,,,2,2,2,2,2,2,2,2,2,2,2,20140727,7,9,2,3,,1,,1,1,0,14,7,1,4,1,3,1,3,4,3,712,
7677,,,,2,2,2,2,2,2,2,2,2,2,2,20140526,5,9,2,3,,2,,2,1,1,34,7,2,2,1,2,2,1,2,3,627,
7678,,,,1,1,2,2,2,2,2,2,2,2,2,20140712,7,10,2,3,,1,,1,1,0,34,7,2,1,1,5,3,3,4,3,627,
7679,,,,1,2,2,2,2,2,2,2,2,2,2,20140715,7,8,2,3,,1,,1,2,0,34,7,2,2,1,2,2,1,2,3,694,
7680,,,,1,2,2,2,1,1,2,2,2,2,2,20140523,5,5,1,2,2,3,4,6,1,3,22,7,1,2,,5,5,3,4,3,23923,
7681,,,,2,2,2,2,2,2,2,2,2,2,2,20140714,7,8,2,3,,2,,2,1,1,34,7,2,2,1,,,,,3,1387,
7682,,,,1,2,2,2,2,2,2,2,2,2,2,20140729,7,4,2,2,3,3,3,6,1,3,14,7,1,,,1,4,1,1,3,1727,
7683,,,,1,2,2,2,2,2,2,2,2,2,2,20140720,7,6,2,3,,2,,2,1,2,34,7,1,4,2,4,3,2,3,3,925,
7684,,,,2,2,2,2,2,2,2,2,2,2,2,20140721,7,7,1,3,,2,,2,1,2,22,7,1,7,4,4,5,1,2,3,875,
7685,,,,2,2,2,2,2,2,2,2,2,2,2,20140725,7,9,1,3,,2,,2,2,1,34,7,1,2,2,5,4,3,4,3,917,
7686,,,,2,2,2,2,2,2,2,2,2,2,2,20140710,7,1,2,1,1,2,,3,1,2,34,7,1,,3,1,1,4,5,1,430,
7687,,,,2,2,2,2,2,2,2,2,2,2,2,20140715,7,10,2,3,,1,,1,1,0,14,7,2,1,1,1,1,1,1,3,712,
7688,,,,2,2,2,2,2,2,2,2,2,2,2,20140711,7,8,1,3,,2,,2,1,1,34,7,2,1,2,4,5,2,3,3,3185,
7689,,,,1,2,2,2,2,2,2,2,2,2,2,20140529,5,4,2,1,1,3,4,5,1,3,34,7,1,,,2,4,1,1,3,504,
7690,,,,2,2,2,2,2,2,2,2,2,2,2,20140806,8,3,1,1,1,2,,3,1,2,22,7,1,,,1,1,1,5,1,639,
7691,,,,1,1,2,2,1,2,2,1,2,2,2,20140716,7,8,2,3,,2,,2,1,1,34,7,1,6,2,2,2,1,2,3,1387,
7692,,,,1,1,2,2,2,2,2,2,2,2,2,20140606,6,3,2,1,1,3,1,4,1,3,34,7,1,,4,1,1,1,5,1,605,
7693,,,,1,2,2,2,1,2,2,2,2,2,2,20140523,5,8,1,3,,2,,2,1,1,34,7,1,4,2,5,5,3,4,3,3185,
7694,,,,1,2,2,2,1,2,2,2,2,2,2,20140515,5,8,2,3,,2,,3,1,2,34,7,1,4,3,3,1,3,4,3,1387,
7695,,,,1,2,2,1,2,2,2,2,2,2,2,20140722,7,4,1,3,,3,4,4,1,3,34,7,1,,,5,3,3,4,3,249,
7696,,,,1,2,2,1,1,2,2,2,2,2,2,20140502,5,3,1,2,1,2,2,3,1,2,14,7,,,4,1,1,2,5,1,5156,
7697,,,,2,2,2,2,2,2,2,2,2,2,2,20140529,5,10,1,3,,2,,2,1,1,14,7,1,3,,5,5,2,3,3,730,
7698,,,,2,2,2,2,2,2,2,2,2,2,2,20140429,4,10,1,4,,,,3,1,2,34,7,,2,,2,4,1,2,3,1376,
7699,,,,1,2,2,1,2,2,2,2,2,2,2,20140712,7,9,1,3,,2,,2,1,2,14,7,1,1,1,4,3,2,3,3,487,
7700,,,,2,2,2,2,2,2,2,2,2,2,2,20140527,5,3,2,1,1,2,,3,1,2,34,7,2,,4,1,1,2,5,1,605,
7701,,,,1,1,2,2,1,2,2,2,2,2,2,20140722,7,9,2,3,,1,1,1,1,1,22,7,1,5,2,5,2,3,4,3,298,
7702,,,,1,1,2,2,1,2,2,2,2,2,2,20140527,5,7,2,3,,3,1,3,1,3,34,7,1,2,,2,2,1,2,3,1040,
7703,,,,1,2,2,2,1,2,2,2,2,2,2,20140428,4,,2,4,,,,2,1,2,34,7,,,4,2,1,2,3,,287,
7704,,,,1,1,2,2,2,2,2,2,2,2,2,20140526,5,8,2,3,,3,1,3,1,1,22,7,1,2,,5,4,2,3,3,2224,
7705,,,,1,2,2,1,1,2,2,2,2,2,1,20140604,6,3,1,1,1,2,2,3,1,3,34,7,2,,4,3,4,1,5,1,347,
7706,,,,2,2,2,2,2,2,2,2,2,2,2,20140527,5,9,2,3,,1,,1,1,1,34,7,2,1,1,2,1,1,2,3,313,
7707,,,,1,2,2,2,1,2,2,2,2,2,2,20140714,7,10,2,3,,1,,1,1,0,14,7,1,2,1,3,1,2,3,3,712,
7708,,,,1,2,2,2,1,2,2,2,2,2,2,20140509,5,7,2,3,,2,2,2,1,0,22,7,,1,1,2,2,1,2,3,2965,
7709,,,,1,2,2,2,1,2,2,2,2,2,2,20140506,5,7,2,3,,1,1,1,1,0,34,7,,4,,1,1,1,2,3,1387,
7710,,,,2,2,2,2,2,2,2,2,2,2,2,20140716,7,9,2,3,,2,,2,2,1,34,7,2,1,1,4,1,3,4,3,418,
7711,,,,2,2,2,2,2,2,2,2,2,2,2,20140526,5,2,1,1,2,1,,3,1,0,34,7,1,,1,1,1,3,5,1,976,
7712,,,,1,2,2,2,2,2,2,2,2,2,2,20140530,5,10,2,3,,2,2,2,1,1,34,7,2,3,2,2,1,2,3,3,627,
7713,,,,1,1,2,2,1,2,2,2,2,2,2,20140714,7,8,1,3,,3,2,4,1,3,34,7,1,3,3,4,3,3,4,3,3185,
7714,,,,1,1,2,1,1,2,2,2,2,2,2,20140711,7,8,2,3,,1,,1,1,1,34,7,1,6,2,3,3,2,3,3,694,
7715,,,,2,2,2,2,2,2,2,2,2,2,2,20140728,7,1,2,1,2,2,,4,1,2,22,7,1,,4,1,1,1,5,1,421,
7716,,,,1,2,2,2,2,2,2,2,2,2,2,20140714,7,8,1,3,,2,,2,2,1,22,7,1,2,2,4,4,2,3,3,656,
7717,,,,2,2,2,2,2,2,2,2,2,2,2,20140722,7,10,2,3,,2,1,2,1,1,34,7,2,1,1,1,1,1,2,2,627,
7718,,,,1,2,1,1,1,2,2,1,2,2,2,20140720,7,2,2,1,3,1,1,4,1,1,34,7,1,,1,1,,,,1,861,
7719,,,,2,2,2,2,2,2,2,2,2,2,2,20140721,7,8,2,3,,3,3,3,1,3,22,7,1,2,4,2,2,1,2,3,1112,
7720,,,,2,2,2,2,2,2,2,2,2,2,2,20140715,7,9,2,3,,2,,2,1,2,34,7,2,6,3,2,2,1,2,3,418,
7721,,,,1,2,2,1,2,2,2,2,2,2,2,20140729,7,3,2,1,1,2,,3,1,3,34,7,1,,,1,2,1,5,1,454,
7722,,,,2,2,2,2,2,2,2,2,2,2,2,20140717,7,1,1,1,2,2,,4,1,2,34,7,1,,3,1,1,1,5,1,434,
7723,,,,1,2,2,2,1,2,2,2,2,2,2,20140910,9,6,2,3,,2,,2,1,2,34,7,1,4,3,4,1,3,4,2,925,
7724,,,,1,2,2,2,2,2,2,2,2,2,2,20140914,9,2,2,1,2,2,,4,1,2,34,7,1,,4,1,1,2,5,1,574,
7725,,,,2,2,2,2,2,2,2,2,2,2,2,20140918,9,7,2,3,,2,,2,1,2,34,7,1,2,3,5,1,3,4,3,925,
7726,,,,2,1,2,2,2,2,2,2,2,2,2,20140910,9,8,1,3,,2,,2,1,1,22,7,1,2,3,5,3,3,4,3,1313,
7727,,,,2,2,2,2,2,2,2,2,2,2,2,20140916,9,9,1,3,,2,,2,1,1,34,7,1,4,2,5,5,2,3,3,1376,
7728,,,,1,2,2,2,2,2,2,2,2,2,2,20140913,9,10,2,3,,2,,2,1,0,34,7,2,1,1,5,2,3,4,3,1253,
7729,,,,2,2,2,2,2,2,2,2,2,2,2,20140802,8,2,1,1,1,1,,2,1,0,34,7,1,,1,1,1,2,5,1,651,
7730,,,,1,2,2,2,2,1,2,2,2,2,1,20140915,9,4,1,3,,3,1,3,1,3,22,7,1,,,4,4,1,2,3,984,
7731,,,,2,2,2,2,2,2,2,2,2,2,2,20140910,9,6,1,3,,2,,2,1,1,34,7,1,2,3,5,5,3,4,3,3185,
7732,,,,1,1,2,2,1,2,2,2,2,2,2,20140911,9,9,2,3,,1,,1,1,0,14,7,1,2,1,2,2,1,2,3,712,
7733,,,,2,2,2,2,2,2,2,2,2,2,2,20140922,9,10,2,3,,1,,1,1,0,34,7,2,1,1,4,3,2,3,3,627,
7734,,,,2,2,2,2,1,2,2,2,2,2,2,20140923,9,2,1,1,1,2,,3,1,1,34,7,2,,3,1,1,2,5,1,488,
7735,,,,2,2,2,2,2,2,2,2,2,2,2,20140910,9,10,1,3,,2,2,2,1,0,34,7,1,1,2,1,3,1,1,2,2751,
7736,,,,2,2,2,2,2,2,2,2,2,2,2,20140912,9,8,1,3,,2,,2,1,2,34,7,1,7,4,5,5,3,4,3,2123,
7737,,,,1,1,2,2,1,2,2,2,2,2,2,20140917,9,7,2,3,,2,2,2,1,2,14,7,1,2,2,4,2,3,4,3,1424,
7738,,,,1,2,2,2,2,2,2,2,2,2,2,20140929,9,1,2,1,1,2,,3,1,2,34,7,1,,4,1,1,4,5,1,430,
7739,,,,2,2,2,2,2,2,2,2,2,2,2,20140919,9,10,2,3,,2,,2,2,1,34,7,1,3,,3,2,2,3,3,418,
7740,,,,2,2,2,2,2,2,2,2,2,2,2,20140915,9,9,2,3,,2,,2,1,1,34,7,1,2,1,3,1,3,4,3,627,
7741,,,,2,2,2,2,2,2,2,2,2,2,2,20140920,9,4,2,1,2,3,3,5,1,3,14,7,1,,,2,1,2,5,,718,
7742,,,,2,2,2,2,1,2,2,2,2,2,2,20140920,9,10,1,3,,1,,1,1,1,14,7,1,2,2,4,3,2,3,3,365,
7743,,,,1,1,2,2,1,2,2,2,2,2,2,20140915,9,8,2,3,,1,,1,1,1,34,7,1,7,4,3,1,2,3,3,694,
7744,,,,1,1,2,2,2,2,2,2,2,2,2,20140919,9,9,2,3,,1,,1,1,1,34,7,1,4,1,,3,,,3,313,
7745,,,,2,2,2,2,2,2,2,2,2,2,2,20140926,9,3,1,1,2,2,,4,1,3,34,7,1,,1,1,1,1,5,1,463,
7746,,,,2,2,2,2,2,2,2,2,2,2,2,20140915,9,9,2,3,,1,,1,1,0,34,7,2,3,1,2,2,1,2,3,627,
7747,,,,2,2,2,2,2,2,2,2,1,2,2,20141001,10,2,1,1,2,2,,4,1,2,34,7,1,,3,1,1,1,5,1,434,
7748,,,,1,2,2,2,2,2,2,2,2,2,2,20140803,8,1,1,1,2,2,,4,1,2,34,7,1,,,1,1,1,5,1,434,
7749,,,,2,2,2,2,2,2,2,2,2,2,2,20140910,9,10,2,3,,1,,1,1,0,14,7,1,4,1,2,1,2,3,3,712,
7750,,,,2,2,2,2,2,2,2,2,2,2,2,20140910,9,8,2,3,,2,,2,1,2,34,7,1,2,3,4,2,3,4,3,925,
7751,,,,2,2,1,2,2,2,2,2,2,2,2,20141001,10,2,2,1,2,3,1,5,1,3,34,7,1,,1,1,1,3,5,1,359,
7752,,,,1,2,2,2,2,2,2,2,2,2,2,20140916,9,6,1,2,2,2,,4,1,2,14,7,1,5,4,5,5,3,4,3,6875,
7753,,,,2,2,2,2,2,2,2,2,2,2,2,20140915,9,10,1,3,,1,,2,1,2,34,7,1,6,,2,5,1,1,3,917,
7754,,,,1,1,1,2,1,2,2,2,2,2,2,20140912,9,9,2,3,,1,,1,1,1,34,7,1,4,2,5,1,3,4,3,313,
7755,,,,2,2,2,2,2,2,2,2,2,2,2,20141009,10,2,1,1,2,2,,4,2,2,34,7,1,,4,1,1,2,5,1,325,
7756,,,,2,2,2,2,2,2,2,2,2,2,2,20140912,9,8,2,3,,3,1,3,1,1,34,7,1,2,4,1,1,1,2,2,2081,
7757,,,,1,2,2,2,2,2,2,2,2,2,2,20140910,9,8,2,3,,3,1,3,1,3,34,7,1,6,3,3,4,1,2,3,1040,
7758,,,,2,2,2,2,2,2,2,2,2,2,2,20140802,8,4,1,3,,2,1,2,1,2,34,7,1,,,2,4,1,2,3,166,
7759,,,,1,2,2,2,2,2,2,2,2,2,2,20140912,9,2,1,1,2,3,3,5,2,1,34,7,1,,,1,,,,1,542,
7760,,,,1,2,2,2,2,2,2,2,1,2,2,20140929,9,2,1,1,5,2,,6,1,0,34,7,1,,2,1,1,2,5,1,3253,
7761,,,,1,2,2,2,2,2,2,2,2,2,2,20140923,9,9,1,3,,2,,2,2,0,34,7,1,1,3,3,4,2,3,3,1376,
7762,,,,2,2,2,2,2,2,2,2,2,2,2,20140910,9,7,2,3,,2,,2,1,2,34,7,1,6,4,3,2,2,3,3,925,
7763,,,,1,2,2,2,1,2,2,2,2,2,1,20140805,8,3,2,1,2,3,,6,1,2,34,7,1,,3,2,3,1,5,1,1210,
7764,,,,2,2,2,2,2,2,2,2,2,2,2,20140910,9,10,2,3,,2,2,2,1,1,34,7,1,2,4,2,1,1,2,3,627,
7765,,,,2,2,2,2,2,2,2,2,2,2,2,20140910,9,7,2,2,1,2,,3,1,3,22,7,1,7,4,4,4,2,3,3,16888,
7766,,,,1,2,2,2,1,2,2,2,1,1,2,20140927,9,2,1,1,2,2,,4,1,3,22,7,1,,4,1,1,2,5,1,384,
7767,,,,1,2,2,2,2,2,2,2,2,2,2,20140914,9,5,2,2,3,2,,5,1,2,34,7,1,3,4,2,2,1,2,3,7421,
7768,,,,1,2,2,2,,2,2,2,2,2,2,20140918,9,6,1,2,2,2,,4,1,2,14,7,2,3,,3,4,1,2,3,6875,
7769,1,2,1,1,2,2,2,1,2,2,2,2,2,2,20150318,3,7,1,3,,2,,2,1,2,14,7,1,6,4,5,5,2,3,3,1251,75+
7770,,,,2,2,2,2,2,2,2,2,2,2,2,20141128,11,2,1,1,2,2,,4,2,3,34,7,1,,4,1,1,1,5,1,260,
7771,,,,1,2,2,2,2,2,1,2,1,2,2,20150302,3,1,2,1,2,2,,4,1,3,34,7,2,,2,1,1,3,5,1,430,
7772,,,,2,2,2,2,2,2,2,2,2,2,2,20150303,3,2,2,1,2,2,,4,1,2,14,7,1,,4,1,1,2,5,1,602,
7773,1,,1,1,1,2,2,1,2,2,2,2,2,2,20150216,2,10,2,3,,1,,1,1,0,34,7,2,4,1,3,1,3,4,3,627,60+
7774,1,,1,2,2,2,2,2,2,2,2,2,2,2,20150319,3,9,1,3,,1,,1,2,0,14,7,1,6,1,5,4,3,4,3,365,65+
7775,1,1,2,2,2,2,2,2,2,2,2,2,2,2,20150213,2,8,1,3,,1,,1,1,0,34,7,1,1,,,2,,,3,3185,60+
7776,1,,1,1,1,2,1,1,2,2,2,2,2,2,20150213,2,7,2,3,,2,,2,1,0,34,7,1,2,4,1,1,1,2,3,2775,75+
7777,,,,2,2,2,2,2,2,2,2,2,2,2,20150408,4,1,1,1,3,2,2,5,1,3,34,7,1,,4,1,1,1,5,1,407,
7778,1,2,1,2,2,2,2,2,2,2,2,2,2,2,20150212,2,6,1,2,2,2,2,4,1,2,34,7,1,2,4,4,4,2,3,3,13629,70+
7779,,,,1,2,2,2,2,2,2,2,2,2,2,20150213,2,2,1,1,2,2,,4,1,2,34,7,1,,1,,1,,,1,434,
7780,1,1,1,2,2,2,2,2,2,2,2,2,2,2,20150211,2,9,2,3,,1,,1,,0,34,7,1,1,1,,1,,,3,627,85+
7781,,,,1,2,2,2,2,2,2,2,2,2,2,20150224,2,3,1,1,1,2,1,3,1,3,34,7,1,,2,2,2,1,5,1,347,
7782,1,1,1,2,2,2,2,2,2,2,2,2,2,2,20150323,3,10,1,3,,1,,1,1,0,34,7,1,7,1,2,5,1,2,3,1376,50+
7783,,,,2,2,2,2,2,2,2,2,2,2,2,20150223,2,2,2,1,1,2,,3,1,2,34,7,1,,4,1,1,1,5,1,430,
7784,,,,2,2,2,2,2,2,2,2,2,2,2,20150224,2,4,1,2,1,3,3,4,1,3,34,7,1,,2,2,3,1,5,,640,
7785,1,,2,2,2,2,2,2,2,2,2,2,2,2,20150317,3,8,2,3,,1,,1,1,0,34,7,1,1,1,,1,,,3,1387,
7786,,,,2,2,2,2,2,2,2,2,2,2,2,20150406,4,1,1,1,1,2,,3,1,2,22,7,1,,,1,1,4,5,1,384,
7787,,,,1,2,1,1,2,2,1,2,1,2,2,20150327,3,4,1,1,1,3,1,4,1,3,14,7,1,,1,4,4,2,5,,1302,
7788,,,,2,2,2,2,2,2,2,2,2,2,2,20150224,2,3,1,1,2,2,2,4,2,0,34,7,1,,3,2,3,1,5,1,617,
7789,,,,2,2,2,2,2,2,2,2,2,2,2,20150326,3,3,1,1,5,2,,6,1,2,34,7,1,,4,5,4,3,5,1,1235,
7790,,,,1,1,2,2,1,2,2,2,2,2,2,20150226,2,2,1,1,1,2,,3,1,2,14,7,1,,3,1,1,1,5,1,210,
7791,1,1,1,1,2,2,2,1,2,2,2,2,2,2,20150212,2,9,2,3,,1,,1,1,0,34,7,1,2,1,1,1,1,2,3,627,
7792,1,2,1,2,2,2,2,2,2,2,2,2,2,2,20150216,2,7,2,2,4,1,,6,1,3,34,7,1,2,1,3,2,2,3,3,6679,60+
7793,3,1,1,2,2,2,2,2,2,2,2,2,2,2,20150213,2,10,2,3,,1,,1,1,0,22,7,1,4,,3,2,2,3,3,595,
7794,,,,1,1,2,2,1,2,2,2,2,2,2,20150225,2,3,1,1,1,2,,3,1,2,34,7,1,,2,3,3,3,5,1,463,
7795,1,2,1,2,2,2,2,2,2,2,2,2,2,2,20150210,2,8,2,3,,2,1,2,1,1,14,7,1,2,1,3,1,3,4,3,2137,75+
7796,,,,1,2,2,2,1,2,2,2,1,2,2,20150225,2,2,1,1,1,2,,3,1,2,34,7,1,,2,1,,,,1,325,
7797,1,1,1,1,2,1,1,1,2,2,2,2,2,2,20150217,2,9,1,3,,2,,2,1,2,22,7,1,3,2,5,4,3,4,3,441,65+
7798,3,,1,1,1,1,2,2,2,2,2,2,2,2,20150219,2,10,2,3,,1,,1,1,0,34,7,2,,1,,,,,3,627,
7799,,,,2,2,2,2,2,2,2,2,2,2,2,20150302,3,3,1,1,2,2,,4,1,3,34,7,1,,4,1,1,1,5,1,463,
7800,1,1,1,1,2,2,2,1,2,2,2,2,2,2,20150220,2,5,1,3,,2,,2,1,3,34,7,1,6,4,4,5,2,3,3,1592,"Pas d’âge, santé implicite"
7801,1,2,1,2,2,2,2,2,2,2,2,2,2,2,20150217,2,8,2,3,,1,,1,1,1,34,7,1,6,2,4,2,3,4,3,694,70+
7802,1,1,1,1,1,2,2,1,2,2,2,2,2,2,20150323,3,9,2,3,,2,,2,1,2,34,7,1,6,4,5,2,3,4,3,418,
7803,1,2,1,2,2,2,2,2,2,2,2,2,2,2,20150219,2,10,2,3,,1,,1,1,1,34,7,1,2,1,3,3,2,3,3,313,"Pas d’âge, santé implicite"
7804,,,,2,2,2,2,2,2,2,2,2,2,2,20150225,2,2,1,2,2,3,2,6,2,1,34,7,1,,,1,1,2,5,1,1686,
7805,,,,1,2,2,2,2,2,2,2,2,2,2,20150223,2,4,1,1,2,2,,4,1,3,34,7,1,,4,2,3,1,5,,370,
7806,,,,1,2,2,2,1,2,2,2,2,2,2,20150302,3,1,2,1,1,2,,3,1,2,34,7,2,,3,1,1,4,5,1,430,
7807,1,1,1,1,1,2,2,2,2,2,2,2,2,2,20150213,2,10,2,3,,1,,1,1,1,14,7,1,2,1,,1,,,3,356,"Pas d’âge, santé implicite"
7808,1,,1,1,2,1,2,2,2,2,2,2,2,2,20150213,2,7,1,3,,3,3,3,1,3,22,7,1,2,2,5,4,3,4,3,984,70+
7809,1,1,1,1,1,2,2,2,2,2,2,2,2,2,20150317,3,8,1,3,,2,,2,1,2,34,7,1,1,2,5,5,2,3,3,2123,80+
7810,1,2,1,2,2,2,2,2,2,2,2,2,2,2,20150310,3,9,2,3,,2,,2,2,1,34,7,1,1,1,3,3,1,2,3,418,"Pas d’âge, santé implicite"
7811,1,,1,2,2,2,2,2,2,2,2,2,2,2,20150222,2,10,2,3,,1,,1,1,0,34,7,1,2,1,2,1,1,2,3,627,
7812,,,,2,2,2,2,2,2,2,2,2,2,2,20150326,3,1,2,2,2,2,,4,1,2,34,7,1,,4,1,1,4,5,1,991,
7813,,,,2,2,2,2,2,2,2,2,2,2,2,20150223,2,3,1,1,2,2,,4,1,0,34,7,1,,3,1,,,,1,1852,
7814,1,1,1,1,2,2,2,1,1,2,2,2,2,2,20150212,2,6,2,2,1,2,,3,1,3,34,7,1,4,3,2,1,1,2,3,3340,"Pas d’âge, santé implicite"
7815,,,,1,1,2,2,1,2,2,2,2,2,2,20150210,2,4,1,1,1,1,,2,1,0,34,7,1,,,4,4,2,5,,926,
7816,1,,1,2,2,2,2,2,2,2,2,2,2,2,20150222,2,6,1,3,,1,,1,1,0,34,7,1,1,1,2,3,1,2,3,3185,60+
7817,1,,1,2,2,2,2,2,2,2,2,2,2,2,20150210,2,10,2,3,,1,,1,1,0,34,7,2,,1,3,1,2,3,3,627,"Pas d’âge, santé implicite"
7818,1,1,1,1,1,2,2,1,2,2,2,2,2,2,20150314,3,6,2,3,,3,4,4,1,3,22,7,1,5,4,,,,,3,1186,55+
7819,,,,1,2,2,2,2,2,2,2,2,2,1,20150225,2,3,1,1,3,2,,5,1,3,34,7,1,,4,1,3,1,5,1,386,
7820,1,1,1,1,2,1,1,1,2,2,2,2,2,1,20150306,3,4,2,2,1,3,3,4,1,3,34,7,1,,,2,1,1,2,3,1045,70+
7821,,,,2,2,2,2,1,2,2,2,2,2,2,20150407,4,1,2,1,1,3,,4,1,1,22,7,1,,2,1,,,,1,631,
7822,1,2,1,1,2,2,2,2,2,2,2,2,2,2,20150211,2,6,2,3,,2,,2,0,2,34,7,1,6,,2,3,1,2,3,1387,65+
7823,1,2,1,1,1,2,2,1,2,2,2,2,2,2,20150213,2,9,2,3,,3,1,3,1,2,34,7,1,2,2,3,1,3,4,3,627,60+
7824,,,,1,2,2,2,1,2,2,2,2,2,2,20150305,3,1,1,1,1,2,,3,1,2,14,7,1,,4,1,1,4,5,1,210,
7825,1,2,1,2,2,2,2,2,2,2,2,2,2,2,20150218,2,7,2,3,,2,,2,1,1,34,7,1,6,4,4,4,2,3,3,1387,70+
7826,1,2,1,2,2,2,2,2,2,2,2,2,2,2,20150323,3,10,1,3,,2,,2,1,1,14,7,1,6,3,3,3,2,3,3,730,50+
7827,1,2,1,1,1,2,2,1,2,2,2,2,2,2,20150315,3,8,2,3,,2,,2,1,2,34,7,1,2,3,2,1,1,2,3,925,70+
7828,1,1,1,2,2,2,2,2,2,2,2,2,2,2,20150212,2,10,2,3,,2,,2,1,1,34,7,1,5,,4,3,2,3,3,627,
7829,,,,2,2,2,2,2,2,2,2,2,2,2,20150401,4,3,2,1,4,2,,6,1,2,34,7,1,,2,1,1,1,5,1,1210,
7830,1,2,1,2,2,2,2,2,2,2,2,2,2,2,20150324,3,9,1,3,,1,,1,1,1,14,7,2,6,3,5,3,3,4,3,365,65+
7831,1,1,1,2,2,2,2,2,2,2,2,2,2,2,20150211,2,10,2,3,,1,,1,1,1,34,7,1,1,,4,1,3,4,3,313,
7832,,,,2,2,2,2,2,2,2,2,2,2,2,20150223,2,2,2,1,2,2,,4,1,3,34,7,1,,4,1,1,3,5,1,430,
7833,,,,1,2,2,2,2,2,2,2,2,2,2,20150331,3,2,2,1,2,2,,4,1,2,34,7,1,,4,1,,,,1,574,
7834,,,,1,1,1,2,1,2,2,2,2,2,2,20150331,3,4,1,1,1,3,4,5,2,3,22,7,1,,4,5,4,2,5,,400,
7835,,,,2,2,2,2,2,2,2,2,2,2,2,20140715,7,9,1,3,,2,,2,1,2,14,7,1,2,2,5,5,3,4,3,487,
7836,,,,2,2,2,2,2,2,2,2,2,2,2,20141010,10,10,2,3,,1,1,1,1,1,34,7,2,6,2,3,1,2,3,3,313,
7837,,,,2,2,2,2,2,2,2,2,2,2,2,20141011,10,6,2,3,,2,,2,1,0,34,7,1,3,2,2,1,1,2,3,2775,
7838,,,,2,2,2,2,2,2,2,2,2,2,2,20141014,10,4,2,3,,2,2,2,1,2,34,7,1,,3,2,3,1,2,3,925,
7839,,,,2,2,1,2,2,2,2,2,2,2,2,20141124,11,1,2,1,2,2,,4,1,2,34,7,1,,4,1,1,3,5,1,574,
7840,,,,1,2,2,1,1,2,2,2,2,2,2,20141022,10,7,2,3,,3,,3,1,3,34,7,1,6,4,5,3,3,4,3,1040,
7841,,,,1,2,2,2,2,2,2,2,2,2,1,20141015,10,4,2,3,,2,2,2,1,2,14,7,1,,2,2,1,2,3,3,1424,
7842,,,,1,2,1,2,2,2,2,2,2,2,2,20141017,10,7,2,3,,3,,5,1,3,34,7,1,7,4,5,4,3,4,3,1156,
7843,,,,1,2,2,2,1,2,2,2,2,2,2,20141022,10,6,1,3,,1,,1,0,2,14,7,1,4,1,4,4,2,3,3,938,
7844,,,,2,2,2,2,2,2,2,2,2,2,2,20141210,12,1,2,1,1,2,,3,1,2,14,7,1,,1,1,,,,1,451,
7845,,,,2,2,2,2,2,2,2,2,2,2,2,20150216,2,1,1,1,2,2,,4,2,2,34,7,1,,4,1,1,4,5,1,130,
7846,,,,2,2,2,2,2,2,2,2,2,2,2,20150125,1,4,2,1,2,1,,3,0,2,22,7,1,,2,3,5,1,5,,1185,
7847,,,,2,2,2,2,2,2,2,2,2,2,2,20150226,2,1,1,1,3,2,,5,1,2,34,7,1,,4,1,1,4,5,1,542,
7848,1,2,1,1,1,2,2,1,2,2,2,2,2,2,20150120,1,8,2,3,,2,,2,1,2,34,7,1,6,4,3,3,1,2,3,925,60+
7849,1,1,1,2,2,2,2,2,2,2,2,2,2,2,20150213,2,7,2,3,,2,,2,1,1,14,7,1,6,4,5,4,3,4,3,2137,75+
7850,1,2,1,1,2,2,2,1,2,2,2,1,2,2,20141211,12,5,1,2,2,2,,4,1,2,14,7,1,6,4,5,5,2,3,3,6875,65+
7851,1,2,1,2,2,2,2,2,2,2,2,2,2,2,20141210,12,8,2,3,,2,,2,1,1,34,7,1,6,,5,3,3,4,3,1387,75+
7852,,,,1,2,2,2,2,2,2,2,2,2,2,20150216,2,3,1,1,1,1,,2,1,2,34,7,1,,4,2,1,2,5,1,309,
7853,,,,2,2,2,2,2,2,2,2,2,2,2,20150224,2,2,2,1,3,2,,5,1,2,14,7,1,,1,1,1,3,5,1,752,
7854,1,1,1,1,2,2,2,2,2,2,2,2,2,2,20150110,1,7,2,2,1,3,1,4,1,3,14,7,1,4,4,2,3,1,2,3,4696,75+
7855,,,,1,2,2,2,1,2,1,2,1,1,2,20140801,8,3,1,1,4,2,2,6,1,1,34,7,1,,3,1,1,2,5,1,1389,
7856,1,2,1,2,2,2,2,2,2,2,2,2,2,2,20141120,11,9,2,3,,1,,1,1,1,34,7,1,1,1,4,2,3,4,3,313,60+
7857,,,,1,2,2,2,1,2,2,2,2,2,2,20141106,11,3,1,1,3,2,,5,1,3,22,7,1,,2,1,1,1,5,1,799,
7858,,,,1,2,2,2,2,2,2,2,2,2,2,20141030,10,3,2,1,3,2,,5,1,2,34,7,1,,3,1,1,1,5,1,1009,
7859,,,,2,2,2,1,2,2,2,2,2,2,2,20141103,11,2,1,1,2,2,2,4,1,2,22,7,1,,,1,1,1,5,1,512,
7860,,,,1,2,2,2,2,2,2,2,2,2,2,20140806,8,3,1,2,1,2,,3,1,1,34,7,1,,2,,1,,,1,1200,
7861,,,,2,2,2,2,2,2,1,2,1,2,1,20141031,10,4,2,3,,3,4,4,2,3,34,7,1,,1,2,2,1,2,3,186,
7862,,,,2,2,2,2,2,2,2,2,2,2,2,20141102,11,4,2,1,1,2,,3,1,3,22,7,1,,,2,2,1,5,,592,
7863,,,,1,2,2,2,2,2,2,2,2,2,2,20140806,8,2,1,1,1,2,,3,1,2,14,7,1,,2,1,1,3,5,1,210,
7864,,,,1,2,2,2,2,2,2,2,2,2,2,20140827,8,4,1,3,,3,3,5,1,3,34,7,1,,3,3,5,1,2,3,249,
7865,,,,2,2,2,2,2,2,2,2,2,2,2,20140905,9,1,2,1,2,2,,4,1,2,14,7,1,,4,1,,,,1,602,
7866,,,,2,2,2,2,2,2,2,2,2,2,2,20140812,8,2,2,1,2,2,,4,1,2,34,7,2,,4,1,,,,1,574,
7867,,,,2,2,2,2,2,2,2,2,2,2,2,20140819,8,2,1,1,1,1,,2,1,1,22,7,1,,2,1,1,2,5,1,384,
7868,1,1,1,2,2,2,2,2,2,2,2,2,2,2,20141120,11,9,2,3,,2,,2,1,2,34,7,1,2,2,3,3,2,3,3,418,"Pas d’âge, santé implicite"
7869,,,,2,2,2,2,2,2,2,2,2,2,2,20141102,11,1,1,1,1,3,3,4,1,2,34,7,1,,4,1,1,1,5,1,434,
7870,1,2,1,1,2,1,2,1,2,2,2,2,2,2,20150317,3,8,2,3,,2,,2,2,0,14,7,1,4,2,,3,,,3,2137,80+
7871,1,2,1,2,2,2,2,2,2,2,2,2,2,2,20141118,11,6,1,3,,1,,1,1,1,14,7,1,6,3,4,5,1,2,3,938,70+
7872,,,,1,2,2,2,2,2,2,2,2,2,2,20141101,11,1,2,1,1,2,,3,2,2,34,7,1,,3,1,1,4,5,1,323,
7873,,,,2,2,2,2,2,2,2,2,2,2,2,20141030,10,1,2,1,2,2,,4,1,2,22,7,1,,4,1,1,1,5,1,421,
7874,,,,1,2,2,2,2,2,2,2,2,2,2,20140819,8,3,1,1,1,2,,3,1,2,14,7,1,,,1,1,3,5,1,1302,
7875,,,,2,2,2,2,2,2,2,2,2,2,2,20140824,8,2,1,1,2,3,,6,2,3,22,7,1,,3,1,1,1,5,1,384,
7876,,,,2,2,2,2,2,2,2,2,2,2,2,20141105,11,2,2,1,1,2,,3,1,2,34,7,1,,,1,1,1,5,1,430,
7877,1,2,1,2,2,2,2,2,2,2,2,2,2,2,20141118,11,10,2,3,,1,,1,1,0,34,7,1,,1,2,1,2,3,3,627,"Pas d’âge, santé implicite"
7878,,,,1,2,2,2,2,2,2,2,2,2,2,20141021,10,3,2,1,2,1,,3,1,1,34,7,1,,1,1,1,1,5,1,908,
7879,,,,1,2,2,2,1,2,1,2,1,2,1,20141014,10,8,2,3,,2,,2,2,3,22,7,1,6,4,3,2,2,3,3,494,
7880,,,,2,2,2,2,2,2,2,2,2,2,2,20141014,10,6,2,3,,2,,2,1,0,34,7,1,4,1,,3,,,3,2775,
7881,,,,2,2,2,2,2,2,2,2,2,2,2,20141015,10,10,1,3,,1,,1,1,0,22,7,1,6,2,4,4,2,3,3,661,
7882,,,,1,1,2,2,1,2,2,2,2,2,1,20141014,10,9,2,3,,1,,1,1,0,34,7,1,1,1,,3,,,3,627,
7883,,,,2,2,2,2,2,2,2,2,2,2,2,20141021,10,10,1,3,,3,1,3,1,3,34,7,1,3,2,3,,,,3,1032,
7884,,,,2,2,2,2,2,2,2,2,2,2,2,20141020,10,9,2,3,,2,,2,1,1,14,7,1,4,4,2,4,1,2,3,712,
7885,,,,2,2,2,2,2,2,2,2,2,2,2,20141014,10,9,1,3,,2,,2,1,1,22,7,1,6,,5,4,3,4,3,661,
7886,,,,1,2,2,1,1,,,2,2,2,2,20141104,11,2,1,1,2,3,2,6,1,2,14,7,1,,4,1,1,1,5,1,420,
7887,,,,2,2,2,2,2,2,2,2,2,2,1,20141016,10,10,2,3,,2,,2,2,0,34,7,1,1,1,2,3,1,2,2,627,
7888,,,,2,2,2,2,2,2,2,2,2,2,2,20141017,10,7,2,3,,3,2,4,2,3,22,7,1,7,4,2,3,1,2,2,847,
7889,,,,1,2,2,2,1,2,2,2,2,2,2,20141015,10,7,1,2,2,2,,4,1,1,34,7,2,1,3,4,4,2,3,3,20444,
7890,,,,2,2,2,2,2,2,2,2,2,2,2,20141010,10,9,1,3,,2,,2,2,1,34,7,1,7,3,3,4,1,2,3,917,
7891,,,,2,2,2,2,2,2,2,2,2,2,2,20141011,10,10,2,3,,2,,2,1,2,14,7,1,6,2,2,3,1,2,3,475,
7892,,,,2,2,2,2,2,2,2,2,2,2,2,20140809,8,2,2,1,1,2,,3,1,2,14,7,1,,2,1,1,2,5,1,451,
7893,,,,2,2,2,2,2,2,2,2,2,2,2,20141010,10,8,1,2,1,2,,3,1,1,34,7,1,7,4,5,4,3,4,3,15333,
7894,,,,2,2,2,2,2,2,2,2,2,2,2,20141021,10,8,1,3,,2,,2,2,1,34,7,1,1,3,3,2,2,3,3,2123,
7895,,,,2,2,2,2,2,2,2,2,2,2,2,20141011,10,9,2,3,,2,,2,1,1,34,7,2,2,2,4,2,3,4,3,627,
7896,,,,1,2,2,2,2,2,2,2,2,2,2,20141022,10,3,1,1,3,2,,5,1,1,34,7,1,,2,1,1,2,5,1,1158,
7897,,,,2,2,2,2,2,2,2,2,2,2,2,20141010,10,5,1,3,,2,,2,1,2,34,7,1,2,1,2,3,1,2,3,2123,
7898,,,,2,2,2,2,2,2,2,2,2,2,2,20141010,10,9,2,3,,1,,1,2,0,22,7,1,2,1,,,,,3,298,
7899,,,,1,1,2,2,2,2,2,2,2,2,2,20141023,10,9,2,3,,1,,1,1,0,22,7,1,5,1,5,1,3,4,3,595,
7900,,,,1,2,2,2,1,2,2,2,2,2,2,20141106,11,3,1,1,2,3,,5,1,3,22,7,1,,,4,4,3,5,1,533,
7901,1,2,1,2,2,2,2,2,2,2,2,2,2,2,20141120,11,10,1,3,,1,,1,1,0,22,7,1,1,1,4,5,2,3,3,661,
7902,,,,2,2,2,2,2,2,2,2,2,2,2,20141023,10,5,2,3,,3,4,4,1,2,14,7,1,5,1,2,3,1,2,3,2849,
7903,,,,2,2,2,2,2,2,2,2,2,2,2,20141023,10,10,1,3,,2,2,2,1,3,34,7,1,7,3,4,4,2,3,3,688,
7904,,,,1,2,2,2,1,2,2,1,2,2,2,20141024,10,2,1,1,2,2,,4,2,2,34,7,1,,4,1,1,1,5,1,325,
7905,,,,2,2,2,2,2,2,2,2,2,2,2,20141023,10,10,2,2,1,2,2,3,1,2,34,7,1,1,4,4,1,3,4,2,2012,
7906,,,,2,1,1,2,1,2,2,2,2,2,2,20141023,10,8,2,3,,2,2,2,1,2,34,7,1,4,3,2,2,1,2,3,925,
7907,,,,2,2,2,2,2,2,2,1,2,2,2,20141023,10,9,2,3,,2,,2,1,1,22,7,1,2,2,4,1,3,4,3,595,
7908,,,,2,2,2,2,2,2,2,2,2,2,2,20141023,10,10,2,3,,1,,1,1,1,34,7,1,1,1,2,2,1,2,3,313,
7909,,,,1,2,2,2,2,2,2,2,2,2,2,20141023,10,7,1,2,3,2,2,5,2,3,34,7,1,6,4,4,5,2,3,3,10222,
7910,1,2,1,1,2,2,2,2,2,2,2,2,2,2,20141117,11,9,2,3,,1,,1,1,1,14,7,1,4,2,4,2,3,4,3,356,85+
7911,,,,2,2,2,2,2,2,2,2,1,2,2,20141105,11,3,2,1,3,2,,5,1,0,34,7,1,,2,2,5,1,5,1,3026,
7912,1,2,1,2,2,2,2,2,2,2,2,2,2,2,20141120,11,9,2,3,,1,,1,1,1,34,7,1,5,1,3,2,2,3,3,313,85+
7913,1,2,1,1,2,2,2,1,2,2,2,2,2,2,20141120,11,9,2,3,,2,,2,1,0,34,7,1,6,,3,3,2,3,3,1253,60+
7914,,,,2,2,2,2,2,2,2,2,2,2,2,20141105,11,1,2,1,2,2,2,4,1,2,34,7,1,,3,1,1,4,5,1,574,
7915,1,2,1,1,2,2,2,1,2,2,2,2,2,2,20141120,11,9,2,3,,2,,2,1,1,34,7,1,5,3,3,3,2,3,3,627,60+
7916,,,,2,2,2,2,2,2,2,2,2,2,2,20141105,11,1,1,1,2,2,,4,1,1,14,7,1,,4,1,1,4,5,1,420,
7917,1,2,1,1,1,1,2,2,2,2,2,2,2,2,20141120,11,8,2,3,,3,1,3,1,2,14,7,1,4,3,3,1,3,4,3,2137,75+
7918,1,1,1,1,1,2,1,1,2,2,2,2,2,2,20141120,11,8,1,3,,2,,2,1,1,22,7,1,7,4,5,5,2,3,3,1313,60+
7919,1,1,1,1,2,2,2,1,2,2,2,2,2,2,20150318,3,9,2,3,,1,,1,2,1,22,7,1,6,2,2,3,1,2,3,198,Ne sais pas
7920,,,,1,1,2,2,1,2,2,2,2,2,2,20141106,11,2,2,1,2,2,,4,1,0,34,7,1,,3,1,1,1,5,1,1722,
7921,1,2,1,1,2,,2,2,2,2,2,2,2,2,20150318,3,9,2,3,,2,,2,1,2,22,7,1,2,,2,3,1,2,3,397,
7922,1,1,2,1,1,2,2,2,2,2,2,2,2,2,20141120,11,9,2,3,,1,,1,2,1,34,7,1,2,,1,1,1,2,3,209,
7923,,,,1,2,2,2,2,2,2,2,2,2,2,20141105,11,4,2,1,1,3,1,4,1,3,34,7,1,,3,2,2,1,5,,484,
7924,,,,2,2,2,2,2,2,2,2,2,2,2,20141107,11,2,1,1,4,2,,6,1,3,14,7,1,,4,1,1,1,5,1,252,
7925,1,1,1,1,2,2,2,2,2,2,2,2,2,2,20141117,11,8,2,3,,1,,1,1,1,34,7,1,7,4,5,4,3,4,3,694,55+
7926,,,,1,2,2,2,2,2,2,2,2,2,2,20141105,11,4,1,3,,3,1,3,1,3,22,7,1,,,4,,,,2,44,
7927,1,2,1,2,2,2,2,2,2,2,2,2,2,2,20141116,11,9,2,3,,2,,2,1,1,22,7,1,5,2,4,3,2,3,3,595,70+
7928,,,,2,2,2,2,2,2,2,2,2,2,2,20141113,11,7,2,3,,2,,2,1,2,34,7,1,4,2,2,1,2,3,3,925,
7929,,,,1,2,2,2,1,2,2,2,2,2,2,20141113,11,10,1,3,,2,,2,1,1,34,7,2,2,2,4,4,2,3,3,1376,
7930,,,,2,2,2,2,2,2,2,2,2,2,2,20141128,11,4,2,1,1,2,,3,1,2,14,7,1,,3,2,1,1,5,,862,
7931,1,1,1,1,2,2,2,2,2,2,2,2,2,1,20141121,11,8,2,3,,1,,1,1,1,34,7,1,5,2,3,3,2,3,3,694,65+
7932,,,,2,2,2,2,2,2,2,2,2,2,2,20141121,11,1,1,1,3,1,,4,1,0,14,7,1,,1,1,1,4,5,1,839,
7933,,,,2,2,2,2,2,2,2,2,2,2,2,20141127,11,1,2,1,2,2,,4,1,2,22,7,1,,3,1,1,4,5,1,421,
7934,,,,1,2,2,2,1,2,2,2,2,2,2,20141202,12,3,2,1,1,2,,3,1,2,22,7,1,,4,1,1,1,5,1,790,
7935,,,,1,2,2,2,2,2,2,2,2,2,2,20141114,11,1,1,1,1,2,,3,1,2,34,7,2,,4,1,,,,1,325,
7936,,,,1,2,2,2,1,2,2,2,2,2,2,20141121,11,1,2,1,2,3,,6,1,3,34,7,1,,2,1,,,,1,646,
7937,,,,1,2,2,2,2,2,2,2,2,2,2,20141201,12,3,2,1,2,1,,3,1,1,34,7,1,,2,1,1,1,5,1,908,
7938,,,,1,2,2,2,1,2,2,2,2,2,2,20141113,11,1,1,1,4,3,,6,1,3,14,7,1,,2,1,1,4,5,1,367,
7939,1,2,1,1,2,2,2,1,2,2,2,2,2,2,20141122,11,8,1,3,,2,,3,1,2,34,7,1,3,3,5,3,3,4,3,3185,
7940,1,2,1,2,2,2,2,2,2,2,2,2,2,2,20141123,11,9,1,3,,2,,2,1,2,14,7,1,7,4,5,4,3,4,3,487,75+
7941,,,,1,2,2,2,2,2,2,2,2,2,2,20141129,11,3,2,1,3,2,,5,1,3,22,7,1,,4,2,4,1,5,1,790,
7942,1,2,1,1,2,2,2,2,2,2,2,2,2,2,20141123,11,8,1,3,,3,1,3,1,3,34,7,1,4,3,5,3,3,4,3,2388,
7943,1,1,2,1,2,2,2,1,2,2,2,2,2,2,20141123,11,8,2,3,,2,,2,1,2,34,7,2,2,3,2,1,2,3,3,925,"Pas d’âge, santé implicite"
7944,1,2,1,2,2,2,2,2,2,2,2,2,2,2,20141123,11,8,2,3,,2,,2,1,1,34,7,1,6,3,3,3,1,2,3,1387,"Pas d’âge, santé implicite"
7945,1,1,1,2,2,2,2,2,2,2,2,2,2,2,20141123,11,9,2,3,,2,,2,1,1,34,7,1,6,3,3,1,2,3,3,627,70+
7946,,,,2,2,2,2,2,2,2,2,2,2,2,20141126,11,2,1,1,1,2,,3,1,2,14,7,1,,3,1,,,,1,210,
7947,1,1,1,1,2,2,1,1,2,2,2,2,2,2,20141121,11,8,2,3,,3,,3,1,3,34,7,1,5,4,2,2,1,2,3,1040,80+
7948,,,,1,2,2,2,2,2,2,2,2,2,2,20141011,10,3,1,1,4,2,,6,0,3,34,7,1,,3,1,1,2,5,1,926,
7949,,,,2,2,2,2,2,2,2,2,1,2,2,20141124,11,1,2,1,2,2,,4,1,2,22,7,1,,2,1,1,1,5,1,421,
7950,,,,2,2,2,2,2,2,2,2,2,2,2,20141124,11,2,2,1,3,3,,6,1,2,14,7,1,,4,,,,,1,903,
7951,1,2,1,2,2,2,2,2,2,2,2,2,2,2,20141121,11,4,1,3,,3,1,3,1,1,22,7,1,,2,4,5,1,2,2,1969,70+
7952,,,,2,2,2,2,2,2,2,2,2,2,2,20141112,11,8,2,3,,1,,1,1,1,34,7,1,4,1,5,3,3,4,3,694,
7953,1,2,1,2,2,2,2,2,2,2,2,2,2,2,20150319,3,8,2,3,,2,,2,1,1,22,7,1,1,2,1,1,1,2,3,1483,65+
7954,1,2,1,2,1,2,2,2,2,2,2,2,2,2,20141114,11,5,1,3,,3,,3,1,3,34,7,1,4,3,5,4,3,4,3,2388,50+
7955,1,2,2,2,2,2,2,2,2,2,2,2,2,2,20141121,11,10,2,3,,1,,1,1,1,14,7,1,1,2,3,4,1,2,3,356,60+
7956,,,,2,2,2,2,2,2,2,2,2,2,2,20141110,11,10,2,3,,1,,1,1,0,34,7,1,1,,3,1,2,3,3,627,
7957,,,,1,2,2,2,2,2,2,2,2,2,2,20141113,11,8,1,3,,3,1,3,1,3,34,7,1,2,4,2,3,1,2,3,2388,
7958,,,,1,2,2,2,2,2,2,2,2,2,2,20141113,11,9,2,3,,1,,1,1,1,34,7,1,1,1,2,1,2,3,3,313,
7959,,,,1,2,2,2,1,2,2,2,2,2,2,20141202,12,3,1,1,2,2,,4,1,3,34,7,1,,4,1,1,1,5,1,370,
7960,1,,1,2,2,2,2,2,2,2,2,2,2,2,20150314,3,9,2,3,,2,,2,1,1,34,7,1,2,1,3,3,2,3,3,627,80+
7961,1,1,1,2,2,2,2,2,2,2,2,2,2,2,20141123,11,6,2,2,2,2,,4,1,2,34,7,1,7,4,3,2,2,3,3,5937,75+
7962,,,,1,2,2,2,2,2,1,2,2,2,2,20141203,12,3,1,1,2,2,,4,2,3,34,7,1,,3,3,4,1,5,1,232,
7963,,,,2,2,2,2,2,2,2,2,2,2,2,20141126,11,3,2,1,1,2,,3,1,2,22,7,1,,4,1,1,1,5,1,790,
7964,1,2,1,2,2,2,2,2,2,2,2,2,2,2,20141128,11,4,1,3,,3,2,4,1,3,34,7,1,,1,5,4,2,3,3,249,
7965,1,2,1,2,2,2,2,2,2,2,2,2,2,2,20141123,11,9,1,3,,3,3,3,1,1,14,7,1,4,,4,3,2,3,3,1096,65+
7966,,,,2,2,2,2,2,2,2,2,2,2,2,20141124,11,1,1,1,4,2,,6,1,1,14,7,1,,2,1,,,,1,629,
7967,1,2,1,1,1,2,2,2,2,2,2,2,2,2,20150125,1,10,2,3,,1,,1,1,0,22,7,1,1,1,4,1,3,4,3,595,65+
7968,,,,1,2,2,2,1,2,1,2,2,2,2,20150124,1,2,2,1,1,2,,3,1,2,34,7,1,,4,1,1,1,5,1,430,
7969,1,1,1,2,2,2,2,2,2,2,2,2,2,2,20150123,1,9,2,3,,2,,2,1,2,34,7,1,7,,4,1,3,4,3,418,90+
7970,,,,2,2,2,2,2,2,2,2,2,2,2,20141210,12,10,1,3,,2,,2,1,2,14,7,1,1,3,5,5,2,3,2,487,
7971,1,1,1,2,2,2,2,2,2,2,2,2,2,2,20141210,12,10,1,3,,2,,2,1,1,34,7,1,1,,4,3,2,3,3,1376,60+
7972,,,,2,2,2,2,2,2,2,2,2,2,2,20141214,12,3,1,1,2,2,,4,1,2,22,7,1,,4,1,1,1,5,1,852,
7973,1,2,1,1,1,2,2,1,2,2,2,2,2,2,20141210,12,8,1,3,,2,,2,1,2,34,7,1,3,4,5,5,3,4,3,2123,
7974,,,,1,2,2,2,1,2,2,2,2,2,1,20141212,12,2,1,1,3,3,1,6,1,3,22,7,1,,4,1,1,1,5,1,576,
7975,1,2,1,2,2,2,2,2,2,2,2,2,2,2,20141210,12,8,2,3,,3,,3,1,1,34,7,1,5,4,,,,,3,2081,80+
7976,,,,2,2,2,2,2,2,2,2,2,2,2,20141210,12,2,1,1,1,2,,3,1,2,34,7,1,,,,,,,1,325,
7977,1,1,1,1,2,2,2,2,2,2,2,2,2,2,20141211,12,8,2,3,,2,,2,1,2,22,7,1,6,2,5,4,3,4,3,988,70+
7978,1,1,1,1,1,2,2,2,2,2,2,1,2,2,20141210,12,9,2,3,,1,,1,1,0,34,7,1,4,2,3,3,1,2,3,627,"Pas d’âge, santé implicite"
7979,1,2,1,2,2,2,2,2,2,2,2,2,2,2,20150123,1,10,1,3,,2,,2,1,2,34,7,1,3,1,4,5,2,3,3,917,
7980,1,1,1,1,2,2,2,2,2,2,2,2,2,2,20141210,12,4,2,3,,3,4,5,1,3,34,7,1,,2,3,4,1,2,3,1156,75+
7981,1,2,1,1,2,2,1,1,2,2,2,1,2,1,20141230,12,4,2,2,1,3,2,5,1,3,34,7,1,,4,3,4,1,2,3,1045,65+
7982,1,1,1,1,1,2,2,1,2,2,2,2,2,2,20150123,1,9,1,3,,2,,2,1,0,14,7,1,2,2,4,2,3,4,3,1461,"Pas d’âge, santé implicite"
7983,,,,1,2,2,2,1,2,2,2,2,2,2,20150102,1,3,1,1,4,2,,6,1,2,34,7,1,,4,1,1,1,5,1,926,
7984,1,1,1,1,1,2,2,2,2,2,2,2,2,2,20141210,12,8,2,3,,2,,2,2,1,22,7,1,3,2,4,1,3,4,3,988,75+
7985,1,2,1,1,2,2,2,1,2,2,2,2,2,2,20141210,12,7,2,3,,1,,1,1,1,14,7,1,4,,2,2,1,2,3,1068,70+
7986,,,,2,2,2,2,2,2,2,2,2,2,2,20141212,12,1,1,1,3,2,,5,1,1,22,7,1,,3,1,1,1,5,1,960,
7987,1,,1,1,2,2,2,1,2,2,2,2,2,2,20150122,1,7,1,3,,2,,2,2,1,22,7,1,4,2,5,5,3,4,3,656,70+
7988,1,2,1,1,1,2,2,1,2,2,2,2,2,2,20141210,12,8,2,3,,2,,2,1,1,14,7,1,2,4,2,3,1,2,3,2137,70+
7989,,,,1,1,2,2,2,2,2,2,2,2,2,20141212,12,3,1,1,1,2,,3,1,3,22,7,1,,3,1,1,1,5,1,479,
7990,1,1,2,2,2,2,2,2,2,2,2,2,2,2,20141210,12,8,2,3,,2,,2,1,2,34,7,1,4,2,5,4,2,3,3,925,"Pas d’âge, santé implicite"
7991,1,2,1,2,2,2,2,2,2,2,2,2,2,2,20141210,12,10,2,3,,2,,2,2,1,22,7,1,4,3,2,4,1,2,3,397,80+
7992,,,,1,2,2,2,1,2,2,2,2,2,2,20141214,12,1,1,1,1,2,,3,1,2,34,7,1,,4,1,,,,1,325,
7993,,,,1,2,2,2,1,2,2,2,2,2,2,20141211,12,3,1,1,2,2,,4,1,2,22,7,1,,4,1,1,2,5,1,852,
7994,1,1,1,2,2,2,2,2,2,2,2,2,2,2,20141210,12,9,2,3,,1,,1,2,0,34,7,1,1,2,3,3,2,3,3,313,65+
7995,1,2,1,1,2,2,2,2,2,2,2,2,2,2,20150123,1,10,2,3,,1,,1,1,1,34,7,1,2,1,2,2,1,2,3,313,75+
7996,,,,2,2,2,2,2,2,2,2,2,2,2,20141213,12,1,2,1,1,1,,2,1,1,34,7,1,,2,1,1,4,5,1,430,
7997,1,2,1,2,2,2,2,2,2,2,2,2,2,2,20150123,1,9,2,3,,1,,1,1,1,34,7,1,1,1,2,1,2,3,3,313,60+
7998,,,,2,2,2,2,2,2,2,2,2,2,2,20141211,12,1,1,1,1,2,,3,1,2,14,7,1,,4,1,1,4,5,1,210,
7999,,,,1,2,2,2,2,2,2,2,2,2,2,20141211,12,3,1,1,1,2,1,4,2,3,34,7,1,,4,2,3,2,5,1,309,
8000,,,,1,2,2,2,2,2,2,2,2,2,2,20141210,12,1,2,1,1,1,1,3,1,2,34,7,1,,2,1,,,,1,430,
8001,,,,2,2,2,2,2,2,2,2,2,2,2,20141213,12,2,1,1,2,2,,4,1,1,34,7,1,,4,1,1,1,5,1,651,
8002,1,2,1,2,2,2,2,2,2,2,2,2,2,2,20141210,12,10,1,3,,1,,1,1,0,14,7,1,1,1,5,3,3,4,3,730,85+
8003,1,2,1,1,2,2,2,1,2,2,2,2,2,2,20141210,12,8,1,3,,2,,2,1,1,34,7,1,2,2,3,5,1,2,3,3185,70+
8004,1,1,1,1,2,2,1,1,2,2,2,2,2,2,20141210,12,9,2,3,,2,,2,2,2,34,7,1,2,4,4,3,3,4,3,251,75+
8005,,,,1,2,2,2,2,1,2,2,2,2,2,20141211,12,3,2,1,2,2,2,4,1,1,34,7,2,,1,1,1,2,5,1,1210,
8006,,,,1,2,2,1,1,2,2,2,2,2,2,20141215,12,3,1,1,1,2,1,3,2,2,34,7,2,,1,3,5,1,5,1,232,
8007,2,2,1,1,2,2,2,1,2,2,2,2,2,2,20141211,12,8,2,3,,2,,2,0,2,34,7,2,5,,4,1,3,4,3,1387,
8008,1,2,2,1,2,2,1,1,2,2,2,2,2,2,20141210,12,9,2,3,,1,,1,1,0,34,7,1,6,1,4,3,2,3,3,627,Pensionnés/Âge de la retraite
8009,1,2,1,1,1,1,2,2,2,2,2,1,1,2,20141210,12,9,1,3,,1,,1,2,0,34,7,1,1,1,3,3,2,3,3,688,65+
8010,3,2,2,2,2,2,2,2,2,2,2,2,2,2,20150116,1,10,1,3,,2,,2,1,0,22,7,1,5,2,5,4,2,3,3,1323,70+
8011,,,,2,2,2,2,2,2,2,2,2,2,2,20150126,1,2,2,1,2,2,,4,1,2,34,7,1,,4,1,1,1,5,1,574,
8012,,,,2,2,2,2,2,2,2,2,2,2,2,20150129,1,2,1,1,4,2,,6,1,3,34,7,1,,1,1,1,2,5,1,488,
8013,,,,1,2,2,2,2,2,2,2,2,2,2,20150129,1,1,1,1,2,2,,4,1,1,34,7,1,,3,1,1,1,5,1,651,
8014,,,,1,2,2,2,2,2,2,2,2,2,2,20150122,1,3,1,1,2,2,,4,2,2,14,7,1,,2,2,1,2,5,1,744,
8015,,,,1,2,2,2,1,2,2,2,2,2,2,20150125,1,3,1,1,2,2,,4,1,0,34,7,1,,,1,3,1,5,1,1852,
8016,1,,1,2,2,2,2,2,2,2,2,2,2,2,20150122,1,9,2,3,,2,,2,1,2,22,7,1,2,1,3,1,2,3,3,397,"Pas d’âge, santé implicite"
8017,,,,1,2,2,2,2,2,2,2,1,2,2,20150128,1,2,2,1,2,2,,4,1,0,34,7,1,,2,1,1,1,5,1,1722,
8018,,,,1,2,2,2,2,2,2,2,2,2,2,20150224,2,3,1,1,2,3,,4,1,2,34,7,1,,4,1,2,1,5,1,617,
8019,,,,2,2,2,2,2,2,2,2,2,2,2,20150123,1,1,1,1,2,2,,4,1,2,34,7,1,,3,1,1,4,5,1,434,
8020,,,,1,1,2,2,2,2,2,2,2,2,2,20150127,1,3,2,1,3,2,,5,1,3,22,7,1,,3,3,2,2,5,1,790,
8021,1,2,1,1,2,2,2,1,2,2,2,2,2,2,20150317,3,8,1,3,,3,1,4,1,0,14,7,1,1,2,4,5,1,2,3,7507,"Pas d’âge, santé implicite"
8022,1,1,1,1,2,2,2,2,2,2,2,2,2,2,20150116,1,7,2,3,,2,,2,2,2,34,7,1,7,,5,3,3,4,3,694,75+
8023,1,2,1,2,2,2,2,2,2,2,2,2,2,2,20150115,1,8,2,3,,2,,2,1,1,34,7,1,3,2,3,2,2,3,3,1387,"Pas d’âge, santé implicite"
8024,,,,2,2,2,2,2,2,2,2,2,2,2,20150126,1,1,1,1,1,2,,3,1,1,14,7,1,,2,1,1,4,5,1,315,
8025,,,,1,2,2,2,2,2,2,2,2,2,2,20150126,1,3,2,1,2,2,,4,1,1,14,7,1,,4,1,2,1,5,1,1724,
8026,1,,1,1,2,2,2,1,2,2,2,2,2,2,20150112,1,8,2,3,,1,,1,1,1,34,7,1,4,2,1,1,1,2,3,694,75+
8027,,,,2,2,2,2,2,2,2,2,2,2,2,20150123,1,9,2,3,,2,,,,,34,7,1,,,,,,,3,627,
8028,,,,2,2,2,2,2,2,2,2,2,2,2,20150112,1,4,1,1,2,2,2,4,1,3,34,7,1,,4,2,4,1,5,,463,
8029,,,,1,2,2,2,1,2,1,2,1,2,2,20150125,1,4,1,1,2,2,,4,1,3,34,7,1,,4,2,3,1,5,,463,
8030,1,1,1,1,2,2,2,1,2,2,2,2,2,2,20150115,1,7,2,2,2,2,,4,1,3,34,7,1,6,4,2,1,1,2,3,4453,65+
8031,,,,2,2,2,2,2,2,2,2,2,2,2,20150124,1,3,1,1,2,2,,4,1,3,22,7,1,,4,2,2,1,5,1,639,
8032,1,1,1,2,2,2,2,2,2,2,2,2,2,2,20150116,1,8,1,3,,3,,3,2,3,34,7,1,6,,3,5,1,2,3,1911,55+
8033,1,1,1,2,2,2,2,2,2,2,2,2,2,2,20150123,1,10,2,3,,1,,1,1,0,34,7,1,1,,2,3,1,2,3,627,60+
8034,,,,1,2,2,2,2,2,2,2,2,2,2,20150128,1,4,2,1,2,2,,4,1,3,34,7,1,,,2,3,1,5,,484,
8035,,,,2,2,2,2,2,2,2,2,2,2,2,20150125,1,1,1,1,2,2,,4,1,2,34,7,1,,2,1,1,4,5,1,434,
8036,1,,1,1,1,2,2,2,2,2,2,2,2,2,20150113,1,7,2,3,,2,,2,2,2,22,7,1,3,2,,1,,,3,593,70+
8037,1,1,1,1,2,2,2,2,2,2,2,2,2,2,20150121,1,8,2,3,,2,,2,1,0,22,7,1,1,2,4,1,3,4,3,2965,65+
8038,,,,2,2,2,2,2,2,2,2,2,2,2,20150126,1,4,1,1,1,2,,3,1,3,34,7,1,,4,3,5,1,5,,347,
8039,1,2,1,2,2,2,2,2,2,2,2,2,2,2,20150120,1,9,1,3,,2,,2,1,1,34,7,1,2,2,3,4,2,3,3,1376,65+
8040,1,,1,1,2,2,2,1,2,2,2,2,2,2,20150123,1,9,2,3,,2,,2,1,1,14,7,1,4,2,4,1,3,4,3,712,65+
8041,,,,1,2,1,2,2,2,2,2,2,2,2,20140816,8,4,1,3,,3,2,4,1,3,34,7,2,,,5,5,2,3,3,249,
8042,,,,2,2,2,2,2,2,2,2,2,2,2,20150224,2,4,2,1,3,2,,5,1,2,34,7,1,,2,5,1,3,5,,1009,
8043,,,,1,1,2,2,1,2,2,2,2,2,2,20140815,8,6,2,2,1,2,,3,1,3,34,7,1,6,4,2,2,1,2,3,3340,
8044,,,,2,2,2,2,2,2,2,2,2,2,2,20150127,1,4,1,1,1,3,1,4,1,3,34,7,1,,4,2,5,1,5,,370,
8045,,,,1,2,2,2,2,2,2,2,2,2,2,20150120,1,2,2,1,2,2,,4,1,2,34,7,1,,2,1,1,1,5,1,574,
8046,,,,2,2,2,2,2,2,2,2,2,2,2,20140818,8,9,1,3,,2,,2,1,1,22,7,1,3,1,4,5,1,2,2,661,
8047,,,,2,2,2,2,2,2,2,2,2,2,2,20140819,8,9,2,3,,1,,1,1,1,14,7,1,4,2,2,2,1,2,3,356,
8048,,,,1,2,2,2,2,2,2,2,2,2,2,20140826,8,2,1,1,1,2,,3,1,2,34,7,2,,3,1,1,1,5,1,325,
8049,,,,1,2,2,2,2,2,2,2,2,2,2,20150116,1,1,1,1,3,2,,5,1,2,14,7,2,,2,1,,,,1,350,
8050,,,,2,2,2,2,2,2,2,2,2,2,2,20140821,8,2,1,1,1,3,,4,2,1,34,7,1,,4,,,,,1,325,
8051,1,2,1,1,2,2,2,2,2,2,2,2,2,2,20150121,1,10,2,3,,3,1,5,1,3,34,7,1,2,,2,1,2,3,3,783,70+
8052,,,,1,1,2,2,2,2,2,2,2,2,2,20140816,8,7,2,3,,1,,1,1,2,34,7,1,2,4,2,2,1,2,3,462,
8053,,,,2,2,2,2,2,2,2,2,2,2,2,20140817,8,9,1,3,,1,1,1,1,0,22,7,1,1,2,5,5,2,3,3,661,
8054,1,1,1,1,1,2,2,1,2,2,2,2,2,2,20150114,1,8,2,3,,1,,1,1,1,34,7,1,7,4,4,4,2,3,3,694,75+
8055,1,2,1,2,2,2,2,2,2,2,2,2,2,2,20150112,1,9,2,3,,1,,1,1,0,34,7,1,2,1,2,1,2,3,3,627,"Pas d’âge, santé implicite"
8056,,,,1,2,2,2,1,2,2,2,2,2,2,20150407,4,1,1,1,2,2,,4,1,2,34,7,2,,2,1,,,,1,434,
8057,1,2,1,1,2,2,2,2,2,2,2,2,2,2,20150406,4,4,1,2,2,3,1,5,1,3,34,7,1,,4,3,3,2,3,3,800,65+
8058,1,2,1,1,2,2,2,1,2,2,2,2,2,2,20150117,1,9,2,3,,2,,2,1,1,22,7,1,1,,2,1,2,3,3,595,50+
8059,1,1,1,2,2,2,2,2,2,2,2,2,2,2,20150111,1,10,2,3,,1,,1,2,1,34,7,1,4,2,2,2,1,2,3,157,
8060,,,,2,2,2,2,2,2,2,2,2,2,2,20150129,1,1,2,1,1,2,,3,1,0,22,7,1,,1,1,1,4,5,1,946,
8061,,,,1,1,2,,1,2,2,2,2,2,2,20140820,8,9,2,3,,1,,1,1,0,22,7,1,2,1,4,2,3,4,3,595,
8062,,,,2,2,2,1,2,2,2,2,2,2,2,20150330,3,1,2,1,1,1,,2,1,1,22,7,1,,1,1,1,4,5,1,315,
8063,,,,2,2,2,2,2,2,2,2,2,2,2,20140810,8,10,2,3,,1,,1,2,0,34,7,1,1,,4,1,3,4,3,313,
8064,1,2,1,1,2,2,2,1,2,2,2,2,2,2,20150116,1,8,1,3,,2,,2,1,2,34,7,1,2,2,5,4,3,4,3,2123,"Pas d’âge, santé implicite"
8065,,,,1,2,2,2,2,2,2,2,2,2,2,20150116,1,4,1,1,1,3,1,4,1,3,34,7,1,,4,2,5,1,5,,370,
8066,,,,2,2,2,2,2,2,2,2,2,2,2,20150408,4,1,1,1,1,2,,3,1,2,14,7,1,,2,1,1,4,5,1,210,
8067,1,1,1,1,1,2,2,1,2,2,2,2,2,2,20150116,1,7,2,3,,2,,2,1,2,34,7,1,2,2,3,4,1,2,3,925,60+
8068,,,,2,2,2,2,2,2,2,2,2,2,2,20140819,8,1,2,1,3,2,,5,1,2,34,7,2,,3,1,1,4,5,1,717,
8069,,,,2,2,2,2,2,2,2,2,2,2,2,20140826,8,2,1,1,2,2,,4,1,2,34,7,1,,3,1,1,1,5,1,434,
8070,,,,1,2,2,2,1,2,2,2,2,1,2,20140827,8,3,2,1,2,2,2,4,1,2,34,7,1,,3,,,,,1,807,
8071,,,,2,2,2,2,2,2,2,2,2,2,2,20140903,9,1,2,1,3,2,,5,1,2,22,7,1,,2,1,1,4,5,1,526,
8072,,,,1,2,2,2,1,2,2,2,2,2,2,20140828,8,4,1,1,1,2,,3,1,3,34,7,1,,3,3,5,1,5,,347,
8073,1,1,1,2,2,2,2,2,2,2,2,2,2,2,20150324,3,10,2,3,,1,,1,1,1,34,7,1,6,,1,1,3,4,3,313,90+
8074,,,,2,2,2,2,2,2,2,2,2,2,2,20140826,8,4,2,1,1,2,2,3,1,1,34,7,1,,3,1,1,1,5,,908,
8075,1,2,1,1,1,1,2,1,2,2,2,2,2,2,20150326,3,4,2,2,1,3,2,4,1,3,34,7,1,,1,2,4,1,2,3,836,60+
8076,1,2,1,2,2,2,2,2,2,2,2,2,2,2,20150319,3,10,2,3,,1,,1,1,0,14,7,1,6,,,,,,3,712,70+
8077,,,,1,2,2,2,2,2,,2,1,2,2,20150406,4,2,1,1,2,2,,4,1,2,34,7,1,,4,,,,,1,434,
8078,,,,1,2,1,1,2,2,2,2,2,2,2,20140811,8,8,2,3,,1,,1,2,1,22,7,1,2,4,3,4,1,2,3,494,
8079,,,,2,2,2,2,2,2,2,2,2,2,2,20140813,8,9,1,3,,2,,2,1,1,14,7,1,2,3,4,5,2,3,3,730,
8080,,,,1,2,2,2,2,2,2,2,2,2,2,20150313,3,3,1,1,3,2,,5,1,2,22,7,1,,4,3,1,3,5,1,1065,
8081,,,,2,2,2,2,2,2,2,2,2,2,2,20150407,4,2,2,1,2,2,,4,1,2,22,7,1,,4,1,1,1,5,1,421,
8082,,,,1,2,2,2,2,2,2,2,2,2,2,20150323,3,3,1,1,2,2,,4,1,2,14,7,1,,4,1,2,1,5,1,1737,
8083,,,,1,1,2,2,1,2,2,2,2,2,2,20140907,9,3,2,1,3,2,,5,1,2,14,7,1,,4,1,3,1,5,1,1436,
8084,,,,2,2,2,2,2,2,2,2,2,2,2,20140821,8,9,2,3,,2,2,2,1,1,34,7,1,2,2,4,2,3,4,3,627,
8085,,,,2,2,2,2,2,2,2,2,2,2,2,20140814,8,7,2,3,,2,,2,1,2,22,7,1,4,4,5,4,3,4,3,988,
8086,,,,1,2,2,2,1,2,2,2,2,2,2,20150407,4,1,1,1,3,3,,6,1,2,14,7,1,,4,1,,,,1,490,
8087,,,,2,2,2,2,2,2,2,2,2,2,2,20140816,8,8,2,3,,2,1,2,1,1,34,7,1,2,1,2,2,1,2,3,1387,
8088,,,,1,2,2,2,1,2,2,2,2,2,2,20141114,11,4,2,3,,2,,2,1,2,34,7,2,,1,,,,,3,217,
8089,1,1,1,2,2,2,2,2,2,2,2,2,2,2,20150314,3,8,1,3,,1,,1,1,1,14,7,1,4,2,5,5,3,4,3,938,"Pas d’âge, santé implicite"
8090,,,,2,2,2,2,2,2,2,2,2,2,2,20140816,8,10,2,3,,1,,1,1,0,22,7,1,2,1,1,1,1,2,3,595,
8091,,,,2,2,2,2,2,2,2,2,2,2,2,20140810,8,8,1,3,,1,,1,,1,34,7,1,2,,5,3,3,4,3,3185,
8092,1,2,2,1,1,2,2,2,2,2,2,2,2,2,20150317,3,7,1,2,1,1,,2,1,2,34,7,1,1,3,5,4,3,4,3,6815,65+
8093,1,2,1,1,2,2,1,1,2,2,2,2,2,2,20150316,3,6,2,2,1,3,,4,1,1,34,7,2,4,2,4,2,3,4,3,8906,70+
8094,1,1,1,1,2,2,2,1,2,2,2,2,2,2,20150324,3,9,1,3,,2,,2,1,2,34,7,1,1,3,5,4,2,3,3,917,70+
8095,1,1,1,1,1,2,2,1,2,2,1,1,1,1,20150314,3,7,2,2,2,2,,4,1,1,34,7,1,2,1,2,3,1,2,3,8906,65+
8096,,,,2,2,2,2,2,2,2,2,2,2,2,20150330,3,1,2,1,2,2,,4,1,2,34,7,2,,4,1,1,4,5,1,574,
8097,,,,1,2,2,2,2,2,2,2,2,2,2,20150402,4,4,2,1,2,2,,4,2,3,34,7,1,,4,2,2,1,5,,403,
8098,1,1,1,1,2,2,1,2,2,2,2,2,2,2,20150318,3,8,2,3,,2,,2,1,2,34,7,1,6,2,4,3,2,3,3,925,"Pas d’âge, santé implicite"
8099,,,,1,2,2,2,1,2,2,2,2,2,2,20140814,8,8,2,3,,1,,1,1,1,14,7,1,4,,2,3,1,2,3,1068,
8100,,,,,2,2,2,2,2,2,2,2,2,2,20140813,8,9,2,3,,2,,2,1,1,14,7,1,2,2,2,1,1,2,3,712,
8101,1,2,1,2,2,2,2,2,2,2,2,2,2,2,20141210,12,8,2,3,,2,,2,1,2,22,7,1,6,,3,2,2,3,3,988,80+
8102,1,2,1,1,2,2,1,1,2,2,2,2,2,2,20141210,12,6,1,3,,2,,2,1,2,22,7,1,6,3,5,5,3,4,3,875,65+
8103,,,,2,2,2,2,2,2,2,2,2,2,2,20140812,8,6,1,3,,1,,1,1,1,34,7,2,1,1,3,4,1,2,3,1592,
8104,,,,1,2,2,2,1,2,2,2,2,2,2,20140815,8,6,1,2,2,2,,4,1,3,34,7,1,2,2,5,5,3,4,3,8178,
8105,,,,1,1,2,2,1,2,2,2,2,2,2,20140901,9,4,2,3,,3,2,4,2,3,14,7,1,,4,2,4,1,2,3,349,
8106,,,,1,2,2,2,1,2,1,2,1,2,2,20140812,8,10,2,3,,1,,1,1,1,34,7,1,5,,1,1,1,2,3,313,
8107,1,2,1,2,2,2,2,2,2,2,2,2,2,2,20141210,12,10,2,3,,1,,1,1,0,34,7,2,5,1,2,,,,3,627,60+
8108,,,,2,2,2,2,2,2,2,2,2,2,2,20140814,8,8,2,3,,2,,2,1,2,34,7,1,6,4,3,3,1,2,3,925,
8109,,,,2,2,2,2,2,2,2,2,2,2,2,20140906,9,3,2,1,3,2,2,5,1,3,34,7,1,,3,2,3,1,5,1,605,
8110,,,,1,2,2,2,1,2,2,2,2,2,2,20150127,1,2,1,1,2,2,,4,1,1,14,7,1,,4,1,1,1,5,1,420,
8111,2,1,,2,2,2,2,2,2,2,2,2,2,2,20141210,12,10,1,3,,1,,1,1,0,22,7,1,7,3,1,4,1,1,3,661,
8112,,,,1,2,2,2,1,2,2,2,2,2,2,20140817,8,10,2,3,,1,,1,1,0,34,7,1,2,1,5,4,3,4,3,627,
8113,,,,1,2,2,2,1,2,2,2,2,2,2,20140820,8,10,2,3,,2,,2,1,0,34,7,1,2,2,,1,,,3,1253,
8114,3,2,1,2,2,2,2,2,2,2,2,2,2,2,20141210,12,10,1,3,,1,,1,1,0,22,7,1,1,1,3,4,1,2,3,661,
8115,1,1,1,2,2,2,2,2,2,2,2,2,2,2,20141210,12,9,1,3,,2,,2,1,1,34,7,1,7,4,4,5,2,3,3,1376,
8116,,,,1,2,2,2,1,2,2,2,2,2,2,20141211,12,2,2,1,1,2,,3,1,3,34,7,1,,4,1,1,1,5,1,323,
8117,1,1,1,1,1,2,2,1,2,2,2,2,2,2,20141210,12,8,2,3,,2,,2,1,2,34,7,1,2,,5,2,3,4,3,925,70+
8118,2,2,2,2,2,2,2,2,2,2,2,2,2,2,20141210,12,8,1,3,,1,,1,1,1,34,7,2,1,1,4,3,2,3,3,1592,
8119,,,,1,2,2,2,2,2,2,2,2,2,2,20141213,12,2,1,1,4,2,,6,1,2,34,7,1,,2,1,1,3,5,1,651,
8120,,,,1,2,2,1,2,2,2,2,2,2,2,20140816,8,6,1,3,,2,,2,1,2,14,7,1,4,4,5,5,3,4,3,1251,
8121,,,,1,2,2,1,2,2,2,2,2,2,2,20140813,8,7,2,3,,2,,2,1,0,14,7,1,5,,4,1,3,4,3,4273,
8122,1,2,1,2,2,2,2,2,2,2,2,2,2,2,20141210,12,10,2,3,,1,,1,1,1,14,7,1,4,,1,1,1,2,3,356,
8123,1,2,1,1,1,2,2,1,2,2,2,2,2,2,20141210,12,10,1,3,,1,,1,2,1,14,7,1,1,,3,3,1,2,3,243,50+
8124,,,,2,1,2,2,1,2,2,2,2,2,2,20140813,8,8,2,3,,2,,2,1,1,34,7,1,2,2,4,4,2,3,3,1387,
8125,1,2,1,1,2,2,2,2,2,2,2,2,2,2,20141211,12,5,2,3,,2,,,2,2,34,7,2,4,,4,2,2,3,3,1387,65+
8126,,,,2,2,2,2,2,2,2,2,2,2,2,20140811,8,8,1,3,,2,,2,1,2,14,7,1,,4,5,4,3,4,3,1251,
8127,1,2,1,1,2,2,1,2,2,2,2,2,2,1,20141222,12,4,1,3,,3,4,4,2,3,22,7,1,,4,2,4,1,2,3,39,65+
8128,1,1,1,2,2,2,2,2,2,2,2,2,2,2,20150323,3,9,2,3,,2,2,2,1,1,34,7,1,7,4,2,3,1,2,3,627,65+
8129,,,,1,2,2,2,2,2,2,2,2,2,2,20141215,12,4,2,1,1,2,,3,1,3,34,7,1,,4,3,4,1,5,,605,
8130,,,,1,2,2,1,2,2,2,2,2,2,2,20140823,8,3,1,1,2,2,,4,1,3,14,7,1,,3,1,1,1,5,1,1302,
8131,,,,1,2,2,2,2,2,2,2,2,2,2,20141211,12,3,2,1,2,3,1,5,1,3,34,7,1,,2,1,1,1,5,1,605,
8132,,,,2,2,2,2,2,2,2,2,2,2,2,20150319,3,2,2,1,1,1,,2,1,2,14,7,1,,4,1,1,2,5,1,301,
8133,,,,2,2,2,2,2,2,2,2,2,2,2,20140820,8,10,2,3,,1,,1,1,1,34,7,1,7,2,3,1,2,3,3,313,
8134,,,,1,2,2,2,2,2,2,2,2,2,2,20141206,12,3,2,1,2,3,1,5,1,2,34,7,1,,4,1,,,,1,1009,
8135,,,,1,2,2,2,1,2,2,2,2,2,2,20140816,8,10,1,3,,2,,2,1,2,34,7,1,2,1,3,3,1,2,3,917,
8136,,,,2,2,2,2,2,2,2,2,2,2,2,20140810,8,8,2,3,,1,,1,1,0,34,7,1,2,2,3,2,2,3,3,1387,
8137,,,,2,2,2,2,2,2,2,2,2,2,2,20150407,4,4,1,1,2,3,3,5,1,3,34,7,1,,3,5,4,2,5,,386,
8138,,,,2,2,2,2,2,2,1,1,2,2,2,20140826,8,1,2,1,1,2,,3,1,2,34,7,1,,2,1,1,1,5,1,430,
8139,,,,1,2,2,2,2,2,2,2,1,2,2,20150331,3,3,1,1,3,2,,5,2,2,34,7,1,,2,1,2,1,5,1,463,
8140,,,,1,2,2,2,1,2,2,2,1,2,2,20141201,12,3,1,1,2,2,,4,1,2,34,7,1,,4,3,3,3,5,1,617,
8141,,,,1,1,2,2,2,2,2,2,2,2,2,20140814,8,1,2,1,1,2,,3,1,2,34,7,1,,3,1,1,1,5,1,430,
8142,,,,2,2,2,2,2,2,2,2,2,2,2,20150408,4,1,2,1,1,2,,3,1,2,22,7,1,,3,1,1,4,5,1,315,
8143,,,,2,2,2,2,2,2,2,2,2,2,2,20140815,8,9,2,3,,1,,1,1,0,34,7,1,2,1,4,2,3,4,3,627,
8144,,,,2,2,2,2,1,2,2,2,1,2,2,20140907,9,4,2,1,1,3,3,4,1,3,34,7,2,,2,2,2,1,2,3,484,
8145,,,,2,2,2,2,2,2,2,2,2,2,2,20150126,1,2,2,1,1,2,,3,1,2,34,7,1,,2,1,1,3,5,1,430,
8146,1,,1,2,2,2,2,2,2,2,2,2,2,2,20150324,3,10,2,3,,1,,1,2,0,34,7,1,4,1,1,1,1,2,3,209,
8147,,,,2,2,2,2,2,2,2,2,2,2,2,20140518,5,1,1,1,1,1,1,2,0,1,8,8,1,,1,1,1,4,5,1,878,
8148,,,,1,2,2,2,1,2,2,2,2,2,2,20140612,6,3,1,1,2,2,,4,1,3,34,8,1,,4,2,5,1,5,1,637,
8149,,,,2,2,2,2,2,2,2,2,2,2,2,20140613,6,9,2,3,,2,,2,1,1,8,8,1,2,,4,3,2,3,3,707,
8150,,,,1,1,2,2,1,2,2,2,2,2,2,20140503,5,8,2,3,,1,1,1,2,1,8,8,,4,3,5,2,3,4,3,663,
8151,,,,2,2,2,2,2,2,2,2,2,2,2,20140707,7,2,1,1,2,2,,4,2,0,34,8,1,,2,1,1,1,5,1,1128,
8152,,,,2,2,2,2,2,2,2,2,2,2,2,20140623,6,1,1,1,1,2,,3,1,2,8,8,1,,3,1,1,4,5,1,439,
8153,,,,1,2,2,2,2,2,2,2,2,2,2,20140707,7,1,2,1,1,2,,3,1,2,34,8,1,,4,1,1,4,5,1,451,
8154,,,,2,2,2,2,2,2,2,2,2,2,2,20140610,6,9,2,3,,2,,2,1,0,34,8,1,2,2,4,3,2,3,3,1439,
8155,,,,1,2,2,2,2,2,2,2,2,2,2,20140610,6,9,1,3,,2,,2,1,1,34,8,1,6,3,4,5,2,3,3,1146,
8156,,,,1,2,2,2,2,2,2,2,2,2,2,20140424,4,1,2,4,,,,5,1,2,8,8,,,3,1,1,1,5,1,531,
8157,,,,2,2,2,2,2,2,2,2,2,2,2,20140708,7,4,1,1,1,3,1,4,1,3,34,8,1,,4,3,4,1,5,,637,
8158,,,,2,2,2,2,2,2,2,2,2,2,1,20140424,4,2,1,4,,,,5,1,1,8,8,,,3,1,1,1,5,1,1097,
8159,,,,1,2,2,2,2,2,2,2,2,2,2,20140508,5,4,1,3,,3,1,3,1,3,8,8,,,4,5,4,2,3,3,245,
8160,,,,2,2,2,2,2,2,2,2,2,2,2,20140708,7,4,2,1,3,2,2,5,1,3,34,8,1,,3,3,2,2,5,,1104,
8161,,,,1,2,2,2,2,1,2,2,2,2,2,20140610,6,9,1,3,,1,,1,1,1,34,8,1,4,1,,4,,,3,573,
8162,,,,1,1,2,2,1,2,2,2,2,2,2,20140612,6,8,2,3,,1,,1,1,1,34,8,1,7,,4,1,3,4,3,627,
8163,,,,2,2,2,2,2,2,2,2,1,2,2,20140612,6,9,1,3,,2,,2,1,2,8,8,1,6,3,3,3,2,3,3,580,
8164,,,,1,1,2,2,2,2,2,2,1,2,2,20140706,7,8,2,3,,2,,2,1,1,8,8,1,,,4,3,3,4,3,1988,
8165,,,,2,2,2,2,2,2,2,2,2,2,2,20140506,5,9,2,3,,2,,2,2,1,8,8,,4,2,3,2,2,3,3,353,
8166,,,,1,2,2,2,2,2,1,2,2,2,2,20140705,7,3,1,1,2,3,4,6,2,3,34,8,1,,4,1,1,1,5,1,546,
8167,,,,1,2,2,1,1,2,2,2,2,2,2,20140610,6,7,2,2,1,3,1,4,1,2,34,8,1,2,2,5,3,3,4,3,7724,
8168,,,,1,1,2,2,2,2,2,2,2,2,2,20140705,7,9,2,3,,1,1,1,2,0,34,8,1,2,1,1,1,1,2,3,360,
8169,,,,2,2,2,2,2,2,2,2,2,2,2,20140610,6,9,2,3,,2,,2,1,0,8,8,1,4,,2,2,1,2,3,1413,
8170,,,,2,2,2,2,2,2,2,2,2,2,2,20140905,9,2,1,1,2,2,,4,1,2,8,8,1,,3,1,1,1,5,1,585,
8171,,,,2,2,2,2,2,2,2,2,2,2,2,20140624,6,1,2,1,1,2,,3,1,1,8,8,1,,2,1,,,,1,478,
8172,,,,2,2,2,2,2,2,2,2,2,2,2,20140507,5,1,1,1,1,2,,3,1,2,34,8,,,,1,1,4,5,1,564,
8173,,,,2,2,2,2,2,2,2,2,2,2,2,20140610,6,4,1,1,3,1,1,4,1,3,34,8,1,,1,5,4,3,5,,509,
8174,,,,1,2,2,2,2,2,2,2,2,2,2,20140612,6,8,2,3,,2,,2,1,2,34,8,1,4,4,5,3,3,4,3,836,
8175,,,,1,2,2,2,2,2,2,2,2,2,2,20140502,5,6,1,2,2,2,2,4,1,3,34,8,,5,4,5,4,2,3,3,9147,
8176,,,,1,2,2,2,2,2,2,2,2,2,2,20140708,7,2,2,1,2,2,,4,1,3,34,8,1,,3,1,1,1,5,1,451,
8177,,,,1,2,2,2,1,2,2,2,2,2,2,20140610,6,9,2,3,,1,,1,1,0,34,8,1,4,1,4,4,2,3,3,719,
8178,,,,1,1,2,2,1,2,2,2,2,2,1,20140613,6,6,2,2,1,3,4,5,1,3,34,8,1,1,4,5,3,3,4,3,7242,
8179,,,,1,1,2,2,1,2,2,2,2,2,2,20140508,5,2,2,1,1,2,2,3,2,1,34,8,,,3,1,1,3,5,1,225,
8180,,,,1,1,2,2,1,2,2,2,1,2,2,20140615,6,7,2,3,,3,2,4,1,1,34,8,1,2,2,3,4,1,2,3,2508,
8181,,,,2,2,1,1,1,2,2,2,2,2,2,20140610,6,6,2,3,,2,,2,1,2,8,8,1,7,4,5,2,3,4,3,1325,
8182,,,,2,2,2,2,2,2,2,2,2,2,2,20140610,6,1,2,1,1,2,,3,1,2,8,8,1,,4,1,,,,1,318,
8183,,,,1,1,2,1,1,2,2,2,2,2,2,20140705,7,7,1,3,,2,,2,1,1,8,8,1,2,4,5,5,3,4,3,3948,
8184,,,,2,2,2,2,2,2,2,2,2,2,2,20140613,6,9,2,3,,1,,1,1,0,34,8,1,4,1,2,1,2,3,3,719,
8185,,,,1,2,2,2,1,2,2,2,2,2,2,20140610,6,9,2,3,,1,,1,1,0,8,8,1,4,1,2,2,1,2,3,707,
8186,,,,1,2,2,2,1,2,2,2,2,2,2,20140623,6,3,2,1,1,3,3,4,1,3,8,8,1,,4,3,3,2,5,1,433,
8187,,,,1,2,2,1,1,2,2,2,2,2,2,20140509,5,2,2,1,1,2,,3,2,2,8,8,,,,1,1,1,5,1,159,
8188,,,,2,2,2,2,2,2,2,2,2,2,2,20140615,6,8,1,3,,1,,1,1,0,8,8,1,3,1,5,5,2,3,3,3948,
8189,,,,1,2,2,2,2,2,2,2,2,2,2,20140508,5,1,1,1,2,3,,5,1,3,8,8,,,2,1,1,4,5,1,549,
8190,,,,2,2,2,2,2,2,2,2,2,2,2,20140508,5,3,2,1,2,1,,3,1,2,34,8,,,2,3,1,2,5,1,883,
8191,,,,1,2,2,2,1,2,2,2,2,2,1,20140610,6,7,1,3,,2,,2,1,2,34,8,1,2,4,5,5,3,4,3,1650,
8192,,,,1,2,2,2,2,2,2,2,2,2,2,20140611,6,2,2,1,2,2,2,4,1,2,8,8,1,,4,1,1,1,5,1,424,
8193,,,,1,1,2,2,2,2,2,2,2,2,2,20140627,6,4,1,1,1,2,1,3,1,3,8,8,1,,3,4,5,1,5,,486,
8194,,,,1,1,2,2,2,2,2,2,2,2,2,20140508,5,2,2,1,1,2,,3,1,2,34,8,,,4,2,1,3,5,1,451,
8195,,,,2,2,2,2,2,2,2,2,2,2,2,20140617,6,9,1,3,,2,,2,1,1,34,8,1,1,,4,4,2,3,3,1146,
8196,,,,1,2,2,2,1,2,2,2,2,2,2,20140704,7,3,1,1,1,2,,3,1,2,34,8,1,,2,1,1,1,5,1,637,
8197,,,,1,1,2,2,1,2,2,2,2,2,2,20140708,7,3,1,1,2,2,,4,1,1,34,8,1,,2,1,1,3,5,1,1274,
8198,,,,2,2,2,2,2,2,2,2,2,2,2,20140613,6,3,1,1,2,2,,4,1,3,8,8,1,,4,2,1,2,5,1,518,
8199,,,,2,2,2,2,2,2,2,2,2,2,2,20140906,9,3,1,1,3,2,,5,2,2,8,8,1,,4,1,1,1,5,1,810,
8200,,,,2,2,2,2,2,2,2,2,2,2,2,20140414,4,9,2,4,,,,2,1,1,8,8,,5,2,5,1,3,4,3,707,
8201,,,,2,2,2,2,2,2,2,2,2,2,2,20140616,6,9,2,3,,2,,2,1,2,8,8,1,4,2,3,3,1,2,3,471,
8202,,,,2,2,2,2,2,2,2,2,2,2,2,20140706,7,1,1,1,1,2,,3,1,2,8,8,1,,3,1,1,4,5,1,439,
8203,,,,2,1,2,2,1,2,2,2,2,2,2,20140502,5,8,2,3,,2,2,2,1,1,34,8,,2,1,2,1,1,2,3,1254,
8204,,,,1,2,2,2,1,2,2,2,2,2,2,20140415,4,10,2,4,,,,1,2,0,8,8,,2,1,4,4,2,3,3,353,
8205,,,,2,2,2,2,2,2,2,2,2,2,2,20140709,7,1,2,1,3,2,,5,1,2,34,8,1,,4,1,1,4,5,1,751,
8206,,,,2,2,2,2,2,2,2,2,2,2,2,20140417,4,6,2,4,,,,3,1,2,34,8,,5,4,5,4,3,4,3,1254,
8207,,,,1,1,2,2,1,2,2,2,1,2,2,20140616,6,8,2,3,,2,,2,1,1,34,8,1,2,2,5,5,2,3,3,1254,
8208,,,,1,1,2,2,1,2,2,2,2,2,1,20140709,7,8,1,3,,2,,2,1,2,34,8,1,3,2,5,4,2,3,3,1650,
8209,,,,2,2,2,2,2,2,2,2,2,2,2,20140610,6,8,2,3,,2,,2,1,2,34,8,1,4,2,2,1,1,2,3,836,
8210,,,,2,2,2,2,2,2,2,2,2,2,2,20140706,7,10,2,3,,2,,2,1,1,8,8,1,2,2,4,1,3,4,3,707,
8211,,,,2,2,2,2,2,2,2,2,2,2,2,20140505,5,10,2,3,,1,1,1,1,1,34,8,,1,1,3,1,3,4,3,360,
8212,,,,2,2,2,2,2,2,2,2,2,2,2,20140505,5,9,2,3,,1,,1,1,0,8,8,,4,,3,2,2,3,3,707,
8213,,,,2,2,2,2,2,2,1,2,2,2,2,20140508,5,3,1,1,2,2,,4,1,2,34,8,,,3,2,1,2,5,1,849,
8214,,,,1,1,2,2,1,2,2,2,2,2,2,20140502,5,7,2,3,,1,,1,1,0,34,8,,4,1,5,2,3,4,3,1254,
8215,,,,1,1,2,2,2,2,1,2,2,2,2,20140610,6,7,2,3,,1,,1,0,1,34,8,1,5,1,2,4,1,2,3,1254,
8216,,,,1,1,2,2,2,2,2,2,2,2,2,20140414,4,8,1,4,,,,2,1,1,34,8,,2,3,4,4,2,3,3,2474,
8217,,,,2,2,2,2,1,2,2,2,2,2,2,20140507,5,2,1,1,2,1,1,3,1,1,34,8,,,4,1,1,1,5,1,846,
8218,,,,1,2,2,2,2,2,2,2,2,2,2,20140507,5,2,1,1,1,1,,2,1,1,8,8,,,2,1,1,1,5,1,439,
8219,,,,1,2,2,,2,2,2,2,2,2,2,20140421,4,10,1,4,,,,2,1,1,34,8,,1,2,4,5,2,3,2,1146,
8220,,,,1,2,2,2,1,2,1,2,1,2,2,20140416,4,10,1,4,,,,1,1,0,34,8,,2,1,4,5,1,2,3,1146,
8221,,,,1,2,2,2,2,2,2,2,2,2,2,20140506,5,9,2,3,,1,1,1,1,1,34,8,,6,1,2,2,2,3,3,360,
8222,,,,1,2,2,2,2,2,2,2,2,2,2,20140521,5,1,1,1,1,3,1,4,1,3,34,8,1,,3,1,1,3,5,1,564,
8223,,,,1,2,2,1,1,2,2,2,2,2,2,20140506,5,9,2,3,,2,,2,1,2,8,8,,7,2,2,1,2,3,3,471,
8224,,,,2,2,2,2,2,2,2,2,2,2,2,20140514,5,6,1,3,,2,,2,1,1,8,8,1,7,2,5,5,2,3,3,3948,
8225,,,,2,2,2,2,2,2,2,2,2,2,2,20140513,5,8,1,3,,2,,2,1,0,34,8,1,1,1,5,3,3,4,3,4949,
8226,,,,2,2,2,2,2,2,2,2,2,2,2,20140513,5,4,1,1,2,2,2,4,1,3,34,8,1,,2,2,4,1,5,,509,
8227,,,,1,1,2,2,1,2,2,2,2,2,2,20140513,5,8,2,3,,2,,2,1,2,8,8,1,4,,3,4,1,2,3,1325,
8228,,,,1,2,2,2,1,2,2,2,2,2,2,20140529,5,3,1,1,2,2,,4,1,3,8,8,1,,4,,1,,,1,518,
8229,,,,1,2,2,2,1,2,2,2,2,2,2,20140515,5,3,2,1,2,2,,4,1,3,34,8,1,,3,1,1,1,5,1,707,
8230,,,,1,2,2,2,1,2,2,2,2,2,2,20140509,5,4,1,4,,,,4,1,3,34,8,,,4,4,5,1,5,,509,
8231,,,,1,1,2,1,2,2,2,2,2,2,2,20140513,5,8,2,3,,1,,2,1,2,8,8,1,4,4,2,3,1,2,3,1325,
8232,,,,1,2,2,2,2,2,2,2,2,2,2,20140513,5,9,1,3,,2,,2,1,0,34,8,1,1,,5,4,2,3,3,2292,
8233,,,,2,1,1,2,1,2,2,2,2,2,2,20140611,6,9,1,3,,1,,1,1,1,8,8,1,3,1,3,4,2,3,3,435,
8234,,,,1,1,2,2,1,2,2,2,2,2,2,20140505,5,8,1,3,,2,,2,1,1,34,8,,1,2,5,5,2,3,3,2474,
8235,,,,1,1,2,2,1,2,2,2,2,2,1,20140513,5,9,2,3,,1,,1,1,1,8,8,1,7,4,3,1,2,3,3,353,
8236,,,,2,2,2,2,2,2,2,2,2,2,2,20140520,5,8,1,3,,2,,2,1,1,34,8,1,1,1,5,4,3,4,3,2474,
8237,,,,2,2,2,2,2,2,2,2,2,2,2,20140513,5,9,2,3,,1,,1,1,1,8,8,1,1,1,5,2,3,4,3,353,
8238,,,,1,2,1,2,2,2,2,2,2,2,1,20140530,5,4,2,1,1,2,1,3,1,2,8,8,1,,3,4,1,3,5,,541,
8239,,,,1,2,2,2,2,2,2,2,2,2,2,20140513,5,10,1,3,,2,,2,2,2,34,8,1,1,3,3,4,1,2,3,458,
8240,,,,1,2,2,2,1,2,2,2,2,2,2,20140506,5,3,2,1,3,2,,5,1,3,34,8,,,3,,1,,,1,1104,
8241,,,,1,2,2,2,1,1,2,2,2,2,1,20140513,5,8,2,3,,2,2,2,1,2,8,8,1,7,4,5,3,2,3,3,1325,
8242,,,,2,2,2,2,2,2,2,2,2,2,2,20140422,4,1,2,4,,,,4,1,2,8,8,,,2,1,,,,1,424,
8243,,,,2,2,2,2,2,2,2,2,2,2,2,20140414,4,2,2,4,,,,4,1,3,34,8,,,4,1,1,3,5,1,451,
8244,,,,2,2,2,2,2,2,1,2,2,2,2,20140513,5,9,1,3,,1,,1,1,1,34,8,1,7,2,5,5,3,4,3,573,
8245,,,,1,1,2,1,1,2,2,2,2,2,2,20140417,4,7,1,4,,,,4,1,3,8,8,,6,4,3,5,1,2,3,3158,
8246,,,,1,2,2,2,1,2,2,2,2,2,2,20140412,4,3,1,4,,,,5,1,2,34,8,,,,2,3,1,5,1,1061,
8247,,,,2,2,2,1,2,2,2,2,2,2,2,20140520,5,10,1,3,,1,,1,1,1,34,8,1,1,2,3,1,2,3,3,573,
8248,,,,2,1,2,2,2,2,2,2,2,2,2,20140514,5,9,2,3,,2,,2,1,1,8,8,1,5,4,3,1,2,3,3,707,
8249,,,,2,2,2,2,2,2,2,2,2,2,2,20140513,5,8,2,3,,2,,2,1,0,34,8,1,1,1,5,1,3,4,3,2508,
8250,,,,2,2,2,2,2,2,2,2,2,2,2,20140514,5,9,2,3,,1,,1,1,1,8,8,1,7,1,3,3,2,3,3,353,
8251,,,,2,2,2,2,1,2,2,2,2,2,2,20140514,5,9,1,3,,2,,2,1,2,34,8,1,5,3,3,3,1,2,3,764,
8252,,,,2,2,2,2,2,2,2,2,2,2,2,20140522,5,1,2,1,2,2,2,4,1,1,34,8,1,,1,1,,,,1,902,
8253,,,,1,2,2,2,2,2,2,2,2,2,2,20140525,5,1,1,1,2,2,,4,1,2,8,8,1,,4,1,1,4,5,1,585,
8254,,,,1,2,2,2,1,2,2,2,2,2,2,20140514,5,4,1,1,3,1,,4,1,3,8,8,1,,3,4,5,1,5,,518,
8255,,,,2,2,2,2,2,2,2,2,2,2,2,20140513,5,2,2,1,1,2,,3,1,2,8,8,1,,3,1,1,1,5,1,318,
8256,,,,2,2,2,2,2,2,2,2,2,2,2,20140508,5,9,2,3,,1,1,1,1,0,34,8,,1,,4,2,3,4,3,719,
8257,,,,1,2,2,,1,2,2,2,1,2,2,20140521,5,3,2,1,1,1,,2,1,1,34,8,1,,1,1,1,1,5,1,883,
8258,,,,2,2,2,2,2,2,2,2,2,2,2,20140705,7,5,1,3,,1,,1,1,1,34,8,1,6,2,5,5,2,3,3,1237,
8259,,,,2,2,2,2,2,2,2,2,2,2,2,20140513,5,10,2,3,,1,,1,1,1,34,8,1,1,1,3,3,1,2,3,360,
8260,,,,1,1,2,2,2,2,2,2,2,2,2,20140515,5,3,1,1,2,2,2,4,1,2,34,8,1,,,1,,,,1,849,
8261,,,,1,2,2,2,1,2,2,2,2,2,2,20140708,7,1,1,1,2,2,,4,1,2,8,8,1,,4,1,1,4,5,1,585,
8262,,,,2,1,1,2,2,2,2,2,2,2,2,20140704,7,9,1,3,,2,,2,1,1,34,8,1,1,1,5,5,2,3,3,1146,
8263,,,,1,2,2,2,2,2,1,2,2,2,2,20140906,9,2,2,1,3,2,,5,1,2,34,8,1,,4,1,1,2,5,1,751,
8264,,,,2,2,2,2,2,2,2,2,1,2,2,20140507,5,3,1,1,2,2,,4,1,3,34,8,,,4,1,2,1,5,1,637,
8265,,,,2,2,2,2,2,2,1,2,1,2,2,20140513,5,9,1,3,,1,,1,2,0,34,8,1,4,2,5,4,2,3,3,573,
8266,,,,1,2,2,2,1,2,2,2,2,2,2,20140416,4,7,2,4,,,,1,1,1,8,8,,4,3,3,2,2,3,3,994,
8267,,,,2,2,2,2,2,2,2,2,2,2,2,20140513,5,7,1,3,,1,,1,1,0,8,8,1,1,1,1,2,1,1,3,3948,
8268,,,,1,1,2,2,2,2,2,2,2,2,2,20140414,4,9,2,4,,,,1,1,0,34,8,,2,1,,1,,,3,719,
8269,,,,1,1,2,2,1,2,2,2,2,2,2,20140705,7,8,2,3,,1,,1,1,0,34,8,1,7,,2,1,1,2,3,1254,
8270,,,,1,2,2,1,2,2,1,2,1,2,2,20140709,7,2,2,1,3,2,,5,2,2,34,8,1,,4,1,1,1,5,1,564,
8271,,,,2,2,2,2,2,2,2,2,2,2,2,20140513,5,10,2,3,,2,,2,2,0,8,8,1,4,2,2,4,1,2,3,707,
8272,,,,2,2,2,2,2,2,2,2,2,2,2,20140515,5,3,1,1,2,1,,3,1,0,34,8,1,,1,1,1,1,5,1,1910,
8273,,,,2,2,2,2,2,2,2,2,2,2,2,20140623,6,4,1,2,1,3,2,5,1,3,8,8,1,,4,2,1,1,5,,1868,
8274,,,,1,1,2,2,1,2,2,2,2,2,2,20140618,6,4,2,1,2,3,,5,1,3,34,8,1,,4,2,2,1,5,,1104,
8275,,,,1,1,2,1,1,2,2,2,2,2,2,20140711,7,8,2,3,,1,,1,1,1,34,8,1,6,3,4,3,2,3,3,627,
8276,,,,1,2,2,2,2,2,1,2,1,2,2,20140804,8,3,2,1,2,1,,3,2,1,8,8,1,,,2,2,2,5,1,541,
8277,,,,2,2,2,2,2,2,2,2,2,2,2,20140713,7,9,2,3,,2,,2,1,2,34,8,1,1,2,3,3,2,3,3,480,
8278,,,,1,1,2,1,1,2,2,2,2,2,2,20140713,7,9,2,3,,1,,1,1,1,34,8,1,4,2,3,1,2,3,3,360,
8279,,,,1,2,2,1,1,2,2,1,1,2,2,20140805,8,2,2,1,2,2,,4,1,3,34,8,1,,2,1,,,,1,451,
8280,,,,2,2,2,2,2,2,2,2,1,2,2,20140806,8,1,2,1,1,2,,3,1,2,8,8,1,,4,1,1,4,5,1,318,
8281,,,,1,1,2,2,2,2,2,2,2,2,2,20140421,4,2,1,4,,,,4,1,3,8,8,,,4,1,1,1,5,1,439,
8282,,,,2,2,2,2,2,2,2,2,2,2,2,20140514,5,2,1,1,2,2,,4,1,2,34,8,,,1,1,,,,1,752,
8283,,,,1,2,2,,1,2,2,2,2,2,2,20140513,5,5,2,3,,2,,4,1,1,8,8,1,6,,4,3,2,3,3,3975,
8284,,,,1,2,2,2,2,2,2,2,2,2,2,20140514,5,7,2,2,1,3,1,4,1,3,34,8,1,4,4,,4,,,3,4635,
8285,,,,1,2,1,1,1,2,2,2,2,2,2,20140710,7,6,1,3,,2,,2,1,2,8,8,1,7,4,5,4,3,4,3,2632,
8286,,,,2,2,2,2,2,2,2,2,2,2,2,20140715,7,9,1,3,,1,,1,1,0,34,8,1,1,1,5,4,3,4,3,1146,
8287,,,,2,2,2,2,2,2,2,2,2,2,2,20140530,5,4,1,3,,2,2,4,1,3,8,8,,,4,2,5,1,2,2,261,
8288,,,,1,2,2,2,2,2,2,2,2,2,2,20140508,5,1,1,1,1,2,,3,1,2,34,8,,,4,1,,,,1,564,
8289,,,,1,1,2,2,1,2,2,2,2,2,2,20140416,4,8,1,4,,,,2,1,1,34,8,,2,2,5,2,3,4,3,2474,
8290,,,,1,2,2,2,2,2,2,2,2,2,2,20140807,8,4,1,1,2,2,,4,1,2,34,8,1,,4,1,1,2,5,,849,
8291,,,,1,2,1,1,1,2,2,2,2,2,2,20140513,5,7,2,3,,2,,2,1,2,34,8,1,4,,2,3,1,2,3,836,
8292,,,,2,2,2,2,2,2,2,2,2,2,2,20140514,5,8,2,3,,2,,2,1,1,34,8,1,4,,3,3,1,2,3,1254,
8293,,,,2,2,2,2,2,2,2,2,2,2,2,20140417,4,2,1,4,,,,4,2,2,34,8,,,2,1,1,3,5,1,451,
8294,,,,2,2,2,2,2,2,2,2,2,2,2,20140718,7,8,1,3,,1,,1,1,1,34,8,1,1,,5,5,3,4,3,1237,
8295,,,,2,2,2,2,2,2,2,2,2,2,2,20140506,5,9,1,3,,2,,2,1,1,34,8,,6,3,4,4,2,3,3,1146,
8296,,,,2,2,2,2,2,2,2,2,2,2,2,20140513,5,8,2,3,,1,,1,2,0,8,8,1,2,1,2,2,1,2,3,663,
8297,,,,2,2,2,2,2,2,2,2,1,2,2,20140521,5,,1,3,,,,3,1,2,8,8,1,,2,5,5,3,4,,870,
8298,,,,1,1,2,2,1,2,2,2,2,2,2,20140425,4,4,1,4,,,,,1,,8,8,,,,2,3,1,5,,648,
8299,,,,1,2,2,2,1,2,2,2,2,2,2,20140719,7,7,2,3,,2,,2,2,1,34,8,1,5,3,3,2,2,3,3,836,
8300,,,,2,2,2,2,2,2,2,2,2,2,2,20140807,8,9,1,3,,2,,2,1,1,34,8,1,5,,3,4,1,2,3,1146,
8301,,,,1,2,2,2,2,2,1,2,1,2,2,20140529,5,3,2,1,2,1,,3,1,2,34,8,1,,,4,2,3,5,1,883,
8302,,,,1,2,2,2,1,2,2,2,2,2,2,20140803,8,3,2,1,1,2,2,3,2,3,34,8,1,,2,1,2,1,5,1,530,
8303,,,,2,2,2,2,2,2,2,2,2,2,2,20140513,5,9,2,3,,2,2,2,1,2,8,8,1,6,4,2,1,1,2,3,471,
8304,,,,2,2,2,2,2,2,2,2,2,2,2,20140713,7,4,1,1,2,3,1,5,1,1,8,8,1,,2,2,2,1,5,,1620,
8305,,,,2,2,2,2,2,2,2,2,2,2,2,20140523,5,1,2,1,1,2,,3,1,1,8,8,1,,2,1,1,4,5,1,478,
8306,,,,1,2,2,2,2,2,2,2,2,2,2,20140711,7,8,2,2,2,2,1,4,2,2,34,8,1,2,2,5,2,3,4,3,5793,
8307,,,,1,1,2,2,2,2,2,2,2,2,2,20140513,5,8,2,3,,2,,2,1,0,8,8,1,2,2,,4,,,3,3975,
8308,,,,2,2,2,2,2,2,2,2,2,2,2,20140715,7,10,2,3,,2,,2,1,1,8,8,1,5,1,4,2,3,4,3,707,
8309,,,,1,2,2,2,2,2,2,2,2,2,2,20140607,6,1,1,1,2,2,2,4,1,2,34,8,1,,1,1,1,1,5,1,752,
8310,,,,1,2,2,2,1,2,2,2,2,2,2,20140714,7,8,2,3,,3,,3,2,1,34,8,1,3,2,1,2,1,2,3,1254,
8311,,,,1,2,2,2,1,2,2,2,2,2,2,20140716,7,9,2,3,,1,,1,1,1,34,8,1,4,1,4,3,2,3,3,360,
8312,,,,2,2,2,2,2,2,2,2,2,2,2,20140713,7,9,1,3,,2,,2,1,1,34,8,1,7,3,2,5,1,1,3,1146,
8313,,,,2,2,2,2,2,2,2,2,2,2,2,20140514,5,7,1,3,,1,,1,1,0,34,8,1,2,1,4,5,1,2,3,2474,
8314,,,,2,2,2,2,2,2,2,2,2,2,2,20140506,5,10,2,3,,1,,1,1,0,34,8,,1,1,2,2,1,2,3,719,
8315,,,,2,1,2,2,2,2,2,2,2,2,2,20140514,5,8,2,3,,1,,1,1,0,34,8,1,6,1,5,1,3,4,3,1254,
8316,,,,2,2,2,2,2,2,2,2,2,2,2,20140531,5,2,1,1,1,2,2,3,1,2,8,8,,,4,1,1,1,5,1,439,
8317,,,,2,2,2,2,2,2,2,2,2,2,2,20140514,5,9,1,3,,1,,2,1,0,34,8,1,7,1,5,5,3,4,3,2292,
8318,,,,1,2,2,2,2,2,2,2,2,2,2,20140808,8,7,1,3,,3,2,3,1,3,34,8,1,3,3,4,4,2,3,3,1856,
8319,,,,1,1,2,2,1,2,2,2,2,2,2,20140710,7,8,2,3,,2,,2,1,2,8,8,1,3,3,2,2,2,3,3,1325,
8320,,,,2,2,2,2,2,2,2,2,2,2,2,20140514,5,10,1,3,,3,,4,2,1,8,8,1,1,4,2,5,1,2,2,1160,
8321,,,,2,2,2,2,1,2,2,2,2,2,2,20140513,5,9,2,3,,2,,2,1,2,34,8,1,1,2,5,1,3,4,3,480,
8322,,,,1,2,2,2,2,2,2,2,2,2,2,20140422,4,3,2,4,,,,4,1,3,34,8,,,4,1,1,1,5,1,883,
8323,,,,2,2,2,2,2,2,2,2,2,2,2,20140714,7,10,2,3,,1,,1,1,0,34,8,1,,,2,3,1,2,3,719,
8324,,,,1,1,2,2,1,2,2,2,2,2,2,20140722,7,9,2,3,,2,,2,2,1,34,8,1,4,1,3,3,2,3,3,360,
8325,,,,1,2,2,1,1,2,2,2,2,2,2,20140720,7,2,2,1,2,2,,4,1,3,34,8,1,,2,1,1,2,5,1,451,
8326,,,,1,2,2,1,2,2,2,2,1,1,1,20140513,5,4,2,3,,3,4,4,1,3,34,8,1,,4,3,3,1,2,3,1254,
8327,,,,1,1,2,2,1,2,2,2,2,2,2,20140417,4,7,2,4,,,,1,1,1,34,8,,6,3,2,4,1,2,3,627,
8328,,,,2,2,2,2,2,2,2,2,2,2,2,20140513,5,10,2,3,,1,,1,1,0,34,8,1,5,2,2,3,1,2,3,719,
8329,,,,2,2,2,2,2,2,2,2,2,2,2,20140514,5,9,2,3,,2,2,2,2,2,8,8,1,4,4,2,1,1,2,3,353,
8330,,,,1,2,2,2,1,2,2,2,2,2,2,20140717,7,10,2,3,,3,1,3,1,0,34,8,1,3,2,1,2,1,1,3,2158,
8331,,,,1,2,2,2,2,2,2,2,2,2,2,20140505,5,8,2,3,,1,,1,1,1,34,8,,2,1,2,1,2,3,3,627,
8332,,,,2,2,2,2,2,2,2,2,2,2,2,20140715,7,10,2,3,,2,,2,1,0,34,8,1,1,,3,1,2,3,3,1439,
8333,,,,2,2,2,2,2,2,2,2,2,2,2,20140421,4,10,1,4,,,,2,1,1,34,8,,2,2,4,3,3,4,2,1146,
8334,,,,2,2,2,2,2,2,2,2,2,2,2,20140721,7,9,2,3,,2,,2,1,0,34,8,1,4,2,3,1,3,4,2,1439,
8335,,,,1,1,2,2,1,2,1,2,2,2,2,20140506,5,9,2,3,,3,,3,1,2,34,8,,7,3,1,1,1,2,3,719,
8336,,,,2,2,2,2,2,2,2,2,2,2,2,20140716,7,8,1,3,,1,,1,1,0,34,8,1,2,1,2,3,1,1,3,2474,
8337,,,,1,2,2,1,1,2,2,2,2,2,2,20140513,5,9,2,3,,2,2,2,2,1,8,8,1,7,2,2,4,1,2,3,471,
8338,,,,2,2,2,2,2,2,2,2,2,2,2,20140715,7,8,1,3,,2,,2,1,1,34,8,1,2,3,5,4,3,4,3,2474,
8339,,,,1,1,2,2,2,2,2,2,2,2,2,20140717,7,8,2,3,,2,,2,1,2,34,8,1,5,3,4,1,3,4,3,836,
8340,,,,2,2,2,2,2,2,2,2,2,2,2,20140713,7,5,1,2,1,2,,3,1,0,34,8,1,4,2,3,3,1,2,3,34300,
8341,,,,1,1,2,2,1,2,2,2,2,2,2,20140415,4,4,2,4,,,,3,2,3,8,8,,,,2,2,1,5,,325,
8342,,,,2,2,2,2,2,2,1,2,1,2,2,20140716,7,2,2,1,2,2,,4,2,3,34,8,1,,4,1,1,1,5,1,361,
8343,,,,2,2,2,2,2,2,2,2,1,2,2,20140803,8,2,2,1,2,2,,4,1,2,34,8,1,,1,1,1,1,5,1,601,
8344,,,,1,1,2,2,1,2,2,2,2,2,2,20140505,5,8,2,3,,2,2,2,2,0,8,8,,4,4,3,3,1,2,3,1325,
8345,,,,2,2,2,2,2,2,2,2,2,2,2,20140515,5,4,2,1,1,1,1,2,1,2,8,8,1,,,,3,,,,361,
8346,,,,2,2,2,2,2,2,2,2,2,2,2,20140522,5,9,,3,,2,,2,1,1,8,8,1,,1,4,4,1,3,3,2059,
8347,,,,1,2,2,2,1,2,2,2,2,2,2,20140523,5,2,2,1,1,3,,4,2,2,8,8,1,,4,1,1,1,5,1,318,
8348,,,,1,2,2,2,1,2,2,2,2,2,2,20140806,8,4,2,1,2,2,,4,1,3,34,8,1,,3,1,2,1,5,,883,
8349,,,,2,2,2,2,2,2,2,2,2,2,2,20140415,4,4,2,4,,,,3,1,2,8,8,,,2,5,1,3,4,3,1988,
8350,,,,2,2,2,2,2,2,2,2,2,2,2,20140722,7,3,2,1,1,3,,4,1,3,8,8,1,,3,1,1,1,5,1,433,
8351,,,,2,2,2,2,2,2,2,2,2,2,2,20140714,7,8,2,3,,2,,2,2,2,34,8,1,6,4,2,2,1,2,3,627,
8352,,,,2,2,2,2,2,2,2,2,2,2,2,20140719,7,10,2,3,,1,,1,1,1,34,8,1,4,,3,2,2,3,3,360,
8353,,,,2,1,2,2,2,2,2,2,2,2,2,20140715,7,10,1,3,,1,,1,1,0,34,8,1,,,3,3,2,3,3,1146,
8354,,,,1,1,2,2,1,2,2,2,2,2,2,20140720,7,3,2,1,3,1,,4,1,3,8,8,1,,2,1,1,1,5,1,541,
8355,,,,2,2,2,2,2,2,2,2,2,2,2,20140508,5,3,1,1,2,3,2,6,1,3,8,8,,,3,2,1,3,5,1,648,
8356,,,,1,2,2,2,1,2,2,2,2,2,2,20140721,7,9,2,3,,1,,1,1,0,34,8,1,4,1,2,3,1,2,3,719,
8357,,,,2,2,2,2,2,2,2,2,2,2,2,20140718,7,8,1,3,,2,,2,1,1,34,8,1,1,2,3,4,2,3,3,2474,
8358,,,,2,2,2,2,2,2,2,2,2,2,2,20140714,7,10,2,3,,3,1,4,2,2,8,8,1,2,1,1,3,1,2,3,707,
8359,,,,1,2,2,2,2,2,2,2,1,2,2,20140910,9,6,2,2,1,2,,3,1,2,8,8,1,6,4,4,3,2,3,3,13649,
8360,,,,1,2,2,2,2,2,2,2,2,2,2,20140915,9,9,2,3,,2,,2,1,2,8,8,1,6,4,5,3,3,4,3,471,
8361,,,,2,2,2,2,1,2,2,2,2,2,2,20140922,9,2,1,1,2,2,,4,1,2,34,8,1,,2,1,1,1,5,1,752,
8362,,,,2,2,2,2,2,2,2,2,2,2,2,20141009,10,2,1,1,2,2,,4,1,2,8,8,1,,4,1,,,,1,585,
8363,,,,1,2,2,,1,2,2,2,2,2,2,20140911,9,10,1,3,,2,,2,1,2,34,8,1,1,2,5,5,3,4,3,764,
8364,,,,1,2,2,2,2,2,2,2,2,2,2,20140913,9,10,2,3,,1,,1,1,1,34,8,1,1,1,1,2,1,2,3,360,
8365,,,,2,2,2,2,2,2,2,2,2,2,2,20140910,9,9,1,3,,2,1,3,1,2,34,8,1,1,2,5,5,3,4,3,1146,
8366,,,,2,2,2,2,2,2,2,2,2,2,2,20141009,10,2,2,1,2,2,2,4,1,,8,8,1,,1,1,1,1,5,1,1273,
8367,,,,1,2,2,2,2,2,2,2,2,2,2,20140910,9,6,2,3,,3,1,3,1,3,34,8,1,3,1,5,2,3,4,3,940,
8368,,,,2,2,2,2,2,2,2,2,2,2,2,20141009,10,3,2,1,3,2,,5,1,3,8,8,1,,4,2,1,3,5,1,677,
8369,,,,2,2,2,2,1,2,2,2,2,2,2,20140916,9,10,2,3,,1,,1,1,0,34,8,1,1,1,2,1,1,2,3,719,
8370,,,,1,2,2,2,1,2,2,2,2,2,2,20140807,8,2,2,1,2,2,,4,1,2,34,8,1,,4,1,1,1,5,1,601,
8371,,,,1,2,2,2,2,2,2,2,2,2,2,20140924,9,8,2,3,,1,,1,1,1,34,8,1,1,1,5,1,3,4,3,627,
8372,,,,1,2,2,2,1,2,2,2,2,2,2,20140806,8,3,1,1,2,2,,4,1,3,8,8,1,,4,1,2,1,5,1,518,
8373,,,,1,2,2,2,2,2,2,2,2,2,2,20140926,9,4,1,1,2,2,,4,1,2,34,8,1,,,2,4,1,5,,849,
8374,,,,1,2,2,2,2,2,1,2,2,2,2,20140803,8,1,2,1,3,2,,5,1,3,8,8,1,,2,1,,,,1,398,
8375,,,,2,2,2,2,2,2,2,2,2,2,2,20140928,9,1,2,1,2,2,,4,1,0,8,8,1,,3,,,,,1,1273,
8376,,,,2,2,2,2,2,2,2,2,2,2,2,20140804,8,1,2,1,3,2,,5,1,0,8,8,1,,2,1,1,1,5,1,1592,
8377,,,,2,2,2,2,2,2,2,2,2,2,2,20140914,9,9,2,3,,1,,1,2,0,34,8,1,4,1,5,3,3,4,3,180,
8378,,,,2,2,2,2,2,2,2,2,2,2,2,20140910,9,9,2,3,,2,,2,1,2,34,8,1,1,2,2,1,1,2,3,480,
8379,,,,2,2,2,1,2,2,2,2,2,2,2,20140910,9,8,2,2,1,3,3,4,1,1,34,8,1,2,4,2,2,1,2,3,11586,
8380,,,,2,2,2,2,2,2,2,2,2,2,2,20140808,8,6,1,3,,3,2,4,1,1,8,8,1,2,4,5,4,2,3,2,7895,
8381,,,,1,2,2,2,1,2,2,2,2,2,2,20140930,9,3,2,1,2,2,,4,1,3,8,8,1,,4,2,2,1,5,1,433,
8382,,,,1,1,2,1,1,2,2,,,,,20141002,10,7,1,2,1,2,,3,1,2,8,8,1,1,1,2,5,1,2,3,27109,
8383,,,,1,2,2,2,2,2,2,2,2,2,1,20141001,10,2,1,1,4,2,,6,1,2,34,8,1,,3,1,1,3,5,1,1128,
8384,,,,2,2,2,2,2,2,2,2,2,2,2,20140916,9,9,2,3,,2,,2,1,1,8,8,1,4,,2,1,2,3,3,707,
8385,,,,1,2,2,2,1,2,2,2,2,2,2,20141007,10,2,1,1,2,2,2,4,1,1,34,8,1,,2,1,1,3,5,1,1128,
8386,,,,2,2,2,2,2,2,2,2,2,2,2,20140913,9,9,2,3,,1,1,1,1,0,8,8,1,1,,4,1,3,4,3,707,
8387,,,,2,2,2,2,2,2,2,2,2,2,2,20140911,9,7,2,3,,2,,2,1,0,34,8,1,1,,4,1,3,4,3,2508,
8388,,,,1,2,2,2,2,2,2,2,1,1,2,20140911,9,5,2,2,2,2,2,4,1,2,34,8,1,6,4,2,2,1,2,3,7724,
8389,,,,1,1,2,2,1,2,2,2,2,2,2,20141001,10,8,1,3,,2,,2,2,2,34,8,1,2,4,5,3,3,4,3,990,
8390,,,,2,2,2,2,2,2,2,2,2,2,2,20140913,9,10,1,3,,1,,1,1,0,34,8,1,4,1,3,4,1,2,3,1146,
8391,,,,2,2,2,2,2,2,2,2,2,2,2,20140914,9,4,2,1,2,3,,6,1,2,8,8,1,,,2,2,1,5,,1263,
8392,,,,1,1,2,2,2,2,2,2,2,2,2,20140910,9,9,2,3,,2,,2,1,0,34,8,1,4,2,5,1,3,4,3,1439,
8393,,,,2,2,2,2,2,2,2,2,2,2,2,20140913,9,8,1,3,,2,,2,1,1,34,8,1,2,1,3,4,1,2,3,2474,
8394,,,,1,2,2,2,2,2,2,2,2,2,2,20140923,9,8,2,3,,2,,2,1,2,8,8,1,2,,4,1,3,4,3,1325,
8395,,,,2,2,2,2,2,2,2,2,1,2,2,20140912,9,2,1,1,2,2,,4,1,2,34,8,1,,4,1,1,1,5,1,752,
8396,,,,2,2,2,2,2,2,2,2,2,2,2,20140912,9,2,2,1,4,2,,6,1,2,34,8,1,,4,1,1,1,5,1,902,
8397,,,,2,2,2,2,2,2,2,2,2,2,2,20140914,9,3,2,1,3,2,,5,2,2,34,8,1,,3,1,1,1,5,1,883,
8398,,,,2,2,2,2,2,2,2,2,2,1,2,20140910,9,8,2,3,,2,,2,1,1,34,8,1,2,1,,1,,,3,1254,
8399,,,,1,2,2,1,1,2,2,2,2,2,2,20140806,8,4,1,1,1,1,1,2,1,2,8,8,1,,2,3,3,2,5,,432,
8400,,,,2,2,2,2,2,2,2,2,2,2,2,20140917,9,9,1,3,,1,,1,1,1,34,8,1,,,5,5,3,4,3,573,
8401,,,,1,2,2,2,2,2,2,2,2,2,2,20141009,10,3,2,1,1,2,,3,1,2,34,8,1,,3,2,1,2,5,1,883,
8402,,,,1,2,2,2,2,2,1,1,1,2,2,20140923,9,2,2,1,1,2,,3,1,2,34,8,1,,3,1,,,,1,451,
8403,,,,1,2,2,2,2,2,2,2,2,2,2,20140922,9,7,1,3,,2,,2,1,1,34,8,1,2,3,5,5,3,4,3,2474,
8404,,,,1,2,2,2,1,2,1,2,1,2,2,20141001,10,1,2,1,3,2,,5,1,1,34,8,1,,2,,,,,1,1127,
8405,,,,2,1,2,2,2,2,2,2,2,2,2,20140919,9,8,2,3,,2,,2,1,3,8,8,1,2,3,,4,,,3,994,
8406,,,,1,1,2,2,2,2,2,2,2,2,2,20140915,9,9,1,3,,2,,2,2,0,34,8,1,6,3,4,5,1,2,3,764,
8407,,,,2,2,2,2,2,2,2,2,2,2,2,20140922,9,8,1,3,,3,1,3,1,2,34,8,1,6,2,5,5,1,2,3,2474,
8408,,,,2,2,2,2,2,2,2,2,2,2,2,20140910,9,9,1,3,,1,,1,1,1,34,8,1,7,3,5,4,2,3,3,573,
8409,,,,2,2,2,2,2,2,2,2,2,2,2,20140919,9,5,1,3,,1,,1,1,1,8,8,1,6,1,5,4,3,4,3,1974,
8410,,,,1,2,2,2,1,2,2,2,2,2,2,20140916,9,8,2,3,,1,,2,1,2,34,8,1,2,2,2,1,2,3,3,836,
8411,,,,2,2,2,2,2,2,2,2,2,2,2,20140911,9,9,1,3,,1,,1,1,0,34,8,1,,1,,,,,3,1146,
8412,,,,2,2,2,2,2,2,2,2,2,2,2,20140910,9,7,2,3,,2,2,2,1,2,34,8,1,6,3,3,4,1,2,3,836,
8413,,,,2,2,2,2,2,2,2,2,2,2,2,20140922,9,1,1,1,1,2,,3,1,1,34,8,1,,,1,1,2,5,1,846,
8414,1,1,1,1,2,2,2,1,2,2,2,2,2,2,20150217,2,7,2,3,,3,1,3,1,3,8,8,1,4,2,,4,,,3,1491,70+
8415,1,2,1,2,2,2,2,1,2,2,2,2,2,2,20150212,2,7,1,3,,2,1,3,0,3,8,8,1,1,4,4,3,2,3,3,3948,60+
8416,,,,1,2,1,2,2,2,2,2,2,2,2,20150226,2,2,1,1,2,2,,4,1,1,8,8,1,,4,1,1,2,5,1,878,
8417,1,1,1,1,1,2,2,1,2,2,2,2,2,2,20150312,3,9,1,3,,2,,2,1,2,34,8,1,3,3,4,5,1,2,3,764,
8418,1,,1,2,2,2,2,1,2,2,2,2,2,2,20150221,2,4,1,3,,3,1,3,2,3,8,8,1,,4,3,4,1,2,3,196,65+
8419,,,,2,2,2,2,2,2,2,2,2,2,2,20150226,2,1,2,1,2,2,,4,1,2,34,8,1,,4,1,1,4,5,1,601,
8420,,,,1,2,1,2,2,2,1,2,2,2,2,20150328,3,3,1,1,4,1,,,1,1,34,8,1,,,1,1,1,5,1,637,
8421,,,,2,2,2,2,2,2,2,2,2,2,2,20150327,3,2,2,1,3,2,,5,1,1,8,8,1,,1,,,,,1,796,
8422,,,,1,2,2,2,2,2,2,2,2,2,2,20150328,3,1,2,1,3,2,,5,1,2,34,8,1,,4,1,,,,1,751,
8423,3,2,2,1,2,2,2,1,2,2,2,2,2,2,20150315,3,10,2,3,,1,,1,1,0,34,8,1,,1,2,,,,3,719,
8424,1,2,1,2,2,2,2,2,2,2,2,2,2,2,20150217,2,9,1,3,,1,,1,1,1,8,8,1,6,2,5,5,3,4,3,435,60+
8425,,,,1,2,2,1,1,2,2,2,2,2,2,20150211,2,3,1,1,4,2,,6,1,3,8,8,1,,3,2,1,3,5,1,972,
8426,,,,2,2,2,2,2,2,2,2,2,2,2,20150331,3,1,1,1,2,2,,4,1,1,34,8,1,,3,1,1,4,5,1,1128,
8427,1,,1,2,2,2,2,2,2,2,2,2,2,2,20150213,2,9,2,3,,2,,2,1,0,34,8,1,4,1,3,4,1,2,3,1439,65+
8428,1,2,1,2,2,1,2,2,2,1,2,2,2,2,20150324,3,7,1,3,,2,,2,1,2,8,8,1,6,4,4,4,2,3,3,2632,"Pas d’âge, santé implicite"
8429,1,1,1,2,2,2,2,2,2,2,2,2,2,2,20150212,2,9,1,3,,2,,2,1,2,8,8,1,5,2,4,5,2,3,3,580,65+
8430,,,,1,1,2,2,2,2,2,2,2,2,2,20150221,2,3,1,1,2,2,,4,1,2,8,8,1,,4,2,3,1,5,1,864,
8431,1,1,1,1,2,2,2,2,2,2,2,2,2,2,20150210,2,8,2,3,,1,,1,1,1,34,8,1,4,2,3,2,2,3,3,627,"Pas d’âge, santé implicite"
8432,1,2,1,2,2,2,2,2,2,2,2,2,2,2,20150212,2,8,2,3,,2,,2,2,2,8,8,1,6,4,2,2,1,2,3,994,70+
8433,1,1,1,2,2,1,2,2,2,2,2,2,2,2,20150324,3,8,2,3,,1,,1,1,1,8,8,1,2,2,3,1,2,3,3,994,65+
8434,,,,2,2,2,2,2,2,2,2,2,2,2,20150225,2,1,2,1,1,2,,3,1,2,8,8,1,,4,1,,,,1,318,
8435,,,,1,2,2,2,2,2,2,2,2,2,2,20150301,3,2,2,1,1,2,,3,1,1,8,8,1,,4,1,1,3,5,1,478,
8436,,,,2,2,2,2,2,2,2,2,2,2,2,20150224,2,2,2,1,5,3,,6,2,3,8,8,1,,4,,,,,1,318,
8437,,,,1,2,2,2,2,2,2,2,2,2,2,20150212,2,10,1,3,,2,,2,1,1,34,8,1,1,2,4,4,2,3,2,1146,
8438,1,2,1,2,2,2,2,2,2,2,2,2,2,2,20150317,3,9,1,3,,2,,2,1,2,34,8,1,3,3,5,4,3,4,3,764,80+
8439,1,1,1,2,2,2,2,,2,2,2,2,2,2,20150311,3,10,2,3,,1,,1,1,0,8,8,1,4,,2,2,1,2,3,707,60+
8440,,,,2,2,2,2,2,2,2,2,2,2,2,20150326,3,1,1,1,2,2,,4,1,2,34,8,1,,4,1,1,4,5,1,752,
8441,,,,1,2,2,2,1,2,2,2,2,2,2,20150219,2,2,2,1,4,2,,6,2,1,8,8,1,,3,1,1,3,5,1,637,
8442,,,,1,2,2,2,1,2,2,2,2,2,2,20150226,2,4,1,1,1,3,1,4,1,3,8,8,1,,4,3,4,1,5,,518,
8443,1,2,1,2,2,2,2,1,2,2,2,2,2,2,20150213,2,9,2,3,,2,,2,1,1,34,8,1,2,2,2,3,1,2,3,719,80+
8444,,,,1,2,2,2,1,2,2,2,2,2,2,20150314,3,3,2,1,3,2,,5,1,2,34,8,1,,2,,1,,,1,1472,
8445,,,,1,2,2,1,1,2,2,2,2,2,2,20150303,3,4,1,1,1,2,,3,1,3,34,8,1,,4,2,5,1,5,,478,
8446,2,,1,2,2,2,2,2,2,2,2,2,2,2,20150213,2,9,2,3,,1,1,1,1,0,34,8,1,2,1,1,2,1,1,3,719,65+
8447,,,,1,2,2,2,1,2,2,2,2,2,2,20150302,3,4,2,1,1,2,1,3,1,3,8,8,1,,,2,2,1,5,,406,
8448,,,,2,2,2,2,2,2,2,2,2,2,2,20150228,2,3,2,1,3,2,,5,1,0,8,8,1,,2,3,3,2,5,1,2706,
8449,,,,2,2,2,1,1,2,2,2,2,2,2,20150224,2,3,2,1,2,3,2,6,1,3,34,8,1,,4,1,2,1,5,1,1325,
8450,,,,1,2,2,2,2,2,2,2,2,2,2,20150225,2,4,1,1,1,2,2,3,1,1,34,8,1,,2,3,4,1,5,,955,
8451,1,1,1,2,2,2,2,2,2,2,2,2,2,2,20150212,2,8,1,3,,1,,1,1,1,34,8,1,7,2,5,4,3,4,3,1237,65+
8452,1,1,1,2,2,2,2,2,2,2,2,2,2,2,20150211,2,5,1,3,,2,,2,1,1,8,8,1,7,3,4,5,1,2,3,3948,70+
8453,1,,1,2,2,2,2,2,2,2,2,2,2,2,20150320,3,10,2,3,,1,,1,,0,8,8,1,1,1,3,1,2,3,3,707,65+
8454,1,1,1,1,2,2,1,1,2,1,2,2,2,2,20150322,3,6,2,2,2,2,,4,1,3,34,8,1,7,4,2,3,1,2,3,4635,60+
8455,,,,2,2,2,2,2,2,2,2,2,2,2,20150402,4,3,2,1,4,2,,6,1,1,34,8,1,,2,1,,,,1,2650,
8456,1,2,2,2,2,2,2,2,2,2,2,2,2,2,20150320,3,8,2,3,,1,,1,1,0,8,8,1,1,1,,2,,,3,1988,60+
8457,1,1,1,2,2,2,2,2,2,2,2,2,2,2,20150222,2,10,1,3,,1,,1,1,0,34,8,1,5,1,5,5,3,4,3,1146,
8458,,,,2,2,2,2,2,2,2,2,2,2,2,20150331,3,1,1,1,2,2,,4,1,2,8,8,1,,3,1,1,4,5,1,585,
8459,,,,2,2,2,2,2,2,2,2,2,2,2,20150406,4,3,2,1,2,2,,4,1,2,8,8,1,,4,1,2,1,5,1,722,
8460,,,,1,2,2,2,2,2,2,2,2,2,2,20150226,2,2,2,1,3,2,,5,2,2,34,8,1,,2,1,1,1,5,1,564,
8461,,,,2,2,2,1,2,2,2,2,2,2,2,20150212,2,10,1,3,,3,,3,1,0,8,8,1,2,,2,3,1,2,2,2611,
8462,1,2,1,2,2,2,2,2,2,2,2,2,2,2,20150212,2,8,2,3,,2,,2,1,0,34,8,1,2,1,5,4,3,4,3,2508,65+
8463,,,,1,1,2,2,1,2,2,2,2,2,2,20150225,2,4,1,2,2,2,2,4,1,3,8,8,1,,4,2,5,1,5,,1281,
8464,,,,2,2,2,2,2,2,2,2,2,2,2,20150224,2,1,1,1,1,2,2,3,1,2,8,8,1,,,1,1,2,5,1,439,
8465,1,2,1,2,2,2,2,2,2,2,2,2,2,2,20150313,3,9,1,2,2,2,,4,1,2,8,8,1,5,,3,4,1,2,3,7968,60+
8466,,,,1,2,2,2,2,2,2,2,2,2,2,20150225,2,1,1,1,1,2,,3,1,2,8,8,1,,3,1,1,2,5,1,439,
8467,,,,2,2,2,2,2,2,2,2,2,2,2,20150305,3,1,1,1,1,2,,3,1,2,8,8,1,,4,1,,,,1,439,
8468,1,2,1,2,2,2,2,2,2,2,2,2,2,2,20150221,2,10,2,3,,2,,2,1,2,8,8,1,5,,4,1,3,4,3,471,"Pas d’âge, santé implicite"
8469,1,2,1,2,2,2,2,2,2,2,2,2,2,2,20150212,2,8,1,3,,2,,2,1,2,34,8,1,2,3,3,5,1,2,3,1650,65+
8470,,,,1,2,2,2,2,2,2,2,2,2,2,20150331,3,3,1,1,3,2,,5,1,2,8,8,1,,4,1,1,1,5,1,1080,
8471,1,2,1,2,2,2,2,2,2,2,2,2,2,2,20150318,3,4,2,3,,3,4,5,0,3,8,8,1,,2,2,4,1,2,3,273,
8472,,,,2,2,2,2,2,2,2,2,2,2,2,20150331,3,1,1,1,1,2,,3,1,3,8,8,1,,4,1,1,4,5,1,329,
8473,1,2,1,1,2,2,2,1,2,2,2,1,2,2,20150402,4,6,2,2,2,2,,4,0,3,34,8,1,3,4,2,2,1,2,3,5793,70+
8474,,,,1,2,2,2,1,2,1,2,1,2,2,20140717,7,7,2,2,1,2,2,3,1,2,34,8,1,4,3,5,2,3,4,3,5793,
8475,1,1,1,1,2,2,2,2,2,2,2,2,2,2,20150217,2,8,2,3,,1,,1,1,0,34,8,1,2,1,5,1,3,4,3,1254,75+
8476,,,,2,2,2,2,2,2,2,2,2,2,2,20141017,10,10,1,3,,1,,1,0,1,34,8,1,2,2,3,2,2,3,3,1146,
8477,2,1,1,1,2,2,1,1,2,2,2,2,2,1,20141110,11,7,2,2,1,2,2,3,1,2,34,8,1,2,2,5,2,3,4,3,5793,60+
8478,,,,1,2,2,2,2,2,1,2,1,2,2,20141203,12,3,1,1,1,3,,4,1,3,8,8,1,,3,2,3,1,5,1,648,
8479,,,,1,1,2,2,2,2,2,2,2,2,2,20141021,10,8,2,3,,1,,1,1,0,8,8,1,2,1,3,1,3,4,3,1988,
8480,,,,2,2,2,2,2,2,2,2,2,2,2,20141014,10,6,2,2,1,1,,2,1,1,8,8,1,6,2,3,3,1,2,3,13649,
8481,1,2,1,2,2,2,2,2,2,2,2,2,2,2,20141118,11,10,2,3,,1,,1,1,1,8,8,1,5,2,2,3,1,2,3,353,
8482,,,,2,2,2,2,2,2,1,2,1,2,2,20141012,10,9,2,3,,2,,2,2,2,8,8,1,2,,3,2,2,3,3,283,
8483,,,,2,2,2,2,2,2,2,2,2,2,2,20141010,10,9,1,3,,2,,2,1,2,34,8,1,2,2,5,5,2,3,3,764,
8484,,,,2,2,2,2,2,2,2,2,2,2,2,20150207,2,2,2,1,1,2,1,3,1,2,34,8,1,,3,1,1,3,5,1,451,
8485,1,1,1,1,1,2,2,2,2,2,2,2,2,2,20150217,2,4,2,3,,3,3,3,0,3,8,8,1,,2,2,3,1,2,3,1988,60+
8486,1,2,1,1,1,1,2,2,2,2,2,2,2,2,20141210,12,5,2,3,,2,2,2,0,2,8,8,1,4,1,5,3,3,4,3,1988,70+
8487,1,1,1,1,2,2,2,1,2,2,2,2,2,2,20141210,12,6,2,3,,2,,2,0,2,34,8,1,4,2,2,3,1,2,3,1254,70+
8488,,,,1,2,2,2,2,2,2,2,2,2,2,20150222,2,4,2,1,1,2,,3,1,3,8,8,1,,4,1,3,1,5,,406,
8489,,,,1,2,1,2,2,2,2,2,2,2,2,20141029,10,3,1,1,5,1,,6,1,3,34,8,1,,2,2,3,1,5,1,892,
8490,,,,1,2,2,2,1,2,2,2,2,2,2,20141028,10,2,1,1,2,3,,5,1,3,34,8,1,,4,1,1,1,5,1,705,
8491,,,,1,2,2,1,1,,,2,2,2,1,20141102,11,4,2,1,1,2,,3,1,3,34,8,1,,4,2,3,1,5,,663,
8492,,,,2,2,2,2,2,2,2,2,2,2,2,20141106,11,1,2,1,2,2,,4,1,2,8,8,1,,4,1,1,4,5,1,424,
8493,,,,2,2,2,2,2,2,2,2,2,2,2,20141108,11,3,1,1,2,2,,4,2,2,8,8,1,,,1,1,1,5,1,518,
8494,1,2,1,2,2,2,2,2,2,2,2,2,2,2,20150324,3,8,2,3,,2,,2,2,0,34,8,1,2,2,4,3,2,3,3,1254,65+
8495,,,,2,2,2,2,2,2,2,2,2,2,2,20141102,11,4,1,1,1,1,1,2,1,2,34,8,1,,,3,5,1,5,,425,
8496,,,,2,2,2,2,2,2,2,2,2,2,2,20141030,10,1,1,1,2,2,,4,1,,34,8,1,,2,1,1,4,5,1,2255,
8497,,,,1,1,2,2,2,2,2,2,2,1,2,20141103,11,1,1,1,1,2,,3,1,2,8,8,1,,4,1,1,1,5,1,439,
8498,1,2,1,2,2,2,2,2,2,2,2,2,2,2,20150324,3,8,2,3,,1,,1,1,0,8,8,1,6,1,2,3,1,2,3,1988,75+
8499,3,,1,2,2,2,2,2,2,2,2,1,2,2,20150324,3,8,1,3,,2,,2,1,0,34,8,1,1,1,5,2,3,4,3,4949,60+
8500,3,2,1,2,2,2,2,2,2,2,2,2,2,2,20141117,11,10,2,3,,1,,1,1,0,34,8,1,4,2,3,1,3,4,3,719,
8501,,,,1,2,2,2,1,2,2,2,2,2,2,20141030,10,2,2,1,3,2,,5,1,2,34,8,1,,4,1,1,1,5,1,751,
8502,,,,1,2,2,1,2,2,2,2,2,2,2,20141101,11,4,2,3,,2,1,2,1,2,34,8,1,,1,2,3,1,2,3,727,
8503,,,,1,2,2,2,1,2,2,2,1,2,2,20141127,11,1,1,1,1,2,,3,1,2,34,8,1,,2,1,1,4,5,1,564,
8504,,,,1,1,2,2,2,2,2,2,2,2,2,20141020,10,9,2,3,,2,,2,1,0,34,8,1,1,,2,1,1,2,3,1439,
8505,,,,2,2,2,2,2,2,2,2,2,2,2,20141020,10,2,1,1,2,2,2,4,1,2,34,8,1,,,1,1,1,5,1,752,
8506,,,,2,2,1,2,2,2,2,2,2,2,2,20141012,10,10,2,3,,1,,1,1,1,8,8,1,3,1,3,1,3,4,3,353,
8507,,,,1,2,2,2,2,2,2,2,2,2,2,20141015,10,5,1,3,,2,2,2,1,2,8,8,1,6,,5,5,3,4,3,2632,
8508,,,,2,1,2,2,2,2,2,2,1,2,2,20141015,10,2,2,1,2,2,,4,1,0,34,8,1,,1,1,,,,1,1803,
8509,,,,2,2,2,2,2,2,2,2,2,2,2,20141106,11,1,2,1,2,3,,5,1,3,34,8,1,,3,1,,,,1,451,
8510,,,,2,2,2,2,2,2,2,2,2,2,2,20141016,10,7,2,3,,2,,2,1,1,8,8,1,3,2,,2,,,3,1988,
8511,,,,1,2,2,2,1,2,2,2,2,2,2,20141023,10,8,1,3,,3,,3,1,2,34,8,1,3,2,3,4,1,2,3,2474,
8512,,,,2,2,2,2,2,2,2,2,2,2,2,20141012,10,8,1,3,,1,,1,1,0,34,8,1,1,1,2,4,1,2,3,2474,
8513,,,,2,2,2,2,2,2,2,2,2,2,2,20141017,10,8,2,3,,2,,2,1,0,8,8,1,4,,4,1,3,4,3,3975,
8514,,,,1,2,2,2,1,2,1,2,1,2,2,20141014,10,8,2,3,,3,,3,1,1,34,8,1,2,1,4,1,3,4,3,1881,
8515,,,,2,1,2,2,1,2,2,2,2,2,2,20141015,10,8,2,3,,2,,2,2,2,8,8,1,1,2,3,3,2,3,3,994,
8516,,,,1,1,2,2,1,2,2,2,2,2,2,20141020,10,10,1,3,,2,,2,1,0,34,8,1,1,1,4,3,2,3,3,2292,
8517,,,,2,2,2,2,2,2,2,2,2,2,2,20141015,10,9,2,3,,2,,2,2,2,8,8,1,4,3,5,2,3,4,3,236,
8518,,,,2,2,2,2,2,2,2,2,2,2,2,20141020,10,9,2,3,,1,1,1,1,1,34,8,1,4,1,3,1,3,4,3,360,
8519,,,,2,2,2,2,2,2,2,2,2,2,2,20141022,10,10,2,3,,2,,2,1,2,34,8,1,2,2,4,3,3,4,3,480,
8520,,,,1,1,2,2,2,2,1,2,2,2,2,20141015,10,9,2,3,,1,,1,1,0,34,8,1,2,1,2,4,1,2,3,719,
8521,,,,2,2,2,2,2,2,2,2,1,2,2,20141020,10,9,2,3,,2,,2,2,2,8,8,1,6,4,3,2,2,3,3,353,
8522,,,,1,1,2,2,1,2,2,2,2,2,2,20141020,10,6,2,2,2,2,,4,1,3,34,8,1,4,4,,1,,,3,5793,
8523,,,,1,1,2,,1,2,2,2,2,2,2,20141022,10,8,2,3,,1,1,1,2,2,34,8,1,4,,,2,,,3,209,
8524,,,,1,1,2,1,2,2,2,2,1,2,2,20141017,10,3,1,1,2,3,,5,1,3,34,8,1,,,3,1,3,5,1,531,
8525,,,,1,2,2,2,1,2,2,2,2,2,2,20141012,10,7,2,3,,2,,2,1,1,34,8,1,1,2,5,3,3,4,3,1254,
8526,,,,1,1,1,2,,2,2,2,2,2,2,20141017,10,10,2,3,,2,,2,1,0,34,8,1,6,,3,1,2,3,3,1439,
8527,,,,2,2,2,2,2,2,1,2,2,2,2,20141010,10,1,2,1,1,2,,3,2,2,8,8,1,,2,1,1,1,5,1,239,
8528,,,,2,2,2,2,2,2,2,2,2,2,2,20141017,10,10,1,3,,2,,2,2,1,34,8,1,1,2,5,5,2,3,2,573,
8529,,,,2,2,2,2,2,2,2,2,2,2,2,20141011,10,9,2,3,,1,,1,1,1,34,8,1,4,1,5,3,3,4,3,360,
8530,,,,2,2,2,2,2,2,2,2,2,2,2,20141010,10,10,2,3,,1,,1,1,1,34,8,1,2,4,2,2,1,2,3,360,
8531,,,,2,2,2,2,2,2,2,2,2,2,2,20141108,11,2,2,1,2,1,,3,1,1,8,8,1,,4,1,1,2,5,1,478,
8532,,,,1,1,2,2,1,2,2,2,2,2,2,20141027,10,2,2,1,2,2,2,4,1,3,8,8,1,,3,1,1,2,5,1,318,
8533,,,,1,2,1,2,1,2,2,2,2,2,2,20141120,11,2,1,1,2,2,2,4,1,3,8,8,1,,4,1,1,3,5,1,351,
8534,,,,1,2,1,2,2,2,2,2,2,2,2,20141106,11,3,2,1,2,2,,4,1,2,34,8,1,,4,1,1,1,5,1,1178,
8535,,,,1,2,2,2,2,2,2,2,2,2,2,20141127,11,1,2,1,1,3,,5,1,3,34,8,1,,3,1,1,4,5,1,451,
8536,1,2,1,1,1,2,2,2,2,2,2,2,2,1,20150121,1,7,2,3,,1,,1,1,1,8,8,1,5,3,2,1,2,3,3,994,65+
8537,,,,1,2,2,2,1,2,2,2,2,2,2,20141103,11,4,2,3,,3,2,4,1,3,34,8,1,,4,3,4,1,2,3,873,
8538,1,,1,1,2,2,2,2,2,2,2,2,2,2,20150127,1,4,1,2,1,3,1,5,1,3,34,8,1,,4,3,5,1,2,3,3634,"Pas d’âge, santé implicite"
8539,1,1,1,2,2,2,2,2,2,2,2,2,2,2,20150225,2,4,1,3,,3,4,4,2,3,8,8,1,,2,1,2,1,2,3,187,75+
8540,,,,1,2,2,2,1,2,2,2,2,2,2,20141031,10,3,2,1,2,1,,4,1,3,8,8,1,,4,1,1,1,5,1,433,
8541,1,1,1,1,2,2,2,2,2,2,2,2,2,2,20150122,1,9,2,3,,2,,2,1,1,34,8,1,4,3,4,2,3,4,3,719,"Pas d’âge, santé implicite"
8542,1,2,1,1,2,2,2,2,2,1,2,1,2,2,20150217,2,8,1,3,,2,,2,1,2,34,8,1,7,4,5,5,2,3,3,1650,"Pas d’âge, santé implicite"
8543,,,,1,2,2,2,2,2,2,2,2,2,2,20150124,1,4,1,1,1,2,,3,1,3,8,8,1,,4,2,4,1,5,,486,
8544,,,,2,2,2,2,2,2,2,2,2,2,2,20141109,11,4,1,1,2,2,1,5,1,3,34,8,1,,,2,4,1,5,,637,
8545,1,2,1,1,1,2,2,1,2,2,2,2,2,2,20150217,2,8,2,3,,1,,1,1,0,34,8,1,2,1,1,1,1,2,3,1254,Intervention peu claire
8546,,,,2,2,2,2,2,2,2,2,2,2,2,20150124,1,3,1,1,2,2,,4,1,3,8,8,1,,3,1,,,,1,518,
8547,1,2,1,2,2,2,2,2,2,2,2,2,2,2,20150313,3,10,2,3,,1,,1,2,0,8,8,1,7,2,2,1,1,2,3,353,70+
8548,,,,2,2,2,2,2,2,2,2,2,2,2,20150116,1,3,2,1,1,2,,3,1,2,8,8,1,,,2,1,2,5,1,541,
8549,1,2,2,1,2,2,2,1,2,2,2,2,2,2,20150117,1,10,1,3,,2,,2,1,2,8,8,1,1,2,4,5,2,3,3,580,
8550,,,,2,2,2,2,2,2,2,2,2,2,2,20150126,1,1,2,1,1,3,1,5,2,2,34,8,1,,,1,1,4,5,1,564,
8551,,,,1,2,2,2,2,2,2,2,2,2,2,20150126,1,2,1,1,2,2,,4,1,1,8,8,1,,4,1,1,1,5,1,878,
8552,1,2,1,1,2,2,1,1,1,2,2,1,1,2,20141116,11,4,1,2,1,3,1,4,1,3,34,8,1,,3,3,5,1,2,3,2907,"Pas d’âge, santé implicite"
8553,,,,2,2,2,2,2,2,2,2,2,2,2,20141127,11,1,1,1,3,3,,6,1,3,8,8,1,,,,1,,,1,702,
8554,,,,1,2,2,2,1,2,2,2,2,2,2,20141112,11,8,2,3,,1,,1,1,1,34,8,1,2,2,2,2,1,2,3,627,
8555,,,,2,2,2,2,2,2,2,2,2,2,2,20141113,11,7,2,3,,2,1,2,1,2,34,8,1,3,1,5,1,3,4,3,836,
8556,,,,2,2,2,2,2,2,2,2,2,2,2,20141113,11,4,2,1,5,2,,6,1,1,8,8,1,,2,3,1,3,5,,2436,
8557,,,,2,1,2,2,1,2,2,2,2,2,2,20141113,11,9,2,3,,1,,1,1,0,8,8,1,6,1,2,1,1,2,3,707,
8558,,,,1,2,2,2,2,2,2,1,1,2,2,20141113,11,7,2,3,,2,,2,1,1,8,8,1,4,3,,1,,,3,1988,
8559,,,,2,2,2,2,2,2,2,2,2,2,2,20141113,11,8,2,3,,1,,1,1,1,34,8,1,4,2,3,1,2,3,3,627,
8560,1,2,1,2,2,2,2,2,2,2,2,2,2,2,20141117,11,9,1,3,,2,,2,1,1,8,8,1,5,4,4,5,1,2,3,870,65+
8561,,,,2,2,2,2,2,2,2,2,2,2,2,20150102,1,2,1,1,3,2,,5,1,3,8,8,1,,4,1,,,,1,549,
8562,,,,2,2,2,2,2,2,2,2,2,2,2,20141113,11,6,2,2,1,2,,3,1,2,8,8,1,7,4,2,3,1,2,3,13649,
8563,,,,1,2,2,2,2,2,2,2,2,2,2,20141113,11,9,2,3,,2,1,2,1,0,34,8,1,1,1,2,1,2,3,3,1439,
8564,,,,1,2,2,1,1,2,1,2,1,2,2,20141113,11,9,2,3,,2,,2,1,1,34,8,1,2,2,3,2,2,3,3,719,
8565,,,,1,1,1,2,1,2,2,2,2,2,2,20141113,11,10,2,3,,1,,1,1,1,8,8,1,2,3,3,2,2,3,3,353,
8566,,,,2,2,2,2,2,2,2,2,2,2,2,20141022,10,8,2,3,,1,,1,1,1,8,8,1,6,,2,1,1,2,3,994,
8567,1,1,1,1,1,,,1,,,2,2,2,2,20141115,11,9,1,3,,1,,1,1,1,8,8,1,2,1,4,5,1,2,3,435,"Pas d’âge, santé implicite"
8568,,,,2,2,2,2,2,2,2,2,2,2,2,20141113,11,10,2,3,,1,,1,1,1,8,8,1,,1,3,,,,3,353,
8569,,,,2,2,2,2,2,2,2,2,1,2,2,20141113,11,7,2,3,,2,,2,1,2,34,8,1,4,2,2,1,1,2,3,836,
8570,,,,2,2,2,2,2,2,2,2,2,2,2,20141113,11,8,1,3,,2,,2,1,2,34,8,1,2,,4,3,2,3,3,1650,
8571,,,,2,2,2,2,2,2,2,2,2,2,2,20141125,11,1,2,1,2,3,,6,1,3,8,8,1,,,1,1,4,5,1,478,
8572,,,,1,2,2,2,1,2,2,2,1,2,2,20141121,11,1,2,1,2,2,,4,1,3,34,8,1,,4,1,,,,1,451,
8573,1,1,1,2,2,2,2,2,2,2,2,2,2,2,20141114,11,8,2,3,,3,,3,1,2,8,8,1,4,4,5,3,3,4,3,1988,75+
8574,,,,1,2,2,2,2,2,2,2,2,2,2,20141128,11,4,2,1,2,1,,3,1,3,8,8,1,,2,2,2,1,5,,406,
8575,1,1,1,1,1,2,2,1,2,2,2,2,2,2,20141118,11,9,1,3,,1,,1,1,0,34,8,1,4,1,4,5,1,2,3,1146,
8576,1,2,1,1,2,2,2,1,2,2,2,2,2,2,20141114,11,8,2,3,,1,,1,1,1,8,8,1,7,2,,,,,3,994,60+
8577,,,,1,2,2,1,2,2,2,2,2,2,2,20150105,1,1,1,1,1,2,2,3,1,0,34,8,1,,2,1,1,4,5,1,1692,
8578,1,2,1,1,1,2,2,2,2,2,2,2,2,2,20141118,11,10,2,3,,1,,1,1,1,34,8,1,4,1,1,2,1,1,3,360,65+
8579,,,,1,1,2,2,1,2,2,2,2,2,2,20141119,11,3,2,1,1,3,1,4,2,3,8,8,1,,4,2,2,1,5,1,433,
8580,,,,2,2,2,2,2,2,2,2,2,2,2,20141119,11,1,1,1,1,2,,3,1,2,34,8,1,,4,1,,,,1,564,
8581,1,,1,2,2,2,2,2,2,2,2,2,2,2,20141115,11,10,1,3,,2,,2,1,1,8,8,1,2,3,4,4,1,2,3,870,70+
8582,,,,1,2,2,2,2,2,2,2,2,2,2,20141110,11,8,1,2,1,3,1,4,1,3,8,8,1,7,4,4,5,1,2,3,21687,
8583,,,,1,1,2,2,2,2,2,2,2,2,2,20141113,11,5,2,2,1,2,,3,1,2,8,8,1,4,4,2,3,1,2,3,13649,
8584,,,,1,2,1,2,2,2,2,2,2,2,2,20141113,11,8,2,3,,3,1,3,1,3,8,8,1,3,2,1,2,1,2,3,1491,
8585,,,,1,1,2,2,1,2,2,2,2,2,2,20141113,11,7,2,3,,3,1,3,1,3,8,8,1,6,4,2,2,1,2,3,1491,
8586,,,,1,1,2,1,1,2,2,2,1,2,2,20141127,11,1,2,1,3,2,,5,1,2,34,8,1,,4,1,1,1,5,1,751,
8587,,,,2,2,2,2,2,2,2,2,2,2,2,20141113,11,10,2,3,,1,,1,1,0,34,8,1,2,1,5,4,3,4,3,719,
8588,,,,2,2,2,2,2,2,2,2,2,2,2,20141110,11,8,1,3,,2,,2,1,0,34,8,1,1,1,5,5,3,4,3,4949,
8589,,,,1,2,2,1,2,2,2,2,2,2,2,20141113,11,2,1,1,1,2,,3,2,1,8,8,1,,4,1,1,1,5,1,329,
8590,,,,1,2,2,2,1,2,2,2,2,2,2,20141113,11,9,2,3,,1,,1,1,0,34,8,1,1,1,3,1,3,4,3,719,
8591,,,,1,1,2,2,1,2,2,2,2,2,1,20150126,1,2,1,1,2,2,,4,1,1,8,8,1,,4,1,1,3,5,1,878,
8592,,,,1,2,2,2,2,2,2,2,2,2,2,20150127,1,2,2,1,2,2,,4,1,2,8,8,1,,4,1,1,1,5,1,424,
8593,1,1,1,2,2,2,2,1,2,2,2,2,2,2,20150117,1,9,2,3,,2,,2,1,1,8,8,1,4,3,3,2,2,3,3,707,70+
8594,1,1,1,2,2,2,2,2,2,2,2,2,2,2,20150321,3,8,1,3,,2,,2,2,2,8,8,1,6,4,5,4,3,4,3,1974,"Pas d’âge, santé implicite"
8595,1,2,1,1,1,2,,1,2,2,2,2,2,2,20150122,1,8,1,3,,2,,2,1,2,34,8,1,3,4,5,4,3,4,3,1650,70+
8596,,,,2,2,2,2,2,2,2,2,2,2,2,20141124,11,2,2,1,2,2,,4,1,2,34,8,1,,1,1,,,,1,601,
8597,1,1,1,2,2,2,2,2,2,2,2,2,2,2,20141119,11,9,2,3,,2,,2,1,2,8,8,1,2,2,4,3,2,3,3,471,70+
8598,,,,1,2,2,2,1,2,2,2,2,2,2,20141127,11,4,1,1,3,2,,5,2,1,34,8,1,,1,,,,,,1061,
8599,,,,2,2,2,2,2,2,2,2,2,2,2,20141015,10,5,1,3,,1,1,1,1,1,8,8,1,7,4,5,5,2,3,3,1974,
8600,1,2,1,2,2,2,2,2,2,2,2,2,2,2,20141118,11,8,2,3,,2,,2,1,,34,8,1,1,1,2,1,2,3,3,2508,
8601,,,,1,2,2,2,1,2,2,2,2,2,2,20141126,11,4,2,1,2,1,,3,1,3,8,8,1,,2,3,3,2,5,,406,
8602,,,,2,2,2,2,2,2,2,2,2,2,2,20150113,1,2,2,1,2,2,,4,1,1,8,8,1,,4,1,1,1,5,1,637,
8603,1,1,2,2,2,2,2,2,2,2,2,2,2,2,20150121,1,9,1,3,,3,,4,1,3,34,8,1,1,1,4,4,2,3,3,917,75+
8604,1,2,1,2,2,2,2,2,2,2,2,2,2,2,20150318,3,8,2,3,,2,,2,1,2,34,8,1,6,4,3,3,2,3,3,836,80+
8605,,,,2,2,2,2,2,2,2,2,2,2,2,20150226,2,2,1,1,2,2,,4,1,2,8,8,1,,4,1,1,1,5,1,585,
8606,1,2,2,1,2,2,1,1,2,2,2,1,2,2,20141211,12,9,1,3,,2,2,2,1,2,8,8,1,1,2,2,3,1,2,3,580,80+
8607,1,2,1,2,2,2,2,2,2,2,2,2,2,2,20141210,12,7,2,2,1,2,1,4,1,3,34,8,1,7,4,1,3,1,1,3,4635,75+
8608,1,2,1,2,2,2,2,2,2,2,2,2,2,2,20141210,12,7,2,3,,3,1,3,1,2,8,8,1,2,,5,3,3,4,3,1988,80+
8609,,,,1,2,2,2,1,2,2,2,2,2,2,20141212,12,4,1,1,3,2,,5,1,3,34,8,1,,4,2,3,1,5,,796,
8610,,,,1,2,2,2,1,2,2,2,2,2,2,20141212,12,3,2,1,1,3,3,6,1,3,8,8,1,,4,2,4,1,5,1,541,
8611,1,2,1,2,2,2,2,2,2,2,2,2,2,2,20141210,12,10,2,3,,1,,1,1,0,34,8,1,4,1,3,2,2,3,3,719,70+
8612,1,2,1,2,2,2,2,2,2,2,2,2,2,2,20141210,12,8,1,3,,2,,2,1,2,8,8,1,6,4,5,5,2,3,3,2632,80+
8613,1,2,1,1,2,2,2,1,2,2,2,2,2,1,20141210,12,8,2,3,,1,,1,2,1,8,8,1,1,1,3,3,2,3,3,497,60+
8614,1,1,1,2,2,2,2,2,2,2,2,2,2,2,20141210,12,10,2,3,,2,,2,1,2,34,8,1,3,3,1,2,1,2,3,480,75+
8615,1,1,1,2,2,2,2,2,2,2,2,2,2,2,20141210,12,8,2,3,,2,2,2,1,1,34,8,1,1,2,2,2,1,2,3,1254,85+
8616,1,2,1,2,2,2,2,2,2,2,2,2,2,2,20141210,12,9,2,3,,2,,2,1,2,34,8,1,1,2,2,1,1,2,3,480,70+
8617,1,1,1,1,2,1,1,2,2,2,2,1,2,2,20141210,12,9,1,3,,2,,2,2,2,34,8,1,6,2,5,5,3,4,3,382,70+
8618,1,1,1,1,1,2,2,2,2,1,2,1,2,2,20141213,12,4,1,3,,3,1,3,1,3,34,8,1,,,4,5,1,2,3,590,65+
8619,1,2,1,2,2,2,2,2,2,2,2,2,2,2,20141210,12,9,2,3,,2,,2,2,1,34,8,1,2,2,4,1,3,4,3,480,60+
8620,1,2,1,2,2,2,2,2,2,2,2,2,2,2,20150119,1,10,2,3,,1,,1,1,0,34,8,1,5,2,,3,,,3,719,80+
8621,1,2,1,1,2,1,2,1,2,2,2,2,2,2,20141210,12,8,1,3,,3,1,3,1,3,8,8,1,7,4,4,4,2,3,3,2961,65+
8622,1,1,1,2,2,2,2,2,2,2,2,2,2,2,20141210,12,8,2,3,,1,,1,1,1,34,8,1,4,2,3,2,2,3,3,627,80+
8623,1,2,1,1,2,2,2,2,2,2,,,,,20141210,12,6,2,3,,3,,5,2,2,34,8,1,6,,5,2,3,4,3,1254,70+
8624,,,,1,1,2,2,1,2,2,2,2,2,2,20141212,12,4,1,1,1,2,,3,1,3,8,8,1,,4,2,5,1,5,,486,
8625,1,2,1,1,1,2,2,2,2,2,2,2,2,2,20141210,12,8,2,3,,2,,2,1,2,34,8,1,4,3,4,3,2,3,3,836,65+
8626,,,,2,2,2,2,2,2,2,2,2,2,2,20141213,12,1,1,1,2,2,,4,1,2,34,8,1,,4,,,,,1,752,
8627,1,2,1,2,2,2,2,2,2,2,2,2,2,2,20141210,12,9,2,3,,2,1,2,2,1,8,8,1,1,,4,1,3,4,3,471,
8628,,,,1,2,2,2,1,2,2,2,1,2,2,20141211,12,4,2,1,1,2,,3,2,3,34,8,1,,3,1,1,1,5,,530,
8629,1,1,2,1,1,2,2,2,2,2,2,2,2,2,20141211,12,10,2,3,,1,,1,1,1,34,8,1,6,3,2,3,1,2,3,360,70+
8630,1,1,1,2,2,2,2,2,2,2,2,2,2,2,20141210,12,8,1,3,,2,,2,1,1,34,8,1,1,1,5,5,3,4,3,2474,60+
8631,,,,1,1,1,2,1,2,1,2,1,2,2,20141210,12,3,1,1,1,2,,3,1,3,8,8,1,,4,1,2,1,5,1,486,
8632,,,,1,2,2,2,1,2,2,2,2,2,2,20141211,12,2,2,1,1,2,,3,1,2,8,8,1,,4,1,1,2,5,1,318,
8633,1,2,1,1,1,1,2,2,2,2,2,2,2,2,20141211,12,9,2,3,,1,,1,1,0,34,8,1,2,,3,3,2,3,3,719,"Vieux, pas d'âge défini"
8634,1,1,1,1,1,2,2,1,2,2,2,2,2,2,20141210,12,8,2,3,,2,,2,1,2,34,8,1,2,2,4,3,2,3,3,836,75+
8635,1,2,1,1,1,1,1,1,2,2,2,2,2,2,20141210,12,9,2,3,,1,,1,1,1,34,8,1,7,1,2,2,1,2,3,360,"Pas d’âge, santé implicite"
8636,,,,1,1,2,2,2,2,2,2,2,2,2,20141211,12,3,2,1,1,3,1,4,1,3,8,8,1,,,1,1,1,5,1,433,
8637,,,,2,2,2,2,2,2,2,2,2,2,2,20141212,12,4,2,1,1,2,1,3,1,2,34,8,1,,2,4,3,2,5,,883,
8638,,,,1,2,2,1,1,2,2,2,1,2,2,20141214,12,1,1,1,2,2,,4,1,2,8,8,1,,3,1,1,4,5,1,585,
8639,1,1,1,1,2,2,2,1,2,2,2,2,2,1,20150323,3,8,2,3,,2,,2,1,0,34,8,1,4,2,3,1,2,3,3,2508,70+
8640,1,1,1,2,2,2,2,2,2,2,2,2,2,2,20141210,12,8,2,3,,2,,2,1,2,34,8,1,2,4,1,3,1,1,3,836,80+
8641,1,2,1,2,2,2,2,2,2,2,2,2,2,2,20150119,1,9,2,3,,2,,2,1,2,8,8,1,5,4,2,4,1,2,3,471,65+
8642,3,1,1,2,2,2,2,2,2,2,2,2,2,2,20141210,12,8,2,3,,2,,2,1,2,34,8,1,4,,,3,,,3,836,75+
8643,1,1,1,1,1,2,2,2,2,2,2,2,2,2,20141210,12,10,2,3,,1,,1,1,1,34,8,1,1,1,1,1,1,2,3,360,80+
8644,,,,1,2,2,2,1,2,1,2,1,2,2,20141212,12,3,2,1,1,2,,3,1,3,34,8,1,,4,1,1,1,5,1,663,
8645,1,1,1,1,2,2,2,1,2,2,2,2,2,2,20141210,12,10,2,3,,1,,1,2,1,34,8,1,4,1,2,3,1,2,3,240,
8646,,,,2,2,2,2,2,2,2,2,2,2,2,20141212,12,2,2,1,3,3,1,6,1,3,34,8,1,,2,,1,,,1,676,
8647,1,2,1,1,2,2,2,2,2,1,2,1,2,2,20141210,12,9,2,3,,1,,1,1,1,34,8,1,1,1,3,2,2,3,3,360,
8648,1,1,1,1,2,2,2,2,2,2,2,2,2,2,20141210,12,8,2,3,,1,,1,1,0,34,8,1,4,1,3,3,2,3,3,1254,"Vieux, pas d'âge défini"
8649,,,,2,2,2,2,2,2,2,2,2,2,2,20150106,1,1,1,1,1,2,1,5,1,3,8,8,1,,4,1,1,4,5,1,549,
8650,1,1,1,2,2,2,2,2,2,2,2,2,2,2,20141210,12,4,1,3,,2,,2,1,2,8,8,1,,2,4,5,2,3,3,2632,65+
8651,,,,2,2,2,2,2,2,2,2,2,2,2,20141213,12,1,1,1,2,2,,4,1,2,34,8,1,,4,,1,,,1,752,
8652,,,,1,1,2,2,2,2,2,2,2,1,2,20141017,10,8,2,3,,1,,1,1,1,34,8,1,3,3,4,1,3,4,3,627,
8653,1,2,2,2,2,2,2,2,2,2,2,2,2,2,20141210,12,10,2,3,,2,,2,1,0,34,8,1,2,2,2,3,1,2,3,1439,
8654,1,1,1,1,1,2,2,1,2,2,2,2,2,2,20141210,12,6,1,3,,2,,2,1,0,34,8,1,2,,5,3,3,4,3,4949,70+
8655,1,,1,1,1,2,2,1,2,2,2,2,2,2,20150105,1,9,2,3,,3,1,3,1,2,8,8,1,3,3,3,1,3,4,3,707,70+
8656,1,2,1,2,2,2,2,2,2,2,2,2,2,2,20150319,3,10,1,3,,1,,1,1,1,8,8,1,6,1,4,3,2,3,3,435,65+
8657,1,2,1,1,2,2,2,2,2,2,2,2,2,2,20141210,12,7,1,3,,2,2,2,1,2,34,8,1,6,4,4,4,2,3,3,1650,
8658,,,,1,2,2,2,2,2,2,2,2,2,2,20150105,1,1,2,1,2,1,,3,1,1,8,8,1,,2,1,,,,1,478,
8659,1,2,1,2,2,2,2,2,2,2,2,2,2,2,20141210,12,8,2,3,,2,2,2,1,2,34,8,1,4,4,,,,,3,836,60+
8660,1,1,1,1,1,2,1,1,2,2,2,2,2,2,20141211,12,9,2,3,,1,,1,1,1,34,8,1,2,2,3,3,2,3,3,360,70+
8661,1,2,1,1,2,2,2,1,2,2,2,2,2,2,20150119,1,6,2,3,,3,1,3,1,3,8,8,1,4,4,3,1,2,3,3,1491,"Pas d’âge, santé implicite"
8662,1,1,1,2,2,2,2,2,2,2,2,2,2,2,20141211,12,9,2,3,,2,2,2,1,1,8,8,1,4,,2,1,2,3,3,707,75+
8663,,,,1,1,2,2,1,2,2,2,2,2,2,20141211,12,4,1,1,2,1,,3,1,0,34,8,1,,2,2,4,1,5,,1910,
8664,,,,1,2,2,2,1,2,2,2,2,2,2,20141211,12,1,2,1,2,1,,3,1,1,34,8,1,,2,1,1,3,5,1,676,
8665,,,,1,1,2,2,2,2,2,2,2,2,2,20141215,12,2,2,1,2,2,,4,1,2,34,8,1,,4,1,1,3,5,1,601,
8666,1,1,1,2,2,2,2,2,2,2,2,2,2,2,20141210,12,9,2,3,,1,,1,2,0,8,8,1,2,4,2,1,2,3,3,236,"Pas d’âge, santé implicite"
8667,,,,2,2,2,2,2,2,2,2,2,2,2,20141212,12,4,2,1,2,3,2,5,1,3,8,8,1,,4,2,3,1,5,,451,
8668,,,,2,2,2,2,2,2,2,2,2,2,2,20150113,1,10,1,3,,2,,2,1,0,34,8,1,2,2,4,2,3,4,2,2292,
8669,1,2,1,1,1,2,2,2,2,2,2,2,2,2,20150115,1,6,1,2,2,2,,4,1,1,34,8,1,6,2,4,4,2,3,3,22867,70+
8670,2,,2,2,2,2,2,2,2,2,2,2,2,2,20150115,1,10,1,3,,1,,1,1,0,34,8,1,2,,4,4,2,3,3,1146,
8671,,,,1,2,2,2,2,2,2,2,2,2,2,20150127,1,2,1,1,1,3,2,5,1,3,34,8,1,,4,1,1,1,5,1,564,
8672,,,,1,1,2,2,,2,2,2,2,2,2,20150124,1,3,1,1,3,2,,5,1,3,34,8,1,,4,1,1,1,5,1,796,
8673,1,1,1,2,2,2,2,2,2,2,2,2,2,2,20150112,1,7,1,3,,1,,1,1,1,34,8,1,5,,5,5,3,4,3,1237,65+
8674,1,2,1,2,2,2,2,2,2,2,2,2,2,2,20150116,1,8,1,3,,2,,2,2,1,34,8,1,4,,5,4,3,4,3,1650,55+
8675,1,2,1,1,2,2,2,2,2,2,2,2,2,2,20150112,1,7,2,2,1,2,,3,1,3,34,8,1,2,,2,1,2,3,3,4345,55+
8676,,,,2,2,2,2,2,2,1,2,1,2,2,20150224,2,2,1,1,2,2,,4,1,2,34,8,1,,2,1,1,1,5,1,752,
8677,,,,2,2,2,2,2,2,2,2,2,2,2,20150128,1,1,2,1,2,2,,4,1,0,8,8,1,,4,1,,,,1,1273,
8678,,,,2,2,2,2,2,2,2,2,2,2,2,20150128,1,4,2,1,2,2,,4,1,3,34,8,1,,4,2,3,1,5,,589,
8679,,,,2,2,2,2,2,2,2,2,2,2,2,20150117,1,1,2,1,3,2,,5,1,2,34,8,1,,2,1,1,2,5,1,751,
8680,,,,1,2,2,2,1,2,2,2,2,2,2,20150131,1,3,2,1,2,3,,5,1,3,34,8,1,,2,3,3,2,5,1,883,
8681,1,1,1,2,2,2,2,2,2,2,2,2,2,2,20150110,1,8,2,3,,2,,2,1,0,8,8,1,2,1,,1,,,3,3975,50+
8682,,,,2,2,2,2,2,2,2,2,2,2,2,20140812,8,9,1,3,,2,,2,1,2,34,8,1,3,2,5,3,3,4,3,764,
8683,,,,1,2,2,2,2,2,2,2,2,2,2,20150128,1,3,1,1,2,2,,4,1,2,34,8,1,,3,1,1,1,5,1,849,
8684,,,,2,2,2,2,2,2,2,1,2,2,2,20140816,8,9,2,3,,1,,,1,,8,8,1,5,1,2,1,1,2,3,707,
8685,,,,1,2,1,2,2,2,2,2,2,2,2,20140822,8,4,1,2,1,2,1,3,1,3,8,8,1,,3,3,4,1,2,2,1681,
8686,1,2,1,2,2,2,2,2,2,2,2,2,2,2,20150110,1,9,1,3,,2,,2,1,0,8,8,1,6,4,5,5,2,3,3,1741,70+
8687,,,,1,2,2,2,2,2,2,2,2,2,2,20150128,1,4,1,1,2,1,1,3,1,3,34,8,1,,,2,2,1,5,,478,
8688,1,2,2,1,2,2,2,1,2,2,2,2,2,2,20150217,2,10,2,3,,1,,1,1,1,8,8,1,1,,2,1,2,3,3,353,70+
8689,1,2,2,2,2,2,2,2,2,2,2,2,2,2,20150217,2,6,1,3,,2,,2,1,1,8,8,1,2,1,5,4,3,4,3,3948,65+
8690,1,1,2,1,2,2,2,1,2,2,2,2,2,2,20150324,3,8,2,3,,2,,2,1,1,34,8,1,4,4,5,2,3,4,3,1254,75+
8691,1,2,1,2,2,2,2,2,2,2,2,2,2,2,20150122,1,8,2,3,,2,,2,1,2,8,8,1,2,1,5,2,3,4,3,1325,60+
8692,,,,2,2,2,2,2,2,2,2,2,2,2,20150125,1,1,1,1,3,3,,6,1,3,34,8,1,,3,1,1,1,5,1,846,
8693,,,,2,2,2,2,2,2,2,2,2,2,2,20140829,8,3,1,1,3,2,,5,1,2,34,8,1,,2,1,1,1,5,1,1061,
8694,,,,1,2,2,2,1,2,2,2,2,2,2,20150121,1,4,2,1,1,3,1,4,1,3,8,8,1,,4,2,3,1,5,,309,
8695,,,,2,2,2,2,2,2,2,2,2,2,2,20150118,1,9,1,3,,2,,3,1,2,34,8,1,7,4,5,4,3,4,2,1146,
8696,,,,2,2,2,2,2,2,2,2,2,2,2,20140816,8,9,2,3,,1,,1,1,0,8,8,1,1,,3,2,2,3,3,707,
8697,,,,2,2,2,2,2,2,2,2,2,2,2,20140819,8,9,2,3,,2,,2,1,0,8,8,1,2,,2,1,1,2,3,1413,
8698,,,,1,1,2,2,1,2,2,2,2,2,2,20140812,8,8,2,3,,1,,1,1,1,34,8,1,6,2,5,4,3,4,3,627,
8699,,,,2,2,2,2,2,2,2,2,2,2,2,20140813,8,9,2,3,,2,,2,1,1,8,8,1,1,2,2,3,1,2,3,707,
8700,,,,2,2,2,2,2,2,2,2,2,2,2,20140904,9,3,1,1,2,3,4,6,1,3,8,8,1,,,1,1,1,5,1,777,
8701,1,1,1,2,2,2,2,2,2,2,2,2,2,2,20150120,1,9,1,3,,2,,2,1,1,34,8,1,4,3,5,5,2,3,3,1146,"Pas d’âge, santé implicite"
8702,,,,1,2,2,2,2,2,2,2,2,2,2,20150127,1,2,2,1,4,2,,6,1,3,8,8,1,,4,1,1,3,5,1,478,
8703,,,,1,1,2,2,1,2,1,2,2,2,2,20140814,8,8,2,3,,2,,2,1,1,34,8,1,2,2,,2,,,3,1254,
8704,,,,2,2,2,2,2,2,2,2,2,2,2,20140810,8,7,2,3,,2,,2,1,2,8,8,1,2,,3,3,2,3,3,1325,
8705,,,,1,1,2,1,1,2,2,2,2,2,2,20140816,8,9,2,3,,1,1,1,1,1,8,8,1,4,,3,4,1,2,3,353,
8706,,,,2,2,2,2,2,2,2,2,2,2,2,20150121,1,3,2,1,2,2,,4,2,2,8,8,1,,4,1,1,1,5,1,361,
8707,,,,1,1,2,2,1,2,1,2,1,2,1,20150303,3,4,2,1,2,1,,3,1,3,34,8,1,,2,2,1,1,5,,663,
8708,,,,1,2,2,2,1,2,2,2,2,2,2,20140812,8,10,2,3,,2,,2,1,1,34,8,1,2,,3,4,1,2,3,719,
8709,3,,,2,2,2,2,2,2,2,2,2,2,2,20150122,1,10,2,3,,2,,2,1,1,34,8,1,4,1,3,2,2,3,3,719,80+
8710,,,,2,2,2,2,2,2,2,2,2,2,2,20140810,8,9,2,2,2,2,,4,1,1,34,8,1,2,2,3,2,2,3,3,6647,
8711,,,,2,2,2,2,2,2,2,2,2,2,2,20140814,8,6,1,3,,1,,1,1,1,34,8,1,2,3,3,4,1,2,3,1237,
8712,,,,1,1,2,2,2,2,2,2,2,2,2,20140810,8,9,2,3,,1,,1,1,1,8,8,1,1,1,5,3,3,4,3,353,
8713,1,,2,2,2,2,2,2,2,2,2,2,2,2,20150217,2,10,2,3,,1,,1,1,0,34,8,1,1,,2,1,2,3,3,719,80+
8714,1,1,1,1,2,2,2,1,2,2,2,2,2,2,20150111,1,8,1,3,,2,,2,1,2,34,8,1,3,2,3,3,2,3,3,1650,70+
8715,,,,1,2,2,2,2,2,2,2,2,2,2,20150323,3,3,2,1,3,2,,5,2,1,8,8,1,,4,1,1,2,5,1,677,
8716,,,,1,1,2,1,1,2,2,2,2,2,2,20150122,1,3,2,1,1,2,,3,1,3,34,8,1,,2,1,1,1,5,1,663,
8717,,,,2,2,2,2,2,2,2,2,2,2,2,20141117,11,1,1,1,2,2,,4,1,1,8,8,1,,1,1,,,,1,878,
8718,,,,1,2,2,1,1,2,2,2,2,2,2,20150224,2,2,2,1,3,2,,5,1,2,34,8,1,,4,1,1,3,5,1,751,
8719,1,1,,2,2,2,2,2,2,2,2,2,2,2,20150110,1,10,2,3,,1,,1,1,0,8,8,1,4,2,3,1,2,3,3,707,65+
8720,,,,1,2,2,2,1,2,2,2,2,2,2,20140812,8,9,1,3,,2,2,2,1,2,34,8,1,6,3,4,4,2,3,3,764,
8721,1,1,1,1,1,2,2,1,2,2,2,2,2,2,20150217,2,9,2,3,,2,,2,1,0,34,8,1,7,3,3,1,2,3,3,1439,60+
8722,1,1,1,2,2,2,2,2,2,2,2,2,2,2,20150217,2,9,2,3,,1,,1,1,1,34,8,1,4,1,4,2,2,3,3,360,70+
8723,,,,2,2,2,2,2,2,2,2,2,2,2,20140810,8,8,2,3,,3,,3,1,0,34,8,1,5,2,4,4,2,3,3,3761,
8724,,,,1,1,1,2,1,2,2,2,2,2,2,20140812,8,8,2,3,,2,,2,2,2,34,8,1,2,2,3,2,2,3,3,627,
8725,,,,2,2,2,2,2,2,2,2,2,2,2,20140810,8,9,1,3,,2,2,2,1,1,8,8,1,4,2,4,3,2,3,3,870,
8726,1,2,1,2,2,2,2,2,2,2,2,2,2,2,20150118,1,9,2,3,,1,,1,1,1,34,8,1,2,2,4,1,3,4,3,360,75+
8727,,,,1,2,2,2,1,2,2,2,2,2,2,20140812,8,5,2,2,3,2,2,5,1,3,34,8,1,4,4,4,3,2,3,3,7242,
8728,,,,2,2,2,2,2,2,2,2,2,2,2,20150120,1,7,1,3,,3,1,3,1,1,34,8,1,2,,2,1,2,3,2,3712,
8729,,,,2,2,2,2,2,2,2,2,2,2,2,20150116,1,1,2,1,1,2,,3,1,2,8,8,1,,,1,1,4,5,1,318,
8730,1,1,1,2,2,2,2,2,2,2,2,2,2,2,20150117,1,8,1,3,,1,,1,1,0,34,8,1,1,1,2,3,1,2,3,2474,70+
8731,,,,1,2,2,2,2,2,2,2,2,2,2,20140829,8,1,1,1,1,2,,3,1,2,8,8,1,,4,1,1,3,5,1,439,
8732,,,,1,2,2,2,2,2,2,2,2,2,2,20140811,8,1,1,1,3,1,,4,1,1,34,8,1,,1,1,,,,1,1128,
8733,1,1,1,1,2,1,2,2,2,2,2,2,2,2,20150323,3,8,2,3,,2,,2,2,1,8,8,1,2,2,2,1,2,3,3,1325,80+
8734,,,,2,2,2,2,2,2,2,2,2,2,2,20140813,8,8,2,3,,2,,2,1,2,34,8,1,6,2,1,1,1,2,3,836,
8735,,,,1,2,2,1,2,2,2,2,2,2,2,20150331,3,3,1,1,1,2,,3,1,1,34,8,1,,2,2,4,1,5,1,955,
8736,,,,1,2,2,2,2,2,2,2,2,2,2,20140909,9,3,1,1,1,3,,4,1,2,8,8,1,,,2,2,2,5,1,864,
8737,1,1,1,2,2,2,2,2,2,2,2,2,2,2,20150319,3,9,2,3,,1,,1,1,0,8,8,1,2,1,4,3,3,4,3,707,"Pas d’âge, santé implicite"
8738,,,,2,2,2,2,2,2,2,2,2,2,2,20140907,9,2,1,1,1,2,,3,1,2,8,8,1,,4,,1,,,1,439,
8739,,,,1,2,2,2,1,2,2,2,2,2,2,20140822,8,3,2,2,2,3,2,6,1,3,8,8,1,,4,1,3,1,5,1,2248,
8740,,,,1,2,2,2,2,2,2,2,2,2,2,20140812,8,9,2,3,,1,,1,1,0,34,8,1,2,,3,1,2,3,3,719,
8741,,,,2,2,2,2,2,2,2,2,2,2,2,20150330,3,3,2,1,1,2,,3,2,3,34,8,1,,4,2,3,1,5,1,530,
8742,,,,1,2,2,1,1,2,2,2,2,2,2,20140810,8,6,2,2,2,2,,4,1,3,8,8,1,2,3,5,3,3,4,3,10919,
8743,,,,2,2,2,2,2,2,2,2,2,2,2,20140823,8,3,2,1,2,1,,4,1,3,34,8,1,,,2,4,1,5,1,707,
8744,,,,2,2,2,2,2,2,2,2,2,2,2,20140909,9,2,2,1,2,2,,4,1,2,34,8,1,,,1,1,3,5,1,601,
8745,,,,1,2,2,2,1,2,2,2,2,2,2,20150408,4,1,1,1,1,3,,5,1,3,8,8,1,,4,1,1,4,5,1,439,
8746,,,,1,1,2,2,2,2,2,2,2,2,2,20140816,8,9,2,3,,1,,1,1,1,34,8,1,4,1,4,3,2,3,3,360,
8747,,,,1,2,2,1,1,1,2,2,2,2,2,20140814,8,8,1,3,,1,,1,1,0,34,8,1,6,3,5,4,3,4,3,2474,
8748,,,,1,2,2,2,2,2,2,2,1,2,2,20140902,9,2,2,1,2,3,2,5,1,0,8,8,1,,,1,1,1,5,1,1592,
8749,1,2,1,1,1,2,2,1,2,2,2,2,2,2,20150316,3,8,1,3,,1,,2,1,0,8,8,1,3,3,5,3,3,4,3,7895,70+
8750,,,,1,2,2,2,1,2,2,2,2,2,2,20140811,8,8,2,3,,1,,1,1,1,34,8,1,7,4,5,3,3,4,3,627,
8751,,,,1,2,2,2,2,2,2,2,2,2,2,20140905,9,2,1,1,3,2,1,5,1,2,34,8,1,,1,1,1,3,5,1,940,
8752,1,1,1,2,2,2,2,2,2,2,2,1,2,2,20150310,3,9,1,3,,3,,3,1,3,8,8,1,6,3,4,4,2,3,3,653,75+
8753,1,2,1,1,2,2,2,2,2,2,2,2,2,2,20150402,4,10,2,3,,1,,1,1,1,8,8,1,7,3,5,3,3,4,3,353,
8754,,,,2,2,2,2,2,2,2,2,2,2,2,20140814,8,7,2,3,,1,,1,1,1,34,8,1,2,1,,1,,,3,627,
8755,,,,2,2,2,2,2,2,2,2,2,2,2,20140905,9,1,2,1,1,2,,3,1,1,34,8,1,,4,1,1,1,5,1,676,
8756,,,,1,1,2,2,2,2,2,2,1,2,2,20140811,8,1,1,1,3,3,,6,1,1,8,8,1,,4,1,,,,1,1317,
8757,,,,2,2,2,2,1,2,2,2,2,2,2,20150408,4,1,1,1,1,1,,2,1,2,34,8,1,,2,1,1,4,5,1,376,
8758,,,,2,2,2,2,2,2,2,2,2,2,2,20150331,3,1,2,1,3,3,,6,1,3,8,8,1,,4,1,1,4,5,1,371,
8759,1,2,1,2,2,2,2,2,2,2,2,2,2,2,20150320,3,10,2,3,,2,,2,1,0,34,8,1,4,,3,1,3,4,3,1439,70+
8760,,,,2,2,2,2,2,2,2,2,1,2,2,20140908,9,1,2,1,1,2,2,3,1,1,8,8,1,,4,1,1,4,5,1,478,
8761,,,,2,2,2,2,2,2,2,2,2,2,2,20140828,8,3,1,1,1,2,,3,1,1,8,8,1,,4,2,2,2,5,1,972,
8762,,,,1,2,2,2,1,2,2,2,2,2,2,20140819,8,9,1,3,,3,3,3,1,3,34,8,1,1,,5,4,3,4,3,859,
8763,,,,1,2,2,2,2,2,2,2,2,2,2,20150327,3,3,2,1,1,3,1,4,1,3,34,8,1,,2,,1,,,1,883,
8764,,,,2,2,2,2,2,2,2,2,2,2,2,20140811,8,8,1,3,,3,2,3,2,2,8,8,1,4,2,5,5,3,4,3,2961,
8765,,,,2,2,2,2,2,2,2,2,2,2,2,20140816,8,1,1,1,1,2,,3,1,2,34,8,1,,4,1,1,4,5,1,564,
8766,,,,1,1,2,1,1,2,2,2,2,2,2,20140817,8,9,1,3,,2,,2,1,2,8,8,1,5,2,3,4,1,2,3,580,
8767,,,,2,2,2,2,2,2,2,2,2,2,2,20150406,4,4,2,2,1,2,1,4,1,3,8,8,1,,,2,3,1,5,,1498,
8768,1,2,1,2,1,2,2,1,2,2,2,2,2,2,20150330,3,4,2,2,1,3,2,5,1,3,34,8,1,,,2,3,1,2,3,4201,
8769,,,,2,2,2,2,2,2,2,2,2,2,2,20140810,8,7,1,3,,1,1,1,1,1,8,8,1,4,1,4,5,1,2,3,1974,
8770,1,,1,1,1,2,2,2,2,2,2,2,2,2,20150317,3,9,2,3,,2,,2,1,0,34,8,1,3,2,2,4,1,2,3,1439,
8771,,,,2,2,2,2,1,2,2,2,2,2,2,20140821,8,3,1,1,2,2,,4,1,3,8,8,1,,3,1,1,1,5,1,518,
8772,,,,2,2,2,2,2,2,2,2,2,2,2,20140825,8,4,2,1,3,3,1,6,1,3,8,8,1,,2,1,1,1,5,,649,
8773,,,,1,1,2,2,1,2,1,2,1,2,2,20140822,8,4,1,3,,2,2,2,2,1,34,8,1,,1,3,5,1,2,3,524,
8774,,,,2,2,2,2,2,2,2,2,2,2,2,20150408,4,1,2,1,2,3,2,6,1,1,34,8,1,,2,1,1,4,5,1,1353,
8775,1,2,1,2,2,2,2,2,2,2,2,2,2,2,20150318,3,8,1,3,,1,,1,1,1,8,8,1,3,1,5,5,2,3,3,1974,60+
8776,,,,1,1,2,2,1,2,2,2,2,2,2,20140813,8,8,2,3,,2,,2,1,0,34,8,1,4,2,5,5,3,4,3,2508,
8777,1,2,1,2,2,2,2,2,2,2,2,2,2,2,20150317,3,10,2,3,,1,,1,1,0,34,8,1,4,1,3,4,1,2,3,719,75+
8778,,,,2,2,2,2,2,2,2,2,2,2,2,20150402,4,2,1,1,2,2,,4,1,2,8,8,1,,2,1,1,1,5,1,585,
8779,,,,1,1,1,2,1,2,2,2,2,2,2,20150328,3,4,1,1,1,3,1,4,1,3,8,8,1,,2,5,5,2,5,,518,
8780,1,2,1,1,1,2,2,1,2,2,2,2,2,2,20150116,1,8,2,3,,3,,3,1,1,34,8,1,2,2,3,4,1,2,3,1881,Mon âge
8781,1,2,1,2,2,2,2,2,2,2,2,2,2,2,20150116,1,8,1,3,,1,,1,1,1,34,8,1,2,2,5,4,3,4,3,1237,60+
8782,,,,1,2,2,2,1,2,2,2,2,2,2,20140507,5,2,2,1,2,2,,4,1,1,34,9,,,2,1,1,2,5,1,210,
8783,,,,2,2,2,2,2,2,2,2,2,2,2,20140415,4,8,2,4,,,,1,1,1,34,9,,1,2,4,3,2,3,3,183,
8784,,,,2,2,2,2,2,2,2,2,2,2,2,20140707,7,8,1,3,,2,,2,1,1,34,9,1,2,3,4,5,1,2,3,731,
8785,,,,2,2,2,2,2,2,2,2,2,2,2,20140618,6,9,1,3,,2,,2,1,1,34,9,1,6,2,4,5,1,2,3,212,
8786,,,,1,1,2,2,1,2,2,2,2,2,2,20140707,7,8,2,3,,1,,1,1,1,34,9,1,4,1,5,3,3,4,3,183,
8787,,,,1,2,2,2,2,2,2,2,2,2,2,20140618,6,9,2,3,,1,,1,1,0,34,9,1,4,,3,3,2,3,3,145,
8788,,,,1,2,1,1,1,2,1,2,1,2,2,20140508,5,1,2,1,1,2,,3,1,2,34,9,,,2,1,1,3,5,1,105,
8789,,,,2,2,2,2,2,2,2,2,2,2,2,20140503,5,8,2,3,,3,3,3,1,2,34,9,,4,1,4,1,3,4,3,366,
8790,,,,2,2,2,2,2,2,2,2,2,2,2,20140628,6,2,2,1,2,2,,4,1,1,34,9,1,,3,1,1,3,5,1,210,
8791,,,,1,2,2,2,2,2,2,2,2,2,2,20140707,7,8,1,3,,2,,2,1,1,34,9,1,4,3,3,4,1,2,3,731,
8792,,,,1,2,2,2,1,2,2,2,2,2,2,20140628,6,1,1,1,1,2,,3,1,2,34,9,1,,4,1,1,4,5,1,114,
8793,,,,1,2,2,2,2,2,2,2,2,2,2,20140505,5,9,2,3,,2,,2,1,1,34,9,,1,2,1,1,1,2,3,145,
8794,,,,1,2,2,2,2,2,2,2,2,2,2,20140413,4,8,2,4,,,,2,1,1,34,9,,4,1,,3,,,3,366,
8795,,,,1,2,2,2,2,2,2,2,2,2,2,20140506,5,4,2,1,4,2,2,6,1,3,34,9,,,3,2,1,1,5,,161,
8796,,,,2,2,2,2,2,2,2,2,2,2,2,20140507,5,4,2,3,,3,3,5,1,3,34,9,,,,2,3,1,2,3,97,
8797,,,,1,1,2,2,1,2,2,2,2,2,2,20140706,7,8,1,3,,2,,2,1,2,34,9,1,6,4,4,3,2,3,3,487,
8798,,,,2,2,2,2,2,2,2,2,2,2,2,20140509,5,10,1,3,,2,,2,1,2,34,9,,6,4,3,3,1,2,3,141,
8799,,,,1,2,2,2,1,2,2,2,2,2,2,20140508,5,4,2,2,2,3,1,5,1,1,34,9,,,2,3,3,2,3,3,879,
8800,,,,1,2,2,2,2,2,2,2,2,2,2,20140416,4,8,1,4,,,,3,1,2,34,9,,3,2,4,4,2,3,3,731,
8801,,,,2,2,2,2,2,2,2,2,2,2,2,20140611,6,7,2,3,,2,,2,1,2,34,9,1,2,4,4,2,3,4,3,244,
8802,,,,1,2,2,2,1,2,2,2,2,2,2,20140610,6,10,2,3,,3,1,3,2,1,34,9,1,2,2,5,2,3,4,3,145,
8803,,,,1,2,2,1,1,2,2,2,2,2,2,20140507,5,3,1,1,3,2,,5,1,3,34,9,,,4,2,3,1,5,1,238,
8804,,,,2,2,2,2,2,2,2,2,2,2,2,20140610,6,8,2,3,,2,,2,1,1,34,9,1,2,2,1,1,1,1,3,366,
8805,,,,1,2,2,2,2,2,2,2,2,2,2,20140413,4,10,2,4,,,,2,1,1,34,9,,2,,,1,,,3,145,
8806,,,,1,1,2,2,1,2,2,2,2,2,1,20140610,6,3,1,1,1,2,,3,1,2,34,9,1,,4,1,1,1,5,1,190,
8807,,,,2,2,2,2,2,2,2,2,2,2,2,20140619,6,7,2,3,,3,1,3,1,1,34,9,1,5,,4,3,2,3,3,549,
8808,,,,1,2,2,2,2,2,1,2,1,2,2,20140707,7,10,1,3,,2,,2,2,1,34,9,1,2,2,5,5,2,3,2,85,
8809,,,,2,2,2,2,2,2,2,2,2,2,2,20140615,6,9,2,3,,1,,1,1,1,34,9,1,1,1,3,3,2,3,3,73,
8810,,,,2,2,2,2,2,2,2,2,2,2,1,20140507,5,1,1,1,2,3,2,6,1,3,34,9,,,4,1,1,4,5,1,137,
8811,,,,2,2,2,2,2,2,2,2,2,2,2,20140610,6,9,2,3,,1,,1,1,1,34,9,1,2,2,4,3,2,3,3,73,
8812,,,,1,2,2,2,2,2,2,2,2,2,2,20140707,7,6,2,3,,2,1,2,1,2,34,9,1,6,4,5,4,3,4,3,244,
8813,,,,1,2,2,2,2,2,2,2,2,2,2,20140707,7,8,2,3,,1,,1,1,1,34,9,1,6,2,2,1,1,2,3,183,
8814,,,,2,2,2,2,2,2,2,2,2,2,2,20140503,5,9,2,3,,1,,1,1,0,34,9,,2,1,5,3,3,4,3,145,
8815,,,,2,2,2,2,2,2,1,1,2,2,2,20140704,7,2,1,1,3,2,,5,1,0,34,9,1,,3,1,1,3,5,1,572,
8816,,,,2,2,2,2,2,2,2,2,1,2,2,20140626,6,3,1,1,3,2,,5,1,3,34,9,1,,3,4,4,2,5,1,238,
8817,,,,1,1,2,2,2,2,2,2,2,2,2,20140502,5,9,2,3,,2,,2,1,2,34,9,,2,1,,2,,,3,97,
8818,,,,2,2,2,2,2,2,2,2,2,2,2,20140422,4,4,2,4,,,,4,1,3,34,9,,,4,4,4,2,3,3,161,
8819,,,,1,2,2,2,1,2,2,2,2,2,2,20140706,7,9,1,3,,2,,2,1,2,34,9,1,7,3,4,4,2,3,3,141,
8820,,,,2,2,2,2,1,2,2,2,2,2,2,20140708,7,2,2,1,1,2,1,3,1,2,34,9,1,,1,1,1,1,5,1,105,
8821,,,,1,1,2,2,2,2,2,2,2,2,2,20140611,6,9,2,3,,2,1,2,1,1,34,9,1,2,1,2,1,1,2,3,145,
8822,,,,2,2,2,2,2,2,2,2,2,2,2,20140708,7,2,2,1,1,3,1,4,1,3,34,9,1,,2,1,1,3,5,1,105,
8823,,,,2,2,2,2,2,2,2,2,2,2,2,20140610,6,8,2,3,,2,,2,1,2,34,9,1,5,4,2,3,1,2,3,244,
8824,,,,1,1,2,2,2,1,2,2,2,2,2,20140704,7,10,1,3,,1,,1,1,0,34,9,1,2,1,3,4,1,2,3,212,
8825,,,,2,1,2,2,1,2,2,2,2,2,2,20140613,6,3,1,1,3,2,,5,1,3,34,9,1,,,1,1,3,5,1,238,
8826,,,,2,2,2,2,2,2,2,2,2,2,2,20140416,4,3,2,4,,,,3,1,3,34,9,,,4,2,2,1,5,1,121,
8827,,,,1,2,2,2,1,2,1,2,1,2,2,20140503,5,8,2,3,,2,2,2,2,2,34,9,,2,2,3,3,2,3,3,146,
8828,,,,2,2,2,2,2,2,2,2,2,2,2,20140509,5,9,2,3,,1,,1,1,1,34,9,,4,1,5,3,3,4,3,73,
8829,,,,2,2,2,2,2,2,2,2,2,2,2,20140417,4,1,1,4,,,,4,1,1,34,9,,,2,1,,,,1,229,
8830,,,,2,2,2,2,2,2,2,2,2,2,2,20140506,5,8,2,3,,1,,1,1,0,34,9,,6,1,2,2,1,2,3,366,
8831,,,,1,2,2,2,2,2,2,2,2,2,2,20140414,4,9,1,4,,,,1,1,0,34,9,,6,2,3,5,1,2,3,212,
8832,,,,2,2,2,2,2,2,2,2,2,2,2,20150127,1,1,2,1,2,2,,4,0,3,34,9,1,,,1,,,,1,140,
8833,,,,1,2,2,2,1,2,2,2,2,2,2,20140509,5,9,2,3,,2,,2,1,2,34,9,,6,2,5,4,3,4,3,97,
8834,,,,2,2,2,2,2,2,2,2,2,2,2,20140514,5,9,2,3,,1,,1,1,1,34,9,1,1,1,4,3,2,3,3,73,
8835,,,,2,2,2,2,2,2,2,2,2,2,2,20140515,5,1,1,1,1,2,,3,1,0,34,9,1,,1,1,1,4,5,1,343,
8836,,,,1,2,2,2,1,2,2,2,2,2,2,20140513,5,2,1,1,2,2,,4,1,2,34,9,1,,4,1,,,,1,152,
8837,,,,2,2,2,2,2,2,2,2,2,2,2,20140513,5,9,2,3,,2,,2,2,1,34,9,1,2,2,4,2,3,4,3,73,
8838,,,,2,2,2,2,1,2,2,2,2,2,2,20140513,5,9,2,3,,1,,1,1,0,34,9,1,4,1,4,3,3,4,3,145,
8839,,,,2,2,2,2,2,2,2,2,2,2,2,20140514,5,8,2,3,,2,,2,1,1,34,9,1,2,,3,1,3,4,3,366,
8840,,,,1,2,2,1,1,2,2,2,2,2,2,20140506,5,8,2,3,,1,,1,1,1,34,9,,1,3,5,2,3,4,3,183,
8841,,,,2,2,2,2,2,2,2,2,2,2,2,20140502,5,10,2,3,,1,1,1,1,1,34,9,,2,2,2,1,2,3,3,73,
8842,,,,1,2,2,2,1,1,2,2,2,2,1,20140513,5,1,2,1,1,2,2,3,1,2,34,9,1,,3,1,,,,1,105,
8843,,,,1,2,2,2,1,2,2,2,2,2,2,20140526,5,2,2,1,2,3,3,5,2,3,34,9,1,,,1,1,1,5,1,105,
8844,,,,2,2,2,2,2,2,2,2,2,2,2,20140508,5,2,2,1,2,2,,4,1,2,34,9,,,3,1,1,2,5,1,140,
8845,,,,1,1,2,2,1,2,2,2,2,2,2,20140610,6,7,2,3,,2,,2,0,2,34,9,1,5,2,4,3,3,4,3,366,
8846,,,,2,2,2,2,2,2,2,2,2,2,2,20140514,5,9,1,3,,1,1,1,1,0,34,9,1,4,2,5,5,2,3,3,212,
8847,,,,1,2,2,2,2,2,2,2,2,2,2,20140526,5,2,2,1,2,3,3,5,1,3,34,9,1,,4,1,1,2,5,1,105,
8848,,,,2,2,2,2,2,2,2,2,2,2,2,20140414,4,3,2,4,,,,4,1,3,34,9,,,4,2,3,1,5,1,129,
8849,,,,2,2,2,2,2,2,2,2,2,2,2,20140514,5,10,2,3,,2,,2,1,0,34,9,1,2,,4,1,3,4,3,291,
8850,,,,1,1,2,2,2,2,2,2,2,2,2,20140514,5,10,2,3,,1,,1,1,0,34,9,1,5,2,3,3,1,2,3,145,
8851,,,,1,2,2,2,1,2,2,2,2,2,2,20140514,5,7,2,3,,2,,2,1,1,34,9,1,2,2,4,2,3,4,3,366,
8852,,,,1,2,2,2,1,2,2,2,2,2,2,20140515,5,6,2,2,2,2,,4,1,2,34,9,1,5,4,2,3,1,2,3,1480,
8853,,,,2,2,2,2,2,2,2,2,2,2,2,20140514,5,7,2,2,1,1,,2,1,1,34,9,1,7,3,4,5,1,2,3,1110,
8854,,,,2,2,2,2,2,2,2,2,2,2,2,20140513,5,8,2,3,,2,,2,1,2,34,9,1,5,3,4,2,3,4,3,244,
8855,,,,2,2,2,2,2,2,2,2,2,2,2,20140513,5,9,2,3,,1,,1,2,1,34,9,1,4,1,2,3,1,2,3,48,
8856,,,,1,1,2,2,2,2,2,2,2,2,2,20140513,5,6,2,3,,2,,2,1,2,34,9,1,4,4,2,2,2,3,3,244,
8857,,,,2,2,2,2,2,2,2,2,2,2,2,20140513,5,9,2,3,,2,,2,1,1,34,9,1,2,1,3,2,2,3,3,145,
8858,,,,1,2,2,2,1,2,2,2,2,2,2,20140416,4,3,1,4,,,,5,1,2,34,9,,,2,1,1,2,5,1,317,
8859,,,,1,1,2,2,1,2,2,2,2,2,2,20140513,5,8,2,3,,1,,1,1,1,34,9,1,4,4,4,5,2,3,3,73,
8860,,,,1,2,2,2,2,2,2,2,2,2,2,20140513,5,7,1,3,,1,,1,1,0,34,9,1,1,1,3,4,1,2,3,731,
8861,,,,2,2,2,2,2,2,2,2,2,2,2,20140609,6,4,2,1,2,3,1,5,1,3,34,9,1,,2,1,,,,,202,
8862,,,,2,2,2,2,2,2,2,2,2,2,2,20140514,5,10,2,3,,2,,2,1,1,34,9,1,2,2,5,4,3,4,3,145,
8863,,,,2,2,2,2,2,2,2,2,2,2,2,20140515,5,9,1,3,,2,,2,1,1,34,9,1,2,1,5,4,2,3,3,212,
8864,,,,1,2,2,2,2,2,2,2,2,2,2,20140708,7,1,1,1,2,2,,4,1,2,34,9,1,,4,1,1,4,5,1,152,
8865,,,,1,2,2,2,2,2,2,2,2,2,2,20140514,5,6,2,2,1,2,,3,1,1,34,9,1,6,3,2,4,1,2,3,1666,
8866,,,,1,1,2,2,2,2,2,2,2,2,2,20140629,6,4,2,1,1,2,,3,1,3,34,9,1,,2,1,1,1,5,,121,
8867,,,,1,2,2,2,1,2,2,2,2,2,2,20140623,6,1,2,1,1,2,,3,1,2,34,9,1,,4,1,1,4,5,1,105,
8868,,,,2,2,2,2,2,2,2,2,1,2,2,20140422,4,1,1,4,,,,4,2,1,34,9,,,3,1,1,1,5,1,91,
8869,,,,1,2,2,2,1,2,2,2,2,2,2,20140703,7,10,2,3,,1,,1,1,0,34,9,1,1,,5,3,2,3,3,145,
8870,,,,1,2,2,1,1,2,2,2,2,2,2,20140614,6,9,2,3,,2,,2,2,0,34,9,1,5,,4,1,3,4,3,97,
8871,,,,2,2,2,2,2,2,2,2,2,2,2,20140514,5,9,1,3,,2,,2,1,0,34,9,1,1,2,4,4,2,3,3,424,
8872,,,,1,2,2,2,2,2,2,2,2,2,2,20140524,5,3,1,1,1,2,1,3,1,2,34,9,1,,4,2,3,1,5,1,190,
8873,,,,1,2,2,2,1,2,2,2,2,2,2,20140619,6,4,1,1,2,2,,4,1,3,34,9,1,,,3,3,1,5,,152,
8874,,,,2,2,2,2,2,2,2,2,2,2,2,20140615,6,7,2,2,2,2,2,4,1,3,34,9,1,7,4,2,2,2,3,3,1110,
8875,,,,2,2,2,2,2,2,2,2,2,2,2,20140626,6,4,1,1,2,2,2,4,1,3,34,9,1,,,2,3,1,5,,152,
8876,,,,2,2,2,2,2,2,2,2,2,2,2,20140414,4,6,2,4,,,,5,1,2,34,9,,2,2,5,2,3,4,3,610,
8877,,,,1,2,2,2,2,2,2,2,1,2,2,20140609,6,4,1,1,1,3,1,4,2,3,34,9,1,,,3,5,1,5,,152,
8878,,,,1,2,2,2,2,2,2,2,2,2,2,20140513,5,10,2,3,,2,,2,1,1,34,9,1,4,1,1,1,1,2,3,145,
8879,,,,2,2,2,2,2,2,2,2,1,2,2,20140806,8,2,2,1,2,2,,4,2,2,34,9,1,,4,1,1,3,5,1,70,
8880,,,,1,2,2,2,2,2,2,2,1,2,2,20140514,5,7,1,3,,1,,1,2,0,34,9,1,6,2,4,5,2,3,3,365,
8881,,,,1,1,2,2,2,2,2,2,2,2,2,20140514,5,8,2,3,,1,,1,1,1,34,9,1,4,2,3,2,2,3,3,183,
8882,,,,1,1,2,2,2,2,2,2,2,2,2,20140726,7,9,1,3,,2,,2,2,2,34,9,1,2,4,4,5,1,2,3,106,
8883,,,,1,2,2,2,1,2,2,2,2,2,2,20140506,5,1,2,1,3,3,4,6,1,3,34,9,,,,1,,,,1,120,
8884,,,,1,2,2,1,1,2,2,2,2,2,2,20140526,5,1,2,1,1,3,,5,1,3,34,9,1,,4,1,,,,1,131,
8885,,,,1,1,2,2,1,,,2,2,2,2,20140505,5,7,1,2,2,3,1,5,1,3,34,9,,4,4,2,3,1,2,3,1848,
8886,,,,1,2,1,2,2,2,2,2,2,2,2,20140716,7,3,2,1,1,1,,2,1,0,34,9,1,,1,3,4,2,5,1,323,
8887,1,1,1,1,2,2,2,2,2,2,2,2,2,2,20150313,3,7,2,3,,1,,1,1,2,34,9,1,2,2,2,1,2,3,3,122,70+
8888,,,,2,2,2,2,2,2,2,2,2,2,2,20140804,8,9,1,3,,2,,2,1,1,34,9,1,7,4,5,5,2,3,3,212,
8889,,,,1,2,2,2,2,2,2,2,1,2,2,20140514,5,3,2,1,3,2,,5,1,2,34,9,1,,4,1,1,1,5,1,269,
8890,,,,1,2,2,2,2,2,2,2,2,2,2,20140611,6,7,2,3,,1,,1,0,1,34,9,1,1,1,3,1,3,4,3,366,
8891,,,,1,1,2,2,2,2,2,2,2,2,2,20140610,6,3,2,1,3,2,2,5,1,3,34,9,1,,2,2,1,3,5,1,202,
8892,,,,2,2,2,2,2,2,2,2,2,2,2,20140513,5,8,2,3,,1,,1,1,0,34,9,1,2,1,5,3,3,4,3,366,
8893,,,,2,2,2,2,2,2,2,2,2,2,2,20140723,7,9,2,3,,1,,1,1,0,34,9,1,1,,3,3,2,3,3,145,
8894,,,,2,2,2,2,2,2,2,2,2,2,2,20140722,7,8,2,3,,2,,2,1,1,34,9,1,6,4,2,3,1,2,3,366,
8895,,,,2,2,2,2,2,2,2,2,2,2,2,20140731,7,9,1,3,,3,,3,1,1,34,9,1,1,1,4,3,2,3,3,318,
8896,,,,2,2,2,2,2,2,2,2,2,2,2,20140805,8,9,1,3,,1,,1,2,0,34,9,1,2,1,3,4,1,2,3,71,
8897,,,,1,2,2,2,2,2,2,2,1,2,2,20140803,8,3,2,1,2,2,,4,1,1,34,9,1,,1,1,1,2,5,1,323,
8898,,,,1,2,2,2,2,2,2,2,2,2,2,20140720,7,6,2,2,1,2,1,3,1,1,34,9,1,6,4,3,2,2,3,3,1666,
8899,,,,1,2,2,2,2,2,2,2,2,2,2,20140718,7,8,2,3,,2,,2,1,0,34,9,1,4,,5,3,3,4,3,732,
8900,,,,2,2,2,2,2,2,2,2,2,2,2,20140710,7,7,2,3,,2,,2,2,2,34,9,1,4,2,5,3,3,4,3,183,
8901,,,,2,2,2,2,2,2,1,2,1,2,2,20140721,7,3,1,1,3,2,,5,1,3,34,9,1,,4,1,1,1,5,1,238,
8902,,,,2,2,2,2,2,2,2,2,2,2,2,20140712,7,8,2,3,,2,,2,1,1,34,9,1,4,3,2,3,1,2,3,366,
8903,,,,2,2,2,2,2,2,2,2,2,2,2,20140716,7,9,2,3,,2,,2,1,2,34,9,1,2,4,3,1,2,3,3,97,
8904,,,,1,1,1,2,1,2,2,2,2,2,1,20140513,5,9,2,3,,1,,1,1,1,34,9,1,2,2,2,2,1,2,3,73,
8905,,,,2,2,2,2,2,2,2,2,1,2,2,20140720,7,8,2,3,,2,,2,1,0,34,9,1,5,1,2,1,1,2,3,732,
8906,,,,2,2,2,2,2,2,2,2,2,2,2,20140525,5,4,1,1,1,2,,3,1,2,34,9,1,,2,3,4,1,5,,190,
8907,,,,2,2,2,2,2,2,2,2,2,2,2,20140509,5,9,1,3,,2,2,2,1,1,34,9,,2,1,3,3,1,2,3,212,
8908,,,,1,1,2,1,1,2,1,2,1,2,2,20140515,5,8,2,3,,1,,1,1,1,34,9,1,2,2,3,3,1,2,3,183,
8909,,,,1,2,2,2,1,2,2,2,1,2,2,20140720,7,8,2,3,,3,4,5,1,0,34,9,1,7,,4,4,2,3,3,1829,
8910,,,,1,2,2,1,1,2,2,2,2,2,2,20140719,7,8,2,3,,1,1,1,1,1,34,9,1,3,2,5,1,3,4,3,183,
8911,,,,2,2,2,2,2,2,2,2,2,2,2,20140728,7,1,1,1,2,2,,4,1,1,34,9,1,,,1,1,3,5,1,229,
8912,,,,1,2,2,2,2,2,2,2,1,2,2,20140722,7,10,2,3,,1,,1,1,0,34,9,1,5,,2,1,2,3,3,145,
8913,,,,2,2,2,2,2,2,2,2,2,2,2,20140722,7,9,2,3,,1,,1,1,1,34,9,1,2,,,,,,3,73,
8914,,,,1,2,2,2,2,2,2,2,2,2,2,20140609,6,4,2,2,2,3,,5,2,3,34,9,1,,,2,2,1,2,3,251,
8915,,,,2,2,2,2,2,2,2,2,2,2,2,20140711,7,10,2,3,,1,,1,1,3,34,9,1,6,2,2,2,1,2,3,29,
8916,,,,1,2,2,2,1,2,2,2,2,2,2,20140710,7,3,2,1,1,2,,3,1,2,34,9,1,,4,2,3,1,5,1,161,
8917,1,1,1,1,2,2,2,2,2,2,2,2,2,2,20141203,12,2,2,2,2,2,,4,1,1,34,9,1,,,1,1,1,5,1,458,
8918,,,,1,2,2,2,2,2,2,2,2,2,2,20140805,8,2,2,1,3,3,,6,1,2,34,9,1,,3,1,1,3,5,1,210,
8919,,,,1,2,1,2,1,2,2,2,2,2,2,20140719,7,8,2,3,,1,,1,2,1,34,9,1,2,1,2,1,2,3,3,122,
8920,,,,2,2,2,2,2,2,1,2,1,2,2,20140731,7,9,2,3,,2,,2,1,1,34,9,1,4,,4,4,2,3,3,145,
8921,,,,2,2,2,2,2,2,2,2,2,2,2,20140804,8,10,2,3,,2,,2,2,1,34,9,1,1,2,3,1,2,3,3,97,
8922,,,,2,2,2,2,2,2,2,2,2,2,2,20140502,5,9,1,3,,2,,2,2,1,34,9,,1,2,4,3,3,4,3,141,
8923,,,,2,2,2,2,2,2,2,2,2,2,2,20140515,5,3,2,1,1,3,3,5,1,2,34,9,1,,,,1,,,1,269,
8924,,,,2,2,2,2,2,2,2,2,2,2,2,20140717,7,1,1,1,2,2,,4,1,2,34,9,1,,3,1,,,,1,152,
8925,,,,1,2,2,2,2,2,2,2,2,2,2,20140804,8,3,1,1,1,2,,3,1,2,34,9,1,,,4,4,2,5,1,190,
8926,,,,1,2,2,1,1,2,2,2,2,2,2,20140507,5,7,2,1,3,3,1,6,1,3,34,9,,6,,3,4,1,2,3,612,
8927,,,,1,2,2,2,1,2,1,2,2,2,2,20140713,7,8,2,3,,3,2,4,1,3,34,9,1,6,,4,3,2,3,3,293,
8928,,,,2,2,2,2,2,2,2,2,2,2,2,20140506,5,8,1,3,,2,,2,1,2,34,9,,1,2,5,5,1,2,3,487,
8929,,,,1,2,1,2,1,2,1,2,1,2,2,20140806,8,3,2,1,2,2,,4,1,2,34,9,1,,4,1,1,1,5,1,215,
8930,,,,1,2,2,2,1,2,2,1,2,2,2,20140720,7,1,1,1,2,2,,4,1,3,34,9,1,,3,1,1,2,5,1,114,
8931,,,,1,2,2,2,2,2,1,1,1,2,2,20140722,7,3,1,1,2,3,1,5,1,0,34,9,1,,2,3,4,1,5,1,952,
8932,,,,2,2,2,2,2,2,2,2,2,2,2,20140421,4,9,2,4,,,,2,1,2,34,9,,4,4,,1,,,3,97,
8933,,,,2,2,2,2,2,2,2,2,2,2,2,20140724,7,9,2,3,,2,,2,2,2,34,9,1,7,3,2,1,1,2,3,58,
8934,,,,2,2,2,2,2,2,2,2,2,2,2,20140413,4,10,1,4,,,,2,1,0,34,9,,5,4,4,4,2,3,3,424,
8935,,,,,2,2,2,2,2,2,2,2,2,1,20140918,9,9,1,3,,2,,2,1,2,34,9,1,7,,3,1,3,4,3,141,
8936,,,,1,1,2,2,2,2,2,2,2,2,2,20140912,9,9,2,3,,2,,2,1,2,34,9,1,6,4,5,3,3,4,3,97,
8937,,,,1,1,2,2,1,2,2,2,2,2,2,20140921,9,9,2,3,,1,,1,1,1,34,9,1,7,2,2,1,1,2,3,73,
8938,,,,2,2,2,2,2,2,2,2,2,2,2,20140910,9,2,2,1,3,2,,5,2,2,34,9,1,,4,1,1,1,5,1,131,
8939,,,,2,2,2,2,2,2,2,2,2,2,2,20141007,10,1,2,1,2,1,1,3,1,1,34,9,1,,1,1,1,4,5,1,158,
8940,,,,1,2,2,2,2,2,2,2,2,2,2,20140911,9,9,1,3,,2,,2,1,1,34,9,1,1,2,,3,,,3,212,
8941,,,,2,2,1,1,2,2,1,2,1,2,2,20141009,10,6,1,2,4,2,,6,1,1,34,9,1,4,2,5,5,3,4,3,6653,
8942,,,,1,2,2,2,1,2,2,2,2,2,2,20141006,10,1,2,1,1,2,,3,1,2,34,9,1,,4,1,1,1,5,1,105,
8943,,,,1,2,2,2,1,2,2,2,2,2,2,20140803,8,10,1,3,,2,,2,2,0,34,9,1,5,,3,4,1,2,3,141,
8944,,,,1,2,2,1,1,2,2,2,2,2,2,20140923,9,3,2,1,2,2,2,4,1,3,34,9,1,,4,1,1,1,5,1,161,
8945,,,,1,2,2,1,1,2,2,2,2,2,2,20140910,9,9,1,2,1,2,2,3,1,2,34,9,1,4,3,3,3,2,3,3,644,
8946,,,,2,2,2,2,2,2,2,2,2,2,2,20140930,9,7,2,3,,2,,2,1,1,34,9,1,2,,2,2,1,2,3,366,
8947,,,,2,2,2,2,2,2,2,2,2,2,2,20141003,10,8,1,3,,2,,2,1,1,34,9,1,1,2,4,3,2,3,3,731,
8948,,,,2,2,2,2,2,2,2,2,2,2,2,20140914,9,8,1,3,,1,,1,1,1,34,9,1,1,1,5,2,3,4,3,365,
8949,,,,2,2,2,2,2,2,2,2,2,2,2,20140930,9,8,1,3,,1,,1,1,1,34,9,1,2,2,4,3,2,3,3,365,
8950,,,,2,2,2,2,2,2,2,2,2,2,2,20140916,9,7,2,2,1,2,,3,1,2,34,9,1,4,3,5,2,3,4,3,1110,
8951,,,,2,2,2,2,2,2,2,2,2,2,2,20140917,9,9,1,3,,1,,1,1,0,34,9,1,7,,4,5,2,3,3,212,
8952,,,,1,2,2,2,1,2,2,2,2,2,2,20141006,10,4,1,1,1,1,,2,1,1,34,9,1,,3,2,3,1,5,,190,
8953,,,,2,2,2,2,2,2,2,2,2,2,2,20140912,9,9,2,3,,1,,1,2,0,34,9,1,1,2,3,2,2,3,3,48,
8954,,,,2,2,2,2,2,2,2,2,2,2,2,20140912,9,8,2,3,,2,,2,2,2,34,9,1,6,4,2,3,1,2,3,122,
8955,,,,1,2,2,2,2,2,2,2,2,2,2,20140912,9,9,1,3,,3,1,5,2,3,34,9,1,1,2,5,3,3,4,3,212,
8956,,,,1,2,2,2,2,2,2,2,1,2,2,20140919,9,6,2,2,2,2,,4,1,1,34,9,1,2,,5,5,3,4,3,2221,
8957,,,,2,2,2,2,2,2,2,2,2,2,2,20141004,10,3,1,1,1,2,2,3,2,3,34,9,1,,4,1,2,1,5,1,114,
8958,,,,1,2,2,1,1,2,1,2,2,2,1,20140921,9,9,1,3,,2,,2,1,1,34,9,1,2,2,4,3,3,4,3,212,
8959,,,,2,2,2,2,2,2,2,2,2,2,2,20140913,9,10,2,3,,1,,1,1,2,34,9,1,2,1,,4,,,3,48,
8960,,,,2,2,2,2,2,2,2,2,2,2,2,20140806,8,9,2,3,,1,,1,1,0,34,9,1,3,1,3,2,2,3,3,145,
8961,,,,1,1,2,2,2,2,2,2,2,2,2,20140910,9,10,2,3,,2,,2,1,0,34,9,1,2,,2,3,1,2,3,291,
8962,,,,1,2,2,2,2,2,2,2,2,2,2,20140930,9,6,2,2,3,2,,5,1,2,34,9,1,6,4,1,1,1,1,3,1851,
8963,,,,2,2,2,2,2,2,2,2,2,2,2,20140918,9,8,2,3,,2,,2,1,1,34,9,,7,2,2,1,2,3,3,366,
8964,,,,1,1,2,2,1,2,2,2,2,2,2,20140930,9,8,2,3,,2,,2,1,2,34,9,1,2,3,3,1,2,3,3,244,
8965,,,,2,2,2,2,2,2,2,2,2,2,2,20140919,9,9,1,3,,2,,2,2,1,34,9,1,4,2,3,5,1,2,3,141,
8966,,,,1,1,2,2,2,2,2,2,1,2,2,20140731,7,2,1,1,5,2,2,6,1,2,34,9,1,,4,1,1,3,5,1,267,
8967,,,,2,2,2,2,2,2,2,2,2,2,2,20150217,2,1,1,1,1,2,,3,1,2,34,9,1,,4,1,1,1,5,1,114,
8968,,,,1,2,2,2,2,2,2,2,2,2,2,20150223,2,2,2,1,3,2,,5,0,2,34,9,1,,3,1,1,1,5,1,263,
8969,,,,2,2,2,2,2,2,2,2,2,2,2,20150219,2,1,1,1,3,2,,5,1,2,34,9,1,,2,1,,,,1,191,
8970,1,1,1,2,2,2,2,2,2,2,2,2,2,2,20150210,2,10,2,3,,1,,1,1,1,34,9,1,4,1,3,1,2,3,3,73,65+
8971,1,1,1,1,2,2,2,1,2,2,2,2,2,2,20150314,3,8,1,3,,1,,1,1,1,34,9,1,6,4,4,3,2,3,3,365,60+
8972,,,,2,2,2,2,2,2,2,2,2,2,2,20150326,3,2,1,1,2,2,,4,1,2,34,9,1,,4,,,,,1,152,
8973,1,2,1,2,2,2,2,2,2,2,2,2,2,2,20150217,2,10,2,3,,1,,1,1,0,34,9,1,6,2,2,1,1,2,3,145,60+
8974,,,,1,2,2,1,1,2,2,2,1,1,2,20150324,3,3,1,1,2,2,,4,1,3,34,9,1,,4,1,1,1,5,1,190,
8975,,,,2,2,2,2,2,2,2,2,2,2,2,20150409,4,2,2,1,4,2,,6,1,3,34,9,1,,3,1,1,1,5,1,126,
8976,1,1,1,1,1,2,2,2,2,2,2,2,2,2,20150211,2,7,2,3,,2,,2,1,1,34,9,1,6,1,2,1,2,3,3,366,75+
8977,1,1,1,2,2,2,2,2,2,2,2,2,2,2,20150320,3,8,1,3,,2,,2,1,1,34,9,1,2,4,5,4,2,3,3,731,Plus vieux que moi
8978,,,,1,2,2,2,1,2,2,2,2,2,2,20150225,2,3,2,1,2,2,,4,1,2,34,9,1,,4,2,1,2,5,1,215,
8979,1,1,1,1,1,2,2,2,2,2,2,2,2,2,20150212,2,9,2,3,,3,1,3,1,1,34,9,1,6,,2,3,1,2,3,218,70+
8980,1,,1,1,2,2,2,1,2,2,2,2,2,2,20150217,2,8,2,3,,2,,2,1,1,34,9,1,1,,2,3,1,2,3,366,70+
8981,,,,1,2,2,2,2,2,2,2,2,2,2,20150409,4,2,1,1,4,1,,6,1,3,34,9,1,,4,1,1,1,5,1,137,
8982,1,2,1,2,2,2,2,2,2,2,2,2,2,2,20150218,2,8,1,3,,3,1,3,1,1,34,9,1,7,4,3,3,2,3,3,1096,
8983,,,,1,1,2,2,2,2,2,2,2,2,2,20150330,3,2,2,1,5,2,,6,1,3,34,9,1,,2,1,1,1,5,1,90,
8984,1,1,1,2,2,2,2,2,2,2,2,2,2,2,20150212,2,9,2,3,,2,,2,1,1,34,9,1,1,1,3,2,2,3,3,145,
8985,1,,1,2,2,2,2,2,2,2,2,2,2,2,20150318,3,10,1,3,,1,,1,1,0,34,9,1,3,1,3,5,1,2,3,212,
8986,,,,1,2,2,2,1,2,2,2,2,2,2,20150331,3,2,2,1,3,2,,5,1,2,34,9,1,,4,1,1,1,5,1,175,
8987,,,,1,2,2,2,2,2,2,2,2,2,2,20150213,2,2,2,1,2,2,,4,1,2,34,9,1,,4,1,1,1,5,1,140,
8988,,,,1,2,2,1,1,2,1,2,1,2,1,20150225,2,4,2,1,1,1,,2,2,2,34,9,1,,,1,2,1,5,,81,
8989,1,2,1,1,2,2,1,1,2,2,2,2,2,2,20150315,3,9,2,3,,2,,2,2,1,34,9,1,2,3,2,3,1,2,3,97,65+
8990,1,2,1,1,2,2,1,1,2,2,2,2,2,2,20150321,3,8,2,3,,2,,2,2,1,34,9,1,2,1,3,2,2,3,3,244,"Pas d’âge, santé implicite"
8991,,,,2,2,2,2,2,2,2,2,2,2,2,20150325,3,3,1,1,2,2,,4,1,2,34,9,1,,4,1,1,1,5,1,254,
8992,1,,1,2,2,2,2,2,2,2,2,2,2,2,20150212,2,6,2,3,,1,1,1,1,0,34,9,1,7,1,4,3,2,3,3,366,
8993,1,2,,2,2,2,2,2,2,2,2,2,2,2,20150319,3,9,1,3,,2,,2,1,2,34,9,1,1,2,5,3,3,4,3,141,55+
8994,,,,1,2,2,2,2,2,1,2,1,2,2,20150217,2,1,2,1,4,2,,6,1,1,34,9,1,,3,1,1,2,5,1,315,
8995,,,,1,2,2,2,2,1,1,2,1,2,1,20150330,3,2,1,1,3,2,,5,1,2,34,9,1,,4,1,1,3,5,1,191,
8996,1,1,1,2,2,2,2,1,2,2,2,2,2,2,20150211,2,10,1,3,,1,,1,1,1,34,9,1,1,2,5,4,2,3,3,106,"Pas d’âge, santé implicite"
8997,,,,1,2,1,2,2,2,2,2,2,2,2,20150328,3,3,1,1,1,2,,3,1,1,34,9,1,,3,2,1,2,5,1,286,
8998,,,,1,2,2,2,1,2,2,2,2,2,2,20150223,2,4,1,1,1,2,,3,1,3,34,9,1,,4,2,5,1,5,,143,
8999,,,,1,2,2,2,2,2,2,2,2,2,2,20150329,3,3,1,1,2,2,,4,1,2,34,9,1,,4,1,1,1,5,1,254,
9000,,,,2,2,2,2,2,2,2,2,2,2,2,20150319,3,1,2,1,4,2,2,6,1,1,34,9,1,,,1,1,2,5,1,315,
9001,1,,1,2,2,2,2,2,2,2,2,2,2,2,20150212,2,9,1,3,,2,,2,1,1,34,9,1,1,1,5,3,3,4,3,212,80+
9002,1,2,1,1,1,1,2,2,2,2,2,2,2,2,20150218,2,4,1,3,,3,3,3,1,3,34,9,1,,4,5,4,3,4,3,548,70+
9003,1,1,2,2,2,2,2,2,2,2,2,2,2,2,20150211,2,10,1,3,,2,,2,1,0,34,9,1,5,2,3,4,1,2,3,424,65+
9004,1,1,1,2,2,2,2,2,2,2,2,2,2,2,20150314,3,9,2,3,,2,,2,1,,34,9,1,2,1,2,1,2,3,3,291,"Pas d’âge, santé implicite"
9005,,,,2,2,2,2,2,2,2,2,2,2,2,20150325,3,4,2,1,1,2,,3,1,2,34,9,1,,3,2,4,1,5,,161,
9006,1,1,1,2,2,2,2,2,2,2,2,2,2,2,20150320,3,10,2,3,,2,1,2,2,2,34,9,1,6,3,5,1,3,4,3,73,65+
9007,,,,2,2,2,2,2,2,2,2,2,2,2,20150211,2,4,2,1,2,2,,4,1,3,34,9,1,,4,4,2,3,5,,161,
9008,1,1,2,1,2,1,2,2,2,2,2,2,2,1,20150210,2,7,2,3,,2,,2,1,2,34,9,1,4,4,2,2,1,2,3,244,65+
9009,,,,2,2,2,2,2,2,2,2,2,2,2,20150329,3,4,1,2,1,3,1,4,2,1,34,9,1,,,4,4,2,5,,553,
9010,,,,1,2,2,,1,2,2,2,2,2,2,20150211,2,4,2,1,1,3,3,4,2,3,34,9,1,,4,1,,,,,92,
9011,,,,2,2,2,2,2,2,2,2,2,2,2,20150225,2,2,2,1,2,1,,3,1,1,34,9,1,,4,1,1,3,5,1,158,
9012,,,,1,2,2,2,2,2,2,2,2,2,2,20150210,2,2,2,1,4,2,,6,1,2,34,9,1,,2,1,,,,1,210,
9013,1,,1,2,2,2,2,2,2,2,2,2,2,2,20150217,2,10,2,3,,2,,2,1,1,34,9,1,1,2,2,1,1,2,3,145,"Pas d’âge, santé implicite"
9014,1,2,1,1,2,2,2,2,2,2,2,1,2,2,20150217,2,8,2,3,,1,,1,1,1,34,9,1,5,2,5,2,3,4,3,183,65+
9015,,,,2,2,2,2,2,2,2,2,2,2,2,20150217,2,1,2,1,2,2,,4,1,2,34,9,1,,2,1,,,,1,140,
9016,1,2,1,1,2,2,2,2,2,2,2,2,2,2,20150316,3,7,1,2,3,2,,5,1,2,34,9,1,7,4,5,5,2,3,3,3696,70+
9017,1,2,1,2,2,2,2,2,2,2,2,2,2,2,20150213,2,8,2,3,,2,,2,1,1,34,9,1,2,2,,2,,,3,366,
9018,1,2,1,1,2,2,1,1,2,2,2,1,2,2,20150225,2,4,1,3,,3,1,3,1,3,34,9,1,,4,5,5,1,2,3,102,80+
9019,,,,1,1,2,2,1,2,2,2,2,2,2,20150217,2,3,2,1,1,2,,3,1,3,34,9,1,,4,2,3,1,5,1,121,
9020,1,2,1,2,2,2,2,2,2,2,2,2,2,2,20150310,3,8,2,3,,2,,2,2,2,34,9,1,2,3,2,1,2,3,3,183,70+
9021,1,2,1,1,2,2,2,1,2,2,2,1,1,2,20150318,3,8,2,3,,3,1,3,1,2,34,9,1,7,4,3,2,2,3,3,366,70+
9022,1,,1,1,1,2,2,1,2,2,2,2,2,2,20150315,3,8,2,3,,1,,1,1,1,34,9,1,6,2,2,3,1,2,3,183,
9023,,,,2,2,1,2,1,2,2,2,2,2,2,20150322,3,1,1,1,1,2,1,2,0,1,34,9,1,,,1,,,,1,229,
9024,,,,2,2,2,2,2,2,2,2,2,2,2,20150326,3,2,1,1,2,2,,4,1,3,34,9,1,,4,1,1,2,5,1,114,
9025,,,,2,2,2,2,2,2,2,2,2,2,2,20140730,7,2,2,1,3,2,,5,1,2,34,9,1,,2,1,1,1,5,1,175,
9026,,,,1,1,2,2,1,2,2,2,2,2,2,20140722,7,8,2,2,1,3,1,4,2,3,34,9,1,4,3,1,1,1,2,3,740,
9027,,,,2,2,2,2,2,2,2,2,2,2,2,20150326,3,1,1,1,1,2,,3,1,2,34,9,1,,4,1,1,4,5,1,114,
9028,1,1,1,1,2,2,2,2,2,2,2,2,2,2,20150212,2,10,2,3,,1,,1,1,1,34,9,1,5,1,2,3,1,2,3,73,
9029,,,,1,2,2,2,1,2,2,2,2,2,2,20150219,2,2,1,1,2,2,2,4,1,2,34,9,1,,4,1,1,1,5,1,152,
9030,1,1,1,2,2,2,2,2,2,2,2,2,2,2,20141115,11,4,2,2,1,2,1,3,1,2,34,9,1,,2,4,4,2,3,3,1110,65+
9031,,,,1,2,2,2,2,2,2,2,2,2,2,20141019,10,2,1,1,2,1,,3,1,1,34,9,1,,,,1,,,1,172,
9032,,,,1,2,2,2,1,2,2,2,2,2,2,20141020,10,8,2,3,,2,,2,2,2,34,9,1,1,2,3,1,2,3,3,146,
9033,,,,1,2,2,2,2,2,2,2,2,2,2,20141021,10,3,2,1,2,2,,4,1,2,34,9,1,,4,2,2,2,5,1,215,
9034,1,2,2,2,2,2,2,2,2,2,2,2,2,2,20150123,1,9,2,3,,1,,1,1,1,34,9,1,1,1,3,2,2,3,3,73,"Pas d’âge, santé implicite"
9035,,,,2,2,2,2,2,2,2,2,2,2,2,20150129,1,1,1,1,1,2,,3,0,2,34,9,1,,,1,,,,1,172,
9036,1,2,2,2,2,2,2,2,2,1,2,1,2,2,20150126,1,4,1,3,,3,3,3,1,1,34,9,1,,3,5,4,3,4,3,205,50+
9037,,,,1,1,2,2,2,2,2,2,2,2,2,20141211,12,3,2,1,3,2,,5,1,2,34,9,1,,4,2,2,1,5,1,269,
9038,,,,2,2,2,2,2,2,2,2,1,2,2,20140912,9,8,1,3,,1,,1,1,0,34,9,1,1,,2,1,2,3,3,731,
9039,,,,,2,2,1,1,2,2,2,2,2,2,20140916,9,7,2,2,1,2,,3,2,1,34,9,1,,2,2,3,1,2,3,833,
9040,,,,1,2,2,1,1,2,2,2,2,2,2,20141031,10,3,2,1,2,2,,4,2,2,34,9,1,,4,1,1,1,5,1,161,
9041,,,,2,2,2,2,2,2,2,2,2,2,2,20141028,10,2,2,1,3,2,,5,1,2,34,9,1,,4,1,1,2,5,1,175,
9042,1,,1,1,2,2,1,1,2,2,2,2,2,2,20150318,3,9,2,3,,1,,1,2,1,34,9,1,4,2,2,2,1,2,3,48,"Pas d’âge, santé implicite"
9043,,,,2,2,2,2,2,2,2,2,2,2,2,20141102,11,3,2,1,4,3,3,6,1,3,34,9,1,,3,1,3,1,5,1,282,
9044,,,,1,2,2,2,2,2,2,2,2,2,2,20141102,11,2,2,1,2,2,,4,1,2,34,9,1,,3,1,,,,1,140,
9045,,,,1,2,2,2,1,2,2,2,1,2,2,20141029,10,4,2,3,,3,1,3,1,3,34,9,1,,4,1,1,1,2,3,87,
9046,,,,2,2,2,2,1,2,2,2,2,2,2,20140908,9,1,2,1,1,3,,5,1,3,34,9,1,,1,,,,,1,131,
9047,,,,1,2,2,2,1,2,2,2,2,2,2,20140828,8,3,2,1,2,3,1,5,1,3,34,9,1,,,1,1,1,5,1,202,
9048,,,,2,2,2,2,2,2,2,2,2,2,2,20141201,12,4,1,1,5,3,2,6,2,1,34,9,1,,3,2,3,1,5,,444,
9049,,,,1,2,2,1,2,2,2,1,1,1,2,20140818,8,5,2,3,,1,,1,1,2,34,9,1,5,3,2,2,1,2,3,122,
9050,,,,1,2,2,2,2,2,2,2,2,2,2,20141102,11,2,1,1,2,2,,4,1,2,34,9,1,,4,1,1,1,5,1,152,
9051,,,,2,2,2,2,2,2,2,2,2,2,2,20141101,11,2,1,1,1,2,2,4,1,2,34,9,1,,,1,1,2,5,1,152,
9052,,,,1,2,2,2,2,2,2,2,2,2,2,20141030,10,4,2,1,2,2,,4,1,3,34,9,1,,4,1,4,1,5,,92,
9053,,,,2,2,2,2,2,2,2,2,2,2,2,20140811,8,9,1,3,,2,,2,1,1,34,9,1,2,2,5,5,3,4,3,212,
9054,,,,1,2,2,2,2,2,2,2,2,2,2,20141118,11,2,1,1,2,2,,4,,,34,9,1,,4,1,1,2,5,1,114,
9055,,,,2,2,2,2,2,2,2,2,2,2,2,20140909,9,3,1,1,2,2,,4,1,2,34,9,1,,4,,,,,1,254,
9056,,,,1,2,2,2,2,2,2,2,2,2,2,20141016,10,8,2,3,,2,2,2,1,1,34,9,1,1,1,2,2,1,2,3,366,
9057,,,,1,2,2,2,2,2,2,2,2,2,2,20141014,10,8,2,3,,2,,2,1,1,34,9,1,2,2,3,1,2,3,3,366,
9058,,,,2,2,2,2,2,2,2,2,2,2,2,20141011,10,9,2,3,,2,2,2,1,1,34,9,1,4,2,2,2,2,3,3,145,
9059,,,,1,2,2,2,2,2,2,2,2,2,2,20141010,10,10,1,3,,2,,2,1,2,34,9,1,7,,4,5,1,2,3,141,
9060,,,,1,2,2,2,1,2,2,2,2,2,2,20141016,10,8,1,3,,3,1,3,1,2,34,9,1,6,4,3,4,1,2,3,731,
9061,,,,2,2,2,2,2,2,2,2,2,2,2,20141016,10,2,1,1,2,2,,4,1,2,34,9,1,,,,,,,1,152,
9062,,,,2,2,2,2,2,2,2,2,2,2,2,20141016,10,10,2,3,,1,,1,1,0,34,9,1,4,2,2,3,1,2,3,145,
9063,,,,1,1,2,2,2,2,2,2,2,2,2,20141016,10,7,1,3,,3,1,3,1,2,34,9,1,4,3,3,3,2,3,3,731,
9064,,,,2,2,2,2,2,2,2,2,2,2,2,20141016,10,10,2,3,,1,,1,1,1,34,9,1,7,2,3,1,2,3,3,73,
9065,,,,2,2,2,2,2,2,2,2,2,2,2,20141011,10,10,2,3,,3,1,3,1,2,34,9,1,2,2,3,2,2,3,3,145,
9066,,,,2,2,2,2,2,2,1,2,1,2,2,20141015,10,10,2,3,,2,,2,2,1,34,9,1,7,2,3,3,2,3,3,73,
9067,,,,2,2,2,2,2,2,2,2,2,2,2,20141028,10,2,1,1,2,2,,4,1,2,34,9,1,,4,1,1,2,5,1,152,
9068,,,,2,2,2,2,2,2,2,2,2,2,2,20141022,10,8,1,3,,2,,2,1,1,34,9,1,2,2,4,5,1,2,3,731,
9069,,,,1,2,2,2,2,2,1,2,1,2,2,20141028,10,4,1,1,1,2,,3,1,2,34,9,1,,2,5,4,3,5,,190,
9070,,,,2,2,2,2,2,2,2,2,2,2,2,20141010,10,10,2,3,,1,1,1,1,1,34,9,1,1,1,2,1,2,3,3,73,
9071,,,,2,2,2,2,2,2,2,2,2,2,2,20141012,10,8,2,3,,2,1,2,1,2,34,9,1,4,,2,2,1,2,3,244,
9072,,,,1,1,1,2,2,2,2,2,2,2,2,20141020,10,9,1,3,,2,,2,1,1,34,9,1,2,2,5,3,3,4,3,212,
9073,,,,2,2,2,2,2,2,2,2,2,2,2,20141024,10,8,2,3,,2,,2,1,0,34,9,1,1,1,1,1,1,2,3,732,
9074,,,,1,2,2,2,2,2,2,2,2,2,2,20141024,10,10,2,3,,2,,2,2,0,34,9,1,2,2,2,1,2,3,3,145,
9075,,,,1,,,,,,,2,2,2,2,20141028,10,3,2,1,2,3,1,5,1,3,34,9,1,,4,1,2,1,5,1,135,
9076,,,,1,2,2,2,1,2,2,2,2,2,2,20141023,10,7,2,3,,3,,3,1,1,34,9,1,6,3,2,1,1,2,3,549,
9077,,,,2,2,2,2,2,2,2,2,2,2,2,20141023,10,9,2,3,,1,1,1,2,1,34,9,1,4,,3,1,3,4,3,21,
9078,,,,2,2,2,2,2,2,2,2,2,2,2,20141023,10,9,1,3,,1,1,1,1,2,34,9,1,7,3,5,5,2,3,3,71,
9079,,,,1,2,2,2,1,2,2,2,2,2,2,20141023,10,7,1,2,1,2,,4,1,3,34,9,1,4,2,5,4,3,4,3,2218,
9080,1,2,1,1,2,2,2,1,2,2,2,2,2,2,20150217,2,9,1,3,,2,,2,2,2,34,9,1,6,4,5,5,2,3,3,85,65+
9081,,,,1,2,2,1,1,2,2,2,2,2,2,20150126,1,1,1,1,3,2,,5,1,0,34,9,1,,2,1,,,,1,572,
9082,,,,1,1,2,2,2,2,2,2,2,2,2,20141113,11,8,2,3,,1,,1,1,1,34,9,1,2,1,5,3,3,4,3,183,
9083,,,,2,2,2,2,2,2,2,2,2,2,2,20141114,11,1,1,1,2,2,,4,1,2,34,9,1,,4,1,,,,1,152,
9084,,,,2,2,2,2,2,2,2,2,2,2,2,20141113,11,8,2,3,,2,,2,2,2,34,9,1,6,4,1,2,1,2,3,183,
9085,,,,2,1,2,2,1,2,2,2,2,2,2,20141112,11,10,2,3,,1,,1,1,0,34,9,1,4,1,3,2,2,3,3,145,
9086,,,,2,2,2,2,2,2,2,2,2,2,2,20141113,11,7,2,3,,3,1,3,1,3,34,9,1,1,2,4,2,3,4,3,274,
9087,,,,2,2,2,1,1,2,2,2,2,2,2,20141113,11,9,1,3,,1,,1,1,1,34,9,1,6,2,5,5,2,3,3,106,
9088,,,,1,2,2,2,2,2,2,2,2,2,1,20141113,11,9,1,3,,2,,2,1,1,34,9,1,2,,5,5,2,3,3,212,
9089,1,2,1,2,2,2,2,2,2,2,2,2,2,2,20141117,11,7,1,2,2,2,,4,1,3,34,9,1,7,4,3,5,1,2,3,2218,70+
9090,1,2,2,2,2,2,2,2,2,2,2,2,2,2,20141115,11,4,1,2,5,3,3,6,0,3,34,9,1,,2,4,2,3,4,3,3881,
9091,,,,1,2,2,2,2,2,1,2,1,2,2,20141113,11,8,1,3,,2,,2,1,1,34,9,1,6,2,5,5,3,4,3,731,
9092,1,1,1,1,2,2,2,1,2,2,2,2,2,2,20141114,11,10,1,3,,2,,2,1,1,34,9,1,6,3,2,3,1,2,3,212,60+
9093,,,,1,2,2,2,2,2,2,2,2,2,1,20141128,11,3,1,1,2,2,,4,1,3,34,9,1,,2,3,4,1,5,1,190,
9094,1,2,1,1,2,2,1,1,2,2,2,2,2,2,20141118,11,5,1,3,,2,,2,1,2,34,9,1,4,4,4,3,2,3,3,487,65+
9095,,,,1,2,2,2,2,2,2,2,2,2,2,20141129,11,2,1,1,2,2,,4,2,2,34,9,1,,4,1,1,1,5,1,114,
9096,,,,2,2,2,2,2,2,2,2,2,2,2,20141113,11,9,2,3,,2,,2,1,2,34,9,1,2,3,2,1,1,2,3,97,
9097,,,,2,2,2,2,2,2,2,2,2,2,2,20141113,11,10,2,3,,1,,1,1,0,34,9,1,1,1,2,3,1,2,3,145,
9098,,,,1,2,2,2,2,2,2,2,2,2,2,20141113,11,9,1,3,,2,,2,2,0,34,9,1,7,4,4,4,2,3,3,212,
9099,,,,1,2,2,2,1,2,2,2,2,2,2,20141113,11,9,1,3,,2,,2,1,1,34,9,1,1,1,5,4,2,3,3,212,
9100,1,2,,1,2,2,2,1,2,2,2,2,2,2,20141114,11,9,1,3,,2,,2,1,0,34,9,1,4,1,4,4,2,3,3,424,60+
9101,1,2,1,1,2,2,1,1,2,2,2,2,2,2,20141115,11,6,1,2,1,2,,3,1,2,34,9,1,4,4,5,5,2,3,3,2218,60+
9102,,,,1,2,2,2,1,2,2,2,2,2,2,20141127,11,3,2,1,1,1,,2,1,2,34,9,1,,3,1,3,1,5,1,108,
9103,,,,2,2,2,2,2,2,2,2,2,2,2,20141110,11,8,2,3,,1,,1,1,1,34,9,1,7,2,3,4,1,2,3,183,
9104,,,,1,1,2,2,2,2,2,2,2,2,2,20141113,11,9,2,2,3,2,,5,1,0,34,9,1,1,1,4,2,3,4,3,2208,
9105,,,,2,2,2,2,2,2,2,2,2,2,2,20141110,11,10,1,3,,1,1,1,1,1,34,9,1,3,1,4,3,2,3,3,106,
9106,,,,2,2,2,2,2,2,2,2,2,2,2,20141112,11,8,2,3,,3,,3,1,3,34,9,1,2,4,3,3,1,2,3,274,
9107,,,,2,2,2,2,2,2,1,2,1,2,2,20141113,11,9,1,3,,2,,2,1,1,34,9,1,2,2,5,5,3,4,3,212,
9108,1,2,1,2,2,2,2,2,2,2,2,2,2,2,20150318,3,9,1,3,,1,,1,1,0,34,9,1,5,2,3,4,1,2,3,212,70+
9109,,,,1,1,2,2,2,2,2,2,2,2,2,20141119,11,4,2,1,1,2,,3,1,3,34,9,1,,2,2,3,1,5,,121,
9110,,,,1,1,2,2,1,2,2,2,2,1,2,20141126,11,2,2,1,3,2,,5,1,1,34,9,1,,1,1,1,1,5,1,263,
9111,,,,2,2,2,2,2,2,2,2,2,2,2,20141119,11,4,2,1,1,2,,3,1,3,34,9,1,,3,2,4,1,5,,121,
9112,,,,2,2,2,2,2,2,2,2,2,2,2,20141201,12,4,2,1,1,2,,3,2,3,34,9,1,,,2,3,1,5,,97,
9113,,,,1,2,2,2,2,2,2,2,2,2,2,20141121,11,4,1,1,2,2,,4,1,3,34,9,1,,4,1,1,1,5,,152,
9114,1,1,1,1,1,1,2,2,2,2,2,2,2,2,20141118,11,5,2,3,,2,1,2,2,0,34,9,1,2,1,3,2,2,3,3,366,65+
9115,,,,1,2,2,2,1,2,2,2,2,2,2,20141119,11,1,1,1,2,2,,4,1,1,34,9,1,,4,1,1,4,5,1,229,
9116,,,,2,2,2,2,2,2,2,2,2,2,2,20141118,11,3,1,1,1,3,3,4,1,3,34,9,1,,,1,1,1,5,1,190,
9117,,,,1,2,2,2,1,2,2,2,2,2,2,20140909,9,4,2,1,1,3,1,4,1,3,34,9,1,,2,1,1,1,5,,129,
9118,1,2,1,1,2,2,2,2,2,2,2,2,2,2,20141210,12,7,2,3,,3,1,3,1,3,34,9,1,4,,2,3,1,2,3,274,65+
9119,,,,1,2,2,2,2,2,2,2,2,2,2,20150123,1,4,1,1,2,2,,4,1,3,34,9,1,,,4,5,2,5,,190,
9120,1,2,1,2,2,2,2,2,2,2,2,2,2,2,20141210,12,7,2,2,1,1,,2,2,1,34,9,1,2,1,3,1,3,4,3,555,65+
9121,,,,1,2,2,2,1,2,2,2,2,2,2,20141211,12,1,2,1,3,2,,5,1,3,34,9,1,,4,1,1,4,5,1,105,
9122,1,2,1,2,2,2,2,2,2,2,2,2,2,2,20141210,12,8,2,3,,3,1,3,1,3,34,9,1,6,4,4,1,3,4,3,274,65+
9123,1,1,1,1,1,2,2,1,2,2,2,2,2,2,20141210,12,9,2,3,,3,2,4,1,1,34,9,1,6,2,5,2,3,4,3,145,"Pas d’âge, santé implicite"
9124,,,,2,2,2,2,2,2,2,2,2,2,2,20141212,12,2,2,1,4,2,,6,1,1,34,9,1,,2,1,1,1,5,1,315,
9125,1,1,1,2,2,2,2,2,2,2,2,2,2,2,20141211,12,9,1,3,,2,,2,1,2,34,9,1,7,3,4,4,2,3,3,141,65+
9126,1,2,1,2,2,2,2,2,2,2,2,2,2,2,20141210,12,8,2,3,,2,,2,1,2,34,9,1,4,4,,1,,,3,244,"Vieux, pas d'âge défini"
9127,,,,1,2,2,1,1,2,2,2,1,2,1,20141020,10,5,2,3,,1,,1,0,1,34,9,1,4,2,5,3,3,4,3,366,
9128,,,,1,1,2,2,2,2,2,2,2,2,2,20141211,12,9,1,3,,2,,2,2,0,34,9,1,2,1,5,4,3,4,2,212,
9129,,,,2,2,2,2,2,2,2,2,2,2,2,20141211,12,4,1,1,1,2,,3,1,3,34,9,1,,,3,,,,,143,
9130,,,,1,2,2,2,2,2,2,2,2,2,2,20141210,12,4,1,1,2,2,,4,1,2,34,9,1,,3,1,1,1,5,,254,
9131,1,1,1,2,2,2,2,2,2,2,2,2,2,2,20141210,12,9,2,3,,2,,2,2,1,34,9,1,2,2,1,1,1,2,3,97,"Pas d’âge, santé implicite"
9132,,,,2,2,2,2,2,2,2,2,2,2,2,20141211,12,1,1,1,1,2,,3,1,2,34,9,1,,4,1,1,4,5,1,114,
9133,,,,2,2,2,2,2,2,2,2,2,2,2,20141213,12,2,2,1,2,2,,4,1,2,34,9,1,,4,1,1,1,5,1,140,
9134,1,2,1,2,2,2,1,2,2,2,2,2,2,2,20150325,3,4,2,2,1,3,1,4,1,3,34,9,1,,2,2,2,1,2,3,352,70+
9135,,,,2,2,2,2,2,2,2,2,2,2,2,20141210,12,1,1,1,3,3,2,6,1,3,34,9,1,,4,1,,,,1,160,
9136,1,2,2,2,2,2,2,2,2,2,2,2,2,2,20141211,12,9,2,3,,1,,1,1,0,34,9,1,1,1,3,1,3,4,3,145,80+
9137,1,1,1,1,1,2,2,1,2,2,2,2,2,2,20141210,12,8,1,3,,3,1,3,1,3,34,9,1,5,4,4,5,1,2,3,548,65+
9138,1,1,1,1,1,2,2,2,2,2,2,2,2,2,20141211,12,7,1,3,,1,1,2,1,2,34,9,1,1,2,5,4,2,3,3,487,60+
9139,1,2,1,2,2,2,2,2,2,2,2,2,2,2,20141211,12,10,2,3,,1,,1,1,0,34,9,1,5,1,2,2,1,2,3,145,65+
9140,1,1,1,2,2,2,2,2,2,2,2,2,2,2,20150119,1,6,2,2,2,3,1,5,1,2,34,9,1,2,3,,1,,,3,1851,70+
9141,,,,1,2,2,2,2,2,2,2,2,2,2,20141212,12,4,1,1,2,2,,4,1,3,34,9,1,,,1,3,1,5,,190,
9142,1,2,1,2,2,2,2,2,2,2,2,2,2,2,20141210,12,8,1,3,,2,1,2,1,2,34,9,1,3,3,2,4,1,2,3,487,70+
9143,1,1,1,2,2,2,2,2,2,2,2,2,2,2,20141211,12,10,2,3,,2,1,2,1,0,34,9,1,4,2,2,1,1,2,3,291,
9144,,,,1,1,2,2,2,2,2,2,1,2,2,20141211,12,3,2,1,3,2,,5,1,2,34,9,1,,2,1,1,1,5,1,269,
9145,1,2,1,2,2,2,2,2,2,2,2,2,2,2,20141210,12,9,2,3,,1,,1,1,0,34,9,1,2,1,1,1,1,2,3,145,60+
9146,1,2,1,1,2,2,1,1,2,2,2,2,2,1,20141210,12,7,2,3,,2,,2,1,1,34,9,1,4,4,4,2,3,4,3,366,75+
9147,1,2,1,2,2,2,2,2,2,2,2,2,2,2,20141211,12,9,2,3,,1,,1,1,0,34,9,1,2,1,5,1,3,4,3,145,60+
9148,,,,2,2,2,2,2,2,2,2,2,2,2,20141211,12,1,1,1,2,2,,4,1,2,34,9,1,,4,1,1,1,5,1,152,
9149,1,2,1,2,2,2,2,2,2,2,2,2,2,2,20141210,12,8,2,3,,1,,1,2,0,34,9,1,2,1,3,2,2,3,3,183,
9150,,,,1,2,2,1,1,2,2,2,2,2,2,20140816,8,8,1,3,,2,,2,1,1,34,9,1,2,,3,3,2,3,2,731,
9151,1,,1,2,2,2,2,2,2,2,2,2,2,2,20141210,12,6,2,3,,2,2,4,1,2,34,9,1,4,,,2,,,3,488,65+
9152,1,2,1,1,2,2,2,1,2,2,2,2,2,2,20141212,12,4,1,2,2,3,3,5,1,3,34,9,1,,3,2,4,1,2,3,518,60+
9153,1,2,1,1,2,2,2,1,2,2,2,2,2,1,20141210,12,4,2,3,,3,4,4,1,3,34,9,1,,3,5,2,3,4,3,93,70+
9154,1,2,1,2,2,2,2,2,2,2,2,2,2,2,20141210,12,8,2,3,,2,,2,2,2,34,9,1,2,3,4,1,3,4,3,183,Les mauvaises pratiques de salubrité alimentaire
9155,,,,2,2,2,2,2,2,2,2,2,2,2,20140816,8,8,2,3,,1,,1,1,1,34,9,1,7,4,5,2,3,4,3,183,
9156,,,,1,2,2,2,1,2,1,2,1,1,2,20140904,9,2,1,1,1,1,,2,1,1,34,9,1,,2,1,1,1,5,1,114,
9157,,,,1,1,2,2,1,2,1,1,1,1,2,20140821,8,8,2,3,,2,,2,2,2,34,9,1,5,4,2,2,1,2,3,183,
9158,,,,1,2,2,2,2,2,1,2,1,2,2,20150128,1,4,2,1,2,2,,4,2,1,34,9,1,,2,2,3,1,5,,215,
9159,,,,1,1,2,2,2,2,2,2,2,2,2,20150205,2,2,1,1,2,2,,4,1,3,34,9,1,,4,1,1,1,5,1,114,
9160,,,,1,2,2,2,1,2,2,2,1,2,2,20150326,3,4,1,1,1,1,,3,1,2,34,9,1,,3,5,4,3,5,,190,
9161,,,,1,2,2,1,2,2,2,2,1,2,2,20140903,9,1,1,1,1,2,,3,1,2,34,9,1,,4,1,1,1,5,1,114,
9162,,,,1,2,2,2,2,2,2,2,2,2,2,20150123,1,1,2,1,3,2,,5,1,3,34,9,1,,2,1,1,4,5,1,131,
9163,,,,2,2,2,2,2,2,2,2,2,2,2,20140906,9,1,1,1,3,2,,5,1,2,34,9,1,,4,1,,,,1,191,
9164,1,1,1,2,2,2,2,2,2,2,2,2,2,2,20150123,1,10,1,3,,2,,2,1,1,34,9,1,4,2,5,5,2,3,3,212,"Pas d’âge, santé implicite"
9165,,,,2,2,2,2,2,2,2,2,2,2,2,20140814,8,9,2,3,,2,,,1,1,34,9,1,6,4,4,2,3,4,3,73,
9166,1,2,1,2,2,2,2,2,2,2,2,2,2,2,20150116,1,8,2,3,,2,,2,1,2,34,9,1,4,3,4,3,2,3,3,244,80+
9167,,,,2,2,2,2,2,2,2,2,2,2,2,20150201,2,1,1,1,3,2,,5,1,2,34,9,1,,4,1,,,,1,191,
9168,,,,2,2,2,2,2,2,2,2,2,2,2,20150126,1,2,2,1,1,2,,3,1,2,34,9,1,,4,1,1,2,5,1,105,
9169,1,1,2,2,2,2,2,1,2,2,2,2,2,2,20150217,2,8,2,3,,3,1,3,1,3,34,9,1,4,,4,2,3,4,3,274,80+
9170,,,,2,2,2,2,2,2,2,2,2,2,2,20140822,8,7,2,2,1,2,,3,1,3,34,9,1,4,3,2,1,1,2,3,833,
9171,1,1,1,2,2,2,2,2,2,2,2,2,2,2,20150322,3,10,2,3,,2,,2,2,0,34,9,1,1,1,2,1,2,3,3,97,70+
9172,1,,1,2,2,2,2,2,2,2,2,2,2,2,20150120,1,9,2,3,,2,,2,1,2,34,9,1,4,2,4,1,3,4,3,97,75+
9173,1,2,1,2,2,2,2,2,2,2,2,2,2,2,20150115,1,8,2,3,,2,,2,1,1,34,9,1,1,1,2,5,1,2,3,366,"Pas d’âge, santé implicite"
9174,1,1,1,1,2,2,2,2,2,2,2,2,2,2,20150130,1,4,1,3,,2,1,3,1,2,34,9,1,,4,5,5,3,4,3,137,70+
9175,,,,1,1,2,2,2,2,2,2,2,2,2,20140822,8,7,1,3,,2,,2,1,1,34,9,1,3,2,3,3,2,3,3,731,
9176,,,,1,2,2,2,2,2,2,2,2,2,2,20140810,8,3,2,1,2,3,3,5,1,3,34,9,1,,4,4,4,2,5,1,161,
9177,,,,1,2,2,1,1,2,2,2,2,2,2,20140810,8,9,2,3,,2,,2,1,1,34,9,1,2,2,2,1,1,2,2,145,
9178,1,1,1,2,2,2,2,2,2,2,2,2,2,2,20150116,1,7,1,3,,2,,2,1,2,34,9,1,2,,4,4,2,3,3,487,75+
9179,1,2,1,2,2,2,2,2,2,2,2,2,2,2,20150120,1,8,1,3,,1,,1,1,0,34,9,1,6,1,2,4,1,2,3,731,65+
9180,1,2,1,1,1,2,2,1,2,2,2,2,2,2,20150114,1,8,2,3,,3,,3,1,3,34,9,1,2,2,2,1,1,2,3,274,75+
9181,,,,1,2,2,2,1,2,2,2,2,2,2,20150127,1,4,2,3,,3,2,4,1,3,34,9,1,,,3,3,1,2,2,93,
9182,,,,2,2,2,2,1,2,2,2,2,2,2,20140908,9,4,1,1,1,3,1,3,1,3,34,9,1,,3,3,5,1,5,,143,
9183,1,1,1,2,2,2,2,2,2,2,2,2,2,2,20150111,1,7,2,3,,1,,1,1,1,34,9,1,2,1,5,4,3,4,3,183,70+
9184,,,,2,2,2,2,2,2,2,2,2,2,2,20140821,8,9,1,3,,1,1,1,1,0,34,9,1,5,1,4,5,2,3,3,212,
9185,1,1,1,1,2,2,2,2,2,2,2,2,2,2,20150114,1,7,2,3,,3,1,3,1,3,34,9,1,7,4,4,4,2,3,3,274,"Pas d’âge, santé implicite"
9186,,,,1,2,2,2,2,2,2,2,1,2,2,20150205,2,1,2,1,2,2,,4,1,2,34,9,1,,3,1,1,4,5,1,140,
9187,,,,2,2,2,2,2,2,2,2,2,2,2,20150217,2,9,2,3,,2,,,2,2,34,9,1,4,,1,3,1,1,2,145,
9188,1,2,1,2,2,2,2,2,2,2,2,2,2,2,20150114,1,10,2,3,,1,,1,1,0,34,9,1,4,1,5,2,3,4,3,145,
9189,,,,2,2,2,2,2,2,2,2,2,2,2,20150127,1,3,2,2,1,3,1,4,1,3,34,9,1,,4,,1,,,1,352,
9190,1,1,1,2,2,2,2,2,2,2,2,2,2,2,20150110,1,10,2,3,,1,,1,1,0,34,9,1,1,1,4,2,3,4,3,145,70+
9191,,,,1,2,2,2,2,2,2,2,2,2,2,20140815,8,2,2,1,2,3,1,5,1,3,34,9,1,,4,1,1,1,5,1,131,
9192,1,2,2,1,2,2,2,1,2,2,2,2,2,2,20150112,1,9,2,3,,1,,1,1,2,34,9,1,2,3,2,3,1,2,3,48,
9193,1,1,1,2,2,2,2,2,2,2,2,2,2,2,20150120,1,9,1,3,,1,,1,1,0,34,9,1,2,1,4,4,2,3,3,212,65+
9194,1,2,1,2,2,2,2,2,2,2,2,2,2,2,20150120,1,10,2,3,,1,,1,1,0,34,9,1,3,2,5,3,3,4,3,145,
9195,1,,1,2,2,2,2,2,2,2,2,2,2,2,20150120,1,10,2,3,,1,,1,1,1,34,9,1,4,2,3,1,3,4,3,73,"Pas d’âge, santé implicite"
9196,,,,1,2,2,1,1,2,2,2,2,2,2,20150121,1,2,2,1,1,2,,3,1,2,34,9,1,,3,1,1,3,5,1,105,
9197,,,,2,2,2,2,2,2,2,1,2,1,2,20140814,8,8,2,3,,2,,2,1,2,34,9,1,4,2,2,1,2,3,3,244,
9198,,,,,2,2,2,2,2,2,2,1,2,2,20150126,1,2,2,1,2,2,,4,1,2,34,9,1,,3,1,1,1,5,1,140,
9199,,,,2,2,2,2,2,2,2,2,2,2,2,20140821,8,10,2,3,,1,,1,1,0,34,9,1,1,1,3,1,2,3,3,145,
9200,,,,1,2,2,2,1,2,2,1,2,2,2,20140824,8,4,2,1,1,3,1,4,2,3,34,9,1,,3,2,4,1,5,,108,
9201,,,,2,2,2,2,2,2,2,2,2,2,2,20150326,3,4,2,1,1,2,,4,1,3,34,9,1,,,4,2,3,5,,129,
9202,,,,2,2,2,2,2,2,2,2,2,2,2,20140817,8,9,1,3,,2,,2,1,3,34,9,1,6,2,3,3,2,3,3,42,
9203,,,,1,2,2,2,2,2,2,2,2,2,2,20150126,1,4,1,3,,3,2,4,2,3,34,9,1,,4,4,5,1,2,2,91,
9204,1,,1,2,2,2,2,2,2,2,2,2,2,2,20150317,3,4,1,3,,3,2,4,1,3,34,9,1,,2,5,3,3,4,3,585,65+
9205,,,,2,2,2,2,2,2,2,2,2,2,2,20140818,8,8,2,3,,3,1,3,1,3,34,9,1,6,4,2,3,1,2,3,274,
9206,,,,1,2,2,2,2,2,2,2,2,2,2,20141211,12,3,2,1,2,2,,4,1,3,34,9,1,,4,2,2,1,5,1,161,
9207,,,,2,2,2,2,2,2,2,2,2,2,2,20140905,9,3,1,1,2,2,,4,1,3,34,9,1,,4,2,4,1,5,1,152,
9208,1,1,1,1,2,2,2,1,2,2,2,2,2,2,20141211,12,9,2,3,,2,,2,1,2,34,9,1,4,3,5,5,3,4,3,97,
9209,1,2,1,2,2,2,2,2,2,2,2,2,2,2,20141211,12,10,2,3,,2,1,2,2,0,34,9,1,3,1,2,4,1,2,3,97,"Pas d’âge, santé implicite"
9210,1,2,2,1,2,2,2,2,2,2,2,1,2,2,20141210,12,9,1,3,,3,,3,1,3,34,9,1,1,3,3,4,1,2,3,159,
9211,,,,2,2,2,2,2,2,2,2,2,2,2,20140823,8,10,2,3,,1,,1,1,1,34,9,1,5,1,2,3,1,2,3,73,
9212,,,,2,2,2,2,2,2,2,2,2,2,2,20140821,8,9,2,3,,3,,3,1,2,34,9,1,5,3,3,3,2,3,3,145,
9213,,,,2,2,2,2,2,2,2,2,2,2,2,20141213,12,2,2,1,2,2,,4,1,1,34,9,1,,2,1,1,1,5,1,210,
9214,,,,1,1,2,2,1,2,2,2,2,2,2,20150119,1,6,1,3,,2,,2,1,2,34,9,1,6,1,4,3,2,3,2,487,
9215,,,,2,2,2,2,2,2,2,2,2,2,2,20140810,8,7,2,3,,2,,2,1,2,34,9,1,4,3,3,2,2,3,3,244,
9216,3,,1,2,2,2,2,2,2,2,2,2,2,2,20150121,1,10,2,3,,1,,1,2,1,34,9,1,1,2,3,1,2,3,3,48,
9217,,,,1,2,2,1,1,2,2,2,2,2,2,20140814,8,9,2,3,,1,,1,1,0,34,9,1,1,1,5,2,3,4,3,145,
9218,,,,1,1,2,2,1,2,2,2,2,2,2,20150125,1,4,1,1,3,2,1,5,2,3,34,9,1,,4,1,2,1,5,,119,
9219,,,,2,2,2,2,2,2,2,2,2,1,2,20140819,8,10,2,3,,2,,2,1,1,34,9,1,2,2,2,2,1,2,2,145,
9220,,,,1,1,2,2,2,2,2,2,2,2,2,20140820,8,8,2,3,,2,,2,1,1,34,9,1,3,2,2,4,1,2,3,366,
9221,,,,2,2,2,2,2,2,2,2,2,2,2,20140908,9,2,2,1,2,2,,4,1,2,34,9,1,,4,1,1,1,5,1,140,
9222,,,,2,2,2,2,2,2,2,2,2,2,2,20140820,8,8,1,3,,2,,2,2,2,34,9,1,6,,5,4,2,3,3,365,
9223,,,,1,2,2,2,1,2,2,2,2,2,1,20141125,11,2,1,1,1,2,,3,0,2,34,9,1,,2,1,1,2,5,1,172,
9224,1,,1,2,2,2,2,2,2,2,2,2,2,2,20150316,3,9,2,3,,1,,1,1,0,34,9,1,1,1,3,2,2,3,3,145,60+
9225,,,,2,2,2,2,2,2,2,2,2,2,2,20140812,8,10,2,3,,1,,1,1,1,34,9,1,2,1,2,2,1,2,3,73,
9226,,,,2,2,2,2,2,2,2,2,2,2,2,20140521,5,1,1,1,3,3,4,6,1,3,34,10,1,,3,1,1,4,5,1,612,
9227,,,,2,2,2,2,2,2,2,2,2,2,2,20140705,7,9,2,3,,1,,1,1,0,26,10,1,1,1,5,1,3,4,3,408,
9228,,,,2,2,2,1,1,2,2,2,2,2,2,20140610,6,10,2,3,,1,,1,1,1,26,10,1,1,1,4,2,3,4,3,204,
9229,,,,2,2,2,2,2,2,2,2,2,2,2,20140616,6,8,2,3,,2,,2,1,1,34,10,1,1,1,,1,,,3,1437,
9230,,,,2,2,2,2,2,2,2,2,2,2,2,20140706,7,9,1,3,,3,1,3,1,3,26,10,1,7,4,5,5,2,3,3,760,
9231,,,,2,1,2,2,2,2,2,2,2,2,2,20140707,7,6,2,2,2,2,,4,2,2,26,10,1,5,4,,3,,,3,3636,
9232,,,,1,1,2,2,1,2,2,2,2,2,2,20140611,6,7,2,3,,2,2,2,1,2,34,10,1,2,3,1,1,1,2,3,958,
9233,,,,1,2,2,2,2,2,2,2,2,2,2,20140618,6,7,2,3,,2,,2,1,,26,10,1,5,4,1,2,1,1,3,3138,
9234,,,,2,2,2,2,2,2,2,2,2,2,2,20140508,5,2,1,1,2,3,2,6,1,2,34,10,,,3,1,,,,1,918,
9235,,,,2,2,2,2,2,2,2,2,2,2,2,20140506,5,7,2,2,1,2,2,3,1,3,34,10,,4,3,3,1,3,4,3,5664,
9236,,,,1,2,2,2,2,2,2,2,2,2,2,20140707,7,3,1,1,2,2,,4,1,3,34,10,1,,3,1,1,1,5,1,792,
9237,,,,1,2,2,2,1,2,2,2,2,2,2,20140706,7,8,2,3,,2,,2,1,2,34,10,1,2,2,4,3,3,4,3,958,
9238,,,,2,2,2,2,2,2,2,2,2,2,2,20140425,4,10,1,4,,,,3,2,1,34,10,,1,2,5,4,3,4,3,1033,
9239,,,,1,2,2,1,1,2,2,2,2,2,2,20140613,6,8,1,3,,2,,2,1,1,34,10,1,2,,4,5,2,3,3,1745,
9240,,,,1,1,2,2,1,2,2,2,2,2,2,20140508,5,3,2,1,2,2,2,4,1,3,34,10,,,2,1,1,1,5,1,497,
9241,,,,1,1,2,2,1,2,2,2,2,2,2,20140613,6,9,2,3,,2,,2,1,1,34,10,1,4,3,3,1,2,3,3,678,
9242,,,,1,2,2,1,1,2,1,2,1,2,2,20140508,5,3,1,1,2,2,,4,2,3,34,10,,,4,2,1,2,5,1,633,
9243,,,,2,2,2,2,2,2,2,2,2,2,2,20140627,6,1,2,1,2,3,,6,1,2,26,10,1,,4,,,,,1,545,
9244,,,,1,1,1,2,2,2,2,2,2,2,1,20140505,5,9,2,3,,1,,2,2,1,26,10,,5,2,4,3,2,3,3,204,
9245,,,,2,2,2,2,2,2,2,2,2,2,2,20141107,11,2,1,1,2,2,,4,2,3,26,10,1,,4,1,1,1,5,1,218,
9246,,,,1,2,2,2,1,2,2,2,1,2,2,20140707,7,2,1,1,2,1,1,3,1,1,26,10,1,,2,1,1,1,5,1,490,
9247,,,,2,2,2,2,2,2,2,2,2,2,2,20140506,5,4,1,3,,2,2,2,1,3,26,10,,,,3,5,1,2,3,357,
9248,,,,2,2,2,2,2,2,2,2,2,2,2,20140610,6,4,2,3,,3,1,3,1,3,34,10,1,,4,2,2,1,2,3,1078,
9249,,,,1,2,2,2,1,2,2,2,2,2,2,20140703,7,1,1,1,2,2,,4,1,2,26,10,1,,1,1,1,4,5,1,435,
9250,,,,2,2,2,2,2,2,2,2,2,2,1,20140610,6,6,2,2,2,2,,4,1,2,26,10,1,7,4,2,4,1,2,3,4848,
9251,,,,2,2,2,2,2,2,2,2,1,2,2,20140620,6,2,1,1,3,2,,5,1,2,26,10,1,,4,1,,,,1,544,
9252,,,,2,2,2,2,2,2,2,2,2,2,2,20140507,5,9,2,3,,1,,1,1,1,34,10,,6,4,3,2,2,3,3,339,
9253,,,,1,2,2,2,2,1,2,2,2,2,2,20140421,4,5,2,4,,,,3,1,2,26,10,,4,2,3,2,2,3,3,1569,
9254,,,,1,1,2,2,2,2,2,2,2,2,2,20140618,6,8,2,3,,2,2,2,2,2,34,10,1,6,4,4,3,2,3,3,718,
9255,,,,1,2,2,2,1,2,2,2,2,2,2,20140627,6,9,2,3,,1,,1,1,0,26,10,1,1,1,3,1,2,3,3,408,
9256,,,,1,2,2,2,1,2,1,2,1,2,2,20140507,5,3,1,1,1,3,1,4,2,3,26,10,,,4,1,2,1,5,1,532,
9257,,,,1,2,2,2,2,2,2,2,2,2,2,20140708,7,2,2,1,3,2,,5,1,2,26,10,1,,4,1,1,1,5,1,454,
9258,,,,2,2,2,2,2,2,2,2,2,2,2,20140612,6,10,1,3,,1,,1,1,1,26,10,1,6,3,5,3,3,4,3,507,
9259,,,,1,1,2,2,1,2,2,2,2,2,2,20140708,7,3,1,1,3,1,,4,1,3,26,10,1,,4,1,1,1,5,1,798,
9260,,,,1,1,2,2,1,2,2,2,2,2,2,20140707,7,7,1,2,1,2,,3,1,3,34,10,1,6,4,5,5,2,3,3,6879,
9261,,,,1,1,1,2,2,2,1,2,1,2,2,20140709,7,4,2,1,1,2,,3,1,2,26,10,1,,4,3,2,2,5,,937,
9262,,,,2,2,2,2,2,2,2,2,2,2,2,20140421,4,5,1,4,,,,4,1,3,26,10,,3,4,4,4,2,3,3,2701,
9263,,,,1,2,2,2,2,2,2,2,2,2,2,20140506,5,4,1,1,1,2,1,4,1,3,26,10,,,,3,5,1,5,,639,
9264,,,,1,1,2,2,1,2,2,2,2,2,2,20140424,4,2,2,4,,,,4,1,2,34,10,,,4,1,1,1,5,1,670,
9265,,,,2,2,2,2,2,2,2,2,2,2,2,20140507,5,10,2,3,,2,,2,1,1,34,10,,1,1,1,1,1,2,3,678,
9266,,,,1,2,2,2,2,2,2,2,2,2,2,20140709,7,4,1,3,4,3,4,,1,2,34,10,1,,4,5,3,3,4,3,297,
9267,,,,2,2,2,2,2,2,2,2,2,2,2,20140616,6,10,2,3,,1,,1,2,0,34,10,1,1,,2,1,1,2,3,113,
9268,,,,2,2,2,2,2,2,2,2,2,2,2,20140706,7,10,2,3,1,2,1,2,1,0,34,10,1,1,,,,,,2,1356,
9269,,,,2,2,2,2,2,2,2,2,2,2,2,20140507,5,9,1,3,,1,,1,1,1,26,10,,6,,4,3,2,3,3,507,
9270,,,,1,2,2,2,2,2,2,2,2,2,2,20140507,5,8,1,3,,2,,2,1,0,34,10,,2,4,3,4,1,2,3,3490,
9271,,,,1,1,2,2,2,2,2,2,2,2,2,20140506,5,3,1,1,2,2,,4,1,3,26,10,,,4,1,1,1,5,1,798,
9272,,,,2,2,2,2,1,2,2,2,2,2,2,20140505,5,7,2,3,,2,,2,2,1,34,10,,2,2,5,2,3,4,3,958,
9273,,,,2,2,2,2,2,2,2,2,2,2,2,20140509,5,9,2,3,,2,,2,1,1,34,10,,1,4,4,1,3,4,3,678,
9274,,,,2,2,2,2,2,2,2,2,2,2,2,20140507,5,1,2,1,1,2,2,3,1,2,26,10,,,4,1,1,1,5,1,272,
9275,,,,1,1,2,1,1,2,2,2,2,2,2,20140423,4,4,1,4,,,,3,2,3,34,10,,,4,3,4,1,5,,475,
9276,,,,1,1,2,2,2,2,2,2,2,2,2,20140424,4,3,1,4,,,,5,1,3,34,10,,,4,1,2,1,5,1,990,
9277,,,,2,2,2,2,1,2,2,2,2,2,2,20140514,5,4,1,3,,3,1,3,2,2,34,10,1,,2,4,2,2,3,3,1309,
9278,,,,1,2,2,1,1,2,2,2,1,2,1,20140420,4,2,2,4,,,,3,1,2,26,10,,,2,1,,,,1,272,
9279,,,,2,2,2,2,2,2,2,2,2,2,2,20140514,5,7,1,3,,2,2,2,1,3,26,10,1,4,4,5,4,3,4,3,1080,
9280,,,,2,2,2,2,2,2,2,2,2,2,2,20140513,5,6,2,3,,2,,2,1,0,26,10,1,6,2,4,3,2,3,3,3138,
9281,,,,1,2,2,1,1,2,2,2,2,2,2,20140514,5,4,2,1,2,2,,4,1,3,34,10,1,,4,1,2,1,5,,497,
9282,,,,1,1,2,2,1,2,2,2,2,2,2,20140505,5,6,2,2,2,2,,4,1,3,26,10,,4,4,3,2,2,3,3,3636,
9283,,,,2,2,2,2,2,2,2,2,2,2,2,20140514,5,10,2,3,,1,,1,1,1,34,10,1,1,1,3,2,2,3,3,339,
9284,,,,1,2,2,2,1,2,2,2,2,2,1,20140612,6,1,1,1,2,2,,4,1,2,26,10,1,,4,1,,,,1,435,
9285,,,,2,2,2,2,2,2,2,2,2,2,2,20140522,5,9,2,3,,1,,1,1,1,34,10,1,,1,2,1,2,3,3,339,
9286,,,,1,1,2,2,1,2,1,2,1,2,2,20140601,6,4,1,3,,3,2,5,2,3,34,10,1,,4,4,5,1,2,3,186,
9287,,,,1,2,2,2,1,2,2,2,2,2,2,20140514,5,8,1,3,,1,1,2,1,1,34,10,1,2,2,3,4,1,2,3,1745,
9288,,,,2,2,2,2,2,2,2,2,2,2,2,20140416,4,9,2,4,,,,1,1,1,34,10,,5,1,1,1,1,2,3,339,
9289,,,,1,1,2,2,2,2,2,2,2,2,2,20140507,5,1,1,1,2,1,,3,1,1,34,10,,,1,1,,,,1,689,
9290,,,,2,2,2,2,2,2,2,2,2,2,2,20140421,4,8,1,4,,,,3,1,0,26,10,,6,4,3,2,3,4,3,8103,
9291,,,,1,2,2,2,1,2,2,2,2,2,2,20140513,5,8,2,3,,3,1,3,1,3,34,10,1,4,3,5,1,3,4,3,1078,
9292,,,,1,1,2,2,1,2,2,2,2,2,2,20140522,5,4,2,1,1,2,,3,1,3,34,10,1,,4,4,5,2,5,,373,
9293,,,,2,2,2,2,2,2,2,2,2,2,2,20140521,5,9,1,3,,2,,2,1,1,26,10,1,4,2,2,3,1,2,3,1013,
9294,,,,1,2,2,2,1,2,2,2,2,2,2,20140514,5,7,2,3,,1,,2,1,2,34,10,1,6,4,2,2,1,2,3,958,
9295,,,,1,2,2,2,1,2,2,2,2,2,2,20140531,5,4,1,1,3,2,,5,1,3,26,10,1,,4,2,5,1,5,,665,
9296,,,,2,2,2,2,2,2,2,2,2,2,2,20140521,5,10,2,3,,2,,2,1,0,34,10,1,1,,1,1,1,2,3,1356,
9297,,,,2,2,2,2,2,2,2,2,2,2,2,20140707,7,9,1,3,,2,,2,2,2,26,10,1,6,3,5,4,3,4,3,507,
9298,,,,2,2,2,2,2,2,2,2,2,2,2,20140708,7,1,1,1,1,2,,3,1,2,26,10,1,,4,1,1,4,5,1,327,
9299,,,,2,2,2,2,2,2,2,2,2,2,2,20140624,6,10,1,3,,1,,1,1,0,26,10,1,7,3,5,5,3,4,3,1013,
9300,,,,2,2,2,2,2,2,2,2,2,2,2,20140706,7,7,2,3,,1,,1,1,1,26,10,1,6,1,5,3,3,4,3,785,
9301,,,,2,2,2,2,2,2,2,2,2,2,2,20140527,5,4,1,3,,3,3,3,1,2,26,10,1,,,4,4,2,3,3,2701,
9302,,,,2,2,2,2,2,2,2,2,2,2,2,20140709,7,1,2,1,2,3,,6,1,2,34,10,1,,4,1,,,,1,1005,
9303,,,,2,2,2,2,2,2,2,2,2,2,2,20140521,5,2,1,1,2,2,2,4,2,1,34,10,1,,2,1,1,1,5,1,612,
9304,,,,1,1,2,2,1,2,2,2,2,2,2,20140513,5,8,2,3,,2,,2,2,2,34,10,1,4,4,1,3,1,2,3,718,
9305,,,,2,2,2,2,2,2,2,2,2,2,2,20140514,5,10,2,3,,1,,1,1,0,34,10,1,1,,3,1,3,4,3,678,
9306,,,,2,2,2,2,2,2,2,2,2,2,2,20140706,7,8,1,3,,2,,2,1,1,34,10,1,1,1,5,5,2,3,3,1745,
9307,,,,2,2,2,2,2,2,2,2,2,2,2,20140506,5,8,2,3,,1,,1,1,1,26,10,,1,1,2,1,2,3,3,785,
9308,,,,2,2,2,2,2,2,2,2,2,2,2,20140505,5,8,2,3,,2,,2,1,2,34,10,,6,3,5,2,3,4,3,958,
9309,,,,1,2,2,2,2,2,2,2,2,2,2,20140516,5,2,1,1,2,2,,4,1,2,26,10,1,,4,1,1,1,5,1,435,
9310,,,,2,2,2,2,2,2,2,2,2,2,2,20140629,6,9,2,3,,1,,1,2,0,26,10,1,2,1,,4,,,3,204,
9311,,,,1,2,2,2,1,2,2,2,2,2,2,20140419,4,7,2,4,,,,2,1,1,34,10,,6,4,2,1,1,2,3,1437,
9312,,,,2,2,2,2,2,2,2,2,2,2,2,20140730,7,10,2,3,,1,,1,1,1,26,10,1,5,4,2,4,1,2,3,204,
9313,,,,2,2,2,2,2,2,2,2,2,2,2,20140515,5,9,2,3,,1,,1,1,1,26,10,1,4,2,2,1,1,2,3,204,
9314,,,,1,2,2,2,2,2,2,2,2,2,2,20140725,7,1,2,1,3,2,,5,1,2,26,10,1,,4,1,1,4,5,1,454,
9315,,,,1,1,1,2,1,2,2,2,2,2,2,20140718,7,8,1,3,,1,,1,1,1,26,10,1,6,2,4,5,1,2,3,1350,
9316,,,,2,2,2,2,2,2,2,2,2,2,2,20140514,5,10,1,3,,1,,1,1,1,34,10,1,1,1,5,5,3,4,3,516,
9317,,,,1,2,2,1,1,2,2,2,2,2,2,20140524,5,2,1,1,3,2,,5,1,2,34,10,1,,2,1,1,3,5,1,765,
9318,,,,2,2,2,2,2,2,2,2,2,2,2,20140806,8,2,2,1,2,2,2,4,1,2,34,10,1,,2,1,1,3,5,1,670,
9319,,,,1,2,1,2,2,2,2,2,1,2,2,20140527,5,6,1,2,2,2,,4,1,2,34,10,1,4,2,5,4,3,4,3,12230,
9320,,,,1,2,2,1,1,2,2,2,2,2,2,20140729,7,3,1,1,2,2,2,4,1,3,34,10,1,,4,1,1,1,5,1,792,
9321,,,,2,2,2,2,2,2,2,2,2,2,2,20140717,7,8,1,3,,2,,2,2,0,34,10,1,1,3,3,3,2,3,3,1745,
9322,,,,2,2,2,2,2,2,2,2,2,2,2,20140722,7,9,2,3,,2,,2,1,1,34,10,1,2,,2,1,2,3,3,678,
9323,,,,2,2,2,2,2,2,2,2,2,2,2,20140716,7,9,2,3,,2,,2,1,1,34,10,1,1,,2,2,1,2,3,678,
9324,,,,2,2,2,2,2,2,2,2,2,2,2,20140804,8,2,2,1,1,1,,2,1,0,26,10,1,,,1,1,1,5,1,545,
9325,,,,2,2,2,2,2,2,2,2,2,2,2,20140505,5,9,1,3,,2,,2,1,1,34,10,,3,1,4,3,2,3,3,1033,
9326,,,,1,1,2,1,1,1,1,2,1,1,1,20140716,7,4,1,1,1,2,,3,2,3,34,10,1,,,5,5,3,5,,339,
9327,,,,1,1,2,2,2,2,2,2,2,2,2,20140722,7,7,2,3,,1,,1,1,1,26,10,1,7,4,5,5,2,3,3,785,
9328,,,,2,2,2,2,2,2,2,2,2,2,2,20140712,7,9,2,3,,1,1,1,2,1,26,10,1,4,1,4,2,3,4,3,136,
9329,,,,1,2,2,2,1,2,2,2,2,2,2,20140508,5,1,1,1,3,2,,5,1,2,26,10,,,4,1,1,1,5,1,544,
9330,,,,1,1,2,2,2,2,1,2,1,2,2,20140507,5,4,2,3,,3,1,3,1,1,34,10,,,1,3,1,3,4,3,280,
9331,,,,1,2,2,2,1,2,2,2,2,2,2,20140722,7,7,2,3,,2,,2,2,2,34,10,1,4,3,4,3,2,3,3,479,
9332,,,,2,2,2,2,2,2,2,2,2,2,2,20140425,4,10,1,4,,,,2,2,1,26,10,,6,4,4,5,1,2,3,405,
9333,,,,2,2,2,2,2,2,2,2,2,2,2,20140513,5,9,2,3,,2,,2,1,1,34,10,1,2,1,4,3,3,4,3,678,
9334,,,,1,2,2,2,1,2,2,2,2,2,2,20140514,5,1,1,1,2,2,,4,1,2,26,10,1,,1,1,1,4,5,1,435,
9335,,,,1,2,2,2,1,2,2,2,2,2,2,20140513,5,7,2,3,,2,,3,1,2,34,10,1,4,2,3,1,3,4,3,1437,
9336,,,,2,2,2,2,2,2,2,2,2,2,2,20140514,5,10,1,3,,2,,2,1,1,34,10,1,2,2,4,5,1,2,2,1033,
9337,,,,1,2,2,2,1,2,2,2,2,2,1,20140513,5,6,2,2,1,2,,3,1,3,26,10,1,4,4,5,1,3,4,3,2727,
9338,,,,1,2,2,,1,2,2,2,2,2,2,20140513,5,2,2,1,3,2,,5,1,2,26,10,1,,4,1,1,2,5,1,454,
9339,,,,1,2,2,1,1,2,1,2,1,2,1,20140505,5,3,2,2,5,1,1,3,1,3,34,10,,,2,1,1,1,5,1,736,
9340,,,,2,2,2,2,2,2,2,2,2,2,2,20140728,7,10,1,3,,2,,2,2,1,26,10,1,2,,2,4,1,1,3,676,
9341,,,,2,2,2,2,2,2,2,2,2,2,2,20140713,7,8,1,3,,2,,2,1,1,34,10,1,4,4,5,5,2,3,3,1745,
9342,,,,1,2,2,2,1,2,2,2,1,2,2,20140719,7,1,1,1,1,2,,3,1,1,34,10,1,,3,1,1,1,5,1,689,
9343,,,,1,2,2,2,2,2,2,2,2,2,2,20140725,7,10,2,2,2,3,,6,1,0,26,10,1,4,2,4,3,3,4,3,5676,
9344,,,,1,1,2,2,1,2,2,2,2,2,2,20140719,7,10,2,3,,1,,1,1,1,26,10,1,1,1,3,1,3,4,3,204,
9345,,,,2,2,2,2,2,2,2,2,2,2,2,20140507,5,9,2,3,,3,1,3,1,2,26,10,,4,4,3,2,2,3,3,408,
9346,,,,1,1,1,2,2,2,2,2,2,2,2,20140713,7,8,1,3,,1,,1,1,1,26,10,1,1,2,5,5,3,4,3,1350,
9347,,,,1,2,2,2,2,2,2,2,2,2,2,20140515,5,4,1,1,2,2,2,4,1,3,26,10,1,,3,1,1,1,5,,639,
9348,,,,1,2,2,1,1,2,2,2,2,2,2,20140609,6,4,1,1,1,2,,3,1,3,34,10,1,,4,2,5,1,5,,594,
9349,,,,1,2,2,2,1,2,2,2,2,2,2,20140523,5,2,1,1,3,2,,5,1,3,26,10,1,,4,1,1,1,5,1,408,
9350,,,,1,2,2,2,1,2,2,2,2,2,2,20140725,7,9,2,3,,2,,2,1,1,34,10,1,1,1,4,1,3,4,3,678,
9351,,,,2,2,2,2,2,2,2,2,2,2,2,20140423,4,1,1,4,,,,3,1,2,26,10,,,4,1,,,,1,327,
9352,,,,1,1,2,2,2,2,2,2,2,2,2,20140722,7,8,2,3,,2,,2,1,1,34,10,1,2,2,2,1,2,3,3,1437,
9353,,,,2,2,2,2,2,2,2,2,2,2,2,20140515,5,2,1,1,3,1,1,4,1,3,34,10,,,4,1,1,1,5,1,459,
9354,,,,1,2,2,2,1,2,2,2,2,2,2,20140521,5,2,1,1,2,2,2,4,1,2,26,10,1,,4,1,,,,1,435,
9355,,,,1,2,2,2,1,2,2,2,2,2,2,20140506,5,7,2,3,,2,,2,1,0,34,10,,2,2,4,3,2,3,3,2873,
9356,,,,2,2,2,2,2,2,2,2,2,2,2,20140505,5,7,2,2,2,2,,4,1,2,26,10,,5,4,4,3,3,4,3,4848,
9357,,,,2,2,2,2,2,2,2,2,2,2,2,20140725,7,9,2,3,,1,,1,1,0,26,10,1,4,2,3,2,2,3,3,408,
9358,,,,2,2,2,2,2,2,2,2,2,2,2,20140807,8,4,2,3,,3,2,4,1,2,34,10,1,,,1,2,1,2,3,249,
9359,,,,1,2,2,2,1,2,2,2,2,2,2,20140730,7,9,2,3,,3,1,3,1,2,34,10,1,1,4,2,1,1,2,3,678,
9360,,,,1,2,2,2,2,2,2,2,2,2,2,20140714,7,1,2,1,1,3,,4,1,3,34,10,1,,4,1,,,,1,502,
9361,,,,2,2,2,2,2,2,2,2,2,2,2,20140722,7,7,2,3,,2,,2,1,0,34,10,1,4,1,5,5,2,3,3,2873,
9362,,,,2,2,2,2,2,2,2,2,2,2,2,20140529,5,3,2,1,4,2,,6,1,3,34,10,2,,,,,,,1,746,
9363,,,,1,1,1,2,2,2,2,2,2,2,2,20140710,7,7,2,3,,3,2,4,1,3,26,10,1,5,4,2,3,1,2,3,1255,
9364,,,,2,2,2,2,2,2,2,2,2,2,2,20140805,8,3,1,1,2,2,,4,1,3,26,10,1,,4,1,1,1,5,1,639,
9365,,,,1,2,2,2,2,2,2,2,2,2,2,20140717,7,8,1,2,1,1,1,2,1,2,26,10,1,6,3,3,2,2,3,3,4172,
9366,,,,1,1,2,2,1,2,2,2,2,2,2,20140502,5,8,2,3,,2,2,2,1,2,34,10,,1,3,2,1,2,3,3,452,
9367,,,,2,2,2,2,2,2,2,2,,2,2,20141009,10,3,1,1,3,2,,5,2,3,26,10,1,,4,1,1,1,5,1,665,
9368,,,,1,1,1,2,2,1,2,2,2,2,2,20140916,9,7,2,3,,2,,2,1,2,34,10,2,6,3,2,3,1,2,3,958,
9369,,,,1,1,2,2,2,1,2,2,2,2,2,20140804,8,2,2,1,1,2,,3,1,1,26,10,1,,4,1,1,1,5,1,408,
9370,,,,2,2,2,2,2,2,2,2,2,2,2,20140910,9,3,1,1,1,2,,3,1,2,34,10,1,,4,3,2,2,5,1,792,
9371,,,,2,2,2,2,2,2,2,2,2,2,2,20140804,8,1,1,1,2,2,,4,1,1,34,10,1,,3,1,1,4,5,1,918,
9372,,,,2,2,2,2,2,2,2,2,2,2,2,20140915,9,9,1,3,,2,,2,1,1,34,10,1,1,,3,3,1,2,3,1033,
9373,,,,1,1,2,2,2,2,2,2,2,2,2,20140917,9,6,2,2,1,2,,3,1,2,26,10,1,6,4,4,3,2,3,3,3636,
9374,,,,2,2,2,2,2,2,2,2,2,2,2,20140920,9,5,1,3,,1,,1,1,1,34,10,1,4,1,,5,,,3,873,
9375,,,,1,1,2,1,1,2,1,2,1,2,2,20140911,9,1,2,1,2,2,2,4,1,0,34,10,1,,3,1,1,1,5,1,2010,
9376,,,,2,2,2,2,2,2,2,2,2,2,2,20140912,9,4,1,3,,3,,5,2,1,34,10,1,,1,5,5,1,2,3,2908,
9377,,,,2,2,2,2,2,2,2,2,2,2,2,20140919,9,8,1,3,,2,,2,2,0,26,10,1,6,2,4,4,2,3,3,900,
9378,,,,2,2,2,2,2,2,2,2,2,2,2,20140930,9,10,2,3,,1,,1,1,1,26,10,,1,1,2,3,1,2,3,204,
9379,,,,2,2,2,2,2,2,2,2,2,2,2,20140922,9,9,2,3,,2,,2,1,1,34,10,1,4,1,3,3,2,3,3,678,
9380,,,,1,2,2,2,1,2,2,2,2,2,2,20140924,9,3,2,1,2,2,,4,1,3,26,10,1,,4,1,1,1,5,1,750,
9381,,,,1,2,2,2,1,2,2,2,2,2,2,20140929,9,2,1,1,2,2,,4,1,2,26,10,1,,4,1,1,1,5,1,435,
9382,,,,2,2,2,2,2,2,2,2,2,2,2,20140912,9,9,2,3,,1,,1,1,0,26,10,1,1,1,5,2,3,4,3,408,
9383,,,,1,2,2,2,2,2,2,2,2,2,2,20140929,9,2,2,1,1,2,,3,1,1,34,10,1,,,1,,,,1,754,
9384,,,,1,2,2,2,1,2,2,2,2,2,2,20140911,9,7,2,3,,2,,2,1,2,34,10,1,5,,2,2,1,2,3,958,
9385,,,,2,2,2,2,2,2,2,2,2,2,2,20140910,9,7,2,3,,1,,1,1,1,34,10,1,2,2,2,2,1,2,3,718,
9386,,,,2,2,2,2,1,2,2,2,2,2,2,20141003,10,9,2,3,,1,,2,1,1,34,10,1,1,2,2,2,1,2,3,678,
9387,,,,2,2,2,2,2,2,2,2,2,2,2,20140911,9,8,2,3,,1,,1,1,0,26,10,1,1,,,2,,,2,1569,
9388,,,,1,2,2,2,2,2,2,2,2,2,2,20140911,9,8,1,3,,2,,2,1,1,34,10,1,3,3,3,3,2,3,3,1745,
9389,,,,2,2,2,2,2,2,2,2,2,2,2,20140910,9,10,2,3,,1,,1,1,1,34,10,1,1,,2,2,1,2,3,339,
9390,,,,2,2,2,2,2,2,2,2,2,2,2,20140912,9,10,2,3,,3,,3,1,1,34,10,1,6,2,2,1,1,2,2,1017,
9391,,,,2,2,2,2,2,2,2,2,2,2,2,20140912,9,7,2,3,,3,,4,1,2,34,10,1,1,,3,,,,3,1916,
9392,,,,2,2,2,2,2,2,2,2,2,2,2,20141009,10,1,1,1,2,2,,4,1,2,26,10,1,,4,1,1,2,5,1,435,
9393,,,,2,2,2,2,2,2,2,2,2,2,2,20141002,10,10,1,3,,3,,3,2,1,34,10,1,,,2,3,1,2,2,1033,
9394,,,,2,2,2,2,2,2,2,2,2,2,2,20140912,9,10,2,3,,1,,1,1,0,26,10,,2,1,2,1,1,2,3,408,
9395,,,,2,2,2,2,2,2,2,2,2,2,2,20140922,9,1,1,1,2,2,2,4,1,2,26,10,1,,4,1,1,4,5,1,435,
9396,,,,2,2,2,2,2,2,2,2,2,2,2,20141009,10,2,1,1,2,2,,4,1,1,34,10,1,,,1,,,,1,918,
9397,,,,1,2,2,2,2,2,2,2,2,2,2,20140915,9,1,2,1,2,2,,4,1,3,34,10,1,,,1,1,2,5,1,502,
9398,,,,2,2,2,2,2,2,2,2,2,2,2,20140929,9,9,2,3,,2,,2,1,1,34,10,1,3,2,2,1,1,2,3,678,
9399,,,,2,2,2,2,2,2,2,2,2,2,2,20140910,9,9,2,3,,2,,2,1,1,34,10,1,3,2,3,2,2,3,3,678,
9400,,,,2,2,2,2,2,2,2,2,2,2,2,20140801,8,4,2,3,,3,3,3,2,2,34,10,1,,4,3,3,2,3,3,112,
9401,,,,2,2,2,2,2,2,2,2,2,2,2,20140807,8,4,2,2,1,3,3,4,1,3,34,10,1,,4,2,3,1,2,3,785,
9402,,,,2,2,2,2,2,2,2,2,2,2,2,20140731,7,9,1,3,,1,,1,1,1,34,10,1,,,5,4,3,4,3,516,
9403,,,,1,2,2,2,2,2,2,2,2,2,2,20140915,9,5,2,2,3,2,,5,1,2,26,10,1,2,2,2,3,1,2,3,6060,
9404,,,,1,2,2,2,1,2,2,2,2,2,2,20150220,2,2,2,1,2,2,,4,2,2,34,10,1,,4,1,1,1,5,1,402,
9405,,,,2,2,2,2,2,2,2,2,2,2,2,20150330,3,3,2,1,3,2,,5,1,3,26,10,1,,4,1,1,3,5,1,1171,
9406,,,,2,2,2,2,2,2,2,2,2,2,2,20150210,2,2,1,1,2,2,,4,1,2,26,10,1,,4,1,1,1,5,1,435,
9407,1,1,1,2,2,2,2,2,2,2,2,2,2,2,20150313,3,10,2,3,,1,,1,1,1,34,10,1,5,2,3,1,3,4,3,339,70+
9408,,,,2,2,2,2,2,2,2,2,2,2,2,20150215,2,2,2,1,4,2,,6,1,2,34,10,1,,4,1,1,2,5,1,1005,
9409,,,,1,1,2,2,1,1,2,2,2,2,2,20150320,3,2,2,1,2,2,,4,1,2,26,10,1,,,2,1,3,5,1,363,
9410,1,2,1,2,2,2,2,2,2,2,2,2,2,2,20150325,3,4,1,2,1,3,3,4,1,3,34,10,1,,3,5,5,2,3,3,1251,60+
9411,3,,1,2,2,2,2,2,2,2,2,2,2,2,20150324,3,10,2,3,,2,,2,1,2,34,10,1,1,3,2,1,1,2,3,452,65+
9412,,,,2,2,2,2,2,2,2,2,2,2,2,20150213,2,10,2,3,,1,,1,1,0,26,10,1,1,2,1,,,,2,408,
9413,1,2,1,1,2,2,2,1,2,2,2,2,2,2,20150216,2,7,1,3,,2,,2,1,2,34,10,1,4,4,4,3,3,4,3,1163,65+
9414,,,,1,2,2,2,1,2,1,2,1,2,2,20150304,3,2,2,1,2,2,,4,1,2,34,10,1,,4,1,1,3,5,1,670,
9415,1,2,1,2,2,2,2,2,2,2,2,2,2,2,20150213,2,7,1,2,2,1,,3,1,2,34,10,1,4,4,5,5,3,4,3,9173,75+
9416,,,,1,1,2,2,1,2,2,2,2,2,2,20150214,2,3,2,1,2,2,,4,1,3,34,10,1,,4,1,1,2,5,1,398,
9417,1,2,1,1,2,2,2,2,2,2,2,2,2,2,20150318,3,9,1,3,,2,,2,2,1,34,10,1,4,2,3,4,1,2,3,688,65+
9418,,,,1,2,2,2,1,2,2,2,2,2,2,20150215,2,3,2,1,2,2,,4,1,2,34,10,1,,4,1,1,1,5,1,663,
9419,1,2,1,1,1,2,2,2,2,2,2,2,2,2,20150214,2,7,1,3,,2,,2,1,2,34,10,1,7,4,5,4,3,4,3,1163,80+
9420,,,,2,2,2,2,2,2,2,2,2,2,2,20150401,4,4,1,1,2,2,,4,1,3,34,10,1,,4,2,4,1,5,,792,
9421,1,2,1,2,2,2,2,2,2,2,2,2,2,2,20150315,3,10,2,3,,1,,1,2,1,26,10,1,2,1,2,1,1,2,3,102,
9422,,,,1,2,2,2,2,2,2,2,2,2,2,20150213,2,2,1,1,3,3,,6,1,1,26,10,1,,,1,1,2,5,1,980,
9423,,,,2,2,2,2,2,2,2,2,2,2,,20150212,2,3,2,1,1,3,,4,1,3,26,10,1,,1,2,2,2,5,1,937,
9424,,,,1,2,2,2,2,2,2,2,2,2,2,20150216,2,1,2,1,2,2,,4,1,2,26,10,1,,2,1,1,1,5,1,363,
9425,1,,2,2,2,2,2,2,2,2,2,2,2,2,20150323,3,9,1,3,,1,1,1,1,0,34,10,1,2,1,5,5,3,4,3,1033,75+
9426,,,,1,2,2,2,2,2,2,2,2,2,2,20150402,4,2,2,1,2,2,,4,1,2,26,10,1,,4,1,1,1,5,1,363,
9427,,,,2,2,2,2,2,2,2,2,2,2,2,20150325,3,4,2,1,1,3,3,4,1,3,34,10,1,,2,1,1,1,5,,398,
9428,,,,1,1,2,2,2,2,2,2,2,2,2,20150215,2,2,1,1,2,2,,4,1,2,34,10,1,,4,1,,,,1,612,
9429,,,,1,2,2,2,2,2,2,2,2,2,2,20150217,2,3,2,1,2,2,,4,1,2,34,10,1,,2,1,1,1,5,1,663,
9430,1,,1,2,2,2,2,2,2,2,2,2,2,2,20150311,3,9,2,3,,2,,2,1,2,26,10,1,6,4,3,3,2,3,3,272,"Pas d’âge, santé implicite"
9431,,,,1,2,2,2,1,2,2,2,2,2,1,20150224,2,4,2,1,3,3,,6,2,3,34,10,1,,2,3,3,2,5,,426,
9432,,,,1,2,2,1,2,2,2,2,2,2,2,20150215,2,4,1,1,2,3,1,5,1,3,34,10,1,,4,3,4,1,5,,660,
9433,1,1,1,1,1,2,2,1,2,2,2,2,2,2,20150214,2,9,2,3,,2,,2,2,2,34,10,1,5,2,2,1,1,2,3,339,80+
9434,1,2,1,1,1,2,2,1,2,2,2,2,2,2,20150211,2,6,1,3,,2,,2,1,2,34,10,1,4,4,5,5,3,4,3,1163,60+
9435,1,2,1,1,2,2,2,1,2,2,2,2,2,2,20150317,3,6,1,3,,2,2,2,1,2,34,10,1,4,4,5,4,3,4,3,1163,70+
9436,1,2,1,2,2,2,2,2,2,2,2,2,2,2,20150313,3,8,2,3,,2,,2,1,2,34,10,1,6,3,4,2,3,4,3,958,70+
9437,2,2,1,2,2,2,2,2,2,2,2,2,2,2,20150219,2,4,1,3,,2,1,2,1,2,26,10,1,,,,5,,,3,476,
9438,,,,1,2,2,2,2,2,2,2,2,2,1,20150227,2,4,2,2,1,3,1,4,1,3,34,10,1,,2,4,3,2,5,,785,
9439,1,1,2,2,2,2,2,2,2,2,2,2,2,2,20150211,2,8,2,3,,2,,2,1,1,34,10,1,1,2,3,3,2,3,3,1437,65+
9440,1,2,1,2,2,2,2,2,2,2,2,2,2,2,20150215,2,4,1,3,,2,1,2,2,3,34,10,1,,4,5,5,2,3,3,99,
9441,1,1,1,1,2,2,2,1,2,2,2,2,2,2,20150213,2,8,1,3,,2,,2,1,2,26,10,1,1,2,5,4,3,4,3,1801,55+
9442,1,,1,2,2,2,2,2,2,2,2,2,2,2,20150210,2,7,2,3,,2,1,2,1,1,34,10,1,1,1,5,,,,3,1437,80+
9443,2,1,1,1,2,2,2,2,2,2,2,2,2,2,20150212,2,9,2,3,,2,,2,1,1,34,10,1,5,1,2,2,1,2,3,678,
9444,,,,1,2,2,2,1,2,2,2,2,2,2,20150215,2,1,2,1,1,2,,3,1,2,26,10,1,,4,1,1,1,5,1,272,
9445,,,,2,2,2,2,2,2,2,2,2,2,2,20150226,2,1,1,1,1,2,2,3,1,2,34,10,1,,2,1,1,4,5,1,459,
9446,,,,2,2,2,2,2,2,2,2,2,2,2,20150402,4,1,1,1,2,2,,4,1,2,26,10,1,,4,1,1,1,5,1,435,
9447,1,2,1,2,2,2,2,2,2,2,2,2,2,2,20150316,3,9,2,3,,2,,2,1,2,34,10,1,4,1,5,4,3,4,3,452,70+
9448,1,2,1,1,1,2,2,2,2,2,2,2,2,2,20150318,3,8,2,3,,2,,2,1,2,34,10,1,5,4,4,1,3,4,3,958,70+
9449,3,2,1,2,2,2,2,2,2,2,2,2,2,2,20150325,3,4,2,2,1,3,3,4,2,3,34,10,1,,,4,4,2,3,3,491,
9450,,,,1,2,1,2,2,2,2,2,2,2,2,20140724,7,7,2,3,,2,,2,0,2,34,10,1,1,1,3,3,2,3,3,1437,
9451,,,,2,2,2,2,2,2,2,2,2,2,2,20140728,7,3,1,1,2,1,,3,0,2,34,10,1,,2,3,5,1,5,1,1188,
9452,1,2,1,2,2,2,2,2,2,2,2,2,2,2,20150316,3,8,2,3,,2,2,2,1,2,34,10,1,4,3,2,1,1,2,3,958,"Pas d’âge, santé implicite"
9453,1,1,1,1,1,2,2,1,2,2,2,2,2,2,20150319,3,8,2,3,,2,,2,1,2,26,10,1,1,,5,1,3,4,3,1046,70+
9454,1,2,1,2,2,2,2,2,2,2,2,2,2,2,20150210,2,8,2,3,,2,,2,1,0,34,10,1,1,1,2,,,,3,2873,Ne sais pas
9455,,,,2,2,2,2,2,2,2,2,2,2,2,20150324,3,1,1,1,1,2,,2,1,1,34,10,1,,2,1,1,4,5,1,459,
9456,,,,2,2,2,2,2,2,2,2,2,2,2,20150327,3,1,2,1,3,1,,4,1,1,26,10,1,,1,1,1,3,5,1,545,
9457,,,,2,2,2,2,2,2,2,2,2,2,2,20150328,3,2,1,1,2,1,,3,2,1,26,10,1,,2,1,1,1,5,1,196,
9458,,,,1,2,2,1,1,2,2,2,2,2,2,20141213,12,3,1,1,1,2,,3,1,2,34,10,1,,4,2,3,2,5,1,792,
9459,,,,1,1,2,2,1,2,2,2,2,2,2,20141113,11,4,1,1,1,2,2,3,2,3,34,10,1,,4,4,5,2,5,,475,
9460,,,,1,1,2,2,2,2,2,2,2,2,2,20141113,11,6,1,2,1,2,,3,1,1,34,10,1,1,2,4,4,2,3,3,13759,
9461,1,1,1,1,1,1,,,2,2,2,2,2,2,20150113,1,7,2,3,,1,,1,1,0,34,10,1,2,2,4,2,3,4,3,1437,70+
9462,,,,2,2,2,2,2,2,2,2,2,2,2,20141011,10,10,2,3,,1,,1,1,1,26,10,1,1,2,3,1,2,3,3,204,
9463,,,,1,1,2,2,2,2,2,2,2,2,2,20141011,10,7,2,3,,1,,1,1,1,26,10,1,4,3,4,3,3,4,3,785,
9464,,,,2,2,2,2,2,2,2,2,2,2,2,20141210,12,2,1,1,2,2,,4,1,2,34,10,1,,,1,,,,1,612,
9465,,,,2,2,2,2,2,2,2,2,2,2,2,20141211,12,4,2,1,2,2,,4,2,3,26,10,1,,4,1,2,1,5,,535,
9466,,,,2,2,2,2,2,2,2,2,2,2,2,20150131,1,1,1,1,1,2,,3,1,2,26,10,1,,4,1,1,4,5,1,327,
9467,1,2,1,1,2,2,2,1,2,2,2,2,2,2,20150119,1,7,1,3,,1,,1,0,1,26,10,1,2,2,3,3,2,3,3,2701,75+
9468,,,,2,2,2,2,2,2,2,2,2,2,2,20141005,10,3,1,1,3,2,2,5,1,3,34,10,1,,4,4,3,3,5,1,660,
9469,,,,2,2,2,2,2,2,2,2,2,2,2,20141030,10,8,1,3,,1,,1,1,0,34,10,1,2,1,2,,,,3,1745,
9470,,,,2,2,2,2,2,2,2,2,2,2,2,20141109,11,2,1,1,2,2,2,4,1,3,34,10,1,,3,1,1,1,5,1,459,
9471,,,,1,1,2,2,1,2,2,2,2,2,2,20141028,10,8,2,3,,1,,1,1,1,26,10,1,7,,2,4,1,2,3,785,
9472,,,,1,2,2,2,2,2,2,2,2,2,2,20141030,10,1,2,1,3,2,,5,1,3,34,10,1,,4,1,,,,1,502,
9473,,,,1,2,2,2,2,2,2,2,2,2,2,20140825,8,1,2,1,1,2,,3,1,2,26,10,1,,4,1,,,,1,272,
9474,,,,1,1,1,2,1,2,2,2,2,2,2,20140810,8,5,2,2,2,2,,4,2,1,26,10,1,7,4,3,3,1,2,3,3636,
9475,,,,1,2,2,2,2,2,2,2,2,2,1,20141105,11,4,2,1,1,1,,3,1,3,34,10,1,,4,3,3,2,5,,298,
9476,,,,1,2,1,2,1,2,2,2,2,2,2,20141106,11,4,1,1,1,2,2,3,1,3,34,10,1,,4,3,4,1,5,,594,
9477,,,,1,1,2,2,2,2,2,2,2,2,2,20140820,8,8,2,3,,1,,1,1,1,34,10,1,1,1,,1,,,3,718,
9478,,,,2,2,2,2,2,2,2,2,2,2,2,20141030,10,8,1,3,,1,,1,1,1,26,10,1,5,3,5,5,2,3,3,1350,
9479,,,,2,2,2,2,2,2,2,2,2,2,2,20140812,8,8,2,3,,2,,2,2,1,34,10,1,6,3,5,2,3,4,3,575,
9480,,,,2,2,2,2,2,2,2,2,2,2,2,20141014,10,9,2,3,,1,,1,2,1,34,10,1,1,2,2,1,2,3,3,113,
9481,,,,2,2,2,2,2,2,2,2,2,2,2,20141014,10,8,1,3,,2,2,2,2,2,34,10,1,2,2,3,3,2,3,3,873,
9482,,,,1,1,2,1,1,2,2,2,2,2,2,20141014,10,2,1,1,1,2,1,3,1,3,26,10,1,,4,1,1,2,5,1,245,
9483,,,,2,2,2,2,2,2,2,2,2,2,2,20141011,10,4,2,1,2,2,,4,1,3,26,10,1,,4,3,2,2,5,,750,
9484,,,,2,2,2,2,2,2,2,2,2,2,2,20141027,10,9,1,3,,2,,2,1,1,34,10,1,2,1,4,4,2,3,3,1033,
9485,,,,1,1,2,2,1,2,2,2,2,2,2,20141022,10,8,2,3,,1,1,1,1,1,26,10,1,2,,2,3,1,2,3,785,
9486,,,,2,2,2,2,2,2,2,2,2,2,2,20141031,10,3,1,1,2,2,,4,1,3,26,10,1,,4,3,5,1,5,1,798,
9487,,,,2,2,2,2,2,2,2,2,2,2,2,20141010,10,9,1,3,,2,,2,1,1,34,10,1,3,3,4,4,2,3,3,1033,
9488,,,,2,2,2,2,2,2,2,2,2,2,2,20141022,10,7,2,2,1,3,1,4,1,2,26,10,1,4,4,3,2,2,3,3,4848,
9489,,,,2,2,2,2,2,2,2,2,2,2,2,20141023,10,9,2,3,,2,,2,1,1,26,10,1,2,1,3,2,2,3,3,408,
9490,,,,2,2,2,2,2,2,2,2,2,2,2,20141203,12,4,1,1,1,2,,3,2,3,26,10,1,,4,3,5,1,5,,399,
9491,,,,1,2,2,2,2,2,2,2,2,2,2,20141027,10,9,1,3,,2,2,2,1,1,34,10,1,3,2,2,,,,3,1033,
9492,,,,2,2,2,2,2,2,2,2,2,2,2,20141028,10,10,1,3,,2,,2,1,1,34,10,1,1,2,3,3,2,3,3,1033,
9493,,,,2,2,2,2,1,2,2,2,2,2,2,20141031,10,4,2,1,1,2,,3,1,1,34,10,1,,,2,,,,,746,
9494,,,,1,1,2,2,2,2,2,2,2,2,2,20141030,10,4,2,1,2,2,2,4,1,3,26,10,1,,,4,2,3,5,,750,
9495,,,,2,2,2,2,2,2,2,2,2,2,2,20141029,10,7,2,3,,1,1,1,1,2,34,10,1,3,1,2,1,1,2,3,479,
9496,,,,2,2,2,2,2,2,2,2,2,2,2,20141023,10,9,1,3,,1,1,1,1,1,34,10,1,2,2,3,2,2,3,3,516,
9497,,,,2,2,2,2,2,2,2,2,2,2,2,20141023,10,5,2,3,,2,,2,1,2,26,10,1,6,4,2,3,1,2,3,1046,
9498,,,,2,2,2,2,2,2,2,2,2,2,2,20141028,10,10,2,3,,1,,1,1,1,34,10,1,1,1,3,3,2,3,3,339,
9499,,,,2,2,2,2,2,2,2,2,2,2,2,20141025,10,9,1,3,,1,,1,1,0,26,10,1,5,1,3,4,1,2,3,1013,
9500,,,,2,2,2,2,2,2,2,2,2,2,2,20141025,10,8,2,3,,2,,2,1,2,34,10,1,4,,,1,,,3,958,
9501,,,,2,2,2,2,2,2,2,2,2,2,2,20141027,10,7,1,2,2,3,3,5,1,3,34,10,1,7,4,5,4,3,4,3,7644,
9502,,,,2,2,2,2,2,2,2,2,2,2,2,20141029,10,9,1,3,,2,,2,,1,34,10,1,1,2,4,3,2,3,3,2065,
9503,,,,1,2,2,2,1,2,2,2,2,2,2,20141101,11,2,1,1,2,2,,4,1,2,26,10,1,,4,1,1,2,5,1,435,
9504,,,,2,2,2,2,2,2,2,2,2,2,2,20150119,1,9,1,3,,2,,2,1,1,26,10,1,6,4,2,3,1,2,2,1013,
9505,,,,2,2,2,2,2,2,2,2,2,2,2,20141106,11,3,1,1,1,2,,3,2,1,34,10,1,,4,2,1,3,5,1,594,
9506,,,,1,1,2,,1,2,2,2,2,2,2,20141106,11,4,2,1,1,3,,4,1,3,34,10,1,,1,1,3,1,5,,398,
9507,,,,2,2,2,2,2,2,2,2,2,2,2,20141105,11,1,1,1,2,2,,4,1,1,26,10,1,,3,1,1,4,5,1,653,
9508,,,,2,2,2,2,2,2,2,2,2,2,2,20150324,3,10,1,3,,2,,2,1,1,34,10,1,1,1,2,2,1,2,2,1033,
9509,,,,1,2,2,2,1,2,2,2,2,2,2,20141108,11,2,1,1,2,2,,4,1,2,34,10,1,,4,1,1,2,5,1,612,
9510,,,,1,2,2,2,1,2,2,2,2,2,2,20140909,9,3,2,1,1,2,,3,1,2,34,10,1,,2,2,1,2,5,1,497,
9511,,,,1,1,1,2,1,2,2,2,2,2,2,20141110,11,4,1,1,1,3,3,3,1,3,34,10,1,,4,5,5,3,5,,594,
9512,1,2,1,2,2,2,2,2,2,2,2,2,2,2,20141117,11,9,2,3,,2,,2,1,1,34,10,1,2,,3,2,2,3,3,678,
9513,1,1,1,1,2,2,2,2,2,2,2,2,2,2,20141124,11,9,1,3,,2,,2,1,2,26,10,1,5,,5,4,3,4,3,676,50+
9514,1,2,1,2,2,2,2,2,2,2,2,2,2,2,20141118,11,9,1,3,,2,,2,1,1,34,10,1,2,2,5,5,2,3,3,1033,60+
9515,,,,1,2,2,2,1,2,2,2,2,2,2,20141121,11,1,2,1,1,2,,3,1,2,34,10,1,,4,1,1,2,5,1,502,
9516,1,2,1,1,2,2,1,1,2,2,2,2,2,2,20141114,11,8,2,3,,3,1,3,1,3,26,10,1,4,4,4,1,3,4,3,1177,65+
9517,2,2,1,2,2,2,2,2,2,2,2,2,2,2,20141124,11,9,2,3,,3,,,1,0,26,10,1,1,1,5,3,3,4,3,408,
9518,1,2,1,2,2,2,2,2,2,2,2,2,2,2,20141118,11,7,1,3,,2,,2,1,0,26,10,1,3,1,5,3,3,4,3,5402,65+
9519,1,2,2,2,2,2,2,2,2,2,2,2,2,2,20141119,11,10,2,3,,1,,1,1,0,34,10,1,2,1,2,1,2,3,3,678,
9520,,,,2,2,2,2,2,2,2,2,2,2,2,20141113,11,10,2,3,,1,,1,1,0,34,10,1,1,1,3,2,2,3,3,678,
9521,,,,2,2,2,2,2,2,2,2,2,2,2,20141113,11,10,2,3,,1,,1,2,1,34,10,1,1,1,4,4,2,3,3,226,
9522,1,2,1,2,2,2,2,2,2,2,2,2,2,2,20141117,11,8,1,3,,2,,2,1,2,26,10,1,6,,4,5,1,2,2,1801,80+
9523,1,2,1,1,1,2,2,1,2,2,2,2,2,2,20141117,11,8,1,3,,2,,2,1,2,34,10,1,7,3,5,5,3,4,3,1163,65+
9524,,,,1,2,2,2,2,2,2,2,2,2,2,20141113,11,10,2,3,,1,,1,1,0,34,10,1,1,1,5,1,3,4,3,678,
9525,,,,2,2,2,2,2,2,2,2,2,2,2,20141110,11,10,2,3,,1,,1,1,0,26,10,1,1,1,3,2,2,3,3,408,
9526,,,,2,2,2,2,2,2,2,2,2,2,2,20141127,11,1,1,1,1,2,,3,1,0,34,10,1,,,,,,,1,1377,
9527,1,1,1,1,1,1,2,1,2,2,2,2,2,2,20141116,11,8,2,3,,2,2,2,1,2,26,10,1,4,4,,,,,3,1046,75+
9528,,,,2,2,2,2,2,2,2,2,2,2,2,20141201,12,1,1,1,1,1,,2,1,1,34,10,1,,2,1,1,1,5,1,459,
9529,,,,2,2,2,2,2,2,2,2,2,2,2,20141124,11,1,2,1,1,2,,3,1,2,34,10,1,,4,1,1,4,5,1,502,
9530,1,2,1,2,2,2,2,2,2,2,2,2,2,2,20141117,11,5,2,2,2,2,,4,2,2,26,10,1,2,3,3,3,2,3,3,3636,Pensionnés/Âge de la retraite
9531,1,2,1,1,2,2,2,2,2,2,2,2,2,2,20150324,3,9,2,3,,1,,1,1,0,34,10,1,1,1,,1,,,3,678,80+
9532,1,2,1,1,2,2,2,2,2,2,2,2,1,2,20141124,11,4,1,2,1,3,1,4,1,3,34,10,1,,4,2,4,1,2,2,1563,70+
9533,,,,1,2,2,2,2,2,2,2,2,2,2,20141114,11,2,1,1,1,2,,3,2,2,34,10,1,,4,1,1,1,5,1,275,
9534,,,,2,2,2,2,2,2,2,2,2,2,2,20141204,12,3,2,1,2,2,,4,1,2,34,10,1,,2,4,3,2,5,1,663,
9535,,,,1,2,2,1,1,2,2,2,2,2,2,20141110,11,7,2,3,,3,2,4,1,3,34,10,1,6,,3,4,1,2,3,1149,
9536,1,2,1,1,1,1,,2,2,2,2,2,2,2,20141118,11,8,2,3,,1,,1,1,0,26,10,1,1,1,4,2,3,4,3,1569,60+
9537,1,1,1,2,2,2,2,2,2,2,2,2,2,2,20141118,11,7,2,3,,2,,2,2,1,34,10,1,2,1,3,1,2,3,3,718,75+
9538,1,1,1,2,2,2,2,2,2,2,2,2,2,2,20141119,11,10,1,3,,2,,2,1,1,26,10,1,2,4,2,4,1,2,3,1013,
9539,,,,2,2,2,2,2,2,2,2,2,2,2,20141130,11,1,2,1,1,2,,3,1,2,34,10,1,,4,1,,,,1,502,
9540,1,2,2,2,2,2,2,2,2,2,2,2,2,2,20141119,11,8,1,3,,2,,2,1,0,34,10,1,1,2,5,5,2,3,3,3490,70+
9541,1,2,1,2,2,2,2,2,2,2,2,2,2,2,20141202,12,2,2,2,1,2,,3,1,0,26,10,1,,,1,1,1,5,1,1694,
9542,1,2,1,2,2,2,2,2,2,2,2,2,2,2,20141114,11,10,1,3,,2,,2,2,1,34,10,1,1,1,4,3,2,3,3,688,70+
9543,1,,1,2,2,2,2,2,2,2,2,2,2,2,20141210,12,6,2,3,,1,,1,1,1,34,10,1,7,4,,3,,,3,718,
9544,1,1,1,2,2,2,2,2,2,2,2,2,2,2,20141210,12,6,2,2,2,2,,4,1,3,34,10,1,7,4,5,2,3,4,3,6041,75+
9545,1,1,1,1,1,2,2,1,2,2,2,2,2,2,20141211,12,10,1,3,,2,,2,1,1,26,10,1,2,2,2,4,1,2,3,1013,70+
9546,1,2,1,1,2,2,2,1,2,2,2,2,2,2,20141211,12,8,2,3,,2,,2,2,1,34,10,1,3,1,5,3,3,4,3,958,65+
9547,1,2,1,2,2,2,2,2,2,2,2,2,2,2,20141211,12,9,2,3,,2,,2,1,0,34,10,1,5,,,1,,,3,1356,65+
9548,,,,2,2,2,2,,2,2,2,2,2,2,20141212,12,2,2,1,2,2,,4,1,2,26,10,1,,4,1,1,1,5,1,363,
9549,,,,1,2,2,2,2,2,2,2,2,2,2,20141213,12,2,2,1,2,2,,4,1,2,26,10,1,,4,1,1,1,5,1,363,
9550,,,,2,2,2,2,2,2,2,2,2,2,2,20141212,12,2,1,1,2,1,,3,1,1,34,10,1,,2,1,,,,1,689,
9551,1,2,1,2,2,2,2,2,2,2,2,2,2,2,20141211,12,8,2,3,,1,,1,1,1,34,10,1,4,2,3,1,2,3,3,718,70+
9552,,,,2,2,2,2,2,2,2,2,2,2,2,20141211,12,10,1,3,,2,,2,1,1,34,10,1,1,2,4,3,2,3,2,1033,
9553,,,,2,2,2,1,2,2,2,2,1,2,2,20140909,9,4,1,3,,3,1,3,1,2,34,10,1,,2,2,5,1,2,3,297,
9554,1,1,1,1,1,2,2,2,2,2,2,2,2,2,20141210,12,7,1,3,,2,,2,1,2,34,10,1,4,4,4,5,2,3,3,1163,65+
9555,1,1,1,1,2,2,2,1,2,2,2,2,2,2,20150119,1,8,2,3,,2,,2,1,2,34,10,1,4,3,3,2,2,3,3,958,65+
9556,1,2,1,1,1,2,2,1,2,2,2,2,2,2,20141210,12,8,2,3,,2,,2,1,1,34,10,1,1,2,3,1,3,4,3,1437,75+
9557,1,1,1,1,2,1,1,1,2,2,2,2,2,2,20141210,12,5,1,3,,2,,2,1,2,26,10,1,7,4,4,5,1,2,3,1801,65+
9558,1,2,1,1,1,2,2,1,2,2,2,2,2,1,20141210,12,8,2,3,,3,,3,1,3,34,10,1,2,3,2,3,1,2,3,1078,
9559,1,2,1,1,1,2,2,1,2,2,2,2,2,1,20141211,12,4,2,2,1,3,3,4,1,3,26,10,1,,4,1,3,1,1,3,1554,60+
9560,,,,1,2,2,2,1,2,2,2,2,2,1,20141213,12,2,2,1,2,3,,5,2,3,26,10,1,,4,1,1,1,5,1,227,
9561,1,2,1,1,1,2,2,1,2,2,2,2,2,2,20141211,12,8,1,2,1,3,1,4,1,3,26,10,1,2,4,4,2,3,4,3,5007,70+
9562,,,,2,2,2,2,2,2,2,2,2,2,2,20141212,12,3,2,1,1,2,,3,1,2,34,10,1,,2,2,1,2,5,1,497,
9563,1,2,1,1,1,2,1,1,2,2,2,1,2,2,20141210,12,8,1,3,,2,,2,1,2,34,10,1,6,4,5,4,3,4,3,1163,60+
9564,3,2,1,2,2,2,2,2,2,2,2,2,2,2,20141210,12,10,2,3,,2,,2,2,1,34,10,1,1,2,2,1,1,2,3,452,75+
9565,,,,1,1,2,1,1,2,2,2,2,2,2,20141213,12,2,2,1,2,2,,4,1,2,34,10,1,,4,1,1,1,5,1,670,
9566,,,,2,2,2,2,2,2,2,2,2,2,2,20141211,12,3,2,1,1,2,,3,1,3,34,10,1,,1,2,2,1,5,1,373,
9567,,,,1,2,2,2,2,2,2,2,2,2,2,20141212,12,2,2,1,1,2,,3,1,1,34,10,1,,,1,1,2,5,1,754,
9568,3,2,1,1,1,1,2,2,2,2,2,2,2,2,20141211,12,10,1,3,,1,,1,1,1,34,10,1,6,2,3,5,1,2,3,516,
9569,,,,1,1,1,1,1,2,2,2,2,2,2,20150127,1,3,2,1,2,2,,4,1,2,34,10,1,,,2,3,1,5,1,663,
9570,1,2,1,2,2,2,2,2,2,2,2,2,2,2,20141210,12,7,2,3,,2,,2,1,2,34,10,1,6,2,4,3,2,3,3,958,70+
9571,1,2,1,2,2,2,2,2,2,2,2,2,2,2,20141210,12,8,2,3,,2,,2,1,1,26,10,1,5,2,2,1,1,2,3,1569,65+
9572,1,2,2,2,2,2,2,2,2,2,2,2,2,2,20141211,12,9,1,3,,2,,2,2,0,34,10,1,1,1,4,5,1,2,3,688,75+
9573,,,,2,2,2,2,2,2,2,2,2,2,2,20141211,12,3,2,1,3,2,,5,1,0,34,10,1,,2,1,2,1,5,1,2485,
9574,,,,1,2,2,2,2,2,2,2,2,2,2,20141202,12,4,2,1,1,3,,4,1,3,34,10,1,,,2,4,1,5,,497,
9575,1,1,1,2,2,2,2,2,2,2,2,2,2,2,20141211,12,8,1,3,,1,1,1,1,0,26,10,1,7,2,2,3,1,2,3,2701,65+
9576,1,1,1,2,1,2,2,2,2,2,2,2,2,2,20141211,12,8,2,3,,1,,1,1,0,34,10,1,1,1,5,1,3,4,3,1437,"Pas d’âge, santé implicite"
9577,,,,2,2,2,2,2,2,2,2,2,2,2,20141211,12,10,2,3,,2,,2,2,1,34,10,1,1,1,4,1,3,4,2,452,
9578,1,2,1,1,2,2,2,2,2,2,2,2,2,2,20141211,12,9,1,3,,3,1,3,2,2,34,10,1,1,2,4,5,1,2,3,774,
9579,,,,1,1,2,2,2,2,2,2,2,2,2,20140828,8,4,1,1,2,2,,4,1,3,26,10,1,,4,3,5,1,5,,639,
9580,1,,1,1,1,2,2,1,2,2,2,2,2,2,20150119,1,9,2,3,,3,2,3,2,3,26,10,1,3,2,5,2,3,4,3,245,70+
9581,1,2,2,2,2,2,2,2,2,2,2,2,2,2,20150112,1,10,2,3,,1,,1,1,0,34,10,1,1,1,1,1,1,2,3,678,"Pas d’âge, santé implicite"
9582,1,2,1,1,2,2,2,1,2,2,2,2,2,2,20141210,12,10,1,3,,1,,1,1,1,34,10,1,2,1,4,5,2,3,3,516,65+
9583,1,1,1,1,2,2,2,2,2,2,2,2,2,2,20141211,12,7,2,2,4,2,,6,1,3,34,10,1,7,4,,3,,,3,9062,60+
9584,1,1,1,1,1,2,2,1,2,2,2,1,2,2,20150119,1,9,2,3,,1,,1,1,0,26,10,1,4,2,2,1,2,3,3,408,65+
9585,,,,2,2,2,2,2,2,2,2,2,2,2,20141213,12,3,1,1,3,3,1,6,1,3,34,10,1,,4,2,3,1,5,1,1188,
9586,,,,2,2,2,2,2,2,2,2,2,2,2,20140819,8,7,1,2,2,2,,4,1,3,26,10,1,3,4,5,3,3,4,3,6258,
9587,,,,1,2,2,1,1,2,1,2,2,2,2,20140819,8,2,2,1,1,2,,2,1,0,26,10,1,,1,1,1,1,5,1,545,
9588,1,1,1,2,2,2,2,2,2,2,2,2,2,2,20141211,12,9,2,3,,1,,1,2,1,26,10,1,2,2,3,2,2,3,3,102,
9589,1,2,1,2,2,2,2,2,2,2,2,2,2,2,20141211,12,9,2,3,,2,2,2,2,1,26,10,1,4,,3,2,2,3,3,272,80+
9590,,,,1,2,2,1,1,2,2,2,2,2,2,20140821,8,9,1,3,,2,,2,1,2,26,10,1,1,4,5,4,3,4,3,676,
9591,1,1,1,2,2,2,2,1,2,2,2,2,2,2,20150214,2,9,2,3,,1,,1,1,0,26,10,1,5,,2,3,1,2,3,408,65+
9592,1,2,1,2,2,2,2,2,2,2,2,2,2,2,20150214,2,9,2,3,,2,,2,1,1,34,10,1,1,2,,3,,,3,678,80+
9593,,,,2,2,2,2,2,2,2,2,2,2,2,20150208,2,1,2,1,2,3,3,6,1,3,26,10,1,,2,1,,,,1,408,
9594,1,2,1,2,2,2,2,2,2,2,2,2,2,2,20150114,1,10,2,3,,1,,1,1,0,34,10,1,2,,1,1,1,2,3,678,
9595,,,,2,2,2,2,2,2,2,2,2,2,2,20140820,8,9,2,3,,1,,1,1,1,34,10,1,,,5,3,3,4,3,339,
9596,,,,2,2,2,2,2,2,2,2,2,2,2,20140821,8,10,2,3,,2,,2,2,1,34,10,1,2,,4,4,2,3,3,339,
9597,,,,1,2,2,2,2,2,2,2,2,2,2,20140815,8,4,2,2,3,3,4,6,1,3,34,10,1,,4,2,1,1,2,3,8810,
9598,,,,2,2,2,2,2,2,2,2,2,2,2,20140827,8,3,2,1,1,3,,5,2,3,26,10,1,,4,,,,,1,669,
9599,1,2,2,2,2,2,2,2,2,2,2,2,2,2,20150215,2,10,2,3,,1,,2,2,3,34,10,1,1,1,2,2,1,2,3,271,70+
9600,,,,2,2,2,2,2,2,2,2,2,2,2,20150129,1,3,2,1,2,2,,4,1,3,26,10,1,,4,2,2,2,5,1,750,
9601,1,,1,2,2,2,2,2,2,2,2,2,2,2,20150110,1,8,2,3,,2,,2,1,2,34,10,1,4,2,3,3,2,3,3,958,"Pas d’âge, santé implicite"
9602,1,2,1,1,2,2,2,1,2,2,2,2,2,2,20150120,1,8,2,3,,2,,2,2,2,34,10,1,6,4,2,2,2,3,3,410,80+
9603,,,,1,2,2,2,1,2,2,2,2,2,2,20150208,2,2,2,1,2,2,,4,1,3,26,10,1,,4,1,1,1,5,1,272,
9604,,,,2,2,2,2,2,2,2,2,2,2,2,20150215,2,9,1,3,,2,,2,1,1,34,10,1,1,1,5,4,3,4,2,1033,
9605,,,,1,1,2,2,2,1,2,2,1,2,2,20140827,8,2,2,1,1,2,,3,1,1,34,10,1,,3,1,1,1,5,1,754,
9606,1,2,1,1,1,2,2,2,2,2,2,2,2,2,20150129,1,4,2,3,,3,4,5,1,3,34,10,1,,4,4,5,1,2,3,156,
9607,1,2,2,2,2,2,2,2,2,2,2,2,2,2,20150122,1,9,1,3,,3,1,3,1,2,34,10,1,3,3,5,4,3,4,3,1033,60+
9608,1,2,2,1,2,2,2,2,2,2,2,2,2,2,20150319,3,8,2,3,,1,,1,1,1,26,10,1,7,4,2,4,1,2,3,785,70+
9609,,,,1,2,2,2,2,2,2,2,2,2,2,20150124,1,3,1,1,2,2,,4,1,3,26,10,1,,4,1,,,,1,639,
9610,,,,2,2,2,2,2,2,2,2,2,2,2,20140824,8,3,1,1,3,1,,4,2,1,26,10,1,,1,1,1,1,5,1,1064,
9611,,,,1,1,2,2,1,2,2,2,2,2,2,20140819,8,8,2,3,,1,,1,1,0,26,10,1,1,1,5,3,3,4,3,1569,
9612,,,,2,2,2,2,2,2,2,2,2,2,2,20140815,8,9,1,3,,1,,1,1,0,34,10,1,2,1,4,4,2,3,3,1033,
9613,1,2,1,2,2,2,2,2,2,2,2,2,2,2,20150326,3,4,2,3,,3,2,4,1,3,26,10,1,,,1,1,1,2,3,671,65+
9614,1,2,1,2,2,2,2,2,2,2,2,2,2,2,20150121,1,6,1,2,2,2,,4,1,2,34,10,1,5,4,5,5,2,3,3,12230,
9615,,,,2,2,2,2,2,2,2,2,2,2,2,20150325,3,1,1,1,2,2,,4,1,1,34,10,1,,,1,,,,1,918,
9616,,,,1,2,2,2,2,2,2,2,2,2,2,20140810,8,10,2,3,,2,1,2,1,1,34,10,1,2,2,4,3,2,3,3,678,
9617,,,,1,2,2,2,2,2,2,2,2,2,2,20140903,9,9,2,3,,2,,,,,34,10,1,,,3,3,2,3,3,678,
9618,,,,1,2,2,2,2,2,2,2,2,2,2,20140818,8,10,1,3,,2,,2,1,1,34,10,1,7,3,4,4,2,3,3,1033,
9619,,,,1,2,2,2,1,2,2,2,2,2,2,20150128,1,3,1,1,2,2,,4,1,3,26,10,1,,4,1,1,1,5,1,639,
9620,1,1,1,2,2,2,2,2,2,2,2,2,2,2,20150317,3,7,2,3,,2,,2,1,2,34,10,1,4,2,3,1,2,3,3,958,"Pas d’âge, santé implicite"
9621,,,,2,2,2,2,2,2,2,2,2,2,2,20150209,2,2,1,1,2,2,,4,1,2,26,10,1,,4,1,1,1,5,1,435,
9622,,,,2,2,2,2,2,2,2,2,2,2,2,20140816,8,9,2,3,,1,,1,1,0,34,10,1,6,2,4,2,3,4,3,678,
9623,,,,2,2,2,2,2,2,2,2,2,2,2,20150131,1,4,2,1,2,2,,4,1,3,26,10,1,,,1,3,1,5,,750,
9624,,,,1,2,2,2,2,2,2,2,2,2,2,20140810,8,6,2,2,4,3,,6,1,3,34,10,1,6,4,1,2,1,2,3,8810,
9625,,,,,2,2,2,,2,2,2,2,2,2,20150202,2,1,2,1,1,2,,3,1,2,26,10,1,,4,1,1,2,5,1,272,
9626,,,,1,1,2,2,1,2,2,2,2,2,2,20150323,3,4,2,1,2,1,,3,2,3,34,10,1,,4,2,3,1,5,,249,
9627,,,,2,2,2,2,2,2,2,2,2,2,2,20140825,8,9,2,3,,1,,1,1,1,26,10,1,7,3,1,1,1,2,3,204,
9628,,,,1,2,2,2,2,2,2,2,1,2,2,20140819,8,1,2,1,2,2,,4,1,2,34,10,1,,4,1,,,,1,670,
9629,,,,1,2,2,2,2,2,2,2,2,2,2,20140826,8,1,1,1,1,2,,3,1,2,26,10,1,,4,1,,,,1,327,
9630,,,,2,2,2,2,2,2,2,2,2,2,2,20140825,8,1,1,1,2,2,,4,1,2,34,10,1,,,1,,,,1,612,
9631,,,,2,2,2,2,2,2,2,2,2,2,2,20140815,8,7,2,3,,2,,2,1,2,34,10,1,2,,,1,,,3,958,
9632,,,,2,2,2,2,2,2,2,2,2,2,2,20140819,8,2,2,1,2,2,,4,1,2,34,10,1,,4,1,1,1,5,1,670,
9633,1,1,2,1,2,2,2,2,2,2,2,2,2,2,20150312,3,8,1,3,,2,,2,1,2,34,10,1,1,,5,5,3,4,3,1163,60+
9634,1,1,1,2,2,2,2,2,2,2,2,2,2,2,20150311,3,8,2,3,,2,,2,1,1,34,10,1,2,2,2,1,1,2,3,1437,75+
9635,,,,2,2,2,2,2,2,2,2,2,2,2,20140823,8,10,2,3,,1,,1,2,1,26,10,1,4,,3,2,2,3,3,102,
9636,,,,2,2,2,2,2,2,2,2,2,2,2,20140814,8,8,2,3,,2,,2,1,0,34,10,1,2,1,3,2,2,3,3,2873,
9637,,,,1,2,2,2,1,2,2,2,2,2,2,20140822,8,9,1,3,,2,2,2,1,1,34,10,1,1,1,5,5,2,3,3,1033,
9638,,,,1,2,2,2,1,2,2,2,1,2,2,20140827,8,3,2,1,5,2,,6,1,2,34,10,1,,2,1,1,2,5,1,1160,
9639,1,1,1,2,2,2,2,2,2,2,2,2,2,2,20150111,1,9,1,3,,2,,2,1,1,34,10,1,1,,5,4,3,4,3,1033,"Pas d’âge, santé implicite"
9640,,,,1,2,2,2,1,2,2,2,2,2,2,20150129,1,2,2,1,1,1,,2,1,2,34,10,1,,2,1,1,1,5,1,335,
9641,1,2,1,1,1,2,2,1,2,2,2,2,2,2,20150111,1,9,2,3,,2,,2,1,2,34,10,1,3,3,2,2,1,2,3,452,65+
9642,1,2,1,1,2,2,2,2,2,2,2,2,2,2,20150123,1,8,2,3,,1,,1,1,1,34,10,1,4,1,5,2,3,4,3,718,60+
9643,1,1,1,2,2,2,2,2,2,2,2,2,2,2,20150111,1,7,2,2,2,2,,4,1,3,34,10,1,5,4,4,2,3,4,3,5034,60+
9644,1,2,1,1,2,2,1,1,2,2,2,2,2,2,20150112,1,6,2,3,,1,,1,1,1,26,10,1,4,4,5,3,3,4,3,785,"Pas d’âge, santé implicite"
9645,,,,2,2,2,2,2,2,2,2,2,2,2,20140820,8,8,1,3,,1,1,1,1,0,26,10,1,7,4,5,4,3,4,3,2701,
9646,,,,1,1,2,2,1,2,2,2,1,2,2,20150126,1,3,1,1,2,2,,4,1,3,34,10,1,,4,2,2,1,5,1,792,
9647,1,1,1,2,2,2,2,2,2,2,2,2,2,2,20150317,3,7,1,3,,3,1,3,1,2,26,10,1,4,4,5,4,3,4,3,2701,70+
9648,,,,2,2,2,2,2,2,2,2,2,2,2,20140811,8,8,2,3,,1,1,1,2,0,34,10,1,1,1,4,1,3,4,3,718,
9649,,,,1,2,2,1,1,2,2,2,2,2,2,20150326,3,3,1,1,2,2,,4,1,3,34,10,1,,4,1,1,2,5,1,792,
9650,1,1,1,2,2,2,2,2,2,2,2,2,2,2,20150214,2,9,2,3,,2,,2,1,1,26,10,1,7,,2,3,1,2,3,408,65+
9651,1,1,1,2,2,2,2,2,2,2,2,2,2,2,20150215,2,10,2,3,,1,,1,1,0,26,10,1,2,,2,2,1,2,3,408,70+
9652,,,,2,2,2,2,2,2,2,2,2,2,2,20150126,1,2,2,1,2,2,2,4,1,2,26,10,1,,4,1,1,1,5,1,363,
9653,,,,2,2,2,2,2,2,2,2,2,2,2,20140811,8,6,1,2,2,1,,3,1,2,26,10,1,5,,5,5,3,4,3,6258,
9654,1,2,2,1,1,1,2,2,2,1,2,1,2,2,20150214,2,7,1,3,,1,,1,1,1,34,10,1,1,1,3,5,1,2,3,873,75+
9655,,,,2,2,2,2,,2,2,2,2,2,2,20150124,1,4,2,1,1,3,1,4,2,3,26,10,1,,4,4,3,2,5,,535,
9656,1,2,1,1,1,2,1,1,2,2,2,2,2,2,20150313,3,9,2,3,,1,1,1,1,1,34,10,1,4,1,1,2,1,2,3,339,70+
9657,,,,2,2,2,2,2,2,2,2,2,2,2,20150315,3,4,1,1,1,3,1,4,1,3,26,10,1,,4,4,3,2,5,,639,
9658,,,,2,2,2,2,2,2,2,2,2,2,2,20150120,1,3,2,1,1,2,,3,1,3,34,10,1,,4,1,1,1,5,1,373,
9659,1,1,1,2,2,2,2,2,2,2,2,2,2,2,20150124,1,10,2,3,,1,,1,1,0,34,10,1,1,1,2,2,1,2,3,678,"Pas d’âge, santé implicite"
9660,,,,2,2,2,2,2,2,2,2,2,2,2,20140819,8,9,2,3,,2,,2,1,1,34,10,1,2,1,4,3,2,3,3,678,
9661,,,,1,2,2,2,1,2,2,2,2,2,2,20150209,2,2,2,1,2,2,,4,1,3,26,10,1,,4,1,,,,1,218,
9662,,,,1,2,2,2,2,2,2,2,2,2,2,20150131,1,2,1,1,3,2,,5,1,2,34,10,1,,4,1,1,1,5,1,765,
9663,,,,2,2,2,2,2,2,2,2,2,2,2,20140518,5,3,2,1,1,3,,4,1,2,34,11,1,,2,2,3,1,5,1,55,
9664,,,,2,2,2,2,2,2,2,2,2,2,2,20140617,6,9,2,3,,1,,1,1,0,34,11,1,6,1,3,3,2,3,3,28,
9665,,,,1,1,2,1,2,2,2,2,2,2,2,20140613,6,3,2,1,3,2,,5,1,2,34,11,1,,2,,2,,,1,68,
9666,,,,1,2,2,2,1,1,2,2,2,2,1,20140629,6,3,1,1,3,2,,5,1,2,34,11,1,,3,3,3,2,5,1,71,
9667,,,,1,2,2,2,1,2,2,2,2,2,2,20141216,12,2,2,1,1,2,,3,1,0,34,11,1,,4,1,,,,1,75,
9668,,,,1,1,2,2,2,2,2,2,2,2,2,20140414,4,9,1,4,,,,1,1,0,34,11,,4,1,5,5,2,3,3,29,
9669,,,,1,2,2,1,1,2,2,2,2,2,2,20150217,2,2,2,1,2,2,,4,1,2,34,11,1,,4,1,,,,1,34,
9670,1,1,1,1,2,2,1,1,2,2,2,2,2,2,20141215,12,9,2,3,,1,,1,1,0,34,11,1,4,2,3,,,,3,28,
9671,,,,1,1,1,1,1,2,2,2,2,2,2,20140703,7,9,2,3,,2,,2,1,2,34,11,1,7,4,3,2,2,3,3,19,
9672,,,,1,2,2,2,1,2,2,2,2,2,2,20141220,12,4,2,1,1,2,,3,1,2,34,11,1,,4,2,2,1,5,,41,
9673,,,,1,2,2,2,1,2,2,2,2,2,2,20140613,6,7,2,3,,3,,3,1,2,34,11,1,4,4,2,2,1,2,3,88,
9674,1,1,1,1,2,2,2,1,2,2,2,2,2,2,20141122,11,7,1,2,1,2,,3,2,2,34,11,1,3,4,3,3,2,3,3,562,60+
9675,,,,1,2,2,2,2,2,2,2,2,2,2,20141218,12,3,1,1,1,2,,3,1,3,34,11,1,,,4,5,1,5,1,32,
9676,,,,2,2,2,2,2,2,2,2,2,2,2,20140612,6,2,1,1,1,1,,2,1,1,34,11,1,,3,,,,,1,23,
9677,,,,2,2,2,2,2,2,2,2,2,2,2,20140905,9,9,2,3,,2,,2,1,2,34,11,1,5,3,3,3,1,2,3,19,
9678,,,,1,2,2,2,2,2,2,2,2,2,2,20141121,11,1,2,1,2,2,2,4,1,2,34,11,1,,4,1,,,,1,34,
9679,,,,2,2,2,1,1,2,2,2,2,2,2,20140905,9,9,1,3,,2,,2,1,1,34,11,1,,,4,3,2,3,3,29,
9680,1,2,1,2,2,2,2,2,2,2,2,2,2,2,20150116,1,8,1,3,,2,,2,2,2,34,11,1,2,4,5,5,2,3,3,83,80+
9681,1,1,1,1,2,1,2,1,2,2,2,2,2,2,20150121,1,6,1,3,,1,,1,1,1,34,11,1,3,1,4,5,1,2,3,83,65+
9682,,,,1,2,2,2,1,2,2,2,2,2,2,20140412,4,8,2,4,,,,2,1,2,34,11,,6,4,4,3,2,3,3,59,
9683,1,,1,2,2,2,2,2,2,2,2,2,2,2,20150313,3,8,2,3,,1,1,1,1,0,34,11,1,4,2,3,2,2,3,3,88,70+
9684,,,,1,2,2,2,2,2,1,2,1,2,2,20141122,11,4,2,1,1,2,,3,1,3,34,11,1,,4,2,3,1,5,,31,
9685,,,,2,2,2,2,2,2,2,2,2,2,2,20141218,12,2,1,1,2,2,,4,1,1,34,11,2,,4,1,1,2,5,1,45,
9686,,,,1,2,2,2,1,2,1,2,1,2,2,20140415,4,3,2,4,,,,3,1,3,34,11,,,4,1,3,1,5,1,31,
9687,,,,1,2,2,2,2,2,1,2,1,2,2,20140506,5,3,2,1,5,2,,6,1,2,34,11,,,3,2,1,2,5,1,109,
9688,,,,1,2,2,2,2,2,1,2,1,2,2,20140906,9,1,2,1,2,2,,4,1,1,34,11,1,,4,1,1,4,5,1,50,
9689,1,2,2,1,2,2,2,1,2,2,2,2,2,2,20141215,12,8,2,3,,2,,2,1,1,34,11,1,2,3,3,2,2,3,3,88,
9690,,,,1,2,2,1,1,2,2,2,2,2,2,20140615,6,9,2,3,,1,,1,1,1,34,11,1,1,2,2,3,1,2,3,14,
9691,1,1,1,1,1,2,2,1,2,2,2,2,2,2,20141122,11,9,1,3,,2,,2,1,2,34,11,1,7,4,3,4,1,2,3,20,"Expérience, pas d'âge"
9692,1,2,1,2,2,2,2,2,2,2,2,2,2,2,20150122,1,9,2,3,,2,1,2,1,1,34,11,1,6,4,3,2,2,3,3,28,75+
9693,,,,1,2,2,2,2,2,2,2,2,2,2,20140505,5,9,1,3,,2,2,2,1,2,34,11,,5,3,3,4,1,2,3,20,
9694,,,,2,2,2,2,2,2,2,2,2,2,2,20140502,5,10,1,3,,2,,2,2,2,34,11,,5,4,5,5,2,3,3,15,
9695,1,2,1,2,2,2,2,2,2,2,2,2,2,2,20141122,11,9,2,3,,1,,1,1,0,34,11,1,6,1,2,4,1,2,3,28,75+
9696,1,2,1,1,1,2,2,1,2,2,2,2,2,2,20150217,2,9,2,3,,2,,2,1,2,34,11,1,5,4,,2,,,3,19,
9697,,,,1,1,2,1,1,2,2,2,2,2,2,20140625,6,4,1,1,1,2,,3,1,3,34,11,1,,4,2,4,1,5,,32,
9698,,,,2,2,2,2,2,2,2,2,2,2,2,20141009,10,10,1,3,,2,1,2,1,0,34,11,1,1,3,2,4,1,2,3,59,
9699,1,2,1,1,2,2,2,2,2,1,2,2,2,2,20150220,2,9,1,2,2,3,,6,1,3,34,11,1,2,4,5,4,3,4,3,198,60+
9700,,,,2,2,2,2,2,2,2,2,2,2,2,20140506,5,2,1,1,3,3,4,6,1,3,34,11,,,,,1,,,1,23,
9701,,,,2,2,2,2,2,2,2,2,2,2,2,20140506,5,9,1,3,,2,2,2,1,0,34,11,,6,3,3,4,1,2,3,59,
9702,,,,1,2,2,1,1,2,1,2,1,2,2,20140505,5,2,2,1,2,2,,4,1,1,34,11,,,3,1,1,1,5,1,50,
9703,,,,2,2,2,2,1,2,2,2,2,2,2,20140618,6,10,2,3,,2,,2,1,1,34,11,1,2,,2,2,1,2,3,28,
9704,1,2,1,1,2,2,1,2,2,2,2,2,2,2,20141215,12,8,2,3,,2,2,2,1,2,34,11,2,2,1,2,2,1,2,3,59,75+
9705,1,1,1,1,1,2,1,1,2,2,2,2,2,2,20150116,1,8,1,3,,2,,2,1,2,34,11,1,4,4,4,5,2,3,3,111,80+
9706,,,,2,2,2,2,2,2,2,2,2,2,2,20140628,6,2,1,1,1,2,,3,0,2,34,11,1,,2,1,1,1,5,1,34,
9707,,,,2,2,2,2,2,2,2,2,2,2,2,20141122,11,2,1,1,1,2,,3,1,0,34,11,1,,4,1,1,1,5,1,68,
9708,,,,2,2,2,2,2,2,2,2,2,2,2,20140623,6,1,2,1,2,2,2,4,1,0,34,11,1,,4,1,,,,1,101,
9709,3,,,2,2,2,2,2,2,2,2,2,2,2,20150215,2,7,1,3,,1,,1,2,2,34,11,1,5,4,4,4,2,3,3,42,
9710,,,,2,2,2,2,2,2,2,2,2,2,2,20140618,6,10,2,3,,1,,1,1,0,34,11,1,6,1,2,2,1,2,3,28,
9711,,,,1,2,2,1,1,2,2,2,2,2,2,20140905,9,9,1,3,,2,,2,1,1,34,11,1,7,,4,5,2,3,3,29,
9712,2,1,1,1,1,1,2,1,2,2,2,2,2,2,20141122,11,9,2,3,,1,,1,2,1,34,11,1,7,2,2,1,1,2,3,9,55+
9713,1,2,1,2,2,2,2,2,2,2,2,2,2,2,20141122,11,8,1,3,,2,1,2,1,2,34,11,1,1,2,2,3,1,2,3,111,65+
9714,1,1,1,1,2,2,2,2,2,2,2,2,2,2,20141216,12,10,2,3,,2,1,2,1,1,34,11,1,4,2,3,2,2,3,3,28,55+
9715,,,,1,2,1,2,2,2,2,2,2,2,2,20140905,9,8,2,3,,1,,1,1,1,34,11,1,1,1,1,1,1,2,3,44,
9716,1,1,1,2,2,2,2,2,2,2,2,2,2,2,20141217,12,9,1,3,,3,1,3,1,3,34,11,1,7,4,3,4,1,2,3,22,70+
9717,1,1,1,2,2,2,2,2,2,2,2,2,2,2,20141217,12,9,1,3,,2,,2,1,2,34,11,1,6,4,4,5,2,3,3,20,"Pas d’âge, santé implicite"
9718,,,,2,2,2,2,2,2,2,2,2,2,2,20150131,1,2,2,1,2,1,1,5,1,2,34,11,1,,3,1,1,1,5,1,42,
9719,,,,2,2,2,2,2,2,2,2,2,2,2,20140703,7,10,2,3,,1,,1,1,0,34,11,1,1,1,2,2,2,3,3,28,
9720,1,2,1,2,2,2,2,2,2,2,2,2,2,2,20150115,1,8,2,3,,2,,2,1,2,34,11,1,6,4,4,3,2,3,3,59,70+
9721,1,2,1,1,1,2,2,2,2,2,2,2,2,2,20141215,12,9,2,3,,2,2,2,1,2,34,11,1,2,2,3,1,2,3,3,19,70+
9722,,,,2,2,2,2,2,2,2,2,2,2,2,20140628,6,3,2,1,2,2,,4,1,2,34,11,1,,4,1,1,2,5,1,55,
9723,,,,2,2,2,2,2,2,2,2,2,2,2,20140612,6,1,1,1,2,2,2,4,1,2,34,11,1,,4,1,,,,1,30,
9724,,,,2,2,2,2,2,2,2,2,2,2,2,20140703,7,8,2,3,,3,1,3,1,2,34,11,1,2,4,2,3,1,2,3,88,
9725,1,2,1,2,2,2,2,1,2,2,2,2,2,2,20141122,11,4,1,2,2,3,1,6,2,3,34,11,1,,,4,4,2,3,3,106,"Vieux, pas d'âge défini"
9726,1,1,1,2,2,2,2,2,2,2,2,2,2,2,20141215,12,8,2,3,,2,,2,1,2,34,11,1,6,4,3,4,1,2,3,59,80+
9727,1,1,1,1,1,2,2,2,2,2,2,2,2,2,20141122,11,8,2,3,,2,,2,2,2,34,11,1,4,2,3,2,2,3,3,44,Plus vieux que moi
9728,,,,1,2,2,2,2,2,2,2,2,2,2,20141122,11,2,2,1,2,2,,4,1,1,34,11,1,,4,1,1,1,5,1,50,
9729,,,,1,2,1,2,1,2,1,2,1,2,2,20141123,11,2,2,1,2,2,2,4,1,2,34,11,1,,4,1,1,1,5,1,34,
9730,,,,2,2,2,2,2,2,2,2,2,2,2,20140625,6,2,1,1,2,2,2,4,1,2,34,11,1,,4,1,1,1,5,1,30,
9731,,,,2,2,2,2,2,2,2,2,2,2,2,20140619,6,9,1,3,,1,,1,1,0,34,11,1,1,1,5,5,2,3,3,29,
9732,,,,2,2,2,2,2,2,2,2,2,2,2,20141106,11,3,1,1,2,2,,4,1,2,34,11,1,,4,1,1,2,5,1,56,
9733,,,,1,2,2,2,2,2,2,2,2,2,2,20150204,2,2,2,1,5,2,2,6,2,3,34,11,1,,4,1,1,2,5,1,35,
9734,,,,1,2,2,2,2,2,2,2,2,2,2,20141122,11,2,2,1,2,2,2,4,1,2,34,11,1,,4,1,1,2,5,1,34,
9735,1,1,1,1,1,2,1,1,2,2,2,1,2,2,20150215,2,8,2,3,,1,,1,1,0,34,11,1,4,3,2,1,1,2,3,88,60+
9736,,,,2,2,2,2,2,2,2,2,2,2,2,20140613,6,6,2,2,2,2,2,4,1,1,34,11,1,4,4,2,4,1,2,3,791,
9737,,,,1,1,2,2,1,2,2,2,2,2,2,20140616,6,7,2,3,,2,,2,1,2,34,11,1,6,4,4,3,2,3,3,59,
9738,,,,2,2,2,2,1,2,2,2,2,2,2,20150302,3,1,1,1,5,2,,6,2,1,34,11,1,,4,1,,,,1,26,
9739,,,,1,2,2,2,1,2,2,2,2,2,2,20140905,9,9,1,3,,2,,2,2,2,34,11,1,3,4,5,5,2,3,3,15,
9740,1,1,1,2,2,2,2,2,2,2,2,2,2,2,20141122,11,8,1,3,,3,1,3,1,2,34,11,1,7,4,3,5,1,2,3,167,
9741,,,,1,2,2,1,1,2,2,2,2,2,2,20140508,5,3,2,1,2,2,,4,1,2,34,11,,,4,1,1,1,5,1,55,
9742,1,2,1,2,2,2,2,2,2,2,2,2,2,2,20141122,11,7,2,3,,2,,2,1,1,34,11,1,6,2,2,2,1,2,3,88,60+
9743,,,,2,2,2,2,2,2,2,2,2,2,2,20141008,10,1,1,1,2,2,,3,1,2,34,11,1,,2,1,,,,1,23,
9744,,,,1,2,2,2,1,2,2,2,2,2,2,20150202,2,4,1,2,5,3,1,6,1,3,34,11,1,,4,2,5,1,2,2,247,
9745,,,,2,2,2,2,2,2,2,2,2,2,2,20140614,6,8,2,3,,3,1,3,1,2,34,11,1,2,3,2,2,1,2,3,88,
9746,,,,1,1,1,2,1,2,2,2,2,2,2,20140505,5,9,2,3,,1,1,1,1,0,34,11,,2,2,2,2,1,2,3,28,
9747,,,,2,2,2,2,2,2,2,2,2,2,2,20140703,7,4,1,3,,3,2,3,1,2,34,11,1,,2,3,4,1,2,3,167,
9748,,,,2,2,2,2,2,2,2,2,2,2,2,20140625,6,1,1,1,1,2,,3,1,0,34,11,1,,2,1,1,4,5,1,68,
9749,1,1,1,1,2,2,2,1,2,2,2,2,2,2,20141216,12,10,1,3,,2,,2,1,2,34,11,1,7,,5,5,2,3,3,20,"Pas d’âge, santé implicite"
9750,,,,2,2,2,2,2,2,2,2,2,2,2,20140905,9,10,2,3,,2,1,2,1,1,34,11,1,6,2,3,1,2,3,3,28,
9751,1,,1,2,2,2,2,2,2,2,2,2,2,2,20150202,2,10,2,3,,2,,2,1,1,34,11,1,2,3,3,2,2,3,3,28,70+
9752,,,,1,2,2,2,2,2,2,2,2,2,2,20140611,6,7,2,3,,2,,2,1,0,34,11,1,2,2,2,3,1,2,3,176,
9753,,,,1,2,2,2,2,2,2,2,2,2,2,20140623,6,3,1,1,2,1,,3,1,2,34,11,1,,2,1,1,1,5,1,42,
9754,,,,1,2,2,2,2,2,2,2,1,2,2,20140702,7,2,2,1,3,2,,5,1,0,34,11,1,,4,1,1,1,5,1,126,
9755,,,,2,2,2,2,2,2,2,2,2,2,2,20140618,6,9,1,3,,2,,2,1,0,34,11,1,5,1,5,5,3,4,3,59,
9756,,,,1,2,2,2,1,2,2,2,2,2,2,20141122,11,3,1,1,2,2,,4,1,3,34,11,1,,4,1,1,1,5,1,42,
9757,1,2,1,2,2,2,2,1,2,2,2,2,2,2,20141122,11,8,1,3,,1,,1,1,1,34,11,1,4,4,4,4,2,3,3,83,70+
9758,,,,1,1,2,,1,2,2,2,2,2,2,20140613,6,7,2,3,,2,,2,1,2,34,11,1,6,4,2,1,1,2,3,59,
9759,1,1,1,1,2,2,2,1,2,2,2,2,2,2,20141122,11,10,2,3,,1,,1,1,1,34,11,1,1,2,4,2,3,4,3,14,60+
9760,,,,2,2,2,2,2,2,2,2,2,2,2,20140506,5,10,1,3,,2,,2,1,2,34,11,,3,2,5,4,2,3,3,20,
9761,,,,1,2,2,1,1,2,2,2,2,2,2,20141220,12,2,2,1,2,2,,4,1,2,34,11,1,,4,1,1,1,5,1,34,
9762,1,1,1,2,2,2,2,2,2,2,2,2,2,2,20141122,11,9,1,3,,1,,1,1,1,34,11,1,5,4,5,3,3,4,3,15,65+
9763,,,,1,2,2,2,2,2,2,2,2,2,2,20140613,6,8,2,3,,2,,2,1,2,34,11,1,4,,2,1,3,4,3,59,
9764,,,,2,2,2,2,2,2,2,2,2,2,2,20140905,9,9,1,3,,2,,2,1,1,34,11,1,4,2,5,4,3,4,3,29,
9765,1,1,1,2,2,2,2,2,2,2,2,2,2,2,20150121,1,9,2,3,,1,,1,1,0,34,11,1,6,2,3,3,1,2,3,28,65+
9766,,,,2,2,2,2,2,2,2,2,2,2,2,20141215,12,2,2,1,1,2,2,3,1,0,34,11,1,,1,1,,,,1,75,
9767,,,,1,2,2,2,2,2,2,2,2,2,2,20141109,11,1,2,1,2,2,,4,1,0,34,11,1,,4,1,1,1,5,1,101,
9768,1,1,1,2,2,2,2,2,2,2,2,2,2,2,20141217,12,10,2,3,,1,,1,1,1,34,11,1,6,4,1,1,1,2,3,14,"Pas d’âge, santé implicite"
9769,1,2,2,1,1,2,2,2,2,2,2,2,2,2,20141215,12,9,1,3,,2,2,2,1,1,34,11,1,6,3,5,5,2,3,3,29,80+
9770,1,2,1,1,2,2,2,2,2,2,2,2,2,2,20150116,1,8,1,3,,2,,2,1,2,34,11,1,4,4,4,4,1,2,3,111,80+
9771,,,,1,2,2,2,1,2,1,2,1,2,2,20141123,11,3,2,1,1,3,1,4,1,3,34,11,1,,3,1,1,2,5,1,41,
9772,1,1,1,1,2,2,2,1,2,2,2,2,2,2,20141122,11,8,1,3,,2,,2,1,3,34,11,1,3,4,4,5,1,2,3,83,60+
9773,1,1,1,1,2,2,2,1,2,2,2,2,2,2,20141122,11,5,1,3,,2,,2,1,2,34,11,1,2,3,4,5,1,2,3,111,65+
9774,,,,1,2,2,2,1,2,2,2,2,2,2,20140506,5,2,1,1,2,2,,4,1,3,34,11,,,4,1,1,1,5,1,23,
9775,1,1,1,1,2,2,2,1,2,2,2,2,2,2,20141122,11,10,2,3,,2,,2,1,0,34,11,1,1,2,1,1,1,2,3,57,80+
9776,,,,2,2,2,2,2,2,2,2,2,2,2,20140507,5,7,2,4,,,,2,1,2,34,11,,7,4,5,3,3,4,3,59,
9777,,,,1,2,2,2,1,2,2,2,1,2,2,20141122,11,4,1,1,2,2,,4,1,3,34,11,1,,3,5,4,3,5,,34,
9778,1,1,1,2,2,2,2,2,2,2,2,2,2,2,20150217,2,4,2,2,1,3,1,4,1,3,34,11,1,,4,2,2,1,2,3,120,75+
9779,1,1,1,1,1,2,2,2,2,2,2,2,2,2,20141122,11,9,1,3,,1,,1,1,0,34,11,1,7,2,4,4,2,3,3,29,60+
9780,1,2,1,1,2,2,2,1,2,2,2,2,2,2,20150130,1,9,1,3,,2,,2,1,2,34,11,1,1,4,5,3,3,4,3,20,70+
9781,,,,1,2,2,2,2,2,2,2,1,2,1,20150124,1,2,2,1,2,2,,4,1,1,34,11,1,,3,1,,,,1,50,
9782,,,,2,2,2,2,2,2,2,2,2,2,2,20141009,10,9,1,3,,1,,1,1,1,34,11,1,4,4,2,5,1,1,3,15,
9783,1,1,1,2,2,2,2,2,2,2,2,2,2,2,20141122,11,9,1,3,,2,,2,1,2,34,11,1,7,4,4,5,1,2,3,20,"Pas d’âge, santé implicite"
9784,,,,2,2,2,2,2,2,2,2,2,2,2,20141123,11,1,2,1,2,1,,3,1,2,34,11,1,,4,1,1,4,5,1,25,
9785,1,2,1,1,2,2,2,1,2,2,2,2,2,2,20150215,2,8,2,3,,2,,2,1,1,34,11,1,2,2,3,2,2,3,3,88,60+
9786,,,,1,2,2,2,1,2,2,2,2,2,2,20150131,1,2,1,1,2,2,,4,1,2,34,11,1,,4,1,1,1,5,1,30,
9787,,,,2,2,2,2,2,2,2,2,2,2,2,20140417,4,9,2,4,,,,1,1,1,34,11,,4,1,3,3,1,2,3,14,
9788,,,,1,2,2,1,1,2,2,2,2,2,2,20140522,5,1,1,1,2,2,,4,1,0,34,11,1,,3,1,1,2,5,1,91,
9789,,,,2,2,2,2,2,2,2,2,2,2,2,20140415,4,3,1,4,,,,4,1,2,34,11,,,4,,3,,,1,56,
9790,1,2,1,1,2,2,1,1,2,2,2,2,2,1,20150215,2,8,2,3,,2,1,2,1,2,34,11,1,7,3,3,2,2,3,3,59,70+
9791,,,,1,1,2,2,1,2,1,2,1,2,2,20140513,5,8,2,3,,2,1,2,1,2,34,11,1,6,4,3,3,1,2,3,59,
9792,1,1,2,1,2,2,2,1,2,2,2,2,2,1,20150227,2,9,2,3,,1,,1,1,1,34,11,1,7,4,1,1,1,2,3,14,70+
9793,,,,1,2,2,2,2,2,2,2,2,2,2,20140506,5,2,2,1,2,2,,4,1,2,34,11,,,4,1,1,1,5,1,34,
9794,,,,2,2,2,2,2,2,2,2,2,2,2,20140517,5,8,1,3,,1,,1,1,0,34,11,1,7,4,2,5,1,2,3,167,
9795,1,1,1,1,2,2,2,1,2,2,2,2,2,2,20150318,3,8,1,3,,2,,2,1,2,34,11,1,7,4,5,5,2,3,3,111,70+
9796,,,,1,1,2,1,1,2,2,2,2,2,2,20140905,9,7,1,3,,1,,1,1,1,34,11,1,3,2,5,5,3,4,3,83,
9797,,,,2,2,2,2,2,2,2,2,2,2,2,20140517,5,8,1,3,,1,,1,1,0,34,11,1,3,1,5,4,3,4,3,167,
9798,,,,2,2,2,2,2,2,2,2,2,2,2,20141009,10,2,2,1,2,2,,4,1,2,34,11,1,,4,1,1,1,5,1,34,
9799,,,,2,2,2,2,2,2,2,2,2,2,2,20141122,11,1,1,1,4,2,,6,1,1,34,11,1,,4,1,1,1,5,1,68,
9800,,,,1,2,2,2,2,2,2,2,2,2,2,20140414,4,2,1,4,,,,3,1,2,34,11,,,4,1,1,1,5,1,23,
9801,,,,2,2,2,2,2,2,2,2,2,2,2,20140521,5,10,1,3,,2,2,2,2,1,34,11,1,2,3,3,4,1,2,3,20,
9802,,,,2,2,2,2,2,2,2,2,2,2,2,20140412,4,5,2,4,,,,5,1,0,34,11,,6,4,1,2,1,2,3,441,
9803,,,,1,2,1,1,1,2,2,2,2,2,2,20140703,7,7,2,3,,2,,2,1,2,34,11,1,4,4,3,2,2,3,3,59,
9804,1,2,1,2,2,1,2,2,2,2,2,2,2,2,20141122,11,9,2,3,,1,,1,1,0,34,11,1,1,,4,3,2,3,3,28,65+
9805,,,,1,1,2,2,2,2,2,2,2,2,2,20150131,1,2,1,1,3,2,,5,1,2,34,11,1,,4,1,1,1,5,1,38,
9806,,,,1,2,2,1,1,2,2,2,2,2,2,20140411,4,7,2,4,,,,3,1,1,34,11,,2,2,3,3,1,2,3,132,
9807,,,,1,1,1,2,1,2,2,2,2,2,2,20140513,5,9,1,3,,2,,2,1,1,34,11,1,3,2,5,4,3,4,3,29,
9808,,,,1,2,2,2,1,2,2,2,2,2,2,20140507,5,1,1,1,2,2,2,4,1,1,34,11,,,4,1,,,,1,45,
9809,,,,1,2,2,2,1,2,1,2,1,2,2,20140424,4,4,2,4,,,,3,1,3,34,11,,,,2,3,1,5,,31,
9810,,,,1,2,2,1,1,2,2,2,2,2,2,20140514,5,6,2,2,3,2,,5,1,3,34,11,1,6,4,3,2,2,3,3,495,
9811,,,,1,2,2,2,2,2,2,2,2,2,2,20140522,5,1,1,1,1,2,,4,1,3,34,11,1,,4,1,1,4,5,1,23,
9812,,,,1,2,2,2,1,2,2,2,2,2,2,20140514,5,3,2,1,3,2,,5,1,3,34,11,1,,4,,,,,1,51,
9813,,,,2,2,2,2,2,2,2,2,2,2,2,20140415,4,7,2,4,,,,4,1,2,34,11,,7,4,2,1,2,3,3,117,
9814,,,,2,2,2,2,2,2,2,2,2,2,2,20140522,5,1,1,1,1,1,,3,1,1,34,11,1,,2,1,1,2,5,1,34,
9815,,,,1,2,2,2,2,2,2,2,2,2,2,20140513,5,10,2,3,,2,1,2,2,1,34,11,1,7,2,2,2,1,2,3,14,
9816,1,2,2,2,2,2,2,2,2,2,2,2,2,2,20150218,2,4,2,2,1,3,1,4,1,2,34,11,1,,,2,2,1,2,3,159,
9817,,,,2,2,2,2,2,2,2,2,2,2,2,20140514,5,1,2,1,2,2,,4,1,1,34,11,1,,4,1,,,,1,50,
9818,,,,2,2,2,2,2,2,2,2,2,2,2,20141009,10,10,2,3,,1,,1,1,2,34,11,1,4,1,3,1,2,3,3,9,
9819,,,,1,2,2,2,1,2,2,2,2,2,2,20140522,5,10,2,3,,2,2,2,1,1,34,11,1,4,2,1,1,1,2,3,28,
9820,,,,2,2,2,2,2,2,2,2,2,2,2,20140513,5,9,1,3,,1,,1,1,1,34,11,1,1,3,4,5,2,3,3,15,
9821,,,,1,2,2,1,1,2,2,2,2,2,2,20141220,12,3,1,1,2,2,,4,1,2,34,11,1,,4,1,1,1,5,1,56,
9822,,,,1,2,2,2,2,2,2,,,,,20140522,5,10,2,3,,2,,2,2,2,34,11,1,1,1,3,3,2,3,3,14,
9823,,,,1,2,2,2,2,2,2,2,2,2,2,20140416,4,1,1,4,,,,5,1,2,34,11,,,4,1,,,,1,38,
9824,,,,1,2,2,2,1,2,2,2,2,2,2,20140507,5,9,2,3,,1,,1,1,1,34,11,,1,1,2,1,1,2,3,14,
9825,,,,2,2,2,2,2,2,2,2,2,2,2,20140521,5,9,1,3,,1,,1,1,0,34,11,1,4,1,3,4,1,2,3,29,
9826,,,,1,2,2,2,2,2,2,2,2,2,2,20140905,9,10,1,3,,1,,1,1,0,34,11,1,1,1,2,1,3,4,3,29,
9827,1,1,1,2,2,2,2,2,2,2,2,2,2,2,20141122,11,7,2,3,,2,2,2,1,0,34,11,1,4,4,2,3,1,2,3,176,80+
9828,,,,2,2,2,2,2,2,2,2,2,2,2,20141009,10,9,2,3,,1,,1,1,0,34,11,1,2,2,2,1,1,2,3,28,
9829,,,,2,2,2,2,2,2,2,2,2,2,2,20140905,9,10,2,3,,2,,2,1,1,34,11,1,6,2,2,1,2,3,3,28,
9830,,,,1,2,2,2,2,2,2,2,2,2,2,20140513,5,7,2,3,,2,,2,1,2,34,11,1,6,4,2,1,1,2,3,59,
9831,,,,1,2,2,1,2,2,1,2,1,2,1,20140514,5,8,1,2,2,2,,4,1,3,34,11,1,7,4,4,5,1,2,3,599,
9832,3,1,1,2,2,2,2,2,2,2,2,2,2,2,20141215,12,8,2,3,,2,,2,1,0,34,11,1,1,1,3,2,2,3,3,176,
9833,1,2,1,1,2,2,2,2,2,2,2,2,2,1,20141215,12,9,1,3,,3,2,3,2,3,34,11,1,7,4,4,4,2,3,3,13,50+
9834,1,1,1,2,2,2,2,2,2,2,2,2,2,2,20141216,12,9,2,3,,2,,2,1,1,34,11,1,6,3,3,1,2,3,3,28,65+
9835,,,,2,2,2,2,,2,2,2,2,2,2,20141223,12,1,2,1,2,2,2,4,1,2,34,11,1,,4,,1,,,1,34,
9836,1,1,1,2,2,2,2,2,2,2,2,2,2,2,20150116,1,8,1,3,,2,1,2,1,2,34,11,1,4,4,5,4,3,4,3,111,65+
9837,1,2,1,2,2,2,2,2,2,2,2,2,2,2,20150120,1,8,1,3,,2,,2,1,2,34,11,1,6,4,5,5,2,3,3,111,
9838,,,,2,2,2,2,2,2,2,2,2,2,2,20140414,4,7,2,4,,,,3,1,3,34,11,,2,3,3,3,2,3,3,66,
9839,,,,1,2,2,2,1,2,2,2,2,2,2,20140414,4,7,1,4,,,,4,1,3,34,11,,7,4,4,,,,2,167,
9840,,,,2,2,2,2,2,2,2,2,2,2,2,20140412,4,6,2,4,,,,5,0,2,34,11,,4,4,2,2,1,2,3,220,
9841,1,,1,2,2,2,2,2,2,2,2,2,2,2,20150116,1,9,1,3,,1,,1,1,1,34,11,1,7,,4,4,2,3,3,15,65+
9842,,,,1,2,2,2,1,2,2,2,2,1,2,20140620,6,3,1,1,2,2,,4,1,2,34,11,1,,4,,,,,1,56,
9843,,,,1,2,2,1,2,2,2,2,2,2,2,20140526,5,4,2,3,,3,,3,0,3,34,11,1,,4,3,3,2,3,3,88,
9844,1,1,1,1,2,2,2,2,2,2,2,2,2,2,20141122,11,8,1,2,2,2,,4,1,2,34,11,1,4,4,4,4,2,3,3,998,"Pas d’âge, santé implicite"
9845,,,,1,2,2,2,1,2,2,2,2,2,2,20140522,5,1,2,1,3,,,5,1,2,34,11,1,,4,1,1,1,5,1,42,
9846,1,2,1,2,2,2,2,2,2,2,2,2,2,2,20150220,2,9,2,3,,1,,1,1,1,34,11,1,7,4,2,3,1,2,3,14,75+
9847,,,,1,2,2,2,1,2,2,2,2,2,2,20140624,6,3,1,1,2,3,1,5,1,3,34,11,1,,4,1,4,1,5,1,35,
9848,1,1,1,2,2,2,2,2,2,2,2,2,2,2,20150217,2,9,1,3,,1,,1,1,1,34,11,1,6,3,5,5,2,3,3,15,60+
9849,,,,1,2,2,2,1,2,2,2,2,2,2,20141008,10,8,2,3,,3,,3,1,3,34,11,1,4,4,3,2,2,3,3,66,
9850,,,,1,2,2,2,1,2,2,2,2,2,2,20140621,6,3,1,1,2,2,,4,1,2,34,11,1,,4,1,1,1,5,1,56,
9851,1,,1,1,2,2,2,2,2,2,2,2,2,2,20150313,3,8,2,3,,1,,1,1,1,34,11,1,2,1,4,1,3,4,3,44,70+
9852,,,,2,2,2,2,2,2,2,2,2,2,2,20141122,11,3,2,1,3,2,,5,1,3,34,11,1,,4,1,1,1,5,1,41,
9853,,,,1,2,2,1,1,2,2,2,2,2,1,20150124,1,9,1,3,,2,,2,1,2,34,11,1,3,2,5,5,2,3,2,20,
9854,,,,1,2,2,2,2,2,2,2,2,2,2,20141223,12,1,1,1,2,2,,4,1,1,34,11,1,,2,1,,,,1,45,
9855,,,,2,2,2,2,2,2,2,2,2,2,2,20141030,10,7,1,3,,2,,2,1,0,34,11,1,1,1,3,5,1,2,3,333,
9856,,,,2,2,2,2,1,2,2,2,2,2,2,20140424,4,9,2,4,,,,1,1,1,34,11,,2,2,5,3,3,4,3,14,
9857,,,,2,2,2,2,2,2,2,2,2,2,2,20140624,6,2,2,1,3,2,2,5,1,1,34,11,1,,3,1,1,1,5,1,63,
9858,,,,2,2,2,2,2,2,2,2,2,2,2,20140619,6,9,1,3,,1,,1,1,1,34,11,1,4,3,5,5,2,3,3,15,
9859,,,,1,2,2,2,2,2,2,2,2,2,2,20141122,11,1,1,1,2,2,,4,1,2,34,11,1,,4,1,1,3,5,1,30,
9860,,,,2,2,2,2,2,2,2,2,2,2,2,20140726,7,4,2,1,2,2,,4,1,3,34,11,1,,,3,2,2,5,,33,
9861,,,,2,2,2,2,2,2,2,2,2,2,2,20140905,9,8,2,3,,3,1,3,1,3,34,11,1,2,4,5,3,3,4,3,66,
9862,,,,1,1,2,1,1,2,2,2,2,2,2,20140505,5,9,2,3,,2,,2,1,2,34,11,,4,3,5,,,,3,19,
9863,,,,2,2,2,2,2,2,2,2,2,2,2,20140524,5,2,2,1,1,3,3,4,1,2,34,11,1,,1,1,1,1,5,1,34,
9864,,,,1,2,2,2,2,2,2,2,2,2,2,20140727,7,1,1,1,3,2,,5,1,1,34,11,1,,2,1,1,1,5,1,57,
9865,,,,2,2,2,2,2,1,2,2,2,2,2,20140714,7,7,2,3,,2,,2,1,0,34,11,1,4,2,2,1,2,3,3,176,
9866,,,,2,2,1,2,2,2,2,2,2,2,2,20141030,10,7,1,3,,2,,2,1,1,34,11,1,4,4,5,4,3,4,3,167,
9867,,,,2,2,2,2,2,2,2,2,2,2,2,20140710,7,9,1,3,,2,,2,1,2,34,11,1,1,,5,5,2,3,3,20,
9868,,,,1,2,2,2,2,2,2,2,2,2,2,20140513,5,2,2,1,1,2,2,3,1,2,34,11,1,,4,1,1,1,5,1,25,
9869,,,,2,2,1,1,1,2,2,2,2,2,2,20140513,5,2,1,1,2,2,,4,1,,34,11,1,,4,1,1,1,5,1,91,
9870,,,,2,2,2,2,2,2,2,2,2,2,2,20140526,5,8,2,3,,1,,1,1,1,34,11,1,2,2,5,3,3,4,3,44,
9871,1,,1,1,2,2,2,1,2,2,2,2,2,2,20150124,1,9,2,3,,1,,1,1,0,34,11,1,,2,2,1,1,2,3,28,
9872,,,,1,2,1,1,2,1,2,2,2,2,2,20140722,7,2,2,1,2,2,,4,2,2,34,11,1,,3,1,1,3,5,1,25,
9873,,,,2,2,2,2,2,2,2,2,2,2,2,20140720,7,7,2,3,,3,1,3,1,3,34,11,1,5,4,2,2,1,2,3,66,
9874,,,,2,2,2,2,2,2,2,2,2,2,2,20140424,4,1,2,4,,,,4,1,2,34,11,,,4,1,,,,1,34,
9875,,,,1,2,2,2,1,2,2,2,2,2,2,20140508,5,3,1,1,2,2,,4,1,2,34,11,,,4,2,2,2,5,1,56,
9876,,,,1,2,2,2,2,1,2,2,2,2,2,20140720,7,4,1,1,2,2,,4,2,3,34,11,1,,4,2,3,1,5,,34,
9877,,,,1,2,2,2,1,2,2,2,2,2,2,20140513,5,8,2,3,,2,,2,1,2,34,11,1,2,3,3,3,2,3,3,59,
9878,,,,2,2,2,2,2,2,2,2,2,2,2,20140513,5,8,1,3,,3,4,5,1,3,34,11,1,6,4,5,5,2,3,3,139,
9879,,,,1,2,1,1,1,2,2,2,2,2,2,20150127,1,3,2,1,1,2,,3,2,2,34,11,1,,4,1,1,1,5,1,31,
9880,,,,2,2,2,2,2,2,2,2,2,2,2,20140513,5,9,1,3,,2,,2,1,2,34,11,1,6,2,5,5,2,3,3,20,
9881,,,,2,2,2,2,2,2,2,2,2,2,2,20140730,7,4,1,3,,3,1,3,1,3,34,11,1,,3,4,5,1,2,3,21,
9882,,,,1,2,2,2,2,2,2,2,2,2,2,20140726,7,1,1,1,1,2,,3,1,2,34,11,1,,2,1,1,1,5,1,23,
9883,,,,1,2,2,2,1,2,2,2,2,2,2,20140718,7,8,2,3,,2,,2,1,0,34,11,1,4,4,2,2,1,2,3,176,
9884,,,,1,2,2,2,1,2,2,2,2,2,2,20150204,2,3,2,1,1,2,,3,1,2,34,11,1,,4,1,1,1,5,1,41,
9885,,,,1,2,2,2,2,2,2,2,2,2,2,20141008,10,3,2,1,3,2,,5,1,2,34,11,1,,4,1,1,1,5,1,68,
9886,1,2,1,2,2,2,2,2,2,2,2,2,2,2,20150319,3,8,2,3,,2,,2,1,1,34,11,1,1,2,3,2,2,3,3,88,60+
9887,1,2,1,1,2,2,2,1,2,2,2,2,2,2,20150121,1,8,2,3,,2,,2,1,1,34,11,1,4,2,2,3,1,2,3,88,70+
9888,,,,2,2,2,2,2,2,2,2,2,2,2,20140712,7,8,1,3,,2,,2,1,2,34,11,1,7,4,5,5,2,3,3,111,
9889,,,,1,1,2,2,1,2,2,2,2,2,2,20140717,7,8,2,3,,2,,2,1,2,34,11,1,4,,,3,,,3,59,
9890,,,,2,2,2,2,1,2,2,2,2,2,2,20140715,7,10,1,3,,2,,2,1,2,34,11,1,3,,3,3,1,2,2,20,
9891,,,,1,2,2,1,2,2,2,2,2,2,2,20140714,7,10,2,3,,1,,1,1,1,34,11,1,4,2,2,1,2,3,3,14,
9892,,,,2,2,2,2,2,2,2,2,2,2,2,20140710,7,2,1,1,2,2,,4,1,1,34,11,1,,4,1,1,1,5,1,45,
9893,,,,2,2,2,2,1,2,2,2,2,2,2,20140514,5,10,1,3,,2,,2,1,2,34,11,1,2,2,5,4,3,4,3,20,
9894,,,,1,1,2,2,1,2,1,2,2,2,2,20140601,6,4,1,1,2,2,2,4,1,3,34,11,1,,4,1,1,1,5,,42,
9895,,,,1,2,2,2,1,2,2,2,2,2,2,20140728,7,3,1,1,3,2,,5,1,2,34,11,1,,3,1,1,1,5,1,71,
9896,,,,2,2,2,2,2,2,2,2,2,2,2,20140514,5,3,1,1,2,2,2,4,1,1,34,11,,,3,5,5,3,5,1,85,
9897,,,,1,2,2,2,1,2,2,2,2,2,2,20150215,2,8,2,3,,2,,2,1,2,34,11,1,7,4,3,2,2,3,2,59,
9898,,,,1,1,2,2,1,2,2,2,2,2,2,20140905,9,8,2,3,,1,,1,1,0,34,11,1,4,3,5,4,2,3,3,88,
9899,,,,1,2,2,2,2,2,2,2,2,2,2,20140905,9,9,2,3,,1,,1,1,0,34,11,1,4,2,2,1,1,2,3,28,
9900,,,,,2,,1,1,2,2,2,2,2,2,20141222,12,3,2,1,1,2,,3,1,3,34,11,1,,4,1,4,1,5,1,31,
9901,,,,2,2,2,2,2,2,2,2,2,2,2,20150130,1,1,2,1,3,2,,5,1,2,34,11,1,,3,,,,,1,42,
9902,,,,2,2,2,2,1,2,2,2,2,2,2,20140522,5,4,1,1,1,2,,3,1,2,34,11,1,,4,1,1,1,5,,42,
9903,,,,1,2,2,2,2,2,2,2,2,2,2,20140521,5,8,1,3,,2,1,3,2,3,34,11,1,6,4,2,5,1,2,3,63,
9904,,,,2,2,2,2,2,2,2,2,2,2,2,20140522,5,4,2,1,2,2,,4,1,2,34,11,1,,3,1,3,1,5,,55,
9905,,,,1,2,1,2,2,2,2,2,2,2,2,20140514,5,3,2,1,2,2,,4,1,3,34,11,1,,4,1,1,1,5,1,41,
9906,1,1,1,1,2,2,2,1,2,2,2,2,2,2,20150215,2,7,2,3,,1,,1,1,2,34,11,1,6,4,3,2,2,3,3,29,70+
9907,,,,1,2,1,1,1,2,,2,1,2,2,20140726,7,3,1,1,1,2,,3,1,3,34,11,1,,4,1,1,1,5,1,32,
9908,,,,2,2,2,2,2,2,2,2,2,2,2,20141031,10,8,2,3,,2,2,2,1,1,34,11,1,7,4,4,3,3,4,3,88,
9909,,,,1,2,2,1,1,2,2,2,2,2,2,20140715,7,8,2,3,,1,,1,1,1,34,11,1,4,1,3,2,2,3,3,44,
9910,,,,2,2,2,2,2,2,2,2,1,2,2,20140506,5,9,2,3,,2,,2,1,2,34,11,,2,4,4,3,3,4,3,19,
9911,,,,2,2,2,2,2,2,2,2,2,2,2,20140718,7,10,1,3,,2,,2,2,0,34,11,1,4,3,4,5,2,3,3,29,
9912,,,,2,2,2,2,2,2,2,2,2,2,2,20140724,7,1,2,1,4,3,,6,1,3,34,11,1,,4,1,1,1,5,1,44,
9913,,,,2,2,2,2,2,2,2,2,2,2,2,20140905,9,10,1,3,,1,,1,1,0,34,11,1,4,2,4,5,2,3,3,29,
9914,1,1,1,2,2,2,2,2,2,2,2,2,2,2,20150215,2,8,2,3,,2,,2,1,1,34,11,1,1,1,4,1,3,4,3,88,80+
9915,,,,1,2,2,2,2,2,2,2,2,2,2,20140414,4,6,1,4,,,,4,1,2,34,11,,7,4,5,5,3,4,3,222,
9916,,,,1,2,2,1,2,2,2,2,1,2,2,20140719,7,8,2,3,,2,,2,1,1,34,11,1,6,3,2,3,1,2,3,88,
9917,,,,1,2,2,2,2,2,2,2,2,2,1,20140524,5,2,1,1,2,2,,4,1,0,34,11,1,,4,1,1,3,5,1,91,
9918,,,,2,2,2,2,2,2,2,2,2,2,2,20140714,7,1,1,1,1,2,,3,1,3,34,11,1,,3,1,,,,1,17,
9919,,,,1,2,2,2,1,2,1,2,1,2,2,20140715,7,6,2,2,2,2,,4,1,3,34,11,1,7,4,1,1,1,2,2,317,
9920,,,,1,2,2,2,1,2,2,2,2,2,2,20140907,9,2,2,1,1,2,,3,1,2,34,11,1,,4,1,1,1,5,1,25,
9921,,,,1,2,2,1,2,2,2,2,2,2,2,20141029,10,8,1,3,,1,1,1,1,1,34,11,1,2,2,5,5,2,3,3,83,
9922,,,,,2,2,2,,2,2,2,2,2,2,20140524,5,3,1,1,2,2,,4,1,2,34,11,1,,4,1,1,1,5,1,56,
9923,,,,1,2,2,2,1,2,2,2,2,2,2,20140507,5,4,1,2,2,3,1,5,1,3,34,11,,,4,5,5,2,3,2,124,
9924,1,2,1,2,2,2,2,2,2,2,2,2,2,2,20150115,1,8,1,3,,2,,2,1,2,34,11,1,2,,4,5,1,2,3,111,65+
9925,,,,2,2,2,2,2,2,2,2,2,2,2,20140714,7,10,1,3,,1,,1,2,0,34,11,1,1,1,5,3,3,4,3,15,
9926,,,,1,2,2,2,2,2,2,2,2,2,2,20140720,7,2,1,1,2,2,,4,1,2,34,11,1,,4,1,1,3,5,1,30,
9927,,,,1,2,2,2,2,2,1,2,1,2,2,20140727,7,3,1,1,2,2,,4,1,2,34,11,1,,4,1,1,1,5,1,56,
9928,,,,2,2,2,2,2,2,2,2,2,2,2,20140722,7,2,1,1,2,1,1,3,2,0,34,11,1,,1,1,,,,1,34,
9929,,,,2,2,2,2,2,2,2,2,2,2,2,20140715,7,9,2,3,,2,,2,1,2,34,11,1,6,4,5,3,3,4,3,19,
9930,,,,2,2,2,2,2,2,2,2,2,2,2,20140713,7,9,2,3,,2,,2,1,2,34,11,1,6,3,2,2,2,3,3,19,
9931,,,,1,2,2,1,1,2,2,2,2,2,2,20140506,5,4,2,2,1,3,3,4,1,3,34,11,,,4,3,2,2,3,3,80,
9932,1,2,1,1,1,2,2,1,2,2,2,2,2,2,20150127,1,10,1,3,,1,,1,1,1,34,11,1,2,2,4,3,2,3,3,15,65+
9933,,,,2,2,2,2,2,2,2,2,2,2,2,20140712,7,10,1,3,,1,,1,1,0,34,11,2,4,1,4,5,2,3,3,29,
9934,,,,2,2,2,2,2,2,2,2,2,2,2,20140507,5,9,1,3,,2,,2,1,1,34,11,,7,3,5,5,2,3,3,29,
9935,,,,2,2,2,2,2,2,2,2,2,2,2,20140522,5,3,2,1,2,2,,4,1,3,34,11,1,,3,1,1,1,5,1,41,
9936,,,,1,2,2,2,1,2,2,2,2,2,2,20140502,5,8,1,3,,2,,2,1,2,34,11,,5,4,4,5,1,2,3,111,
9937,,,,1,2,2,2,2,2,2,2,2,2,2,20150217,2,2,1,1,3,2,,5,1,0,34,11,1,,4,1,1,1,5,1,113,
9938,3,2,1,1,2,2,2,1,2,2,2,2,2,2,20141221,12,4,1,3,,3,2,4,1,3,34,11,1,,4,3,4,1,2,3,22,
9939,,,,2,2,2,2,2,2,2,2,2,2,2,20140507,5,1,1,1,1,2,,3,1,0,34,11,,,2,1,1,4,5,1,68,
9940,,,,1,2,2,2,2,2,1,2,1,2,2,20140722,7,1,1,1,2,3,,5,1,2,34,11,1,,4,1,1,1,5,1,38,
9941,,,,2,2,2,2,1,2,2,2,2,2,2,20141008,10,2,1,1,4,2,,6,1,1,34,11,1,,4,1,1,3,5,1,68,
9942,,,,2,2,2,2,2,2,2,2,2,2,2,20141029,10,7,2,3,,2,,2,1,1,34,11,1,4,2,2,3,1,2,3,88,
9943,,,,1,2,2,1,2,2,2,2,2,2,2,20140805,8,3,1,1,2,2,,4,2,3,34,11,1,,2,1,1,1,5,1,34,
9944,,,,1,2,2,2,2,2,2,2,2,2,2,20141122,11,2,2,1,2,2,,4,1,3,34,11,1,,4,1,,,,1,25,
9945,,,,1,1,2,2,1,2,2,2,2,2,2,20140414,4,2,2,4,,,,4,2,3,34,11,,,4,1,1,3,5,1,17,
9946,,,,2,2,2,2,2,2,2,2,2,2,2,20141217,12,3,2,1,4,2,,6,1,0,34,11,1,,2,2,2,2,5,1,246,
9947,,,,2,2,2,2,2,2,2,2,2,2,2,20140905,9,8,1,3,,1,,1,1,0,34,11,1,4,1,3,3,1,2,3,167,
9948,,,,2,2,2,2,2,2,2,2,2,2,2,20140714,7,9,1,3,,2,,2,1,0,34,11,1,,2,4,4,1,2,3,59,
9949,1,1,1,1,2,1,2,1,2,2,2,2,2,2,20141121,11,9,1,3,,1,,1,1,1,34,11,1,5,1,3,4,1,2,3,15,65+
9950,,,,1,2,,2,1,2,2,2,2,2,2,20141220,12,3,2,1,2,2,,4,1,2,34,11,1,,4,1,1,1,5,1,55,
9951,,,,2,2,2,2,2,2,2,2,2,2,2,20141008,10,9,2,3,,2,,2,1,0,34,11,2,7,2,3,2,2,3,3,57,
9952,,,,1,2,1,2,2,2,1,2,1,2,1,20140720,7,8,1,3,,2,,2,1,1,34,11,1,2,2,5,5,2,3,3,167,
9953,,,,2,2,2,2,2,2,2,2,2,2,2,20140905,9,9,1,3,,1,,1,1,0,34,11,1,1,2,2,2,1,2,3,29,
9954,,,,2,2,2,2,2,2,2,2,1,2,2,20141009,10,9,2,3,,2,,2,1,1,34,11,,4,,4,3,2,3,3,28,
9955,,,,2,2,2,2,1,2,1,2,2,2,2,20140419,4,3,1,4,,,,3,1,1,34,11,,,3,1,1,2,5,1,64,
9956,1,1,2,1,1,1,1,1,2,2,2,2,2,2,20150303,3,9,2,3,,2,,2,1,2,34,11,1,6,1,3,3,2,3,3,19,65+
9957,,,,1,2,2,2,2,2,2,2,2,2,2,20141217,12,2,1,1,3,2,,5,1,1,34,11,1,,,1,1,3,5,1,57,
9958,1,2,1,1,1,2,2,2,2,2,2,2,2,2,20150116,1,8,1,3,,2,,2,1,1,34,11,1,2,3,5,4,2,3,3,167,70+
9959,1,2,1,,,,,,,,2,2,2,2,20141215,12,8,1,3,,2,2,2,1,2,34,11,1,7,4,5,4,3,4,3,111,65+
9960,1,2,1,1,2,2,2,1,2,2,2,2,2,2,20150215,2,7,1,3,,1,,1,1,1,34,11,1,4,2,5,5,2,3,3,83,
9961,,,,2,2,2,2,2,2,2,2,2,2,2,20150329,3,3,1,1,1,2,,3,1,3,34,11,1,,4,1,,,,1,32,
9962,,,,1,2,2,2,2,2,2,2,2,2,2,20150328,3,1,2,1,3,2,2,5,0,2,34,11,1,,4,1,1,4,5,1,63,
9963,1,2,1,1,1,2,1,1,2,2,2,2,2,2,20150314,3,8,2,3,,2,,2,1,2,34,11,1,2,3,4,1,3,4,3,59,70+
9964,,,,2,2,2,2,2,2,2,2,2,2,2,20150201,2,4,1,1,1,3,3,4,0,3,34,11,1,,4,2,3,1,5,,42,
9965,,,,2,2,2,2,2,2,2,2,2,2,2,20150302,3,2,1,1,2,2,,4,1,2,34,11,1,,3,1,1,1,5,1,30,
9966,,,,1,2,2,2,2,2,2,2,2,2,2,20150303,3,3,1,1,2,2,,4,1,1,34,11,1,,4,1,1,1,5,1,85,
9967,,,,2,2,2,2,2,2,2,2,2,2,2,20150303,3,1,1,1,2,2,,4,1,2,34,11,1,,4,1,1,1,5,1,30,
9968,1,2,1,1,2,2,2,1,2,2,2,2,2,2,20150301,3,9,1,3,,2,,2,1,1,34,11,1,7,,2,5,1,1,3,29,"Vieux, pas d'âge défini"
9969,1,1,1,1,2,2,1,1,2,1,2,1,1,2,20150317,3,9,1,3,,1,,1,1,1,34,11,1,2,3,5,5,3,4,3,15,65+
9970,1,1,1,1,2,2,2,2,2,2,2,2,2,2,20150323,3,9,1,3,,3,,5,1,1,34,11,1,5,3,4,5,1,2,3,73,70+
9971,,,,2,2,2,2,2,2,2,2,2,2,2,20150308,3,3,2,1,2,2,,4,1,2,34,11,1,,1,1,2,1,5,1,55,
9972,,,,1,2,2,2,1,2,2,2,2,2,2,20150301,3,1,1,1,1,2,,3,1,0,34,11,1,,3,1,,,,1,68,
9973,1,1,1,2,2,2,2,2,,2,2,2,2,2,20150302,3,9,2,3,,2,,2,1,0,34,11,1,2,1,2,2,1,2,3,57,
9974,,,,2,2,2,2,2,2,2,2,2,2,2,20150329,3,4,2,1,1,1,,4,1,2,34,11,1,,,,,,,,55,
9975,1,2,1,1,2,2,2,2,2,2,2,2,2,2,20150330,3,4,1,3,,3,3,3,0,3,34,11,1,,4,4,4,2,3,3,28,65+
9976,1,2,1,1,2,2,2,1,2,2,2,2,2,2,20150329,3,4,2,3,,3,1,3,,3,34,11,1,,,2,1,2,3,3,27,80+
9977,,,,2,2,2,2,2,2,2,2,2,2,2,20150329,3,1,1,1,2,2,,5,1,2,34,11,1,,3,1,,,,1,38,
9978,1,2,1,1,2,2,2,2,2,2,2,2,2,1,20150330,3,9,1,3,,3,1,3,1,3,34,11,1,2,4,2,3,1,2,3,22,
9979,1,2,1,2,2,2,2,2,2,2,2,2,2,2,20150404,4,9,2,3,,2,,2,0,2,34,11,1,2,4,2,2,1,2,3,28,80+
9980,,,,1,1,2,2,2,2,2,2,2,2,2,20150327,3,1,2,1,4,2,,6,1,3,34,11,1,,4,1,1,1,5,1,38,
9981,,,,1,1,2,2,1,2,2,2,2,2,2,20140713,7,8,2,3,,2,,2,1,1,34,11,1,5,4,2,2,1,2,3,88,
9982,1,2,1,1,2,2,2,1,2,2,2,2,2,2,20150215,2,8,1,3,,2,,2,0,2,34,11,1,4,4,5,5,3,4,3,167,75+
9983,,,,1,2,2,2,2,2,2,2,2,2,2,20140730,7,5,2,3,,1,1,1,0,3,34,11,1,2,2,4,3,2,3,3,29,
9984,,,,1,2,2,2,2,2,2,2,2,2,2,20141105,11,1,1,1,1,2,2,3,0,2,34,11,1,,3,1,,,,1,34,
9985,1,,1,2,2,2,2,2,2,2,2,2,2,2,20150319,3,10,2,3,,1,,1,1,,34,11,1,1,1,,2,,,3,28,75+
9986,1,2,1,2,2,2,2,2,2,2,2,2,2,2,20150327,3,10,2,2,1,2,1,3,1,1,34,11,1,1,2,2,1,2,3,3,191,"Pas d’âge, santé implicite"
9987,,,,1,2,2,1,1,2,2,2,2,2,2,20141106,11,1,2,1,2,2,,4,0,2,34,11,1,,4,1,1,4,5,1,50,
9988,,,,2,2,2,2,2,2,2,2,2,2,2,20150325,3,2,1,1,1,1,,2,1,0,34,11,1,,2,,1,,,1,45,
9989,,,,1,2,2,2,2,2,2,2,2,2,2,20150330,3,2,2,1,2,2,,4,1,2,34,11,1,,4,1,1,1,5,1,34,
9990,,,,1,2,1,1,1,1,,2,2,2,2,20141105,11,4,1,2,1,3,1,4,1,3,34,11,1,,3,5,5,2,3,3,99,
9991,1,,1,1,2,2,2,2,2,2,2,2,2,2,20150329,3,9,2,3,,2,,2,2,2,34,11,1,2,4,3,2,2,3,3,14,70+
9992,,,,2,2,2,2,2,2,2,2,2,2,2,20141107,11,9,1,3,,2,,2,1,2,34,11,1,3,4,5,5,3,4,3,20,
9993,1,2,2,2,2,2,2,2,2,2,2,2,2,2,20150319,3,8,1,3,,1,,1,1,0,34,11,1,1,1,5,5,2,3,3,167,60+
9994,,,,2,2,2,2,2,2,2,2,2,2,2,20150323,3,4,2,1,1,1,,2,1,2,34,11,1,,3,2,3,1,5,,27,
9995,,,,1,2,1,2,2,2,2,2,2,2,2,20150328,3,4,2,1,1,2,1,2,1,2,34,11,1,,1,,,,,,27,
9996,,,,1,2,2,2,2,2,2,2,2,2,2,20150325,3,2,1,1,5,2,,6,1,1,34,11,1,,2,,,,,1,79,
9997,,,,1,2,2,2,2,2,2,2,2,2,2,20141212,12,8,2,3,,2,,2,1,2,34,11,1,4,4,,1,,,2,59,
9998,,,,2,2,2,2,2,2,2,2,2,2,2,20150309,3,3,2,1,2,1,,3,1,1,34,11,1,,1,2,3,1,5,1,61,
9999,,,,1,1,2,1,1,2,2,2,2,2,2,20150330,3,2,2,1,2,2,,4,1,2,34,11,1,,4,1,1,3,5,1,34,
10000,,,,2,2,2,2,2,2,2,2,2,2,2,20150330,3,2,2,1,3,3,,6,1,3,34,11,1,,1,1,1,1,5,1,38,
10001,3,,,2,2,2,2,2,2,2,2,2,2,2,20150314,3,8,2,3,,1,,,,,34,11,1,,,,,,,3,88,
10002,1,1,1,2,2,2,2,2,2,2,2,2,2,2,20150402,4,9,1,3,,1,,1,1,1,34,11,1,3,2,4,4,2,3,3,15,"Pas d’âge, santé implicite"
10003,,,,1,2,2,2,1,2,2,2,2,2,2,20141028,10,7,1,3,,2,1,2,1,2,34,11,1,7,4,4,5,2,3,3,111,
10004,,,,2,2,2,2,2,2,2,2,2,2,2,20141025,10,7,1,3,,2,,2,1,0,34,11,1,2,3,5,5,2,3,3,333,
10005,,,,2,2,2,2,2,2,2,2,2,2,2,20141105,11,3,2,1,4,2,,6,1,2,34,11,1,,4,1,1,1,5,1,82,
10006,,,,1,2,2,2,1,2,2,2,2,2,2,20141104,11,9,1,3,,2,,2,1,2,34,11,1,4,4,5,3,3,4,2,20,
10007,,,,1,2,2,2,2,2,2,2,2,2,2,20141114,11,3,1,1,2,2,,4,1,1,34,11,1,,,1,1,2,5,1,85,
10008,,,,2,2,2,2,2,2,2,2,2,2,2,20141108,11,9,1,3,,2,,2,1,1,34,11,1,1,2,3,3,2,3,3,29,
10009,,,,2,2,2,2,2,2,2,2,2,2,2,20141022,10,5,1,3,,3,1,3,1,2,34,11,1,5,,3,4,1,2,3,167,
10010,,,,2,2,2,2,2,2,2,2,2,2,2,20141019,10,5,2,2,3,2,,5,1,2,34,11,1,4,3,3,2,2,3,3,660,
10011,,,,1,2,2,2,1,2,2,2,2,2,2,20141106,11,10,2,3,,1,,1,1,0,34,11,1,4,1,3,1,2,3,3,28,
10012,1,2,1,2,2,2,2,2,2,2,2,2,2,2,20150404,4,9,1,3,,2,,2,1,2,34,11,1,3,3,5,5,3,4,3,20,60+
10013,2,1,1,2,1,2,2,2,2,2,2,2,2,2,20141213,12,7,2,3,,3,1,3,1,3,34,11,1,2,3,4,1,3,4,3,66,
10014,1,2,1,2,2,2,2,2,2,2,2,2,2,2,20141212,12,5,1,2,1,2,,3,0,2,34,11,1,6,2,5,4,3,4,3,1123,
10015,,,,1,2,2,2,1,2,2,2,1,2,2,20150306,3,3,1,1,1,3,1,4,1,3,34,11,1,,4,1,3,1,5,1,34,
10016,1,2,1,1,2,2,1,2,2,2,2,2,2,2,20150121,1,9,1,3,,3,1,3,2,2,34,11,1,3,4,5,5,2,3,3,15,"Vieux, pas d'âge défini"
10017,,,,1,2,2,1,1,2,2,2,2,2,2,20150327,3,4,2,1,3,3,2,6,0,3,34,11,1,,,1,2,1,5,,57,
10018,,,,2,2,2,2,2,2,2,2,2,2,2,20141213,12,1,2,1,2,2,,4,0,2,34,11,1,,4,1,1,1,5,1,50,
10019,,,,2,2,2,2,2,2,2,2,2,2,2,20150302,3,1,1,1,1,2,2,3,1,2,34,11,1,,4,1,1,1,5,1,23,
10020,1,1,1,1,2,2,1,1,2,2,2,2,2,1,20150317,3,5,2,3,,2,,2,0,2,34,11,1,2,3,3,4,1,2,3,88,
10021,,,,1,2,1,1,1,2,2,2,2,2,2,20150324,3,3,1,1,2,2,,4,1,2,34,11,1,,3,1,1,1,5,1,56,
10022,1,1,1,1,2,2,2,2,2,2,2,2,2,2,20150121,1,7,2,3,,1,,1,1,1,34,11,1,4,3,4,3,3,4,3,44,70+
10023,1,2,1,2,2,2,2,2,2,2,2,2,2,2,20141212,12,5,1,2,1,2,,3,1,3,34,11,1,1,3,4,1,3,4,3,562,60+
10024,1,1,1,2,2,2,2,2,1,2,2,2,2,1,20141210,12,6,2,3,,3,1,3,0,2,34,11,1,4,2,3,3,2,3,3,132,"Pas d’âge, santé implicite"
10025,,,,2,2,2,2,2,2,2,2,2,2,2,20141211,12,2,2,1,2,2,,4,1,2,34,11,1,,3,1,,,,1,34,
10026,1,1,1,1,2,2,2,1,2,2,2,2,2,2,20150214,2,9,2,3,,2,,2,1,2,34,11,1,4,3,3,1,2,3,3,19,70+
10027,1,1,1,1,2,2,2,2,2,2,2,2,2,2,20150320,3,7,1,2,2,3,,5,1,3,34,11,1,7,4,4,5,2,3,3,936,70+
10028,1,2,1,1,2,2,2,1,2,2,2,2,2,2,20150404,4,9,2,3,,1,,1,1,1,34,11,1,6,2,2,2,1,2,3,14,80+
10029,1,2,1,2,2,2,2,2,2,2,2,2,2,2,20150208,2,4,2,2,1,2,2,3,2,3,34,11,1,,4,3,4,1,2,3,45,65+
10030,,,,2,2,2,2,2,2,2,2,2,2,2,20150321,3,1,1,1,2,3,1,5,1,3,34,11,1,,3,1,1,3,5,1,28,
10031,,,,2,2,2,2,2,2,2,2,2,2,2,20150114,1,1,1,1,2,2,,4,0,2,34,11,1,,4,1,1,4,5,1,45,
10032,,,,2,2,2,2,2,2,2,2,2,2,2,20150207,2,1,2,1,3,2,,5,0,2,34,11,1,,3,,,,,1,63,
10033,,,,1,2,1,2,1,2,2,2,2,2,2,20150331,3,3,1,1,4,2,,6,1,3,34,11,1,,4,5,4,2,5,1,51,
10034,,,,1,2,2,2,1,2,2,2,2,2,2,20140928,9,5,2,3,,2,1,2,0,2,34,11,1,6,4,2,1,1,2,3,88,
10035,,,,1,1,2,1,1,2,2,2,2,2,2,20140827,8,7,1,3,,2,,2,,,34,11,1,6,4,5,5,2,3,3,333,
10036,,,,1,2,2,2,2,2,2,2,2,2,2,20140813,8,7,2,3,,3,1,3,1,3,34,11,1,2,4,3,1,2,3,3,66,
10037,,,,2,2,2,2,2,2,2,2,2,2,2,20140816,8,4,2,3,,3,1,3,1,3,34,11,1,,4,2,3,1,2,3,53,
10038,,,,2,2,2,2,2,2,2,2,2,2,2,20140904,9,7,1,3,,2,,2,1,2,34,11,1,4,4,4,5,1,2,3,111,
10039,,,,1,1,2,2,2,2,2,2,2,2,2,20140819,8,4,2,3,,1,,1,0,1,34,11,1,,2,3,2,2,3,3,88,
10040,,,,2,2,2,2,2,2,2,2,2,2,2,20140917,9,9,1,3,,1,,1,1,0,34,11,1,4,2,4,4,2,3,3,29,
10041,,,,2,2,2,2,2,2,2,2,2,2,2,20140813,8,2,2,1,2,2,,4,1,3,34,11,1,,4,1,1,3,5,1,25,
10042,,,,1,2,2,1,1,2,2,2,2,2,2,20140816,8,5,2,3,,2,2,2,0,2,34,11,1,6,4,3,2,2,3,3,88,
10043,,,,2,2,2,2,2,2,2,2,2,2,2,20140813,8,8,1,3,,1,,1,0,1,34,11,1,1,1,5,5,3,4,3,167,
10044,,,,1,2,2,2,2,1,2,2,2,2,2,20140904,9,6,2,2,3,2,1,5,0,2,34,11,1,4,,2,3,1,2,3,989,
10045,,,,2,2,2,2,2,2,2,2,2,2,2,20140919,9,8,2,3,,1,,1,1,1,34,11,1,7,3,3,3,2,3,3,44,
10046,,,,1,2,2,1,1,2,2,2,2,2,2,20140928,9,8,1,3,,2,,2,1,1,34,11,1,4,4,5,4,3,4,3,167,
10047,,,,2,2,2,2,2,2,2,2,2,2,2,20140918,9,4,1,3,,3,3,3,1,3,34,11,1,,,5,5,2,3,3,100,
10048,,,,2,2,2,2,2,2,2,2,2,2,2,20140928,9,9,1,3,,1,1,1,1,2,34,11,1,6,2,3,4,1,2,3,10,
10049,,,,2,2,2,2,2,2,2,2,2,2,2,20141014,10,6,2,2,2,1,,3,0,1,34,11,1,2,1,3,4,1,2,3,1187,
10050,,,,1,2,2,2,2,2,2,2,2,2,2,20141002,10,7,2,2,2,2,1,5,1,3,34,11,1,5,4,4,1,3,4,3,330,
10051,1,2,1,1,2,2,1,1,2,2,2,2,2,2,20141215,12,8,2,3,,1,,1,1,1,34,11,1,4,3,3,,,,3,44,60+
10052,,,,2,2,2,2,2,2,2,2,2,2,2,20140921,9,4,1,3,,3,1,3,1,1,34,11,1,,2,2,3,1,2,2,250,
10053,,,,2,2,2,2,2,2,2,2,2,2,2,20140919,9,8,2,3,,1,,1,1,0,34,11,1,5,1,5,3,3,4,3,88,
10054,,,,2,2,2,2,2,2,2,2,2,2,2,20141025,10,9,1,3,,2,,2,1,1,34,11,1,1,4,4,4,2,3,3,29,
10055,,,,1,1,1,2,1,2,2,2,2,2,2,20141101,11,5,2,2,4,2,,6,1,2,34,11,1,4,2,3,3,2,3,3,791,
10056,,,,2,2,2,2,2,2,2,2,2,2,2,20141105,11,10,2,3,,2,,2,2,1,34,11,1,5,4,3,2,2,3,3,11,
10057,,,,1,2,2,2,1,2,2,2,2,2,2,20141006,10,8,2,3,,2,,2,1,0,34,11,1,3,,1,3,1,2,3,176,
10058,,,,1,2,1,2,1,2,2,2,2,2,2,20140919,9,5,1,3,,3,1,3,2,3,34,11,1,2,4,2,5,1,2,2,100,
10059,,,,1,2,2,2,1,1,2,2,2,2,2,20141112,11,5,1,3,,2,,2,0,2,34,11,1,2,4,4,4,2,3,3,167,
10060,,,,1,1,2,2,1,1,2,2,2,2,2,20140926,9,9,2,3,,1,,1,1,1,34,11,1,4,2,4,3,2,3,3,14,
10061,,,,2,2,2,2,2,2,2,2,2,2,2,20140918,9,9,2,3,,1,,1,1,0,34,11,1,2,2,2,1,2,3,3,28,
10062,,,,2,2,2,2,2,2,2,2,2,2,2,20141006,10,8,1,3,,2,2,2,1,2,34,11,1,7,4,3,5,1,2,3,111,
10063,,,,2,2,2,2,2,2,2,2,2,2,2,20141215,12,1,2,1,3,3,3,6,1,1,34,12,1,,4,1,,,,1,99,
10064,1,1,2,2,2,2,2,2,2,2,2,2,2,2,20141124,11,10,2,3,,1,,1,1,1,34,12,1,1,,2,1,1,2,3,9,
10065,,,,1,2,2,2,1,2,2,2,2,2,2,20140708,7,7,1,3,,3,2,4,1,3,34,12,1,7,4,4,3,2,3,3,91,
10066,1,2,2,2,2,2,2,2,2,2,2,2,2,2,20150115,1,7,1,3,,3,,3,1,1,34,12,1,1,,2,3,1,2,3,171,50+
10067,,,,2,2,2,2,2,2,2,2,2,2,2,20140506,5,9,1,3,,1,,1,1,2,34,12,,4,1,2,4,1,2,3,7,
10068,1,2,1,2,2,2,2,2,2,1,2,2,2,2,20150303,3,9,1,3,,2,,2,2,1,34,12,1,4,4,3,5,1,2,3,11,65+
10069,,,,2,2,2,2,2,2,2,2,2,2,2,20140610,6,7,1,3,,1,,1,1,0,34,12,1,1,,3,4,1,2,3,114,
10070,,,,2,2,2,2,2,2,2,2,2,2,2,20140613,6,8,1,3,,1,,1,1,1,34,12,1,1,3,3,4,1,2,3,57,
10071,,,,2,2,2,2,2,2,2,2,2,2,2,20140906,9,9,1,3,,1,,1,1,0,34,12,1,3,1,3,3,1,2,3,21,
10072,,,,,,,2,,2,2,2,2,2,2,20140621,6,1,1,1,1,2,,3,1,2,34,12,1,,4,1,1,1,5,1,34,
10073,,,,1,1,2,1,1,2,2,2,2,2,2,20140905,9,2,2,1,2,2,,4,1,2,34,12,1,,4,1,1,2,5,1,44,
10074,1,1,1,1,2,2,2,1,2,2,2,2,2,2,20150317,3,8,1,3,,3,2,4,1,3,34,12,1,5,4,5,5,3,4,3,91,65+
10075,,,,1,2,2,2,1,2,2,2,2,2,2,20150127,1,2,2,1,2,2,,4,1,2,34,12,1,,4,1,,,,1,44,
10076,1,1,1,2,2,2,2,2,2,2,2,2,2,2,20150120,1,6,2,2,1,2,2,3,1,2,34,12,1,7,4,2,3,1,2,3,395,70+
10077,,,,1,2,2,1,1,2,2,2,2,2,2,20140613,6,4,2,3,,2,,2,1,2,34,12,1,,4,2,2,1,2,3,94,
10078,,,,2,2,2,2,2,2,2,2,2,2,2,20140623,6,1,2,1,1,2,2,3,1,2,34,12,1,,2,1,,,,1,33,
10079,,,,1,2,1,1,1,2,2,2,2,2,2,20140905,9,7,2,3,,2,,2,1,2,34,12,1,4,3,5,2,3,4,3,94,
10080,,,,1,1,1,1,2,2,2,2,2,2,2,20140617,6,9,1,3,,1,1,1,2,0,34,12,1,7,1,3,5,1,2,3,11,
10081,3,2,1,1,2,2,1,2,2,2,2,2,2,2,20141215,12,7,2,3,,2,,2,1,2,34,12,1,1,4,2,1,2,3,3,94,60+
10082,,,,1,2,2,2,2,2,2,2,2,2,2,20150220,2,3,2,1,2,2,,4,1,3,34,12,1,,4,2,2,1,5,1,35,
10083,1,,1,1,2,2,2,2,2,1,2,2,2,2,20150204,2,10,1,3,,1,,1,0,1,34,12,1,1,1,4,5,1,2,3,21,
10084,,,,1,1,2,1,1,2,2,2,2,2,2,20140414,4,7,2,4,,,,2,1,2,34,12,,6,4,3,3,1,2,3,94,
10085,,,,2,2,2,2,2,2,2,2,2,2,2,20141124,11,1,1,1,2,2,,4,1,1,34,12,1,,2,1,1,3,5,1,68,
10086,,,,1,2,2,1,2,2,2,2,2,2,2,20140623,6,3,1,1,2,2,2,4,1,2,34,12,1,,4,5,5,3,5,1,41,
10087,,,,2,2,2,2,2,2,2,2,2,2,2,20141124,11,2,1,1,1,2,,3,1,2,34,12,1,,3,1,,,,1,34,
10088,1,2,2,1,2,2,1,1,2,2,2,2,2,2,20141215,12,8,2,3,,1,,1,1,0,34,12,1,7,4,4,3,3,4,3,141,75+
10089,1,2,1,1,2,2,2,2,2,2,2,2,2,2,20150203,2,9,2,2,3,3,1,6,1,0,34,12,1,1,1,2,1,1,2,3,320,
10090,,,,2,2,2,2,2,2,2,2,2,2,2,20140623,6,9,1,3,,1,,1,1,1,34,12,1,6,2,2,5,1,1,3,11,
10091,,,,2,2,2,2,2,2,2,2,2,2,2,20150203,2,2,2,1,3,2,,5,1,2,34,12,1,,4,1,1,1,5,1,55,
10092,,,,2,2,2,2,2,2,2,2,2,2,2,20140611,6,9,1,3,,2,2,2,1,1,34,12,1,7,3,4,4,2,3,3,21,
10093,,,,1,2,2,2,2,2,2,2,2,2,2,20141123,11,4,1,1,2,2,2,4,1,3,34,12,1,,,5,5,3,5,,25,
10094,1,2,1,2,2,2,2,2,2,2,2,2,2,2,20141220,12,9,2,3,,2,,2,2,2,34,12,1,7,4,3,2,2,3,3,9,
10095,,,,1,1,2,2,2,2,2,2,2,2,2,20140414,4,6,2,4,,,,1,1,1,34,12,,4,3,3,4,1,2,3,70,
10096,1,2,1,2,2,2,2,2,2,2,2,2,2,2,20141124,11,10,2,3,,2,1,3,1,1,34,12,1,7,3,2,3,1,2,2,28,55+
10097,1,2,1,2,2,2,2,2,2,2,2,2,2,2,20141125,11,9,2,3,,1,,1,1,0,34,12,1,2,1,3,2,2,3,3,19,60+
10098,,,,1,1,2,2,2,2,2,2,2,2,2,20141124,11,2,1,1,2,2,,4,1,2,34,12,1,,4,1,1,1,5,1,45,
10099,,,,1,2,2,2,2,2,2,2,2,2,2,20140704,7,5,1,2,2,2,,4,1,1,34,12,1,1,1,2,4,1,2,3,639,
10100,,,,2,2,2,2,2,2,2,2,2,2,2,20140707,7,9,2,3,,2,,2,1,1,34,12,1,6,,5,2,3,4,3,19,
10101,,,,2,2,2,2,2,2,2,2,2,2,2,20140624,6,1,2,1,2,2,,4,1,2,34,12,1,,4,1,1,2,5,1,44,
10102,,,,2,2,2,2,2,2,2,2,2,2,2,20150220,2,1,1,1,2,2,,4,1,2,34,12,1,,2,1,,,,1,45,
10103,,,,2,2,2,2,2,2,2,2,2,2,2,20140905,9,9,1,3,,1,,1,1,1,34,12,1,6,4,3,3,2,3,3,11,
10104,,,,2,2,2,2,2,2,2,2,2,2,2,20140627,6,1,2,1,1,2,,3,1,0,34,12,1,,1,1,1,3,5,1,99,
10105,,,,2,2,2,2,2,2,2,2,2,2,2,20140905,9,1,1,1,1,2,,3,2,2,34,12,1,,4,1,,,,1,25,
10106,,,,2,2,2,2,2,2,2,2,2,2,2,20140618,6,3,2,1,1,3,1,4,2,1,34,12,1,,2,1,1,1,5,1,59,
10107,1,1,1,2,2,2,2,2,2,2,2,2,2,2,20141215,12,7,1,2,1,3,2,5,1,3,34,12,1,6,4,5,5,3,4,3,266,
10108,,,,2,2,2,2,2,2,2,2,2,2,2,20150204,2,2,1,1,3,2,,5,1,2,34,12,1,,4,1,,,,1,56,
10109,1,1,1,2,2,2,2,2,2,2,2,2,2,2,20141127,11,9,1,3,,3,1,3,1,3,34,12,1,4,4,5,5,2,3,3,16,65+
10110,1,,1,2,2,2,2,1,2,2,2,2,2,2,20150318,3,8,1,3,,2,,2,1,0,34,12,1,1,4,5,5,2,3,3,228,70+
10111,,,,2,2,2,2,2,2,2,2,2,2,2,20140422,4,1,2,4,,,,3,1,2,34,12,,,4,1,1,4,5,1,33,
10112,,,,1,2,2,2,1,2,2,2,2,2,2,20141218,12,3,2,1,1,2,,3,1,3,34,12,1,,4,2,3,1,5,1,33,
10113,,,,1,2,2,2,2,2,2,2,1,2,2,20141121,11,6,2,1,3,2,,5,1,2,34,12,1,,2,3,4,1,2,3,96,
10114,,,,1,2,2,2,1,2,2,2,2,2,2,20140612,6,7,1,3,,3,1,3,2,2,34,12,1,1,4,2,2,1,2,3,68,
10115,1,2,1,1,2,2,2,1,2,2,2,2,2,2,20150217,2,7,1,3,,2,,2,1,2,34,12,1,6,4,5,5,2,3,3,76,70+
10116,,,,2,2,2,2,2,2,2,2,2,2,2,20140414,4,5,2,4,,,,1,1,1,34,12,,6,4,3,3,2,3,3,70,
10117,,,,2,2,2,2,2,2,2,2,2,2,2,20140626,6,1,2,1,1,2,,3,1,1,34,12,1,,4,1,1,4,5,1,49,
10118,,,,2,2,2,2,2,2,2,2,2,2,2,20140907,9,2,2,1,2,2,,4,1,3,34,12,1,,4,1,1,1,5,1,33,
10119,,,,1,2,2,1,2,2,2,2,2,2,2,20150217,2,3,1,1,2,2,,4,1,2,34,12,1,,4,1,1,2,5,1,41,
10120,,,,2,2,2,2,2,2,2,2,2,2,2,20140414,4,8,1,4,,,,3,2,3,34,12,,1,4,2,3,1,2,3,68,
10121,1,2,1,2,2,2,2,2,2,2,2,2,2,2,20150316,3,7,1,3,,1,,1,1,2,34,12,1,5,4,5,5,3,4,3,38,60+
10122,1,1,1,2,2,2,2,2,2,2,2,2,2,2,20150214,2,6,1,3,,3,,4,1,0,34,12,1,4,3,3,3,1,2,3,455,65+
10123,,,,2,2,2,2,2,2,2,2,2,2,2,20140905,9,10,1,3,,1,,1,1,1,34,12,1,3,1,5,3,3,4,3,11,
10124,,,,2,2,2,2,2,2,2,2,2,2,2,20140708,7,3,2,1,3,2,,5,1,2,34,12,1,,3,3,3,2,5,1,73,
10125,,,,1,1,2,2,1,2,2,2,2,2,2,20140905,9,7,1,2,1,2,,3,1,3,34,12,1,4,4,2,4,1,2,3,192,
10126,,,,1,2,2,2,2,2,2,2,2,2,2,20140414,4,2,2,4,,,,3,2,0,34,12,,,3,1,1,2,5,1,49,
10127,,,,1,2,2,2,2,2,2,2,2,2,2,20150221,2,3,1,1,1,3,1,4,2,3,34,12,1,,4,2,3,1,5,1,18,
10128,1,1,1,2,2,2,2,2,2,2,2,2,2,2,20150217,2,8,1,3,,1,,1,1,1,34,12,1,7,4,,,,,3,57,70+
10129,1,,1,2,1,2,2,2,2,2,2,2,2,2,20150124,1,9,2,3,,1,,1,1,0,34,12,1,2,1,5,3,3,4,3,19,Plus vieux que moi
10130,,,,2,2,2,2,2,2,2,2,2,2,2,20140625,6,9,2,3,,1,,1,2,1,34,12,1,7,2,2,2,1,2,3,6,
10131,,,,2,2,2,2,2,2,2,2,2,2,2,20140626,6,1,2,1,1,2,,3,1,2,34,12,1,,4,1,,,,1,33,
10132,1,2,1,2,2,2,2,2,2,2,2,2,2,2,20150407,4,8,2,3,,3,1,3,1,3,34,12,1,3,4,4,3,3,4,3,106,"Pas d’âge, santé implicite"
10133,1,2,1,1,2,2,1,1,2,2,2,2,2,2,20150214,2,4,1,2,2,3,1,5,1,3,34,12,1,,,5,2,3,4,3,266,65+
10134,1,2,1,2,2,2,2,2,2,2,2,2,2,2,20141215,12,6,2,3,,2,1,2,2,1,34,12,1,1,2,3,1,2,3,3,94,65+
10135,,,,2,2,2,2,2,2,2,2,2,2,2,20140506,5,1,2,1,1,2,2,3,1,2,34,12,,,4,1,,,,1,33,
10136,,,,2,2,2,2,2,2,2,2,2,2,2,20150217,2,2,2,1,3,3,,6,1,3,34,12,1,,4,1,,,,1,49,
10137,,,,2,2,2,2,2,2,2,2,2,2,2,20140905,9,3,1,1,2,2,,4,1,2,34,12,1,,4,1,3,1,5,1,41,
10138,,,,1,2,2,2,1,2,2,2,2,2,2,20150123,1,4,2,1,1,2,2,3,1,3,34,12,1,,4,1,3,1,5,,33,
10139,1,1,1,1,2,2,2,2,2,2,2,2,2,2,20141126,11,10,2,3,,2,,2,1,1,34,12,1,4,3,1,1,1,2,3,19,70+
10140,,,,1,2,2,1,1,2,2,2,2,2,2,20140907,9,3,1,1,5,2,,6,1,2,34,12,1,,4,1,1,1,5,1,72,
10141,,,,1,2,2,2,1,2,2,2,2,2,2,20141124,11,3,2,1,2,2,,4,1,1,34,12,1,,4,1,1,1,5,1,88,
10142,,,,2,2,2,2,2,2,2,2,2,2,2,20140506,5,4,1,3,,3,4,4,1,3,34,12,,,,3,5,1,2,3,61,
10143,,,,1,2,2,2,2,2,2,2,2,2,2,20141124,11,3,1,1,2,2,,4,1,1,34,12,1,,4,1,5,1,5,1,62,
10144,,,,2,2,2,2,2,2,2,2,2,2,2,20140704,7,9,1,3,,2,,2,1,1,34,12,1,6,4,4,3,2,3,3,21,
10145,,,,2,2,2,2,2,2,2,2,2,2,2,20150220,2,2,1,1,2,2,,4,1,3,34,12,1,,4,1,1,1,5,1,34,
10146,,,,2,2,2,2,1,2,2,2,2,2,2,20140704,7,10,2,3,,1,,1,1,0,34,12,1,2,1,2,1,1,2,3,19,
10147,,,,2,2,2,2,2,2,2,2,2,2,2,20140906,9,5,2,2,1,2,,3,1,1,34,12,1,2,,2,2,2,3,3,593,
10148,,,,1,2,2,2,1,2,2,2,2,2,2,20140905,9,8,2,3,,2,,2,1,2,34,12,1,2,4,3,1,2,3,3,94,
10149,1,1,1,2,2,2,2,2,2,2,2,2,2,2,20150217,2,7,2,2,1,2,,3,1,1,34,12,1,6,4,2,4,1,2,3,593,75+
10150,1,,1,2,2,2,2,2,2,2,2,2,2,2,20150209,2,10,1,3,,3,,3,1,2,34,12,1,7,4,4,4,2,3,3,21,80+
10151,1,1,1,2,2,2,2,2,2,2,2,2,2,2,20141124,11,4,1,3,,2,1,2,2,1,34,12,1,,4,5,5,1,2,3,50,40+
10152,1,2,1,2,2,2,2,2,2,2,2,2,2,2,20141122,11,7,2,3,,1,,1,1,1,34,12,1,1,,2,3,1,2,3,70,70+
10153,,,,2,2,2,2,2,2,2,2,2,2,2,20140412,4,7,1,4,,,,1,1,1,34,12,,6,4,5,4,3,4,3,57,
10154,,,,1,2,2,2,,2,2,2,2,2,2,20140614,6,9,2,3,,2,,2,1,2,34,12,1,6,2,2,2,1,2,3,13,
10155,1,2,1,2,2,2,2,2,2,2,2,2,2,2,20141204,12,9,1,3,,1,,1,1,0,34,12,1,2,1,3,4,1,2,3,21,60+
10156,,,,2,2,2,2,2,2,2,2,2,2,2,20140619,6,2,2,1,1,2,2,3,1,2,34,12,1,,4,1,1,1,5,1,33,
10157,,,,1,2,2,2,1,2,2,2,2,2,2,20140707,7,4,2,3,,3,2,4,1,3,34,12,1,,4,1,1,1,2,3,86,
10158,1,2,1,1,2,2,2,1,2,2,2,2,2,2,20141121,11,8,2,3,,1,,1,1,0,34,12,1,2,4,3,3,2,3,3,141,60+
10159,,,,2,2,2,2,2,2,2,2,2,2,2,20140611,6,9,1,3,,2,,2,2,2,34,12,1,4,4,5,4,3,4,3,11,
10160,,,,1,2,2,1,1,2,2,2,2,2,2,20140627,6,1,2,1,1,2,,3,1,2,34,12,1,,4,1,1,4,5,1,33,
10161,,,,2,1,1,1,1,2,2,2,2,2,2,20140703,7,8,2,3,,2,1,2,2,2,34,12,1,6,3,4,2,3,4,3,56,
10162,1,2,1,2,2,2,2,2,2,2,2,2,2,2,20150320,3,8,2,3,,2,,2,0,2,34,12,1,4,4,,3,,,3,141,70+
10163,,,,1,2,2,2,2,2,2,2,2,2,2,20140612,6,8,2,3,,3,,3,1,3,34,12,1,2,4,5,4,3,4,3,106,
10164,,,,1,2,2,2,2,2,2,2,2,2,2,20140905,9,10,1,3,,2,,2,1,0,34,12,1,4,,4,4,2,3,3,43,
10165,,,,2,2,2,2,2,2,2,2,2,2,2,20140708,7,4,2,1,1,1,,2,1,0,34,12,1,,,2,,,,,88,
10166,,,,2,2,2,2,2,2,2,2,2,2,2,20140622,6,10,2,3,,2,,2,2,2,34,12,1,2,2,2,1,1,2,3,8,
10167,,,,1,1,2,1,2,2,2,2,2,2,2,20141220,12,3,1,1,2,3,3,6,1,3,34,12,1,,4,1,1,1,5,1,47,
10168,,,,1,2,2,2,2,2,2,2,2,2,2,20150320,3,3,1,1,2,2,,4,1,3,34,12,1,,4,1,1,1,5,1,31,
10169,,,,2,2,2,2,2,2,2,2,2,2,2,20140414,4,7,1,4,,,,5,1,3,34,12,,6,4,5,4,3,4,3,142,
10170,,,,1,2,2,1,1,2,2,2,2,2,1,20140613,6,6,2,2,3,2,,5,1,3,34,12,1,6,4,5,3,3,4,3,395,
10171,,,,1,2,2,1,1,2,2,2,2,2,2,20140507,5,2,1,1,2,2,,4,1,2,34,12,,,4,1,1,1,5,1,45,
10172,,,,2,2,2,2,2,2,2,2,2,2,2,20140414,4,9,1,4,,,,1,1,1,34,12,,1,3,5,5,3,4,3,11,
10173,1,2,1,2,2,1,2,1,2,2,2,2,2,2,20141218,12,9,1,3,,2,,2,1,2,34,12,1,2,2,5,4,2,3,3,14,60+
10174,1,1,1,1,2,2,2,1,2,2,2,2,2,2,20150317,3,8,2,3,,2,,2,1,2,34,12,1,2,,3,2,2,3,3,94,80+
10175,,,,1,2,2,2,1,2,2,2,2,2,2,20140905,9,7,2,3,,1,,1,1,1,34,12,1,2,3,2,2,1,2,3,70,
10176,,,,1,2,2,2,1,2,2,2,2,2,2,20140905,9,8,2,3,,1,,1,1,1,34,12,1,4,4,4,3,2,3,3,70,
10177,1,2,1,2,2,2,2,2,2,2,2,2,2,2,20141215,12,9,1,3,,1,,1,1,1,34,12,1,7,2,4,5,1,2,3,11,65+
10178,,,,1,2,2,1,2,2,2,2,2,2,2,20140507,5,4,2,1,1,3,1,4,1,3,34,12,,,4,,4,,,,35,
10179,,,,1,2,2,2,2,2,2,2,2,2,2,20140506,5,3,1,1,3,1,1,4,1,0,34,12,,,2,1,,,,1,124,
10180,,,,1,2,2,2,1,2,2,2,2,2,2,20140506,5,1,2,1,1,2,,3,1,2,34,12,,,3,,,,,1,33,
10181,,,,2,2,2,2,2,2,2,2,2,2,2,20140507,5,3,2,1,4,2,,6,1,3,34,12,,,4,1,2,1,5,1,66,
10182,,,,1,1,2,2,2,2,2,2,2,2,2,20140412,4,5,2,4,,,,2,1,2,34,12,,7,4,2,3,1,2,3,94,
10183,,,,2,2,2,2,2,2,2,2,2,2,2,20140507,5,2,2,1,4,2,,6,1,0,34,12,,,4,1,1,2,5,1,197,
10184,1,1,2,1,2,1,2,2,2,2,2,2,2,2,20141219,12,9,1,3,,1,,1,1,0,34,12,1,3,2,3,4,1,2,3,21,65+
10185,,,,2,2,2,2,2,2,2,2,2,2,2,20140506,5,1,2,1,3,1,,4,2,1,34,12,,,1,1,1,1,5,1,44,
10186,,,,1,2,2,2,2,2,2,2,2,2,2,20150205,2,4,2,1,1,2,,4,1,3,34,12,1,,4,3,3,1,5,,29,
10187,,,,1,2,2,2,2,2,2,2,2,2,2,20140508,5,4,1,1,1,1,1,2,1,2,34,12,,,4,3,4,1,5,,21,
10188,,,,1,2,1,2,2,2,2,2,2,2,2,20140507,5,4,2,1,1,1,1,2,2,2,34,12,,,2,2,3,1,5,,22,
10189,,,,1,2,2,2,1,2,2,2,2,2,2,20150219,2,2,2,1,2,2,,4,1,3,34,12,1,,4,1,1,2,5,1,33,
10190,,,,2,2,2,2,2,2,2,2,2,2,2,20140907,9,3,2,1,2,2,,4,1,2,34,12,1,,4,1,1,1,5,1,59,
10191,,,,2,2,2,2,2,2,2,2,2,2,1,20140507,5,2,1,1,1,2,,3,1,2,34,12,,,4,1,1,1,5,1,34,
10192,1,2,1,2,2,2,2,2,2,2,2,2,2,2,20141219,12,4,1,2,1,3,2,5,1,3,34,12,1,,4,4,5,2,3,3,213,60+
10193,,,,1,2,2,1,1,2,2,2,2,2,2,20140506,5,3,1,1,2,2,,4,1,3,34,12,,,3,1,2,1,5,1,31,
10194,,,,1,2,1,2,1,2,2,2,2,2,2,20140507,5,2,1,1,1,1,,2,1,0,34,12,,,4,1,1,1,5,1,68,
10195,,,,2,2,2,2,2,2,2,2,2,2,2,20141221,12,3,1,1,1,2,,3,1,2,34,12,1,,4,1,1,2,5,1,31,
10196,,,,2,2,2,2,2,2,2,2,2,2,2,20150214,2,6,1,3,,2,,2,1,2,34,12,1,4,4,5,5,3,4,2,76,
10197,,,,1,2,2,2,2,2,2,2,2,2,2,20150202,2,3,2,1,2,2,,3,2,2,34,12,1,,4,2,1,2,5,1,33,
10198,1,,,1,1,2,1,2,2,2,2,2,2,2,20150214,2,8,1,3,,3,,3,1,3,34,12,1,2,4,3,3,2,3,3,85,60+
10199,,,,2,2,2,2,2,2,2,2,2,2,2,20140506,5,9,1,3,,1,,1,1,0,34,12,,2,2,4,4,2,3,3,21,
10200,,,,1,1,2,2,1,2,2,2,2,2,2,20140422,4,,2,4,,,,2,1,2,34,12,,,4,2,2,1,2,,22,
10201,1,2,1,1,2,2,1,1,2,2,2,2,2,2,20150217,2,7,2,3,,2,,2,1,2,34,12,1,6,4,3,3,2,3,3,94,"Pas d’âge, santé implicite"
10202,1,1,1,2,2,2,2,2,2,2,2,2,2,2,20141221,12,9,1,3,,2,,2,1,2,34,12,1,7,3,3,5,1,2,3,14,"Pas d’âge, santé implicite"
10203,1,2,1,2,2,2,2,2,2,2,2,2,2,2,20141121,11,8,2,2,1,3,1,4,1,2,34,12,1,5,4,5,4,2,3,3,527,"Pas d’âge, santé implicite"
10204,,,,2,2,2,2,2,2,2,2,2,2,2,20140513,5,9,1,2,2,2,2,4,1,3,34,12,1,7,4,4,5,1,2,3,60,
10205,,,,2,2,2,2,2,2,2,2,2,2,2,20150129,1,1,2,1,1,2,,3,1,2,34,12,1,,4,1,,,,1,33,
10206,,,,2,2,2,2,2,2,2,,,,,20140412,4,8,2,4,,,,1,1,0,34,12,,6,3,3,4,1,2,3,141,
10207,,,,1,2,2,2,2,2,2,2,2,2,2,20150220,2,2,2,1,3,2,,5,2,3,34,12,1,,4,1,1,1,5,1,33,
10208,,,,2,2,2,2,2,2,2,2,2,2,2,20140515,5,1,1,1,2,2,2,4,1,2,34,12,1,,4,,1,,,1,45,
10209,1,2,1,2,2,2,2,2,2,2,2,2,2,2,20141125,11,9,2,3,,1,,1,1,0,34,12,1,2,1,5,2,3,4,3,19,"Pas d’âge, santé implicite"
10210,,,,2,2,2,2,2,2,2,2,2,2,2,20141123,11,1,1,1,3,2,,5,1,2,34,12,1,,4,1,1,1,5,1,56,
10211,,,,1,1,2,2,2,2,2,2,2,2,2,20141122,11,2,2,1,4,2,,6,1,2,34,12,1,,4,1,1,2,5,1,66,
10212,1,2,1,1,1,2,1,1,2,2,2,2,2,1,20150122,1,8,1,3,,2,,2,1,2,34,12,1,4,2,5,4,3,4,3,76,
10213,1,1,1,2,2,2,2,2,2,2,2,2,2,2,20141121,11,8,2,3,,1,,1,1,1,34,12,1,5,2,5,2,3,4,3,70,60+
10214,,,,1,2,2,1,1,2,1,2,1,2,2,20140506,5,3,2,1,2,2,2,4,1,1,34,12,,,4,1,1,1,5,1,88,
10215,1,1,1,2,2,2,2,2,2,2,2,2,2,2,20150217,2,9,2,3,,2,,2,1,1,34,12,1,4,2,2,3,1,2,3,19,"Pas d’âge, santé implicite"
10216,,,,2,2,2,2,2,2,2,2,2,2,2,20141124,11,1,2,1,1,2,,3,1,2,34,12,1,,4,1,1,1,5,1,33,
10217,,,,1,2,2,2,1,2,2,2,2,2,2,20150221,2,3,2,1,1,2,,3,1,3,34,12,1,,4,1,1,1,5,1,33,
10218,,,,2,2,2,2,2,2,2,2,2,2,2,20150128,1,2,2,1,2,2,2,4,1,2,34,12,1,,,,1,,,1,44,
10219,,,,2,2,2,2,2,2,2,2,2,2,2,20150129,1,4,2,1,2,2,2,4,1,1,34,12,1,,4,1,1,1,5,,88,
10220,1,2,1,1,1,2,2,2,2,2,2,2,2,2,20150122,1,8,1,3,,2,,2,1,2,34,12,1,2,4,4,4,2,3,3,76,70+
10221,,,,2,2,2,2,1,2,2,2,2,2,2,20141219,12,1,1,1,3,2,,5,1,2,34,12,1,,4,1,1,4,5,1,56,
10222,1,1,2,1,1,2,2,1,2,2,2,2,2,2,20141127,11,9,2,3,,1,1,1,1,,34,12,1,,4,2,1,2,3,3,5,80+
10223,,,,1,2,2,2,2,2,2,2,2,2,2,20140516,5,9,2,3,,1,,1,1,1,34,12,1,6,2,4,4,2,3,3,9,
10224,,,,2,2,2,2,2,2,2,2,2,2,2,20140506,5,4,1,2,1,3,2,5,1,3,34,12,,,4,3,5,1,2,3,213,
10225,,,,1,2,2,2,2,2,2,2,2,2,2,20140514,5,3,2,1,2,2,,4,1,3,34,12,1,,,1,3,1,5,1,44,
10226,,,,1,1,2,2,2,2,2,2,2,2,2,20140513,5,8,2,3,,2,,2,1,2,34,12,1,4,4,4,3,3,4,3,94,
10227,,,,1,2,2,1,2,2,2,2,2,2,2,20140513,5,9,2,3,,2,2,2,1,0,34,12,1,4,2,3,2,2,3,3,38,
10228,,,,2,2,2,2,2,2,2,2,2,2,2,20140515,5,9,2,3,,1,1,1,2,0,34,12,1,6,3,5,4,3,4,3,9,
10229,,,,1,2,2,2,2,2,2,2,2,2,2,20140513,5,1,1,1,1,2,2,3,1,2,34,12,1,,4,1,1,1,5,1,34,
10230,,,,1,2,2,,1,2,2,2,2,2,2,20140506,5,9,1,3,,2,,2,1,2,34,12,,7,4,5,5,3,4,3,14,
10231,,,,2,2,2,2,2,2,2,2,2,2,2,20140905,9,9,2,3,,3,,3,1,2,34,12,1,2,2,2,2,1,2,3,19,
10232,,,,2,2,2,2,2,2,2,2,2,2,2,20140905,9,8,2,3,,1,,1,1,1,34,12,1,6,3,5,1,3,4,3,70,
10233,,,,1,1,2,2,1,2,2,2,2,2,2,20150128,1,4,2,1,1,1,,2,1,0,34,12,1,,2,2,1,2,5,,88,
10234,,,,2,2,2,2,2,2,2,2,2,2,2,20140413,4,8,1,4,,,,2,1,0,34,12,,1,1,2,4,1,2,3,228,
10235,,,,2,2,2,2,2,2,2,2,2,2,2,20150128,1,3,2,1,3,2,,5,1,3,34,12,1,,4,2,2,1,5,1,55,
10236,,,,2,2,2,2,2,2,2,2,2,2,2,20140525,5,9,1,3,,2,,2,1,2,34,12,1,7,4,5,3,3,4,3,14,
10237,,,,1,2,2,2,1,2,2,2,2,2,2,20140419,4,2,1,4,,,,3,2,2,34,12,,,4,1,1,1,5,1,20,
10238,,,,2,2,2,2,2,2,2,2,2,2,2,20140521,5,1,1,1,3,2,,5,1,3,34,12,1,,4,1,1,3,5,1,42,
10239,,,,1,2,2,1,1,2,2,2,2,2,2,20140513,5,3,2,1,3,2,,5,1,3,34,12,1,,4,2,1,1,5,1,37,
10240,,,,1,2,2,1,1,2,2,2,2,2,2,20150221,2,2,2,1,2,2,,4,1,2,34,12,1,,4,1,1,1,5,1,44,
10241,,,,1,1,2,1,1,2,2,2,2,2,2,20140513,5,8,1,3,,3,1,3,1,3,34,12,1,6,4,5,3,3,4,3,85,
10242,,,,2,2,2,2,2,2,2,2,2,2,2,20140514,5,4,1,1,2,2,,4,1,3,34,12,1,,,3,5,1,5,,25,
10243,1,2,2,1,1,2,2,2,2,2,2,2,2,2,20141217,12,6,1,2,1,2,,3,1,2,34,12,1,6,4,4,4,2,3,3,320,70+
10244,,,,2,2,2,2,2,2,2,2,2,2,2,20140514,5,6,1,2,2,2,,4,1,0,34,12,1,1,3,3,4,1,2,3,1278,
10245,,,,1,1,,2,1,2,2,2,2,1,2,20140907,9,9,2,3,,2,,2,1,2,34,12,1,4,4,3,1,2,3,3,13,
10246,,,,1,1,2,2,2,2,2,2,2,2,2,20140513,5,10,2,3,,1,,1,1,0,34,12,1,2,1,3,2,2,3,3,19,
10247,,,,2,2,2,2,1,2,2,2,2,2,2,20141124,11,3,1,1,1,2,,3,1,3,34,12,1,,,1,,,,1,23,
10248,,,,1,2,2,2,2,2,2,2,2,2,2,20141124,11,2,2,1,2,2,,4,1,2,34,12,1,,4,1,1,1,5,1,44,
10249,1,1,1,2,2,2,2,2,2,2,2,2,2,2,20141215,12,8,1,3,,2,,2,1,2,34,12,1,4,4,4,4,2,3,3,76,65+
10250,,,,1,2,2,2,1,2,2,2,2,2,2,20140514,5,5,2,3,,2,,2,1,0,34,12,1,7,4,4,4,2,3,3,282,
10251,,,,1,2,2,2,2,2,2,2,2,2,2,20140616,6,7,1,2,1,3,2,4,1,3,34,12,1,3,4,5,3,3,4,3,256,
10252,1,2,1,2,2,2,2,2,2,2,2,2,2,2,20150127,1,9,1,3,,2,,2,1,0,34,12,1,1,2,2,3,1,2,3,43,60+
10253,,,,1,2,1,1,1,2,2,2,2,2,2,20140513,5,4,2,1,1,2,2,3,1,3,34,12,1,,,1,3,1,5,,33,
10254,1,1,1,2,2,2,2,2,2,2,2,2,2,2,20141123,11,9,2,3,,3,3,4,1,1,34,12,1,2,,2,1,2,3,3,38,50+
10255,,,,2,2,2,2,2,2,2,2,2,2,2,20140703,7,6,1,3,,2,,2,1,1,34,12,1,6,4,4,4,2,3,3,114,
10256,,,,2,2,2,2,2,2,2,2,2,2,2,20140518,5,1,1,1,2,2,,4,1,2,34,12,1,,4,1,,,,1,45,
10257,1,1,1,2,2,2,2,2,2,2,2,2,2,2,20150407,4,6,2,3,,1,,1,1,1,34,12,1,6,4,2,3,1,2,3,70,65+
10258,,,,1,1,2,1,1,2,2,2,2,2,2,20140414,4,6,1,4,,,,5,1,3,34,12,,4,4,5,5,2,3,3,142,
10259,1,1,1,1,2,2,2,1,2,2,2,2,2,2,20141121,11,8,2,3,,2,,2,1,2,34,12,1,7,4,1,1,1,2,3,94,65+
10260,,,,2,2,2,2,2,2,2,2,2,2,2,20140708,7,4,2,1,1,2,,3,1,3,34,12,1,,4,1,2,1,5,,33,
10261,,,,2,2,2,2,2,2,2,2,2,2,2,20141215,12,1,2,1,2,2,,4,1,2,34,12,1,,4,1,1,1,5,1,44,
10262,,,,1,1,2,2,2,2,2,2,2,2,2,20140506,5,10,2,3,,2,1,2,1,0,34,12,,2,,2,3,1,2,3,38,
10263,,,,2,2,2,2,2,2,2,2,2,2,2,20140707,7,4,2,1,2,2,2,4,1,2,34,12,2,,4,2,1,1,5,,59,
10264,,,,2,2,2,2,2,2,2,2,2,2,2,20150221,2,3,1,1,2,2,,4,1,1,34,12,1,,3,1,1,1,5,1,62,
10265,,,,2,2,2,2,2,2,2,2,2,2,2,20140626,6,1,1,1,2,2,,4,1,0,34,12,1,,,1,,,,1,135,
10266,,,,2,2,2,2,2,2,2,2,2,2,2,20140503,5,10,1,3,,1,,1,1,0,34,12,,,1,4,5,1,2,3,21,
10267,,,,1,1,2,2,2,2,2,2,1,2,2,20140515,5,3,2,1,3,3,3,6,2,3,34,12,1,,4,1,1,1,5,1,38,
10268,1,2,1,2,2,2,2,2,2,2,2,2,2,2,20141217,12,5,2,3,,3,1,3,1,1,34,12,1,1,2,4,3,2,3,3,211,60+
10269,,,,2,2,2,2,2,2,2,2,2,2,2,20140707,7,9,1,3,,2,,2,1,2,34,12,1,4,4,5,5,2,3,3,14,
10270,,,,1,2,2,1,1,2,2,2,2,2,1,20140720,7,6,1,2,1,2,,3,1,2,34,12,1,6,4,5,5,2,3,3,320,
10271,,,,2,2,2,2,2,2,2,2,2,2,2,20140710,7,8,2,3,,1,,1,1,1,34,12,1,4,2,4,1,3,4,3,70,
10272,,,,1,1,1,2,1,2,2,2,2,2,2,20140720,7,9,1,3,,2,,2,1,2,34,12,1,2,3,5,5,2,3,3,14,
10273,,,,1,2,2,2,1,2,1,2,1,2,2,20140728,7,3,1,1,2,2,,4,2,2,34,12,1,,4,1,1,1,5,1,31,
10274,,,,1,2,2,2,1,2,2,2,2,2,2,20150219,2,9,1,3,,2,,2,1,2,34,12,1,3,,4,3,2,3,2,14,
10275,1,1,1,2,2,2,2,2,2,2,2,2,2,2,20141215,12,7,2,3,,3,1,3,1,3,34,12,1,4,3,4,1,3,4,3,106,65+
10276,,,,2,2,2,2,2,2,2,2,2,2,2,20140517,5,2,2,1,2,2,2,2,1,2,34,12,1,,4,1,1,1,5,1,22,
10277,1,2,1,2,2,2,2,2,2,2,2,2,2,2,20141215,12,6,1,2,1,3,2,5,1,3,34,12,1,4,4,5,4,2,3,3,266,70+
10278,,,,2,2,2,2,1,2,2,2,2,2,2,20140711,7,1,1,1,2,2,,4,1,2,34,12,1,,4,1,,,,1,45,
10279,,,,2,2,2,2,2,2,2,2,2,2,2,20140517,5,1,2,1,1,2,,3,1,2,34,12,1,,,1,,,,1,33,
10280,,,,1,2,2,2,2,2,2,2,2,2,2,20140513,5,7,2,3,,2,2,2,2,2,34,12,1,6,4,4,3,2,3,3,56,
10281,,,,2,2,2,2,2,2,2,2,2,2,2,20140724,7,8,1,3,,3,,3,2,3,34,12,1,3,4,4,4,2,3,3,57,
10282,,,,1,1,2,2,2,2,2,2,2,2,2,20140717,7,8,2,3,,1,,1,1,1,34,12,1,4,4,5,3,3,4,3,70,
10283,1,1,1,2,2,2,2,2,2,2,2,2,2,2,20141220,12,10,1,3,,1,1,1,1,0,34,12,1,2,2,5,5,2,3,3,21,"Pas d’âge, santé implicite"
10284,,,,1,2,2,2,2,2,2,2,2,2,2,20140513,5,5,1,3,,2,,2,1,2,34,12,1,2,4,5,4,3,4,3,76,
10285,1,1,1,2,2,2,2,2,2,2,2,2,2,2,20141124,11,7,1,2,2,2,,4,1,1,34,12,1,7,4,5,5,2,3,3,639,65+
10286,,,,2,2,2,2,2,2,2,2,2,2,2,20140906,9,1,2,1,2,2,,4,2,1,34,12,1,,2,1,1,2,5,1,44,
10287,,,,2,2,2,2,2,2,2,2,2,2,2,20140906,9,9,2,3,,2,,2,2,1,34,12,1,6,,2,3,1,2,3,8,
10288,1,2,1,1,2,2,2,1,2,2,2,2,2,2,20150203,2,9,2,2,1,2,1,3,1,2,34,12,1,7,4,3,2,2,3,3,53,60+
10289,,,,2,2,2,2,2,2,2,2,2,2,2,20140514,5,9,2,3,,1,1,1,1,0,34,12,1,1,1,5,2,3,4,3,19,
10290,,,,1,1,2,2,2,2,2,2,2,2,2,20140513,5,7,2,3,,2,,2,1,1,34,12,1,6,4,2,3,1,2,3,141,
10291,,,,2,2,2,2,2,2,2,2,2,2,2,20140728,7,4,1,1,2,1,1,3,1,1,34,12,1,,2,5,5,3,5,,47,
10292,,,,2,2,2,2,2,2,2,2,2,2,2,20140730,7,9,1,3,,1,,1,1,1,34,12,1,1,3,5,5,2,3,3,11,
10293,,,,2,2,2,2,2,2,2,2,2,2,2,20140513,5,8,2,3,,2,,2,1,2,34,12,1,2,2,2,2,1,2,3,94,
10294,,,,1,2,2,2,1,2,2,2,2,2,2,20140513,5,8,2,3,,1,,1,1,1,34,12,1,4,4,2,1,1,2,3,70,
10295,,,,1,1,2,2,1,2,2,2,2,2,2,20150124,1,2,2,1,5,2,2,6,1,2,34,12,1,,3,1,1,1,5,1,77,
10296,,,,1,2,2,2,1,2,2,2,2,2,2,20150115,1,3,2,1,3,2,,5,1,3,34,12,1,,4,1,1,1,5,1,44,
10297,,,,2,2,2,2,2,2,2,2,2,2,2,20140715,7,2,1,1,1,3,2,5,1,3,34,12,1,,4,1,1,2,5,1,42,
10298,,,,2,2,2,2,2,2,2,2,2,2,2,20140515,5,3,1,1,2,3,4,6,1,3,34,12,1,,,3,2,3,5,1,27,
10299,,,,1,2,2,2,1,2,2,2,2,2,2,20140714,7,7,2,3,,2,,2,2,2,34,12,1,5,4,4,4,2,3,3,70,
10300,,,,1,2,2,2,2,2,2,2,2,2,2,20150202,2,3,2,1,4,2,,6,1,3,34,12,1,,4,2,4,1,5,1,53,
10301,,,,1,2,2,1,2,2,2,2,2,2,2,20140805,8,9,2,3,,1,,1,1,1,34,12,1,2,3,4,3,2,3,3,9,
10302,,,,1,2,2,2,1,2,2,2,2,2,2,20141219,12,9,1,3,,2,,2,1,2,34,12,1,2,2,4,4,2,3,2,14,
10303,,,,2,2,2,2,2,2,2,2,2,2,2,20141215,12,3,1,1,2,2,,4,1,2,34,12,1,,4,1,,,,1,41,
10304,,,,1,2,2,1,1,2,2,2,2,2,2,20141219,12,2,1,1,2,2,,4,1,3,34,12,1,,,1,1,3,5,1,34,
10305,,,,1,2,2,2,1,2,2,2,2,2,2,20140711,7,8,1,3,,2,,2,1,2,34,12,1,6,3,4,3,3,4,3,76,
10306,,,,2,2,2,2,2,2,2,2,2,2,2,20140724,7,9,1,3,,2,,2,1,1,34,12,1,2,4,2,4,1,2,3,21,
10307,1,2,2,2,2,2,2,2,2,2,2,2,2,2,20150115,1,8,1,3,,3,1,3,2,,34,12,1,2,,,,,,3,171,60+
10308,,,,1,2,2,2,1,2,2,2,2,2,2,20140806,8,1,1,1,1,1,,2,1,1,34,12,1,,1,1,1,4,5,1,34,
10309,,,,1,1,2,2,2,2,2,2,2,2,2,20140721,7,9,2,3,,2,1,2,1,1,34,12,1,1,3,2,1,1,2,3,19,
10310,,,,2,2,2,2,2,2,2,2,2,2,2,20140514,5,10,2,3,,1,,1,1,0,34,12,1,7,4,2,1,1,2,3,19,
10311,,,,2,2,2,2,1,2,2,2,2,2,2,20150124,1,2,2,1,2,2,,4,1,1,34,12,1,,4,1,1,2,5,1,66,
10312,,,,1,2,2,2,2,2,2,2,2,2,2,20140514,5,1,2,1,2,2,,4,1,2,34,12,1,,4,1,1,4,5,1,44,
10313,1,2,1,1,2,2,2,2,2,2,2,2,2,2,20150117,1,8,2,3,,3,2,4,2,3,34,12,1,6,4,4,2,3,4,3,94,65+
10314,,,,2,2,1,2,2,2,2,2,2,2,2,20140807,8,9,1,2,1,3,4,5,2,2,34,12,1,7,4,5,5,3,4,3,75,
10315,,,,2,2,2,2,2,2,2,2,2,2,2,20140716,7,5,1,2,1,2,,3,1,2,34,12,1,7,4,3,4,1,2,3,320,
10316,,,,2,2,2,2,2,2,2,2,2,2,2,20140806,8,3,2,1,2,2,,4,1,2,34,12,1,,4,1,1,1,5,1,59,
10317,,,,1,2,2,1,2,2,2,2,2,2,2,20140726,7,1,1,1,2,2,,4,1,1,34,12,1,,4,1,,,,1,68,
10318,,,,2,2,2,2,2,2,2,2,2,2,2,20140726,7,1,2,1,2,2,,4,1,0,34,12,1,,2,1,1,1,5,1,132,
10319,2,1,1,1,1,2,2,1,2,2,2,2,2,2,20141121,11,5,1,3,,2,,3,2,3,34,12,1,2,2,3,5,1,2,3,57,70+
10320,,,,1,2,2,2,2,2,2,2,2,2,2,20140805,8,2,1,1,2,2,,4,1,3,34,12,1,,3,1,1,1,5,1,34,
10321,,,,1,2,1,2,1,2,2,2,2,2,2,20140517,5,7,1,3,,2,,2,1,1,34,12,1,2,3,4,4,2,3,3,114,
10322,,,,2,2,2,2,2,2,2,2,2,2,2,20141219,12,3,1,1,3,1,,4,1,1,34,12,1,,2,1,1,1,5,1,62,
10323,1,2,1,2,2,2,2,2,2,2,2,2,2,2,20141215,12,8,2,3,,2,2,2,1,1,34,12,1,1,,4,4,2,3,3,141,70+
10324,,,,1,2,2,2,1,2,2,2,2,2,2,20150404,4,4,2,1,2,2,,4,1,3,34,12,1,,,1,3,1,5,,44,
10325,,,,1,2,2,1,1,2,2,2,2,2,1,20141218,12,1,2,1,4,2,,6,1,2,34,12,1,,2,1,1,2,5,1,66,
10326,,,,2,2,2,2,2,2,2,2,2,2,2,20140416,4,2,1,4,,,,6,1,2,34,12,,,4,1,1,1,5,1,68,
10327,,,,2,2,2,2,2,2,2,2,2,2,2,20141122,11,3,2,1,3,2,,5,1,3,34,12,1,,3,1,1,2,5,1,55,
10328,,,,2,2,2,2,2,2,2,2,2,2,2,20140517,5,4,1,1,1,2,,3,1,3,34,12,1,,3,3,5,1,5,,23,
10329,,,,2,2,2,1,2,2,2,2,2,2,2,20140713,7,10,2,3,,2,1,2,1,1,34,12,1,2,1,2,1,1,2,3,19,
10330,,,,2,2,2,2,2,2,2,2,2,2,2,20140724,7,3,1,1,2,2,,4,2,2,34,12,1,,2,,2,,,1,31,
10331,,,,2,2,2,2,2,2,2,2,2,2,2,20140716,7,9,1,3,,2,,2,1,0,34,12,1,6,4,4,4,2,3,3,43,
10332,,,,2,2,2,2,2,2,2,2,2,2,2,20141122,11,2,1,1,2,2,,4,1,2,34,12,1,,4,1,1,1,5,1,45,
10333,,,,2,2,2,2,2,2,2,2,2,2,2,20140806,8,1,2,1,2,2,2,4,2,2,34,12,1,,4,1,1,4,5,1,33,
10334,,,,1,1,2,2,1,2,2,2,2,2,2,20140804,8,9,2,3,,2,,2,2,1,34,12,1,2,2,1,1,1,2,3,13,
10335,,,,2,2,2,2,2,2,2,2,2,2,2,20140724,7,7,1,2,1,2,1,3,1,3,34,12,1,4,4,5,5,2,3,3,240,
10336,,,,1,1,2,1,1,2,2,2,2,2,2,20140905,9,4,2,3,,3,2,4,1,3,34,12,1,,4,2,2,1,2,3,113,
10337,,,,1,1,2,1,1,2,2,2,2,2,2,20140719,7,7,2,2,1,3,1,4,1,3,34,12,1,3,4,4,3,2,3,3,316,
10338,,,,1,2,2,2,1,2,2,2,2,2,2,20140905,9,6,2,3,,1,,1,1,1,34,12,1,6,4,5,3,3,4,3,70,
10339,1,1,1,1,2,2,2,1,2,2,2,2,2,2,20150407,4,8,2,3,,2,,2,1,2,34,12,1,7,4,5,3,3,4,3,94,75+
10340,,,,2,2,2,2,2,2,2,2,2,2,2,20140524,5,1,2,1,2,2,,4,1,2,34,12,1,,4,,,,,1,44,
10341,,,,1,2,2,1,1,2,2,2,2,2,1,20140413,4,7,2,4,,,,2,1,3,34,12,,5,4,,1,,,3,70,
10342,,,,1,1,2,2,1,2,2,2,2,2,2,20140907,9,9,1,3,,2,,2,1,0,34,12,1,6,4,4,4,2,3,3,43,
10343,1,1,2,1,2,2,2,2,2,2,2,2,2,2,20141124,11,9,2,3,,1,,1,1,1,34,12,1,6,1,4,3,2,3,3,9,75+
10344,,,,2,2,2,2,2,2,2,2,2,2,2,20141124,11,1,1,1,1,2,,3,1,2,34,12,1,,4,1,1,4,5,1,34,
10345,,,,1,2,2,2,1,2,2,2,2,2,2,20140515,5,10,1,3,,2,,2,1,,34,12,1,7,3,3,4,1,2,3,9,
10346,,,,2,2,2,2,2,2,2,2,2,2,2,20150217,2,3,1,2,1,3,,3,1,3,34,12,1,,4,2,3,1,5,1,159,
10347,,,,2,2,2,2,2,2,2,2,2,2,2,20140411,4,8,2,4,,,,2,2,0,34,12,,7,4,3,2,2,3,3,94,
10348,1,1,1,1,2,2,1,1,2,2,2,2,2,2,20141122,11,8,1,3,,2,,2,1,2,34,12,1,4,4,4,3,3,4,3,76,60+
10349,1,1,1,2,2,2,2,2,2,2,2,2,2,2,20141218,12,9,1,3,,2,,2,1,2,34,12,1,5,4,4,3,3,4,3,14,70+
10350,,,,1,2,2,2,2,2,2,2,2,2,2,20140713,7,3,1,1,2,2,,4,1,2,34,12,1,,4,1,1,1,5,1,41,
10351,,,,1,2,2,2,1,2,2,2,2,2,2,20140721,7,4,1,1,2,2,,4,1,3,34,12,2,,4,2,2,2,5,,31,
10352,,,,1,2,2,1,1,2,2,2,2,2,2,20141219,12,3,2,1,3,2,,5,1,2,34,12,1,,4,1,2,1,5,1,73,
10353,,,,1,2,2,2,2,2,2,2,2,2,2,20141218,12,1,1,1,2,2,,4,1,2,34,12,1,,4,1,1,4,5,1,45,
10354,,,,2,2,2,2,2,2,2,2,2,2,2,20140905,9,8,2,3,,3,1,3,1,3,34,12,1,2,4,3,2,2,3,3,106,
10355,,,,1,1,2,2,2,2,2,2,2,2,2,20140712,7,4,2,3,,3,1,3,1,3,34,12,1,,3,5,1,3,4,3,106,
10356,,,,2,2,2,2,2,2,2,2,2,2,2,20140710,7,10,2,3,,2,1,2,1,1,34,12,1,1,,3,1,3,4,3,19,
10357,,,,2,2,2,2,2,2,2,2,2,2,2,20140711,7,4,2,1,2,2,,4,1,3,34,12,1,,4,4,3,2,5,,44,
10358,,,,1,2,2,2,2,2,2,2,2,2,2,20140525,5,3,1,1,3,2,2,5,1,1,34,12,1,,4,1,1,1,5,1,78,
10359,,,,2,2,2,2,2,2,2,2,2,2,2,20140515,5,2,1,1,2,1,1,3,1,1,34,12,1,,4,1,1,3,5,1,51,
10360,,,,2,2,2,2,2,2,2,2,2,2,2,20140715,7,9,1,3,,1,,1,1,0,34,12,1,1,1,5,5,2,3,3,21,
10361,1,2,1,1,2,1,1,1,1,2,2,2,2,2,20141122,11,6,2,2,2,2,,4,1,2,34,12,1,7,4,3,4,1,2,3,527,
10362,,,,1,2,1,2,1,2,2,2,2,2,2,20141218,12,4,1,1,1,2,1,3,1,3,34,12,1,,,3,5,1,5,,19,
10363,,,,2,2,2,2,2,2,2,2,2,2,2,20140803,8,2,1,1,1,3,,4,1,3,34,12,1,,,1,1,1,5,1,34,
10364,,,,1,2,2,2,2,2,2,2,2,2,2,20140728,7,1,1,1,2,2,,4,1,2,34,12,1,,4,1,1,1,5,1,45,
10365,1,,1,2,2,2,2,2,2,2,2,2,2,2,20141219,12,9,1,3,,1,,1,1,1,34,12,1,1,3,4,3,2,3,3,11,
10366,,,,1,1,2,2,2,2,2,2,2,2,2,20150202,2,2,2,1,2,2,,4,1,1,34,12,1,,4,1,1,2,5,1,66,
10367,,,,1,1,1,,1,2,2,2,2,2,2,20140506,5,9,2,3,,1,,2,1,0,34,12,,2,2,1,1,1,2,3,38,
10368,,,,2,2,2,2,2,2,2,2,2,2,2,20141122,11,3,1,1,2,2,2,4,1,2,34,12,1,,4,3,3,2,5,1,41,
10369,,,,1,1,2,1,2,2,2,2,2,2,2,20140906,9,9,2,3,,1,1,1,2,0,34,12,1,6,2,2,1,2,3,3,9,
10370,,,,2,2,2,2,2,2,2,2,1,2,2,20140506,5,4,1,1,4,2,2,6,1,3,34,12,,,4,5,4,3,5,,31,
10371,1,2,1,1,1,2,2,1,2,2,2,1,2,2,20141220,12,4,2,2,1,3,1,4,1,3,34,12,1,,3,2,3,1,2,3,201,70+
10372,,,,1,2,2,2,1,2,2,2,2,2,2,20141123,11,2,1,1,2,2,,4,1,2,34,12,1,,4,1,1,1,5,1,45,
10373,1,1,1,1,1,2,2,2,2,2,2,2,2,2,20150116,1,5,1,3,,2,,2,1,2,34,12,1,4,4,5,5,2,3,3,76,70+
10374,1,1,1,1,2,2,2,2,2,2,2,2,2,2,20141122,11,8,1,3,,2,,2,1,2,34,12,1,4,4,5,4,3,4,3,76,80+
10375,1,2,1,1,1,1,2,2,2,2,2,2,2,2,20150202,2,9,1,3,,2,,2,1,2,34,12,1,3,4,5,4,3,4,3,14,65+
10376,,,,2,2,2,2,2,2,2,2,2,2,2,20141122,11,4,1,1,1,3,2,4,1,2,34,12,1,,3,4,5,2,3,3,41,
10377,,,,1,2,2,1,1,2,2,2,2,2,2,20140507,5,4,1,3,,2,1,2,1,2,34,12,,,3,3,4,1,2,2,50,
10378,1,2,1,1,2,2,2,1,2,2,2,2,2,2,20150221,2,4,1,2,1,3,1,4,1,3,34,12,1,,4,3,4,1,2,3,170,65+
10379,1,1,1,1,2,2,2,1,2,2,2,2,2,2,20141227,12,10,2,3,,1,,1,1,0,34,12,1,2,4,3,3,2,3,3,19,"Pas d’âge, santé implicite"
10380,,,,2,2,2,2,2,2,2,2,2,2,2,20140805,8,5,1,3,,3,3,3,1,1,34,12,1,2,1,3,4,1,2,3,171,
10381,1,2,1,1,1,2,2,1,2,2,2,2,2,2,20141126,11,9,2,3,,1,,1,1,1,34,12,1,5,3,4,3,2,3,3,9,80+
10382,,,,2,2,2,2,2,2,2,2,2,2,2,20140415,4,9,1,4,,,,4,1,2,34,12,,4,2,2,3,1,2,3,28,
10383,,,,2,2,2,2,2,2,2,2,2,2,2,20150220,2,4,1,1,2,1,1,3,2,1,34,12,1,,2,,5,,,,31,
10384,,,,1,2,2,1,1,2,2,2,2,2,2,20140412,4,9,1,4,,,,2,2,3,34,12,,5,4,5,5,2,3,3,7,
10385,1,2,1,1,2,2,2,2,2,2,2,2,2,2,20150122,1,7,2,3,,2,,2,1,0,34,12,1,4,4,1,2,1,2,3,282,65+
10386,3,1,1,1,1,1,2,1,2,2,2,2,2,1,20141215,12,8,2,3,,2,,2,,,34,12,1,6,4,1,3,1,2,3,141,75+
10387,,,,2,2,2,2,2,2,2,2,2,2,2,20150222,2,2,2,1,5,2,,6,1,3,34,12,1,,4,,,,,1,46,
10388,,,,1,2,2,1,1,2,2,2,2,2,2,20141102,11,3,1,1,2,2,,4,1,2,34,12,1,,4,,,,,1,41,
10389,,,,2,2,2,2,2,2,2,2,2,2,2,20140910,9,1,2,1,1,2,,3,1,2,34,12,1,,4,1,,,,1,33,
10390,,,,2,2,2,2,2,2,2,2,2,2,2,20141121,11,4,1,1,1,2,1,3,1,3,34,12,1,,3,4,4,2,5,,23,
10391,1,2,1,1,2,2,1,2,2,2,2,2,2,2,20150217,2,7,2,3,,2,,2,1,2,34,12,1,5,4,3,4,1,2,3,94,70+
10392,,,,2,2,2,2,2,2,2,2,2,2,2,20140910,9,2,2,1,4,2,,6,1,3,34,12,1,,4,1,1,3,5,1,49,
10393,,,,2,2,2,2,2,2,2,2,2,2,2,20140922,9,9,1,3,,2,,3,1,3,34,12,1,7,4,5,5,2,3,3,16,
10394,,,,2,2,2,2,2,2,2,2,2,2,2,20140917,9,2,1,1,3,2,,5,,,34,12,2,,,1,,,,1,34,
10395,,,,2,2,2,2,2,2,2,2,2,2,2,20150406,4,1,1,1,2,2,,4,0,2,34,12,1,,4,1,1,3,5,1,68,
10396,1,2,1,2,2,2,2,2,2,2,2,2,2,2,20150404,4,4,2,2,1,3,1,5,0,3,34,12,1,,,,3,,,3,251,50+
10397,1,2,1,2,2,2,2,2,2,2,2,2,2,2,20150407,4,4,2,3,,3,,4,1,2,34,12,1,,1,1,2,1,2,3,188,60+
10398,,,,1,2,2,2,2,2,2,2,2,2,2,20150409,4,3,1,1,1,2,,3,1,3,34,12,1,,,2,3,1,5,1,23,
10399,,,,2,2,2,2,2,2,2,2,2,2,2,20150201,2,2,2,1,1,2,,3,0,2,34,12,1,,,1,1,1,5,1,49,
10400,,,,1,1,2,2,1,1,2,2,2,2,2,20150321,3,4,2,1,2,1,,4,2,2,34,12,1,,4,2,4,1,5,,44,
10401,,,,1,2,2,2,2,2,2,2,2,2,2,20150328,3,1,2,1,1,2,,3,1,1,34,12,1,,4,1,1,2,5,1,49,
10402,1,2,1,2,2,2,2,2,2,2,2,2,2,2,20150322,3,9,1,3,,2,,2,2,0,34,12,1,3,,5,4,3,4,3,14,"Pas d’âge, santé implicite"
10403,,,,1,1,2,2,2,2,2,2,2,2,2,20150409,4,1,1,1,3,2,,5,1,1,34,12,1,,3,1,1,4,5,1,85,
10404,1,2,1,2,2,2,2,2,2,,2,2,2,2,20150323,3,7,1,3,,2,,2,1,1,34,12,1,1,2,3,3,1,2,3,114,65+
10405,,,,2,2,2,2,2,2,2,2,2,2,2,20150311,3,3,1,1,2,2,,4,1,2,34,12,1,,4,1,1,1,5,1,41,
10406,,,,2,2,2,2,2,2,2,2,2,2,2,20150324,3,3,1,1,2,3,1,5,1,0,34,12,1,,1,,1,,,1,155,
10407,1,2,1,2,2,2,2,2,2,2,2,2,2,2,20150407,4,7,1,3,,1,,1,1,1,34,12,1,3,4,5,4,3,4,3,57,65+
10408,1,2,1,2,2,2,2,2,2,2,2,2,2,2,20150323,3,7,2,3,,3,1,3,1,3,34,12,1,2,4,2,1,2,3,3,106,65+
10409,,,,1,2,2,1,1,2,2,2,2,2,2,20150407,4,2,1,1,3,2,,5,1,2,34,12,1,,4,2,1,3,5,1,56,
10410,1,1,1,2,2,2,2,2,2,2,2,2,2,2,20150329,3,9,1,3,,3,,3,1,2,34,12,1,7,4,5,5,2,3,3,21,80+
10411,1,2,1,2,2,2,2,2,2,2,2,2,2,2,20150401,4,9,1,3,,2,,2,1,0,34,12,1,1,1,3,2,2,3,3,43,
10412,1,,1,1,2,2,1,1,2,2,2,2,2,2,20150320,3,4,1,3,,3,,3,1,1,34,12,1,,1,,5,,,3,171,70+
10413,,,,2,2,2,2,2,2,2,2,2,2,2,20150407,4,1,2,1,2,2,,4,1,2,34,12,1,,3,1,1,1,5,1,44,
10414,,,,2,2,2,2,2,2,2,2,2,2,2,20150404,4,1,1,1,5,2,4,6,1,1,34,12,1,,2,1,1,4,5,1,135,
10415,,,,2,2,2,2,2,2,2,2,2,2,2,20150401,4,10,1,3,,3,,4,1,1,34,12,1,1,1,2,3,1,2,2,43,
10416,1,1,1,2,2,2,2,2,2,2,2,2,2,2,20150319,3,8,1,3,,1,,1,1,1,34,12,1,4,1,5,4,3,4,3,57,
10417,1,,1,2,2,2,2,2,2,2,2,2,2,2,20150328,3,10,2,3,,2,,2,1,,34,12,1,1,1,2,1,1,2,3,38,
10418,1,2,1,2,2,2,2,2,2,2,2,2,2,2,20150407,4,6,1,3,,1,1,1,1,1,34,12,1,5,4,5,3,3,4,3,57,85+
10419,,,,2,2,2,2,2,2,2,2,2,2,2,20150331,3,1,1,1,3,2,2,5,1,2,34,12,1,,4,1,1,4,5,1,56,
10420,,,,1,2,2,2,1,2,2,2,2,2,2,20150409,4,3,1,1,3,2,,5,1,3,34,12,1,,4,2,3,1,5,1,31,
10421,,,,1,1,2,1,1,2,2,2,2,2,2,20150312,3,3,2,1,2,2,,4,1,3,34,12,1,,4,1,1,1,5,1,35,
10422,,,,2,2,2,2,2,2,2,2,2,2,2,20141031,10,5,2,2,3,2,2,5,1,1,34,12,1,1,,3,2,2,3,3,989,
10423,,,,2,2,2,2,2,2,2,2,2,2,2,20141109,11,3,1,1,3,3,,6,1,0,34,12,1,,1,1,1,1,5,1,186,
10424,,,,2,2,2,2,2,2,2,2,2,2,2,20141105,11,9,1,3,,3,1,3,1,1,34,12,1,2,1,5,5,3,4,3,32,
10425,,,,2,2,2,2,2,2,2,2,2,2,2,20141028,10,5,1,3,,2,,2,1,2,34,12,1,7,4,5,5,2,3,3,76,
10426,,,,2,2,2,2,2,2,2,2,2,2,2,20141012,10,8,1,3,,1,1,1,1,1,34,12,1,1,2,5,5,3,4,3,57,
10427,1,1,1,1,2,2,2,2,2,2,2,2,2,2,20150121,1,6,2,3,,1,,1,1,0,34,12,1,4,2,4,1,3,4,3,141,65+
10428,,,,1,2,2,1,1,2,2,2,2,2,2,20141107,11,3,1,1,2,1,,3,1,1,34,12,1,,4,1,1,1,5,1,47,
10429,,,,2,2,2,2,2,2,2,2,2,2,2,20141010,10,6,1,3,,2,2,2,1,1,34,12,1,4,1,3,3,2,3,3,114,
10430,,,,1,2,2,2,2,2,2,2,2,2,2,20141024,10,9,1,3,,3,,3,1,1,34,12,1,1,,5,5,2,3,3,32,
10431,,,,2,2,2,2,2,2,2,2,2,2,2,20141105,11,9,1,3,,3,4,4,1,1,34,12,1,1,3,5,3,3,4,3,43,
10432,,,,2,2,2,2,2,2,2,2,2,2,2,20141029,10,5,1,2,3,2,2,5,1,2,34,12,1,4,3,4,5,2,3,3,533,
10433,,,,2,2,2,2,2,2,2,2,2,2,2,20141107,11,4,2,1,2,2,,4,1,0,34,12,1,,2,4,3,2,5,,176,
10434,,,,1,2,2,1,1,2,2,2,2,2,2,20141022,10,7,2,3,,2,,2,1,1,34,12,1,1,1,5,1,3,4,3,141,
10435,1,2,2,2,2,2,2,2,2,2,2,2,2,2,20141213,12,8,2,3,,1,,1,0,1,34,12,1,1,,3,2,2,3,3,141,60+
10436,1,2,1,2,2,2,2,2,2,2,2,2,2,2,20150116,1,5,2,3,,3,2,5,1,2,34,12,1,2,,4,3,2,3,3,235,60+
10437,,,,2,2,2,2,2,2,2,2,2,2,2,20141212,12,1,2,1,1,2,,3,0,2,34,12,1,,4,1,,,,1,49,
10438,,,,2,2,2,2,2,2,2,2,2,2,2,20141212,12,2,1,1,2,1,1,3,1,1,34,12,1,,1,1,,,,1,51,
10439,1,1,1,2,2,2,2,2,2,2,2,2,2,2,20150407,4,7,2,3,,2,,2,1,2,34,12,1,4,4,3,3,2,3,3,94,60+
10440,,,,2,2,2,2,2,2,2,2,2,2,2,20140919,9,3,2,1,2,1,,3,1,2,34,12,1,,4,1,1,1,5,1,44,
10441,,,,2,2,2,2,2,2,2,2,2,2,2,20140910,9,1,1,1,4,3,,6,1,0,34,12,1,,3,1,1,4,5,1,237,
10442,,,,1,2,2,2,2,2,2,2,2,2,2,20150122,1,4,1,1,2,2,,4,1,3,34,12,1,,3,3,5,1,5,,25,
10443,,,,2,2,2,2,2,2,2,2,2,2,2,20141004,10,9,1,3,,2,,2,1,3,34,12,,7,4,4,4,2,3,3,11,
10444,,,,1,2,2,2,1,2,2,2,2,2,2,20140826,8,3,2,1,1,3,1,4,1,3,34,12,1,,4,2,4,1,5,1,35,
10445,,,,1,2,2,2,1,2,2,2,2,2,2,20140826,8,7,1,3,,3,,3,1,3,34,12,1,2,4,5,3,3,4,3,85,
10446,,,,2,2,2,2,2,2,2,2,2,2,2,20140923,9,3,2,1,1,2,,3,1,3,34,12,1,,4,1,2,1,5,1,33,
10447,,,,2,2,2,2,2,2,2,2,2,2,2,20141010,10,8,2,3,,3,,3,2,2,34,12,1,4,4,4,2,3,4,3,106,
10448,,,,1,2,2,2,2,2,2,2,2,2,2,20140929,9,10,1,3,,3,3,3,1,1,34,12,1,1,1,4,4,2,3,2,32,
10449,,,,2,2,2,2,2,2,2,2,2,2,2,20140916,9,8,1,3,,2,,2,1,1,34,12,1,3,4,5,3,3,4,3,114,
10450,,,,2,2,2,2,2,2,2,2,2,2,2,20141009,10,9,1,3,,2,,2,1,1,34,12,1,7,2,4,4,1,2,3,21,
10451,,,,2,2,2,2,2,2,2,2,2,2,2,20141024,10,1,1,1,2,2,,4,1,2,34,12,1,,4,1,,,,1,45,
10452,1,2,,2,2,2,2,2,2,2,2,2,2,2,20141124,11,6,1,2,5,2,4,6,1,0,34,12,1,1,,3,3,2,3,3,1918,70+
10453,,,,2,2,2,2,2,2,2,2,2,2,2,20140922,9,1,1,1,1,2,,3,1,1,34,12,1,,2,1,,,,1,51,
10454,,,,2,2,2,2,2,2,2,2,2,2,2,20140913,9,7,1,2,1,1,,2,1,1,34,12,1,2,4,5,4,3,4,3,320,
10455,,,,1,2,2,2,1,2,2,2,1,2,2,20140921,9,3,1,1,2,1,,3,1,1,34,12,1,,4,1,1,1,5,1,47,
10456,,,,2,2,2,2,2,2,2,2,2,2,2,20141103,11,1,1,1,2,2,,4,1,3,34,12,1,,4,1,1,4,5,1,34,
10457,,,,2,2,2,2,2,2,2,2,2,2,2,20141016,10,1,2,1,2,3,,5,0,3,34,12,1,,4,1,1,4,5,1,55,
10458,,,,2,2,2,2,2,2,2,2,2,2,2,20140921,9,3,2,1,2,2,,4,1,3,34,12,1,,4,1,,,,1,44,
10459,,,,1,1,2,2,2,2,2,2,2,2,2,20140916,9,6,2,2,2,2,,4,1,3,34,12,1,2,4,4,2,3,4,3,395,
10460,,,,2,2,2,2,2,2,2,2,2,2,2,20140914,9,7,2,3,,2,,2,1,1,34,12,1,1,4,2,2,1,2,3,141,
10461,,,,2,2,2,2,2,2,2,2,2,2,2,20141008,10,6,2,3,,1,,1,2,0,34,12,1,1,1,2,1,1,2,3,70,
10462,,,,2,2,2,2,2,2,2,2,2,2,2,20141017,10,6,1,3,,2,,2,0,3,34,12,1,4,4,4,4,2,3,3,76,
10463,1,1,1,1,2,2,2,1,2,2,2,2,2,2,20150215,2,8,2,3,,1,,1,1,1,34,12,1,4,3,5,3,3,4,3,70,80+
10464,,,,2,2,2,2,2,2,2,2,2,2,2,20141102,11,2,2,1,2,2,2,4,1,0,34,12,1,,4,1,1,1,5,1,132,
10465,,,,1,2,2,2,2,2,2,2,2,2,2,20140920,9,2,1,1,2,2,,4,1,2,34,12,1,,4,1,1,1,5,1,45,
10466,,,,1,2,2,1,1,2,2,2,2,2,2,20140916,9,4,1,1,1,3,2,6,1,3,34,12,1,,2,5,5,2,5,,27,
10467,,,,,2,2,2,2,2,2,2,2,2,2,20141104,11,1,1,1,1,3,,5,1,3,34,12,1,,4,1,,,,1,34,
10468,,,,2,2,2,2,2,2,2,2,2,2,2,20141015,10,5,2,2,1,2,2,3,2,2,34,12,1,5,4,5,5,3,4,3,297,
10469,,,,2,2,2,2,2,2,2,2,2,2,2,20141107,11,4,1,1,1,3,3,4,1,0,34,12,1,,,,3,,,,124,
10470,,,,1,2,2,2,2,2,2,2,2,2,2,20140910,9,2,2,1,2,2,,4,1,3,34,12,1,,4,1,1,1,5,1,33,
10471,,,,1,1,2,2,2,2,2,2,2,2,2,20140916,9,8,1,3,,2,,2,1,2,34,12,1,7,4,2,5,1,2,3,76,
10472,,,,2,2,2,2,2,2,2,2,2,2,2,20140918,9,1,1,1,2,3,,6,1,2,34,12,1,,3,,,,,1,68,
10473,1,1,1,1,2,2,1,1,2,2,2,2,2,2,20150214,2,7,2,3,,1,,1,1,1,34,12,1,2,4,5,4,2,3,3,70,65+
10474,,,,2,2,2,2,2,2,2,2,2,2,2,20140916,9,2,2,1,2,2,,4,1,2,34,12,1,,4,1,1,1,5,1,44,
10475,,,,1,1,2,1,1,2,2,2,2,2,2,20141029,10,8,1,3,,2,,2,2,2,34,12,1,6,4,3,4,1,2,3,57,
10476,,,,2,2,2,2,2,2,2,2,2,2,2,20150217,2,2,1,1,4,2,,6,1,1,34,12,1,,,,,,,1,101,
10477,,,,2,2,2,2,2,2,2,2,2,2,2,20140910,9,4,1,3,,3,1,3,1,3,34,12,1,,,4,5,2,3,3,57,
10478,,,,2,2,2,2,2,2,2,2,2,2,2,20140909,9,1,1,1,2,2,,4,1,2,34,12,1,,1,,1,,,1,45,
10479,,,,2,2,2,2,2,2,2,2,2,2,2,20140910,9,3,2,1,2,2,,4,1,3,34,12,1,,4,3,4,1,5,1,44,
10480,,,,1,1,2,2,2,2,2,2,2,2,2,20140910,9,3,1,1,3,2,,5,1,2,34,12,1,,4,1,1,1,5,1,52,
10481,,,,2,2,2,2,2,2,2,2,2,2,2,20141001,10,3,1,1,1,1,,2,1,1,34,12,1,,1,4,3,2,5,1,31,
10482,,,,2,2,2,2,2,2,2,2,2,1,2,20140914,9,8,1,3,,1,,1,1,1,34,12,1,4,4,4,5,2,3,3,57,
10483,,,,2,2,2,2,2,2,2,2,2,2,2,20140922,9,3,2,1,2,2,2,4,1,0,34,12,1,,,1,2,1,5,1,176,
10484,,,,2,2,2,2,2,2,2,2,2,2,2,20141102,11,1,1,1,3,2,,5,1,2,34,12,1,,4,1,1,2,5,1,56,
10485,,,,2,2,2,2,2,2,2,2,2,2,2,20150404,4,1,2,1,1,2,,3,1,1,34,12,1,,4,1,,,,1,49,
10486,,,,1,2,2,2,2,2,2,2,1,2,1,20140909,9,3,2,1,2,3,1,5,1,2,34,12,1,,4,1,1,1,5,1,73,
10487,,,,2,2,2,2,2,2,2,2,2,2,2,20140928,9,3,2,1,3,2,,5,1,1,34,12,1,,4,1,2,1,5,1,110,
10488,,,,1,1,2,2,1,2,2,2,2,2,2,20140917,9,9,1,3,,1,,1,1,0,34,12,1,6,2,5,5,1,2,3,21,
10489,,,,2,2,2,2,2,2,2,2,2,2,2,20150128,1,1,2,1,3,2,,5,1,0,34,12,1,,1,1,1,1,5,1,165,
10490,,,,2,2,2,2,2,2,2,2,2,2,2,20141105,11,1,2,1,1,3,,3,1,1,34,12,1,,,1,1,4,5,1,49,
10491,,,,1,1,2,2,2,2,2,2,2,2,2,20140910,9,9,2,3,,2,,2,1,2,34,12,1,2,4,5,3,3,4,3,13,
10492,,,,2,2,2,2,2,2,2,2,2,2,2,20140917,9,8,1,3,,1,,1,1,0,34,12,1,7,4,5,5,3,4,3,114,
10493,,,,2,2,2,2,2,2,2,2,2,2,2,20141102,11,1,1,1,2,3,,6,1,3,34,12,1,,4,1,1,4,5,1,34,
10494,,,,2,2,2,2,2,2,2,2,2,2,2,20140918,9,5,2,2,1,2,,3,1,2,34,12,1,4,4,5,2,3,4,3,395,
10495,,,,1,2,2,1,1,2,2,2,2,2,2,20141001,10,9,1,3,,1,,1,2,1,34,12,1,,,4,4,2,3,3,7,
10496,,,,2,2,2,2,2,2,2,2,2,2,2,20140909,9,1,2,1,2,2,,4,1,0,34,12,1,,1,1,,,,1,132,
10497,,,,2,2,2,2,2,2,2,2,2,2,2,20141124,11,2,1,1,5,2,,6,1,1,34,12,1,,3,1,1,3,5,1,118,
10498,,,,1,2,2,2,1,2,2,2,2,2,2,20140916,9,5,2,2,2,2,,4,1,2,34,12,1,3,4,5,4,3,4,3,527,
10499,,,,1,2,2,2,2,2,2,2,2,2,2,20150327,3,2,1,1,3,2,,5,1,2,34,12,1,,4,1,1,1,5,1,56,
10500,,,,2,2,2,2,2,2,2,2,2,2,2,20141105,11,4,1,3,,3,2,5,1,3,34,12,1,,,5,2,3,4,3,63,
10501,,,,1,2,2,2,2,2,2,2,2,2,2,20140920,9,1,1,1,2,2,2,4,1,2,34,12,1,,4,1,,,,1,45,
10502,,,,1,2,2,2,1,2,2,2,2,2,2,20141002,10,4,2,1,1,2,,3,1,3,34,12,1,,,2,4,1,5,,26,
10503,,,,2,2,2,2,2,2,2,2,2,2,2,20141002,10,9,2,2,2,3,,6,1,2,34,12,1,7,3,2,1,1,2,3,107,
10504,,,,2,2,2,2,2,2,2,2,2,2,2,20141103,11,4,2,3,,3,3,3,1,3,34,12,1,,3,2,1,1,2,3,80,
10505,,,,2,2,2,2,2,2,2,2,2,2,2,20140922,9,2,1,1,3,2,,5,2,2,34,12,1,,2,,1,,,1,42,
10506,1,2,1,2,2,2,2,2,2,2,2,2,2,2,20141121,11,7,2,3,,2,,2,1,,34,12,1,,,3,2,2,3,3,282,70+
10507,,,,1,2,2,2,1,2,2,2,2,2,2,20150303,3,2,1,1,1,2,,3,1,2,34,12,1,,4,1,,,,1,34,
10508,3,2,2,2,2,2,2,2,2,2,2,2,2,2,20150407,4,7,1,3,,1,,1,1,0,34,12,1,1,1,5,4,3,4,3,114,
10509,,,,1,1,2,2,2,2,2,2,2,2,2,20140918,9,5,2,2,1,2,,3,1,2,34,12,1,4,3,3,3,2,3,3,395,
10510,,,,2,2,2,2,2,2,2,2,2,2,2,20141009,10,10,1,3,,1,,1,2,1,34,12,1,1,1,5,5,3,4,3,5,
10511,,,,1,1,2,2,1,2,2,2,2,2,2,20140928,9,9,2,3,,2,,2,1,1,34,12,1,6,2,3,1,3,4,3,19,
10512,,,,2,2,2,2,2,2,2,2,2,2,2,20140922,9,1,1,1,1,2,,3,1,2,34,12,1,,,1,1,1,5,1,34,
10513,,,,1,2,2,2,2,2,2,2,2,2,2,20140920,9,1,2,1,2,3,,4,1,2,34,12,1,,1,1,1,1,5,1,44,
10514,,,,1,2,2,1,1,2,2,2,2,2,2,20140910,9,9,2,3,,1,,1,1,1,34,12,1,7,3,3,3,2,3,3,9,
10515,,,,2,2,2,2,2,2,2,2,2,2,2,20140910,9,4,1,3,,1,1,1,1,0,34,12,1,,,4,,,,3,76,
10516,,,,2,2,2,2,1,2,2,2,2,2,2,20140821,8,8,1,3,,2,,2,1,0,34,12,1,2,2,4,3,3,4,3,228,
10517,,,,2,2,2,2,2,2,2,2,2,2,2,20140920,9,10,1,3,,1,,1,1,1,34,12,1,6,2,4,3,3,4,3,11,
10518,,,,1,2,2,1,2,2,2,2,2,2,2,20140914,9,4,1,2,1,3,3,4,1,1,34,12,1,,1,3,4,1,2,3,639,
10519,,,,2,2,2,2,2,2,2,2,2,2,2,20141105,11,9,2,3,,1,,1,1,0,34,12,1,2,1,5,4,3,4,3,19,
10520,,,,2,2,2,2,2,2,2,2,2,2,2,20141121,11,1,1,1,1,2,,3,1,2,34,13,1,,4,1,,,,1,18,
10521,1,1,1,2,2,2,2,2,2,2,2,2,2,2,20141123,11,8,1,3,,1,,1,1,1,34,13,1,4,4,5,5,2,3,3,23,50+
10522,,,,2,2,2,2,2,2,2,2,2,2,2,20140709,7,2,1,1,3,3,,6,1,0,34,13,1,,,1,1,1,5,1,111,
10523,,,,2,2,2,2,2,2,2,2,2,2,2,20140611,6,8,2,3,,3,,4,1,3,34,13,1,5,4,3,1,2,3,3,41,
10524,,,,2,2,2,2,2,2,2,2,2,2,2,20141203,12,4,2,1,1,3,,4,1,2,34,13,1,,2,,2,,,,28,
10525,,,,2,2,2,2,2,2,2,2,2,2,2,20140616,6,8,1,2,1,2,,3,2,2,34,13,1,4,4,4,4,2,3,3,106,
10526,,,,2,2,2,2,2,2,2,2,2,2,2,20140709,7,2,1,1,2,2,,4,1,3,34,13,1,,4,1,1,1,5,1,18,
10527,2,2,1,2,2,2,2,2,2,2,2,2,2,2,20150218,2,4,2,2,2,3,3,6,1,2,34,13,1,,,,,,,3,103,Ne sais pas
10528,,,,2,2,2,2,2,2,2,2,2,2,2,20140417,4,1,1,4,,,,4,1,0,34,13,,,4,1,,,,1,74,
10529,,,,1,2,2,2,2,2,2,2,2,2,2,20140509,5,8,2,3,,1,,1,1,0,34,13,,7,4,2,2,1,2,3,41,
10530,,,,2,2,2,2,2,2,2,2,2,2,2,20140906,9,1,2,1,1,2,,3,1,1,34,13,1,,4,1,,,,1,45,
10531,,,,1,2,2,2,2,2,2,2,2,2,2,20140708,7,5,2,2,2,2,2,4,1,1,34,13,1,6,3,2,3,1,2,3,252,
10532,1,1,1,2,2,2,2,2,2,2,2,2,2,2,20141124,11,9,1,3,,1,,1,1,1,34,13,1,4,4,5,4,3,4,3,6,55+
10533,,,,2,2,2,2,2,2,2,2,2,2,2,20140509,5,6,2,3,,2,1,3,1,1,34,13,,7,4,5,1,3,4,3,61,
10534,,,,2,2,2,2,2,2,2,2,2,2,2,20140415,4,1,1,4,,,,6,1,3,34,13,,,,,,,,1,28,
10535,1,2,1,2,2,2,2,2,2,2,2,2,2,2,20150328,3,9,1,3,,2,,2,1,1,34,13,1,7,4,5,5,3,4,3,12,75+
10536,,,,2,2,2,2,2,2,2,2,2,2,2,20140619,6,6,1,2,1,3,3,4,1,0,34,13,1,1,3,3,4,1,2,3,568,
10537,1,1,1,2,2,2,2,2,2,2,2,2,2,2,20141123,11,8,2,3,,2,,2,1,2,34,13,1,7,4,2,1,1,2,3,27,60+
10538,,,,1,2,2,1,1,1,2,2,2,2,2,20150218,2,3,2,1,3,2,,5,1,3,34,13,1,,4,1,1,1,5,1,26,
10539,,,,1,2,2,2,2,2,2,2,2,2,2,20140709,7,4,2,1,1,3,,4,1,0,34,13,1,,4,1,1,2,5,,84,
10540,,,,2,2,2,2,2,2,2,2,2,2,2,20150218,2,4,1,1,5,3,,6,1,0,34,13,1,,4,1,1,1,5,,257,
10541,,,,1,2,2,1,1,2,2,2,2,2,2,20140708,7,6,1,2,1,2,2,3,1,1,34,13,1,7,4,5,5,1,2,3,213,
10542,,,,2,2,2,2,2,2,2,2,2,2,2,20150401,4,1,1,1,2,1,,3,1,0,34,13,1,,1,,,,,1,55,
10543,,,,1,2,2,2,2,2,2,2,2,2,2,20140906,9,7,1,3,,2,,2,1,2,34,13,1,6,4,3,3,1,2,3,31,
10544,,,,2,2,2,2,2,2,2,2,2,2,2,20140822,8,9,2,3,,1,,1,1,0,34,13,2,1,,2,,,,3,9,
10545,,,,2,2,2,2,2,2,2,2,2,2,2,20140512,5,9,1,3,,,1,2,1,3,34,13,,7,4,5,5,2,3,3,5,
10546,1,1,2,2,2,2,2,2,2,2,2,2,2,2,20150127,1,7,2,2,1,3,1,4,1,0,34,13,1,1,4,4,1,3,4,3,503,
10547,,,,2,2,2,2,2,2,2,2,2,2,2,20140625,6,1,1,1,2,2,2,4,1,,34,13,1,,,1,,,,1,74,
10548,,,,2,2,2,2,2,2,2,2,2,2,2,20150406,4,4,2,1,3,2,,5,1,0,34,13,1,,1,1,2,1,5,,105,
10549,,,,2,2,2,2,2,2,2,2,2,2,2,20140903,9,7,2,3,,2,,2,1,0,34,13,2,,,3,1,2,3,3,81,
10550,1,2,2,1,2,2,2,2,2,2,2,2,2,2,20141123,11,5,2,2,3,3,4,6,1,,34,13,1,1,,3,2,2,3,3,881,Ne sais pas
10551,,,,2,2,2,2,2,2,2,2,2,2,2,20140903,9,8,2,3,,1,,1,1,0,34,13,2,1,,2,1,1,2,3,41,
10552,,,,2,2,2,2,2,2,2,2,2,2,2,20141126,11,4,1,1,4,2,2,6,1,0,34,13,1,,1,1,3,1,5,,171,
10553,,,,2,2,1,2,2,2,2,2,2,2,2,20140906,9,1,2,1,2,2,,4,2,0,34,13,1,,2,1,1,3,5,1,61,
10554,,,,2,2,2,2,2,2,2,2,2,2,2,20140709,7,2,1,1,2,2,,4,2,3,34,13,1,,4,,1,,,1,11,
10555,1,2,1,2,2,2,2,2,2,2,2,2,2,2,20150127,1,6,1,3,,2,,2,1,0,34,13,1,7,4,5,5,2,3,3,92,75+
10556,,,,2,2,2,2,2,2,2,2,2,2,2,20150127,1,1,2,1,1,2,,3,1,2,34,13,1,,4,1,1,3,5,1,30,
10557,,,,2,2,2,2,2,2,2,2,2,2,2,20140903,9,4,2,2,1,3,,4,1,0,34,13,2,,,2,,,,3,503,
10558,1,2,1,2,2,2,2,2,2,2,2,2,2,2,20141215,12,5,1,3,,1,1,1,1,2,34,13,1,6,4,4,5,2,3,3,15,
10559,1,1,1,2,2,2,2,2,2,2,2,2,2,2,20141123,11,6,1,2,2,2,,4,1,2,34,13,1,4,4,5,5,2,3,3,189,65+
10560,1,,2,2,2,2,2,2,2,2,2,2,2,2,20150204,2,9,1,3,,3,2,4,1,3,34,13,2,1,,2,2,1,2,3,12,60+
10561,,,,2,2,2,2,2,2,2,2,2,2,2,20140502,5,7,2,3,,1,,1,1,1,34,13,,4,4,2,2,1,2,3,20,
10562,1,,1,2,2,2,2,2,2,2,2,2,2,2,20141222,12,8,1,3,,1,,1,1,1,34,13,1,6,4,3,3,2,3,3,23,65+
10563,,,,2,2,2,2,2,2,2,2,2,2,2,20140412,4,7,1,4,,,,1,1,1,34,13,,,4,4,4,2,3,3,23,
10564,,,,1,2,2,2,1,2,2,2,2,2,2,20140705,7,6,2,3,,2,,2,1,0,34,13,1,4,2,4,3,2,3,3,81,
10565,,,,2,2,2,2,2,2,2,2,2,2,2,20140421,4,9,1,,,,,2,1,3,34,13,,2,4,3,3,2,3,3,6,
10566,,,,2,2,2,2,2,2,2,2,2,2,2,20150221,2,1,1,1,1,2,,3,1,2,34,13,1,,4,1,,,,1,18,
10567,,,,2,2,2,2,2,2,2,2,2,2,2,20140625,6,4,2,2,5,3,1,6,1,1,34,13,1,,,1,,,,3,154,
10568,,,,2,2,2,2,1,2,2,2,2,2,2,20140613,6,8,1,3,,2,,2,1,2,34,13,1,2,,5,5,2,3,3,31,
10569,,,,1,2,2,1,1,2,2,2,2,2,2,20140507,5,2,1,1,1,2,,3,1,2,34,13,,,4,1,1,3,5,1,18,
10570,1,1,,2,2,2,2,2,2,2,2,2,2,2,20141122,11,6,1,3,,2,,2,1,1,34,13,1,6,4,5,5,2,3,3,46,65+
10571,,,,2,2,2,2,2,2,2,2,2,2,2,20140626,6,10,1,3,,1,,1,1,0,34,13,1,4,3,5,,,,3,12,
10572,1,1,1,2,2,2,2,2,2,2,2,2,2,2,20141122,11,7,2,3,,2,,2,1,2,34,13,1,1,2,1,,,,3,27,65+
10573,1,2,1,2,2,2,2,2,2,2,2,2,2,2,20150407,4,8,2,3,,1,,1,1,0,34,13,1,7,4,2,3,1,2,3,41,
10574,,,,2,2,2,2,2,2,2,2,2,2,2,20141127,11,3,2,1,2,1,4,6,1,0,34,13,1,,1,,,,,1,126,
10575,,,,1,1,2,2,1,2,2,2,2,2,2,20140615,6,7,2,3,,2,2,2,1,2,34,13,1,6,4,,1,,,3,27,
10576,,,,1,1,1,1,2,2,2,2,2,2,2,20140707,7,7,2,3,,3,4,5,2,3,34,13,1,6,4,4,2,3,4,3,41,
10577,,,,2,2,2,2,2,2,2,2,2,2,2,20140512,5,4,2,3,,3,4,4,2,3,34,13,,,,5,4,3,4,3,6,
10578,,,,1,2,2,2,1,2,2,2,2,2,2,20140507,5,4,2,1,1,1,,2,1,2,34,13,,,4,4,2,3,5,,14,
10579,,,,2,2,2,2,2,2,2,2,2,2,2,20140506,5,2,2,1,3,2,,5,1,2,34,13,,,3,1,1,3,5,1,51,
10580,,,,2,2,2,2,2,2,2,2,2,2,2,20140610,6,4,1,3,,3,2,4,1,1,34,13,1,,,3,2,2,3,3,92,
10581,,,,1,1,2,2,1,2,2,2,2,2,2,20150202,2,3,2,1,1,2,,3,1,2,34,13,1,,4,1,1,1,5,1,21,
10582,1,1,1,2,2,2,2,2,2,2,2,2,2,2,20150217,2,7,1,3,,2,1,2,1,1,34,13,1,4,4,4,4,2,3,3,46,60+
10583,,,,1,2,2,2,2,2,2,2,2,2,2,20140611,6,1,2,1,3,2,,5,1,3,34,13,1,,4,1,1,4,5,1,38,
10584,1,2,1,2,2,2,2,2,2,2,2,2,2,2,20150218,2,7,1,2,2,3,1,5,1,0,34,13,1,1,1,2,3,1,2,3,710,60+
10585,,,,1,1,1,2,1,2,2,2,2,2,2,20150218,2,2,2,1,3,3,,6,1,2,34,13,1,,4,1,,,,1,81,
10586,,,,2,2,2,2,2,2,2,2,2,2,2,20140709,7,1,2,1,1,2,,3,1,2,34,13,1,,4,1,,,,1,30,
10587,,,,2,2,2,2,2,2,2,2,2,2,2,20140625,6,2,2,1,2,2,2,4,2,0,34,13,1,,1,,,,,1,61,
10588,1,2,1,1,2,1,1,1,2,2,2,2,2,2,20150303,3,9,1,3,,2,,2,1,3,34,13,1,,4,4,4,2,3,3,5,55+
10589,,,,1,2,2,2,2,2,2,2,2,2,2,20141128,11,3,1,1,3,2,2,5,1,3,34,13,1,,4,1,3,1,5,1,36,
10590,,,,2,2,2,1,2,2,2,2,2,2,2,20150401,4,1,1,1,2,2,,4,1,2,34,13,1,,4,1,1,1,5,1,25,
10591,,,,2,2,2,2,2,2,2,2,2,2,2,20150104,1,3,1,1,5,2,,6,1,3,34,13,1,,4,1,1,1,5,1,46,
10592,,,,2,2,2,2,2,2,2,2,2,2,2,20140508,5,1,2,1,3,3,4,6,1,1,34,13,,,3,,,,,1,121,
10593,,,,2,2,2,2,2,2,2,2,2,2,2,20140509,5,1,1,1,2,3,,5,1,3,34,13,,,4,1,,,,1,23,
10594,,,,2,2,2,2,2,2,2,2,2,2,2,20150401,4,1,1,1,2,2,,4,1,2,34,13,1,,2,1,1,4,5,1,25,
10595,,,,2,2,2,2,2,2,2,2,2,2,2,20140905,9,7,2,3,,1,,1,1,1,34,13,1,7,4,3,1,2,3,3,20,
10596,,,,2,2,2,2,2,2,2,2,2,2,2,20140503,5,8,1,3,,1,,1,1,2,34,13,,7,4,5,3,3,4,3,15,
10597,,,,2,2,2,2,2,2,2,2,2,2,2,20140705,7,2,1,1,4,2,1,6,2,1,34,13,1,,4,1,1,1,5,1,37,
10598,,,,2,2,2,2,2,2,2,,,,,20140823,8,3,1,1,1,3,1,3,1,0,34,13,2,,,,,,,1,86,
10599,,,,2,2,2,2,2,2,2,2,2,2,2,20140903,9,8,2,3,,3,,3,2,2,34,13,2,1,4,,1,,,3,24,
10600,,,,1,1,2,2,1,2,2,2,2,2,2,20140508,5,3,1,4,,,,6,1,2,34,13,,,,1,,,,1,67,
10601,1,2,1,2,2,2,2,2,2,2,2,2,2,2,20150218,2,6,1,3,,2,,2,1,2,34,13,1,6,4,5,4,3,4,3,31,60+
10602,1,1,1,2,2,2,2,2,2,2,2,2,2,2,20150219,2,8,2,3,,2,,2,1,1,34,13,1,6,4,2,2,1,2,3,41,70+
10603,,,,2,2,2,2,2,2,2,2,2,2,2,20140823,8,9,2,3,,1,,1,1,0,34,13,2,1,,,,,,3,9,
10604,,,,2,2,2,2,2,2,2,2,2,2,2,20141127,11,1,2,1,4,2,,6,1,2,34,13,1,,4,1,1,1,5,1,61,
10605,,,,1,1,2,2,1,2,2,2,2,2,2,20141124,11,3,2,1,1,3,1,4,1,2,34,13,1,,4,,1,,,1,28,
10606,1,2,1,1,2,1,1,1,2,2,2,2,2,2,20150218,2,8,2,3,,1,,1,1,0,34,13,1,6,4,2,3,1,2,3,41,Plus vieux que moi
10607,1,2,1,2,2,2,2,2,2,2,2,2,2,2,20150217,2,8,1,3,,3,1,3,1,1,34,13,1,1,2,5,3,3,4,3,69,60+
10608,,,,2,2,2,2,2,2,2,2,2,2,2,20140906,9,1,1,1,3,2,,5,1,0,34,13,1,,1,1,,,,1,92,
10609,1,2,1,1,1,2,2,1,2,2,2,2,2,2,20141122,11,8,2,3,,1,,1,1,3,34,13,1,7,,5,4,3,4,3,10,"Pas d’âge, santé implicite"
10610,1,1,1,1,2,2,2,2,2,2,2,2,2,2,20141122,11,8,2,3,,2,,2,1,2,34,13,1,6,4,4,3,2,3,3,27,80+
10611,,,,2,2,2,2,2,2,2,2,2,2,2,20140415,4,6,2,4,,,,5,1,0,34,13,,1,1,3,1,3,4,3,203,
10612,,,,2,2,2,2,2,2,2,2,2,2,2,20150401,4,1,1,1,4,3,3,6,1,0,34,13,1,,,1,,,,1,147,
10613,,,,2,2,2,2,2,2,2,2,2,2,2,20150130,1,1,1,1,2,2,,4,1,0,34,13,1,,4,1,1,1,5,1,74,
10614,,,,2,2,2,1,1,2,2,2,2,2,2,20140415,4,9,1,,,,,2,2,1,34,13,,7,4,5,5,2,3,3,6,
10615,1,2,1,1,1,2,2,2,2,2,2,2,2,2,20150127,1,5,2,2,2,2,,4,1,0,34,13,1,6,4,4,1,3,4,3,503,65+
10616,,,,2,2,2,2,2,2,2,2,2,2,2,20141123,11,1,2,1,1,2,,3,1,1,34,13,1,,2,1,1,3,5,1,45,
10617,1,1,1,2,2,2,2,2,2,2,2,2,2,2,20141126,11,9,1,3,,1,,1,1,0,34,13,1,6,4,4,4,2,3,3,12,60+
10618,,,,1,2,2,2,2,2,2,2,2,2,2,20141124,11,3,1,1,3,2,,5,1,3,34,13,1,,4,1,1,3,5,1,24,
10619,,,,2,2,2,2,2,2,2,2,2,2,2,20150218,2,2,1,1,1,3,,4,1,2,34,13,1,,4,1,1,3,5,1,25,
10620,1,1,,2,2,2,2,2,2,2,2,2,2,2,20150323,3,5,2,3,,2,,2,1,0,34,13,1,7,4,2,3,1,2,3,81,70+
10621,,,,2,2,2,2,2,2,2,2,2,2,2,20140510,5,10,1,3,,1,1,3,2,0,34,13,,2,2,5,2,3,4,3,17,
10622,1,2,1,1,2,2,1,1,2,2,2,2,2,2,20150315,3,7,1,2,1,2,,3,1,1,34,13,1,3,4,3,4,2,3,3,213,70+
10623,1,1,1,2,2,2,2,2,2,2,2,2,2,2,20150323,3,8,2,3,,1,,1,1,0,34,13,1,6,4,5,3,3,4,3,41,75+
10624,,,,1,2,2,1,1,2,2,2,2,2,2,20150128,1,3,2,1,3,2,,5,1,2,34,13,1,,4,3,1,3,5,1,35,
10625,,,,2,1,1,2,1,2,2,2,2,2,1,20140428,4,3,1,4,,,,4,2,1,34,13,,,2,2,1,2,5,1,38,
10626,,,,2,2,2,2,2,2,2,2,2,2,2,20140415,4,2,2,4,,,,5,1,0,34,13,,,2,,,,,1,152,
10627,,,,1,2,2,1,1,2,2,2,2,2,2,20140506,5,3,2,1,3,2,,5,1,2,34,13,,,4,1,1,1,5,1,35,
10628,,,,1,2,2,2,2,2,2,2,2,2,2,20150128,1,1,2,1,1,2,,3,1,2,34,13,1,,4,1,1,4,5,1,30,
10629,,,,2,2,2,2,2,2,2,2,2,2,2,20140823,8,9,1,3,,1,,1,1,0,34,13,2,1,1,3,3,2,3,3,12,
10630,1,2,1,2,2,2,2,2,2,2,2,2,2,2,20141215,12,8,1,3,,1,,1,1,1,34,13,1,4,4,2,4,1,2,3,23,"Pas d’âge, santé implicite"
10631,1,1,2,2,2,2,2,2,2,2,2,2,2,2,20141123,11,3,2,2,1,1,,2,1,0,34,13,1,,4,,,,,1,77,
10632,1,,1,1,2,2,2,1,2,2,2,2,2,2,20150308,3,10,1,3,,2,2,2,1,,34,13,1,7,,4,,2,3,3,8,
10633,,,,2,2,2,2,2,2,2,2,2,2,2,20140502,5,8,1,3,,2,2,2,1,3,34,13,,6,4,5,3,3,4,3,23,
10634,,,,2,2,2,2,2,2,2,2,2,2,2,20140609,6,4,1,3,,3,1,4,1,2,34,13,1,,,5,5,2,3,3,23,
10635,,,,2,2,2,2,2,2,2,2,2,2,2,20140522,5,1,2,1,5,2,,6,1,0,34,13,1,,1,1,,,,1,212,
10636,,,,1,1,2,2,1,2,2,2,2,2,2,20140906,9,5,1,3,,2,2,2,1,1,34,13,1,6,4,3,5,1,2,3,46,
10637,,,,2,2,2,2,2,2,2,2,2,2,2,20150104,1,4,2,1,2,2,,4,1,3,34,13,1,,4,1,1,1,5,,21,
10638,,,,2,2,2,2,2,2,2,2,2,2,2,20140525,5,2,1,1,2,3,4,6,1,2,34,13,1,,2,1,1,3,5,1,49,
10639,,,,2,2,2,2,2,2,2,2,2,2,2,20140905,9,5,1,2,2,2,,4,1,1,34,13,1,4,4,4,5,1,2,3,284,
10640,1,1,1,2,2,2,2,2,2,2,2,2,2,2,20150127,1,7,1,3,,2,,2,1,2,34,13,1,7,4,4,5,2,3,3,31,70+
10641,1,1,1,2,2,2,2,2,2,2,2,2,2,2,20150321,3,6,2,3,,3,,3,1,0,34,13,1,7,4,2,3,1,2,3,122,65+
10642,,,,1,2,2,2,1,2,2,2,2,2,2,20140609,6,2,1,1,2,2,,4,1,2,34,13,1,,4,1,1,1,5,1,25,
10643,,,,2,2,2,2,2,2,2,2,2,2,2,20140521,5,4,2,2,2,2,2,4,1,0,34,13,1,,,4,2,3,4,3,503,
10644,,,,2,2,2,2,2,2,2,2,2,2,2,20140609,6,1,1,1,1,2,1,3,1,0,34,13,1,,2,1,1,3,5,1,55,
10645,,,,2,2,2,2,2,2,2,2,2,2,2,20140509,5,1,2,1,2,2,2,4,1,2,34,13,,,4,1,1,4,5,1,40,
10646,1,1,1,1,2,2,2,1,2,2,2,2,2,2,20141121,11,7,1,3,,1,,1,1,1,34,13,1,7,4,5,5,2,3,3,23,"Pas d’âge, santé implicite"
10647,,,,2,2,2,2,2,2,2,2,2,2,2,20140609,6,3,1,1,3,1,1,4,1,3,34,13,1,,4,2,1,1,5,1,29,
10648,,,,1,2,2,1,2,2,2,2,2,2,2,20140521,5,6,2,3,,2,,2,1,2,34,13,1,7,4,5,1,3,4,3,27,
10649,1,1,1,1,2,2,2,2,2,2,2,2,2,2,20141218,12,4,2,2,1,3,4,5,1,1,34,13,1,,,2,2,1,2,3,315,"Pas d’âge, santé implicite"
10650,,,,,,,2,2,2,2,2,2,2,2,20150128,1,2,1,1,3,2,,5,1,1,34,13,1,,4,1,1,2,5,1,46,
10651,,,,1,2,2,1,1,2,2,2,2,2,2,20140510,5,9,1,2,1,1,,2,1,0,34,13,,6,3,4,4,2,3,3,72,
10652,,,,1,2,2,2,1,2,2,2,2,2,2,20140513,5,7,1,3,,1,,1,1,1,34,13,1,6,4,4,5,1,2,3,23,
10653,,,,2,2,2,2,2,2,2,2,2,2,2,20140520,5,6,1,2,1,2,,3,1,1,34,13,1,5,4,5,4,3,4,3,213,
10654,,,,2,2,2,2,2,2,2,2,2,2,2,20140505,5,6,1,2,2,2,2,4,1,1,34,13,,4,4,4,4,2,3,3,284,
10655,,,,1,2,2,2,1,2,2,2,2,2,2,20140529,5,2,1,1,4,2,2,6,1,2,34,13,1,,4,1,,,,1,37,
10656,,,,2,2,2,2,2,2,2,2,2,2,2,20150128,1,4,2,1,1,3,3,4,1,3,34,13,1,,,3,3,1,5,,17,
10657,,,,2,2,2,2,2,2,2,2,2,2,2,20150220,2,2,1,1,1,3,3,4,1,2,34,13,1,,2,1,1,1,5,1,25,
10658,,,,1,2,2,1,1,2,2,2,2,2,2,20140505,5,2,2,1,1,3,1,4,1,1,34,13,,,4,,1,,,1,61,
10659,,,,1,1,2,1,1,2,2,2,2,2,2,20150104,1,3,2,1,2,2,,4,1,3,34,13,1,,4,1,1,1,5,1,21,
10660,,,,2,2,2,2,2,2,2,2,2,2,2,20141220,12,1,1,1,1,2,,3,1,0,34,13,1,,4,1,1,4,5,1,55,
10661,,,,2,2,2,2,2,2,2,2,2,2,2,20150107,1,10,1,2,2,3,4,,2,3,34,13,1,1,,1,2,1,2,2,36,
10662,1,2,1,1,2,2,1,1,2,1,2,2,2,2,20141219,12,5,2,3,,2,,2,1,0,34,13,1,6,4,2,3,1,2,3,81,65+
10663,3,,1,2,2,2,2,2,2,2,2,2,2,2,20150204,2,9,1,3,,1,1,4,2,0,34,13,2,1,1,2,3,1,2,3,23,
10664,,,,2,2,2,2,2,2,2,2,2,2,2,20141125,11,1,1,2,1,3,1,4,1,2,34,13,1,,4,,1,,,1,45,
10665,,,,2,2,2,2,2,2,2,2,2,2,2,20150103,1,1,2,1,4,3,4,6,1,3,34,13,1,,4,1,,,,1,61,
10666,,,,2,2,2,2,2,2,2,2,2,2,2,20140513,5,8,1,3,,1,,1,1,0,34,13,1,3,4,5,4,3,4,3,46,
10667,1,2,1,2,2,2,2,2,2,2,2,2,2,2,20141208,12,10,2,2,3,3,1,6,1,0,34,13,1,,1,2,1,3,4,2,160,
10668,,,,1,1,2,2,1,2,2,2,2,2,2,20140609,6,9,1,3,,1,,1,1,1,34,13,1,6,4,2,3,1,2,3,6,
10669,,,,1,2,2,2,1,2,2,2,2,2,2,20140507,5,2,1,1,2,2,,4,1,2,34,13,,,4,1,1,2,5,1,25,
10670,,,,2,2,2,2,2,2,2,2,2,2,2,20140604,6,1,1,1,2,3,3,6,1,0,34,13,1,,1,1,,,,1,129,
10671,1,2,1,2,2,2,2,2,2,2,2,2,2,2,20150201,2,4,2,3,,2,,2,1,0,34,13,1,,3,2,3,1,2,3,81,
10672,1,,2,2,2,2,2,2,2,2,2,2,2,2,20150204,2,9,1,3,,1,,1,1,0,34,13,2,1,1,2,2,1,2,3,12,60+
10673,,,,2,2,2,2,2,2,2,2,2,2,2,20140523,5,4,2,1,2,2,,4,1,3,34,13,1,,4,1,4,1,5,,21,
10674,,,,2,2,2,2,2,2,2,2,2,2,2,20140521,5,9,1,2,3,3,,6,1,1,34,13,1,1,1,5,5,2,3,3,125,
10675,,,,1,1,2,2,1,2,2,2,2,2,2,20150406,4,3,2,1,4,2,,6,1,3,34,13,1,,4,1,1,1,5,1,31,
10676,,,,2,2,2,2,,2,2,2,2,,2,20140609,6,1,1,1,3,3,4,6,1,0,34,13,1,,,1,,,,1,129,
10677,1,2,1,2,2,2,2,2,2,2,2,2,2,2,20150215,2,6,1,3,,2,,2,1,0,34,13,1,2,3,5,5,2,3,3,92,65+
10678,,,,2,2,2,2,2,2,2,2,2,2,2,20150128,1,2,1,1,2,3,,5,1,1,34,13,1,,1,,1,,,1,46,
10679,,,,2,2,2,2,2,2,2,2,2,2,2,20141220,12,1,1,1,5,1,1,6,1,0,34,13,1,,1,,,,,1,111,
10680,,,,2,2,2,2,2,2,2,2,2,2,2,20150128,1,3,1,1,1,3,1,4,2,2,34,13,1,,,1,4,1,5,1,29,
10681,,,,2,2,2,2,2,2,2,2,2,2,2,20150220,2,1,2,1,5,2,,6,1,0,34,13,1,,,,,,,1,212,
10682,,,,2,2,2,2,2,2,2,2,2,2,2,20140609,6,2,2,1,4,2,,6,1,3,34,13,1,,4,1,1,3,5,1,36,
10683,,,,2,2,2,2,2,2,2,2,2,2,2,20141001,10,1,1,1,1,2,,3,1,,34,13,1,,1,1,,,,1,55,
10684,,,,,,,,,,,2,2,2,2,20140823,8,10,2,3,,1,,1,1,0,34,13,,1,,,,,,3,9,
10685,,,,2,2,2,1,2,2,2,2,2,2,2,20140513,5,6,2,3,,1,,1,1,0,34,13,1,7,4,4,2,3,4,3,41,
10686,3,2,1,2,2,2,2,2,2,2,2,2,2,2,20150105,1,9,1,3,,3,,3,1,2,34,13,1,1,1,3,3,1,2,3,12,
10687,,,,1,1,2,2,2,2,2,2,2,2,2,20140517,5,8,2,3,,2,,2,1,0,34,13,1,7,4,2,4,1,2,3,81,
10688,,,,2,2,2,2,2,2,2,2,2,2,2,20140625,6,3,1,1,2,1,,3,2,1,34,13,1,,2,1,2,1,5,1,29,
10689,1,1,1,1,2,2,1,2,2,2,2,2,2,2,20141222,12,6,2,3,,3,,3,1,3,34,13,1,3,3,4,2,2,3,3,31,60+
10690,3,2,1,2,2,2,2,2,2,2,2,2,2,2,20141121,11,4,1,3,,2,,2,1,0,34,13,1,,,2,1,1,2,3,92,
10691,1,1,1,1,1,1,2,1,2,2,2,2,2,2,20150122,1,10,1,3,,1,,1,1,0,34,13,1,1,3,4,3,2,3,3,12,70+
10692,1,1,1,2,2,2,2,2,2,2,2,2,2,2,20141203,12,9,2,3,,2,,2,1,2,34,13,1,6,4,3,1,2,3,3,6,"Pas d’âge, santé implicite"
10693,,,,2,2,2,2,2,2,2,2,2,2,2,20140823,8,2,2,1,2,2,,4,1,2,34,13,2,,,,,,,1,40,
10694,1,2,1,2,2,2,2,2,2,2,2,2,2,2,20150204,2,9,2,3,,1,,2,1,0,34,13,1,1,1,,,,,3,17,65+
10695,,,,2,2,2,2,2,2,2,2,2,2,2,20140513,5,1,1,1,2,2,,4,1,1,34,13,1,,3,1,1,1,5,1,37,
10696,,,,2,2,2,2,2,2,2,2,2,2,2,20140823,8,4,1,1,1,3,2,4,1,0,34,13,2,,3,,,,,,114,
10697,,,,2,2,2,2,2,2,2,2,2,2,2,20140823,8,3,2,1,3,3,3,6,1,0,34,13,2,,,,,,,1,126,
10698,,,,1,2,2,1,1,1,2,2,2,2,2,20140529,5,9,2,3,,1,,1,1,1,34,13,1,7,4,2,1,2,3,3,4,
10699,,,,2,2,2,2,2,2,2,2,2,2,2,20140823,8,9,2,2,2,3,1,5,1,1,34,13,2,1,,,,,,3,66,
10700,1,1,1,1,1,2,1,2,2,2,2,2,2,2,20150319,3,7,2,2,1,1,1,2,1,2,34,13,1,6,4,5,4,2,3,3,84,70+
10701,,,,2,2,2,2,2,2,2,2,2,2,2,20141215,12,3,1,1,4,3,3,6,1,,34,13,1,,1,,3,,,1,228,
10702,,,,2,2,2,2,2,2,2,2,2,2,2,20140625,6,5,2,2,1,2,,3,1,2,34,13,1,4,4,2,2,1,2,3,126,
10703,,,,2,2,2,2,2,2,2,2,2,2,2,20140414,4,5,2,4,,,,3,1,2,34,13,,6,3,2,3,1,2,3,41,
10704,,,,2,2,2,2,2,2,2,2,2,2,2,20140715,7,3,1,1,5,2,,6,1,1,34,13,1,,4,1,2,1,5,1,114,
10705,,,,2,2,2,2,2,2,2,2,2,2,2,20140726,7,5,1,2,2,3,,5,1,3,34,13,1,2,4,5,3,3,4,3,177,
10706,,,,2,2,2,2,2,2,2,2,2,2,2,20140513,5,6,2,3,,1,1,1,2,1,34,13,1,4,4,5,2,3,4,3,14,
10707,1,,,1,2,2,2,2,2,2,2,2,2,2,20150107,1,9,1,3,,2,,,,,34,13,1,,,,,,,3,12,65+
10708,,,,1,2,2,2,1,2,2,2,2,2,2,20150220,2,3,1,1,1,2,,3,1,3,34,13,1,,4,3,1,3,5,1,21,
10709,,,,2,2,2,2,2,2,2,2,2,2,2,20150128,1,2,1,1,3,3,,,1,2,34,13,1,,4,1,1,1,5,1,18,
10710,,,,1,2,2,2,2,2,2,2,2,2,2,20140426,4,3,2,4,,,,6,1,2,34,13,,,4,1,1,2,5,1,63,
10711,1,,1,2,2,2,2,2,2,2,2,2,2,2,20150315,3,8,1,3,,2,,2,1,2,34,13,1,7,4,5,4,3,4,3,31,70+
10712,1,1,1,1,2,1,1,1,2,2,2,2,2,2,20141216,12,7,1,2,1,1,,2,1,2,34,13,1,6,4,5,5,3,4,3,95,65+
10713,,,,2,2,2,2,2,2,2,2,2,2,2,20150401,4,2,2,1,2,3,,6,1,0,34,13,1,,4,,1,,,1,212,
10714,,,,2,2,2,2,2,2,2,2,2,2,2,20150401,4,3,2,1,1,2,1,3,1,0,34,13,1,,,2,1,2,5,1,63,
10715,,,,1,2,2,2,2,2,2,2,2,2,2,20140727,7,4,2,1,2,3,1,5,1,3,34,13,1,,4,,2,,,,17,
10716,,,,,,,,,,,2,2,2,2,20140823,8,3,1,1,5,3,3,,1,0,34,13,2,,,2,1,2,5,1,29,
10717,,,,2,2,2,2,2,2,2,2,2,2,2,20140417,4,5,1,4,,,,6,1,0,34,13,,1,,5,2,3,4,3,321,
10718,1,2,1,2,2,2,2,2,2,2,2,2,2,2,20150216,2,7,1,3,,2,,2,1,2,34,13,1,2,4,5,5,3,4,3,31,60+
10719,,,,2,2,2,2,2,2,2,2,2,2,2,20140508,5,3,2,1,2,2,,4,1,0,34,13,,,4,2,3,1,5,1,84,
10720,,,,2,2,2,2,2,2,2,2,2,2,2,20141121,11,4,2,1,2,3,1,5,1,3,34,13,1,,4,2,3,1,5,,17,
10721,,,,1,1,2,2,1,2,2,2,2,2,2,20140806,8,8,1,3,,3,1,3,1,1,34,13,1,6,4,3,4,1,2,3,69,
10722,,,,2,2,1,1,2,2,2,2,2,2,2,20140723,7,5,1,3,,2,,2,1,2,34,13,1,4,4,5,5,2,3,3,31,
10723,,,,2,2,2,2,2,2,2,2,2,2,2,20140715,7,5,2,2,2,2,,4,1,3,34,13,1,5,4,2,2,2,3,3,126,
10724,,,,2,2,2,2,2,2,2,2,2,2,2,20140724,7,4,2,3,,3,2,4,1,2,34,13,1,,1,2,1,1,2,3,17,
10725,,,,2,2,2,2,2,2,2,2,2,2,2,20140906,9,7,1,3,,1,,1,1,1,34,13,1,2,4,5,4,3,4,3,23,
10726,,,,2,2,2,2,2,2,2,2,2,2,2,20150401,4,2,1,1,3,2,,5,1,2,34,13,1,,4,1,1,1,5,1,31,
10727,,,,2,2,2,2,2,2,2,2,2,2,2,20140906,9,5,2,3,,2,,2,1,1,34,13,1,7,4,2,2,1,2,3,41,
10728,,,,2,2,2,2,2,2,2,2,2,2,2,20150227,2,2,1,1,3,3,,6,1,0,34,13,1,,4,1,1,1,5,1,129,
10729,1,2,1,1,2,2,2,2,2,2,2,2,2,2,20150309,3,9,1,3,,1,1,1,2,1,34,13,1,6,4,5,5,2,3,3,4,65+
10730,,,,2,2,2,2,2,2,2,2,2,2,2,20150131,1,4,1,1,2,3,,3,1,1,34,13,1,,3,2,3,1,5,,43,
10731,,,,2,2,2,2,2,2,2,2,2,2,2,20141030,10,6,2,2,1,2,,3,1,2,34,13,1,6,4,3,2,2,3,3,126,
10732,,,,2,2,2,2,2,2,2,2,2,2,2,20150128,1,1,1,1,1,2,,3,1,1,34,13,1,,4,1,1,4,5,1,28,
10733,,,,2,2,2,2,2,2,2,2,2,2,2,20140807,8,7,2,3,,2,2,2,1,0,34,13,1,7,4,2,2,1,2,3,81,
10734,,,,1,1,2,2,2,2,2,2,2,2,2,20140521,5,8,2,3,,2,,2,1,0,34,13,1,7,4,5,2,3,4,3,81,
10735,,,,2,2,2,2,2,2,2,2,2,2,2,20150227,2,4,2,1,5,2,1,6,1,0,34,13,1,,1,1,1,1,5,,147,
10736,,,,2,2,2,2,2,2,2,2,2,2,2,20140609,6,1,2,1,2,3,4,6,1,3,34,13,1,,3,1,1,4,5,1,45,
10737,,,,2,2,2,2,2,2,2,2,2,2,2,20140808,8,2,1,1,3,3,3,6,1,0,34,13,1,,4,1,1,1,5,1,111,
10738,,,,2,2,2,2,2,2,2,2,2,2,2,20140720,7,4,2,2,2,2,2,4,1,2,34,13,1,,,,3,,,3,168,
10739,,,,2,2,2,2,2,2,2,2,2,2,2,20140823,8,9,2,3,,1,1,1,1,0,34,13,2,1,1,,,,,3,9,
10740,,,,1,2,2,2,1,2,2,2,2,2,2,20140527,5,5,2,3,,2,,2,1,2,34,13,1,7,4,1,1,1,2,3,27,
10741,,,,2,2,2,2,2,2,2,2,2,2,2,20140806,8,6,2,2,1,2,,3,1,0,34,13,1,1,3,5,,,,3,378,
10742,,,,2,2,2,2,2,2,2,2,2,2,2,20140609,6,1,1,1,2,3,1,6,1,0,34,13,1,,1,1,,,,1,111,
10743,,,,2,2,2,2,2,2,2,2,2,2,2,20140715,7,3,1,1,1,2,,3,1,2,34,13,1,,4,1,1,1,5,1,29,
10744,,,,2,2,2,2,2,2,2,2,2,2,2,20140727,7,8,1,3,,1,,1,1,1,34,13,1,4,3,5,4,3,4,3,23,
10745,,,,1,1,2,2,1,2,2,2,2,2,2,20150103,1,3,2,1,2,2,,4,1,2,34,13,1,,4,1,1,3,5,1,28,
10746,,,,1,2,1,2,2,2,2,2,2,2,2,20150402,4,3,1,1,1,2,,3,1,3,34,13,1,,4,1,3,1,5,1,21,
10747,,,,2,2,2,2,2,2,2,2,2,2,2,20140819,8,10,2,3,,1,,1,1,0,34,13,,,,5,1,3,4,3,9,
10748,,,,2,2,2,2,2,2,2,2,2,2,2,20140807,8,2,1,1,2,1,1,3,2,,34,13,1,,2,,,,,1,28,
10749,,,,2,2,2,2,2,2,2,2,2,2,2,20140717,7,6,1,3,,1,,1,1,0,34,13,1,4,1,,2,,,3,46,
10750,,,,1,2,1,1,2,2,2,2,2,2,2,20140529,5,2,2,1,1,1,,2,1,1,34,13,1,,4,1,1,2,5,1,30,
10751,,,,1,2,2,1,2,2,2,2,2,2,2,20140609,6,2,2,1,1,2,,3,1,3,34,13,1,,4,1,1,1,5,1,23,
10752,,,,2,2,2,2,1,2,2,2,2,2,2,20150401,4,1,2,1,2,2,,4,1,1,34,13,1,,4,1,,,,1,61,
10753,,,,2,2,2,2,2,2,2,2,2,2,2,20140509,5,4,1,3,,3,4,6,1,1,34,13,,,3,2,4,1,1,3,230,
10754,,,,2,2,2,2,2,2,2,2,2,2,2,20140805,8,4,2,2,2,2,,4,1,2,34,13,1,,,2,,,,3,168,
10755,,,,2,2,2,2,2,2,2,2,2,2,2,20140805,8,1,1,1,1,1,,2,1,1,34,13,1,,4,1,1,2,5,1,18,
10756,1,1,1,2,2,2,2,2,2,2,2,2,2,2,20150127,1,8,2,3,,1,,1,1,1,34,13,1,5,4,3,3,1,2,3,20,70+
10757,,,,2,2,2,2,2,2,2,2,2,2,2,20140528,5,5,2,3,,2,,2,1,0,34,13,1,6,4,2,3,1,2,3,81,
10758,,,,2,2,2,2,2,2,2,2,2,2,2,20140512,5,7,1,4,,,,2,1,2,34,13,,6,4,3,5,1,2,3,31,
10759,,,,1,2,2,2,2,2,2,2,2,2,2,20140507,5,1,1,1,2,2,,4,1,2,34,13,,,4,1,,,,1,25,
10760,,,,1,2,1,2,1,2,2,2,2,2,2,20140505,5,5,1,3,,3,3,3,1,3,34,13,,6,4,5,5,2,3,3,34,
10761,1,1,1,1,2,2,2,2,2,2,2,2,2,2,20150108,1,9,1,3,,3,1,3,1,0,34,13,1,6,4,3,2,2,3,3,35,60+
10762,,,,2,2,2,2,2,2,2,2,2,2,2,20150128,1,2,1,1,1,2,,3,1,2,34,13,1,,1,1,,,,1,18,
10763,,,,2,2,2,2,2,2,2,2,2,2,2,20140512,5,2,2,2,1,3,2,6,1,3,34,13,,,4,1,,,,1,83,
10764,,,,2,2,2,2,2,2,2,2,2,2,2,20140823,8,7,2,3,,2,1,3,1,1,34,13,2,1,,1,5,1,1,3,61,
10765,,,,2,2,2,2,2,2,2,2,2,2,2,20141206,12,9,1,3,,3,,,,,34,13,1,,,,,,,3,12,
10766,,,,2,2,2,2,2,2,2,2,2,2,2,20141203,12,3,2,1,3,3,3,6,1,0,34,13,1,,,1,1,1,5,1,126,
10767,,,,1,2,2,1,1,2,2,2,2,2,2,20140414,4,1,1,4,,,,4,1,2,34,13,,,4,1,1,2,5,1,25,
10768,1,1,1,1,2,1,1,1,2,2,2,2,2,2,20141122,11,6,1,2,1,2,,3,1,2,34,13,1,5,4,5,4,3,4,3,142,65+
10769,,,,1,2,2,2,2,2,2,2,2,2,2,20140508,5,4,2,1,2,3,3,5,1,0,34,13,,,1,4,1,3,4,3,105,
10770,,,,2,2,2,2,2,2,2,2,2,2,2,20141122,11,2,1,1,5,2,,6,1,0,34,13,1,,1,1,1,3,5,1,147,
10771,3,,1,2,2,2,2,2,2,2,2,2,2,2,20141206,12,9,2,3,,2,,2,1,,34,13,1,1,,,1,,,3,17,
10772,,,,2,2,2,2,2,2,2,2,2,2,2,20140803,8,5,2,3,,2,,2,1,3,34,13,1,6,4,2,3,1,2,3,20,
10773,,,,1,2,2,2,1,2,2,2,2,2,2,20141102,11,5,1,2,2,2,,4,1,2,34,13,1,7,4,3,4,1,2,3,189,
10774,,,,2,2,2,2,2,2,2,2,2,2,2,20150227,2,4,1,2,2,2,,4,2,,34,13,1,,4,,,,,2,105,
10775,,,,2,2,2,2,2,2,2,2,2,2,2,20141103,11,9,1,3,,2,,2,1,1,34,13,1,4,4,3,4,1,2,3,12,
10776,,,,2,2,2,2,2,2,2,2,2,2,2,20140910,9,1,1,1,3,2,,5,1,0,34,13,1,,4,1,1,3,5,1,92,
10777,,,,2,2,2,2,2,2,2,2,2,2,2,20141102,11,5,2,3,,1,,1,1,1,34,13,1,5,4,5,3,3,4,3,20,
10778,1,2,1,2,2,2,2,2,2,2,2,2,2,2,20150318,3,8,1,3,,1,,1,2,0,34,13,1,6,4,5,5,3,4,3,23,55+
10779,,,,2,2,2,2,2,2,2,2,2,2,2,20150102,1,2,1,1,1,1,,2,1,0,34,13,1,,2,1,1,3,5,1,37,
10780,,,,2,2,2,2,2,2,2,2,2,2,2,20150105,1,2,1,1,2,2,2,4,1,3,34,13,1,,1,,,,,1,18,
10781,1,,2,2,2,2,2,2,2,2,2,2,2,2,20150106,1,9,2,2,2,3,1,4,1,0,34,13,1,1,,,,,,3,106,60+
10782,1,1,2,2,2,2,2,2,2,2,2,2,2,2,20150106,1,9,1,3,,3,,6,1,0,34,13,1,1,4,5,4,3,4,3,70,65+
10783,,,,2,2,2,2,2,2,2,2,2,2,2,20150202,2,1,1,1,2,2,,4,1,0,34,13,1,,2,,1,,,1,74,
10784,,,,2,2,1,2,2,2,2,2,2,2,2,20150325,3,3,1,1,3,2,,5,1,0,34,13,1,,3,1,1,3,5,1,143,
10785,3,,1,2,2,2,2,2,2,2,2,2,2,2,20150106,1,9,2,3,,2,1,2,1,1,34,13,1,,,4,1,3,4,3,9,
10786,,,,2,1,2,2,2,2,2,2,2,2,2,20150202,2,9,2,3,,2,,2,1,1,34,13,1,4,4,3,1,2,3,2,9,
10787,1,1,1,2,2,2,2,2,2,2,2,2,2,2,20150102,1,8,1,3,,2,,2,1,2,34,13,1,7,4,4,5,1,2,3,31,80+
10788,1,1,2,2,2,2,2,2,2,2,2,2,2,2,20150122,1,7,1,3,,2,,2,1,0,34,13,1,6,4,4,4,1,2,3,92,60+
10789,,,,2,2,2,2,2,2,2,2,2,2,2,20150103,1,1,1,1,5,3,1,6,1,0,34,13,1,,4,,1,,,1,240,
10790,,,,2,2,2,2,2,2,2,2,2,2,2,20150102,1,1,1,1,2,2,,4,1,0,34,13,1,,1,1,1,4,5,1,74,
10791,1,2,1,2,2,2,2,2,2,2,2,2,2,2,20150104,1,8,1,2,2,3,2,5,1,0,34,13,1,1,4,3,4,1,2,3,710,80+
10792,1,,1,2,2,2,2,2,2,2,2,2,2,2,20150228,2,9,2,2,2,3,4,6,,0,34,13,1,2,,4,,,,3,27,
10793,,,,2,2,2,2,2,2,2,2,2,2,2,20150406,4,4,2,1,3,3,1,6,1,0,34,13,1,,2,,1,,,,126,
10794,1,2,1,1,2,2,2,2,2,2,2,2,2,2,20150103,1,4,1,2,1,3,1,4,1,3,34,13,1,,4,3,5,1,2,3,42,Les mauvaises pratiques de salubrité alimentaire
10795,,,,2,2,2,2,2,2,2,2,2,2,2,20150128,1,4,2,1,2,2,1,4,1,0,34,13,1,,,1,2,1,5,,84,
10796,1,1,1,2,2,2,2,2,2,2,2,2,2,2,20150124,1,8,1,3,,1,,1,1,1,34,13,1,7,4,5,5,2,3,3,23,60+
10797,,,,2,2,2,2,2,2,2,2,2,2,2,20150103,1,2,1,1,2,2,,4,1,0,34,13,1,,1,1,,,,1,74,
10798,1,1,1,2,2,2,2,2,2,2,2,2,2,2,20150103,1,5,1,2,2,2,,4,1,3,34,13,1,2,4,3,3,1,2,3,142,"Pas d’âge, santé implicite"
10799,1,2,1,1,2,2,2,2,2,2,2,2,2,2,20150127,1,5,2,2,2,2,,4,1,2,34,13,1,5,4,4,2,3,4,3,168,70+
10800,,,,2,2,2,2,2,2,2,2,2,2,2,20150104,1,4,1,1,3,3,4,6,1,1,34,13,1,,1,3,3,2,5,,143,
10801,,,,1,2,2,2,,2,2,2,2,2,2,20150324,3,2,1,1,1,2,,3,1,3,34,13,1,,4,1,1,1,5,1,14,
10802,2,2,1,2,2,2,2,2,2,2,2,2,2,2,20141213,12,6,1,2,3,2,,5,2,0,34,13,1,1,3,3,4,1,2,3,355,
10803,1,2,2,2,2,2,2,2,2,2,2,2,2,2,20150102,1,7,1,3,,1,,1,1,1,34,13,1,6,4,3,4,2,3,3,23,65+
10804,,,,2,2,2,2,2,2,2,2,2,2,2,20150220,2,4,1,1,2,2,2,4,1,2,34,13,1,,1,3,4,1,5,,38,
10805,,,,2,2,2,2,2,2,2,2,2,2,2,20150103,1,4,1,1,2,3,,6,1,1,34,13,1,,2,1,3,1,5,,86,
10806,,,,2,1,2,2,2,2,2,2,2,2,2,20150103,1,4,1,1,5,2,,6,1,,34,13,1,,3,3,4,1,5,,200,
10807,,,,2,2,1,2,2,2,2,2,2,2,2,20150406,4,3,1,1,3,2,,5,1,3,34,13,1,,2,1,1,3,5,1,36,
10808,,,,2,2,2,2,2,2,2,2,2,2,2,20150103,1,4,2,2,2,3,1,5,1,,34,13,1,,4,2,3,1,5,,192,
10809,,,,1,2,2,2,1,2,2,2,2,2,2,20150314,3,3,1,1,2,2,,4,1,1,34,13,1,,4,2,3,2,5,1,57,
10810,1,2,1,2,2,2,2,2,2,2,2,2,2,2,20150116,1,8,1,3,,1,,1,1,,34,13,1,3,1,2,1,2,3,3,46,50+
10811,,,,1,2,2,2,1,2,2,2,2,2,2,20150324,3,1,1,1,2,2,,4,1,2,34,13,1,,4,1,1,3,5,1,25,
10812,,,,2,2,2,2,2,2,2,2,2,2,2,20150202,2,1,2,1,1,2,,3,1,0,34,13,1,,,1,1,4,5,1,91,
10813,,,,1,2,2,1,1,2,2,2,2,2,2,20150401,4,1,2,1,3,2,,5,1,1,34,13,1,,4,1,1,1,5,1,76,
10814,3,2,2,1,1,2,2,2,2,2,2,2,2,2,20150122,1,6,2,2,5,2,2,6,1,0,34,13,1,1,1,4,2,3,4,3,881,75+
10815,,,,1,1,2,2,1,2,2,2,2,2,2,20141024,10,1,2,1,1,2,2,3,1,1,34,13,1,,4,1,1,4,5,1,45,
10816,,,,2,2,2,2,2,2,2,2,2,2,2,20141024,10,8,1,3,,1,,2,1,0,34,13,1,1,3,4,5,2,3,3,92,
10817,,,,,,,,,,,,,,,20141012,10,9,1,3,,3,,,,,34,13,1,,,,,,,2,12,
10818,,,,2,2,2,2,2,2,2,2,2,2,2,20141011,10,5,2,2,1,3,3,4,1,1,34,13,1,2,4,4,1,3,4,3,252,
10819,,,,2,2,2,2,2,2,2,2,2,2,2,20141026,10,8,1,3,,2,,2,1,0,34,13,1,1,1,3,3,2,3,3,92,
10820,,,,1,2,2,1,1,2,2,2,2,2,2,20150220,2,2,2,1,2,2,,4,1,2,34,13,1,,4,1,1,2,5,1,40,
10821,2,,1,2,2,2,2,2,2,2,2,2,2,2,20141125,11,4,2,2,5,3,4,6,1,0,34,13,1,,,2,2,1,5,,461,
10822,,,,2,2,2,2,2,2,2,2,2,2,2,20141109,11,2,1,1,3,3,,6,1,2,34,13,1,,4,1,,,,1,37,
10823,,,,2,2,2,2,2,2,2,2,2,2,2,20141016,10,1,2,1,1,2,1,3,1,0,34,13,1,,,1,,,,1,91,
10824,,,,2,2,2,2,2,2,2,2,2,2,2,20150128,1,2,1,1,2,2,,4,1,0,34,13,1,,1,,1,,,1,74,
10825,,,,2,2,2,2,2,2,2,2,2,2,2,20141125,11,1,1,1,1,1,,2,2,1,34,13,1,,4,1,1,4,5,1,12,
10826,,,,2,2,2,2,2,2,2,2,2,2,2,20141107,11,2,2,1,5,3,4,6,1,0,34,13,1,,1,1,,,,1,364,
10827,,,,1,1,2,2,2,2,2,2,2,2,2,20141109,11,10,2,3,,2,,2,1,0,34,13,1,,,2,1,1,2,2,17,
10828,,,,1,2,2,2,2,2,2,2,2,2,2,20141126,11,4,2,1,1,1,1,2,1,1,34,13,1,,,,,,,,21,
10829,,,,1,2,2,1,2,2,2,2,2,2,2,20140917,9,7,1,3,,2,,2,1,1,34,13,1,4,4,5,4,2,3,3,46,
10830,,,,2,1,1,1,2,2,1,2,2,2,2,20140917,9,8,1,2,2,2,2,6,1,2,34,13,1,1,1,2,3,1,2,3,331,
10831,,,,1,2,2,1,1,2,2,2,2,2,2,20140922,9,6,1,2,1,2,,3,1,2,34,13,1,6,4,5,4,2,3,3,142,
10832,,,,2,2,2,2,2,2,2,2,2,2,2,20141104,11,2,1,1,1,2,,3,1,2,34,13,1,,4,1,,,,1,18,
10833,,,,2,2,2,2,2,2,2,2,2,2,2,20140920,9,4,1,1,2,3,1,6,1,3,34,13,1,,,2,4,1,5,,43,
10834,2,2,2,2,2,2,2,2,2,2,2,2,2,2,20150220,2,4,1,2,2,3,,6,1,0,34,13,1,,1,,,,,3,314,
10835,,,,2,2,2,2,2,2,2,2,2,2,2,20140917,9,1,2,1,1,2,2,3,1,0,34,13,1,,4,1,1,4,5,1,91,
10836,,,,2,2,2,2,2,2,2,2,2,2,2,20140915,9,4,1,2,4,3,4,6,1,3,34,13,1,,4,2,3,1,2,3,284,
10837,,,,2,2,2,2,2,2,2,2,2,2,2,20140916,9,6,1,3,,1,,1,1,0,34,13,1,6,4,5,4,3,4,3,46,
10838,,,,2,2,2,2,2,2,2,2,2,2,2,20141029,10,9,2,3,,1,1,1,1,0,34,13,1,1,,3,2,2,3,3,9,
10839,,,,1,2,2,2,1,2,2,2,2,2,2,20140910,9,2,2,1,3,2,,5,1,3,34,13,1,,4,1,1,1,5,1,30,
10840,,,,2,2,2,2,2,2,2,2,2,2,2,20150130,1,3,2,1,2,3,1,6,1,2,34,13,1,,,1,1,1,5,1,42,
10841,,,,1,2,2,2,2,2,2,2,2,2,2,20140929,9,1,2,1,5,2,2,6,1,1,34,13,1,,1,,1,,,1,121,
10842,,,,2,2,2,2,2,2,2,2,2,2,2,20141103,11,6,1,1,1,2,,3,1,2,34,13,1,5,4,5,5,3,4,3,77,
10843,,,,2,2,2,2,2,2,2,2,2,2,2,20140916,9,1,2,1,2,2,2,4,1,0,34,13,1,,4,1,1,4,5,1,121,
10844,,,,2,2,2,2,2,2,2,2,2,2,2,20140930,9,4,1,1,2,3,,5,1,1,34,13,,,,,4,,,,71,
10845,,,,2,2,2,2,2,2,2,2,2,2,2,20140910,9,2,1,1,4,2,2,6,1,2,34,13,1,,4,1,1,1,5,1,37,
10846,2,2,1,2,2,2,2,2,2,2,2,2,2,2,20150227,2,9,1,3,,1,,1,1,1,34,13,1,1,1,3,1,3,4,3,6,
10847,,,,2,2,2,2,2,2,2,2,2,2,2,20141109,11,9,1,3,,2,,2,2,2,34,13,1,7,4,5,4,2,3,3,6,
10848,1,1,1,2,2,2,2,2,2,2,2,2,2,2,20150317,3,8,2,3,,1,,1,1,2,34,13,1,7,4,2,3,1,2,3,14,"Pas d’âge, santé implicite"
10849,,,,2,2,2,2,2,2,2,2,2,2,2,20140912,9,5,1,2,1,2,,3,1,0,34,13,1,7,4,3,3,2,3,3,426,
10850,,,,2,2,2,2,2,2,2,2,2,2,2,20140913,9,8,1,3,,1,,1,1,0,34,13,1,6,4,4,4,2,3,3,46,
10851,,,,2,2,2,2,2,2,2,2,2,2,2,20140918,9,9,2,3,,3,,3,1,3,34,13,1,7,4,4,3,3,4,3,6,
10852,,,,2,2,2,2,2,2,1,2,2,2,2,20141027,10,6,1,3,,2,,2,1,0,34,13,2,3,4,3,4,1,2,3,92,
10853,,,,1,2,2,2,2,2,2,2,2,2,2,20141106,11,1,1,1,2,2,,4,1,2,34,13,1,,4,1,1,2,5,1,25,
10854,,,,1,2,2,1,1,2,2,2,2,2,2,20140910,9,3,1,1,3,2,,5,1,2,34,13,1,,4,1,2,1,5,1,48,
10855,,,,2,2,2,2,2,2,2,2,2,2,2,20140913,9,6,1,2,2,2,,4,1,0,34,13,1,1,1,3,4,2,3,3,568,
10856,,,,2,2,2,2,2,2,2,2,2,2,2,20150221,2,1,2,1,1,2,,3,1,2,34,13,1,,,1,1,4,5,1,30,
10857,,,,2,2,2,2,2,2,2,2,2,2,2,20141125,11,2,2,1,4,2,2,5,1,0,34,13,1,,1,1,1,3,5,1,152,
10858,,,,1,2,2,2,1,2,2,2,2,2,2,20140910,9,3,1,1,2,2,2,4,1,0,34,13,1,,1,1,1,2,5,1,114,
10859,,,,1,1,2,2,1,2,2,2,2,2,2,20141002,10,3,2,1,2,2,,4,1,3,34,13,1,,4,2,2,2,5,1,17,
10860,1,2,1,1,1,2,2,1,2,2,2,2,2,2,20150314,3,5,2,3,,1,,1,1,1,34,13,1,6,4,2,3,1,2,3,20,65+
10861,,,,2,2,2,2,2,2,2,2,2,2,2,20140916,9,5,1,3,,2,,2,1,0,34,13,1,4,4,5,5,2,3,3,92,
10862,,,,1,1,2,2,2,2,2,2,2,2,2,20140929,9,3,2,1,2,2,,4,1,1,34,13,2,,4,1,1,1,5,1,42,
10863,,,,2,2,2,2,2,2,2,2,2,2,2,20140930,9,4,1,1,3,2,,5,1,1,34,13,1,,4,3,4,1,5,,71,
10864,,,,2,2,2,2,2,2,2,2,2,2,2,20140917,9,3,2,1,5,3,,6,1,0,34,13,1,,,1,1,2,5,1,272,
10865,,,,1,2,2,2,2,2,2,2,2,2,2,20140927,9,1,1,1,2,2,,4,1,0,34,13,1,,4,1,1,1,5,1,74,
10866,,,,2,2,2,2,2,2,2,2,2,2,2,20140910,9,2,1,1,2,2,2,4,1,1,34,13,1,,4,1,1,1,5,1,37,
10867,,,,1,2,2,1,1,2,2,2,2,2,2,20140928,9,3,2,1,3,3,1,6,1,3,34,13,1,,4,1,1,1,5,1,21,
10868,,,,1,1,2,1,1,2,2,2,2,2,2,20140914,9,5,2,3,,2,,2,1,0,34,13,1,6,4,5,4,3,4,3,81,
10869,,,,1,2,2,1,1,2,2,2,2,2,2,20150327,3,4,2,1,2,2,,4,2,3,34,13,1,,,,4,,,,12,
10870,,,,2,2,2,2,2,2,2,2,2,2,2,20140928,9,2,2,1,5,2,2,6,1,0,34,13,1,,1,1,1,3,5,1,212,
10871,,,,2,2,2,2,2,2,2,2,2,2,2,20141102,11,8,1,3,,1,,1,1,0,34,13,1,1,2,,2,,,3,46,
10872,,,,2,2,2,2,2,2,2,2,2,2,2,20140920,9,1,1,1,2,2,,4,1,1,34,13,1,,4,1,1,4,5,1,37,
10873,,,,2,2,2,2,2,2,2,2,2,2,2,20141104,11,1,1,1,3,3,4,6,2,0,34,13,1,,3,,,,,1,43,
10874,,,,2,2,2,2,2,2,2,2,2,2,2,20150218,2,1,1,1,1,2,2,3,1,2,34,13,1,,4,1,1,4,5,1,18,
10875,,,,1,2,2,2,2,2,2,2,2,2,2,20141102,11,5,2,3,,1,,1,1,1,34,13,1,2,4,2,2,1,2,3,20,
10876,,,,1,2,2,2,2,2,2,2,2,2,2,20141103,11,6,2,2,3,2,,5,1,1,34,13,1,6,3,3,1,2,3,3,315,
10877,,,,2,2,2,2,2,2,2,2,2,2,2,20140913,9,7,2,3,,2,,2,1,2,34,13,1,2,4,2,2,1,2,3,27,
10878,,,,1,1,2,2,2,2,2,2,2,2,2,20150214,2,1,1,1,2,1,,3,1,0,34,13,1,,3,1,1,3,5,1,55,
10879,,,,2,2,2,2,2,2,2,2,2,2,2,20140930,9,1,1,1,2,2,,6,1,0,34,13,,,2,1,,,,1,147,
10880,,,,2,2,2,2,2,2,2,2,2,2,2,20140913,9,7,2,3,,2,,2,1,3,34,13,1,,,,3,,,3,20,
10881,,,,2,2,2,2,2,2,2,,,,,20141102,11,5,2,3,,2,,2,1,0,34,13,1,5,4,1,1,1,2,3,81,
10882,2,,1,2,2,1,2,2,2,2,2,2,2,2,20150104,1,4,1,2,5,3,1,6,2,2,34,13,1,,,3,5,1,2,3,92,60+
10883,,,,,,,,,,,,,,,20141107,11,1,1,1,2,2,,4,1,0,34,13,1,,4,1,,,,1,74,
10884,,,,2,2,2,2,2,2,2,2,2,2,2,20140913,9,1,2,1,3,3,4,6,1,0,34,13,1,,,1,1,4,5,1,243,
10885,1,1,1,1,1,2,2,2,2,2,2,2,2,2,20150217,2,7,1,3,,2,,2,2,2,34,13,1,4,4,5,5,2,3,3,18,75+
10886,,,,1,1,2,1,2,2,1,2,2,2,2,20140916,9,5,1,3,,2,,2,1,2,34,13,1,2,4,5,5,1,2,3,31,
10887,,,,2,2,2,2,2,2,2,2,2,2,2,20140910,9,2,1,1,1,1,,2,1,1,34,13,1,,4,1,,,,1,18,
10888,,,,2,2,2,2,2,2,2,2,2,2,2,20141109,11,4,1,1,1,3,3,6,1,0,34,13,1,,1,4,3,2,3,3,171,
10889,,,,2,2,2,2,2,2,2,2,2,2,2,20141215,12,2,1,1,2,2,,4,1,2,34,13,1,,,1,1,3,5,1,25,
10890,,,,1,2,2,1,2,2,2,2,2,2,2,20140917,9,5,2,3,,1,,1,1,0,34,13,1,7,4,2,2,1,2,3,41,
10891,,,,2,2,2,2,2,2,2,2,2,2,2,20150221,2,3,1,1,4,2,,6,1,3,34,13,1,,4,2,,,,1,43,
10892,,,,1,2,2,2,2,2,2,2,2,2,2,20141102,11,5,2,3,,2,,2,1,0,34,13,1,6,4,4,4,2,3,3,81,
